/*--------------------------------*- C++ -*----------------------------------*\
  =========                 |
  \\      /  F ield         | OpenFOAM: The Open Source CFD Toolbox
   \\    /   O peration     | Website:  https://openfoam.org
    \\  /    A nd           | Version:  7
     \\/     M anipulation  |
\*---------------------------------------------------------------------------*/
FoamFile
{
    version     2.0;
    format      ascii;
    class       cellSet;
    location    "constant/polyMesh/sets";
    object      grainCells;
}
// * * * * * * * * * * * * * * * * * * * * * * * * * * * * * * * * * * * * * //


39014
(
65536 
65537 
65538 
65539 
65540 
65541 
65542 
65543 
65544 
8 
65545 
9 
65546 
10 
65547 
11 
65548 
12 
65549 
13 
65550 
14 
65551 
15 
65552 
16 
65553 
17 
65554 
18 
65555 
19 
65556 
20 
65557 
21 
65558 
22 
65559 
23 
65560 
24 
65561 
25 
65562 
26 
65563 
27 
65564 
28 
65565 
29 
65566 
30 
65567 
31 
65568 
32 
65569 
33 
65570 
34 
65571 
35 
65572 
36 
65573 
37 
65574 
38 
65575 
39 
65576 
40 
65577 
41 
65578 
42 
65579 
43 
65580 
44 
65581 
45 
65582 
46 
65583 
47 
65584 
48 
65585 
49 
65586 
50 
51 
52 
53 
54 
55 
56 
57 
58 
59 
60 
61 
62 
63 
64 
65 
66 
67 
68 
69 
70 
71 
72 
65609 
73 
65610 
74 
65611 
75 
65612 
76 
65613 
77 
65614 
78 
65615 
79 
65616 
80 
65617 
81 
65618 
82 
65619 
83 
65620 
84 
65621 
85 
65622 
86 
65623 
87 
65624 
88 
65625 
89 
65626 
90 
65627 
91 
65628 
92 
65629 
93 
65630 
94 
65631 
95 
65632 
96 
65633 
97 
65634 
98 
65635 
99 
65636 
100 
65637 
101 
65638 
102 
65639 
103 
65640 
104 
65641 
105 
65642 
106 
65643 
107 
65644 
108 
65645 
109 
65646 
110 
65647 
111 
65648 
112 
65649 
113 
65650 
114 
65651 
115 
65652 
116 
65653 
117 
65654 
118 
65655 
119 
65656 
120 
121 
122 
123 
124 
125 
126 
127 
128 
129 
130 
131 
132 
133 
134 
135 
136 
137 
138 
139 
140 
141 
142 
143 
144 
145 
146 
147 
148 
149 
150 
151 
152 
153 
154 
155 
156 
157 
158 
159 
160 
161 
162 
163 
164 
165 
166 
65703 
167 
65704 
168 
65705 
169 
65706 
170 
65707 
171 
65708 
172 
65709 
173 
65710 
174 
65711 
175 
65712 
176 
65713 
177 
65714 
178 
65715 
179 
65716 
180 
65717 
181 
65718 
182 
65719 
183 
65720 
184 
65721 
185 
65722 
186 
65723 
187 
65724 
188 
65725 
189 
65726 
190 
65727 
191 
65728 
192 
65729 
193 
65730 
194 
65731 
195 
65732 
196 
65733 
197 
65734 
198 
65735 
199 
65736 
200 
65737 
201 
65738 
202 
65739 
203 
65740 
204 
65741 
205 
65742 
206 
65743 
207 
65744 
208 
65745 
209 
65746 
210 
65747 
211 
65748 
212 
65749 
213 
65750 
214 
215 
216 
217 
218 
219 
220 
221 
222 
223 
224 
225 
226 
227 
228 
229 
230 
231 
232 
233 
234 
235 
236 
237 
238 
239 
240 
241 
242 
243 
244 
245 
246 
247 
248 
249 
250 
251 
252 
253 
254 
255 
65792 
256 
65793 
257 
65794 
258 
65795 
259 
65796 
260 
65797 
261 
65798 
262 
65799 
263 
65800 
264 
65801 
265 
65802 
266 
65803 
267 
65804 
268 
65805 
269 
65806 
270 
65807 
271 
65808 
272 
65809 
273 
65810 
274 
65811 
275 
65812 
276 
65813 
277 
65814 
278 
65815 
279 
65816 
280 
65817 
281 
65818 
282 
65819 
283 
65820 
284 
65821 
285 
65822 
286 
65823 
287 
65824 
288 
65825 
289 
65826 
290 
65827 
291 
65828 
292 
65829 
293 
65830 
294 
65831 
295 
65832 
296 
65833 
297 
65834 
298 
299 
300 
301 
302 
303 
304 
305 
306 
307 
308 
309 
310 
311 
312 
313 
314 
315 
316 
317 
318 
319 
320 
321 
322 
323 
324 
325 
326 
327 
328 
329 
330 
331 
332 
333 
334 
335 
336 
337 
338 
339 
340 
341 
342 
343 
344 
345 
346 
347 
348 
349 
350 
351 
65893 
65894 
65895 
65896 
65897 
65898 
65899 
65900 
65901 
65902 
65903 
65904 
368 
65905 
369 
65906 
370 
65907 
371 
65908 
372 
65909 
373 
65910 
374 
65911 
375 
65912 
376 
65913 
377 
65914 
378 
65915 
379 
65916 
380 
65917 
381 
65918 
382 
65919 
383 
65920 
384 
65921 
385 
65922 
386 
65923 
387 
65924 
388 
65925 
389 
65926 
390 
65927 
391 
65928 
392 
65929 
393 
65930 
394 
65931 
395 
65932 
396 
65933 
397 
65934 
398 
65935 
399 
65936 
400 
65937 
401 
65938 
402 
65939 
403 
65940 
404 
65941 
405 
65942 
406 
65943 
407 
65944 
408 
65945 
409 
65946 
410 
411 
412 
413 
414 
415 
416 
417 
418 
419 
420 
421 
422 
423 
424 
425 
426 
427 
428 
429 
430 
431 
65968 
432 
65969 
433 
65970 
434 
65971 
435 
65972 
436 
65973 
437 
65974 
438 
65975 
439 
65976 
440 
65977 
441 
65978 
442 
65979 
443 
65980 
444 
65981 
445 
65982 
446 
65983 
447 
65984 
448 
65985 
449 
65986 
450 
65987 
451 
65988 
452 
65989 
453 
65990 
454 
65991 
455 
65992 
456 
65993 
457 
65994 
458 
65995 
459 
65996 
460 
65997 
461 
65998 
462 
65999 
463 
66000 
464 
66001 
465 
66002 
466 
66003 
467 
66004 
468 
66005 
469 
66006 
470 
66007 
471 
66008 
472 
66009 
473 
66010 
474 
66011 
475 
66012 
476 
66013 
477 
66014 
478 
66015 
479 
66016 
480 
66017 
481 
482 
483 
484 
485 
486 
487 
488 
489 
490 
491 
492 
493 
494 
495 
496 
497 
498 
499 
500 
501 
502 
503 
504 
505 
506 
507 
508 
509 
510 
511 
512 
513 
514 
515 
516 
517 
518 
519 
520 
521 
522 
523 
524 
525 
66062 
526 
66063 
527 
66064 
528 
66065 
529 
66066 
530 
66067 
531 
66068 
532 
66069 
533 
66070 
534 
66071 
535 
66072 
536 
66073 
537 
66074 
538 
66075 
539 
66076 
540 
66077 
541 
66078 
542 
66079 
543 
66080 
544 
66081 
545 
66082 
546 
66083 
547 
66084 
548 
66085 
549 
66086 
550 
66087 
551 
66088 
552 
66089 
553 
66090 
554 
66091 
555 
66092 
556 
66093 
557 
66094 
558 
66095 
559 
66096 
560 
66097 
561 
66098 
562 
66099 
563 
66100 
564 
66101 
565 
66102 
566 
66103 
567 
66104 
568 
66105 
569 
66106 
570 
66107 
571 
66108 
572 
66109 
573 
66110 
574 
66111 
575 
576 
577 
578 
579 
580 
581 
582 
583 
584 
585 
586 
587 
588 
589 
590 
591 
592 
593 
594 
595 
596 
597 
598 
599 
600 
601 
602 
603 
604 
605 
606 
607 
608 
609 
610 
611 
612 
613 
614 
66151 
615 
66152 
616 
66153 
617 
66154 
618 
66155 
619 
66156 
620 
66157 
621 
66158 
622 
66159 
623 
66160 
624 
66161 
625 
66162 
626 
66163 
627 
66164 
628 
66165 
629 
66166 
630 
66167 
631 
66168 
632 
66169 
633 
66170 
634 
66171 
635 
66172 
636 
66173 
637 
66174 
638 
66175 
639 
66176 
640 
66177 
641 
66178 
642 
66179 
643 
66180 
644 
66181 
645 
66182 
646 
66183 
647 
66184 
648 
66185 
649 
66186 
650 
66187 
651 
66188 
652 
66189 
653 
66190 
654 
66191 
655 
66192 
656 
66193 
657 
66194 
658 
659 
660 
661 
662 
663 
664 
665 
666 
667 
668 
669 
670 
671 
672 
673 
674 
675 
676 
677 
678 
679 
680 
681 
682 
683 
684 
685 
686 
687 
688 
689 
690 
691 
692 
693 
694 
695 
696 
697 
698 
699 
700 
701 
702 
703 
704 
705 
706 
707 
708 
709 
710 
711 
66253 
66254 
66255 
66256 
66257 
66258 
66259 
66260 
66261 
66262 
66263 
66264 
728 
66265 
729 
66266 
730 
66267 
731 
66268 
732 
66269 
733 
66270 
734 
66271 
735 
66272 
736 
66273 
737 
66274 
738 
66275 
739 
66276 
740 
66277 
741 
66278 
742 
66279 
743 
66280 
744 
66281 
745 
66282 
746 
66283 
747 
66284 
748 
66285 
749 
66286 
750 
66287 
751 
66288 
752 
66289 
753 
66290 
754 
66291 
755 
66292 
756 
66293 
757 
66294 
758 
66295 
759 
66296 
760 
66297 
761 
66298 
762 
66299 
763 
66300 
764 
66301 
765 
66302 
766 
66303 
767 
66304 
768 
66305 
769 
66306 
770 
771 
772 
773 
774 
775 
776 
777 
778 
779 
780 
781 
782 
783 
784 
785 
786 
787 
788 
789 
790 
66327 
791 
66328 
792 
66329 
793 
66330 
794 
66331 
795 
66332 
796 
66333 
797 
66334 
798 
66335 
799 
66336 
800 
66337 
801 
66338 
802 
66339 
803 
66340 
804 
66341 
805 
66342 
806 
66343 
807 
66344 
808 
66345 
809 
66346 
810 
66347 
811 
66348 
812 
66349 
813 
66350 
814 
66351 
815 
66352 
816 
66353 
817 
66354 
818 
66355 
819 
66356 
820 
66357 
821 
66358 
822 
66359 
823 
66360 
824 
66361 
825 
66362 
826 
66363 
827 
66364 
828 
66365 
829 
66366 
830 
66367 
831 
66368 
832 
66369 
833 
66370 
834 
66371 
835 
66372 
836 
66373 
837 
66374 
838 
66375 
839 
66376 
840 
66377 
841 
66378 
842 
843 
844 
845 
846 
847 
848 
849 
850 
851 
852 
853 
854 
855 
856 
857 
858 
859 
860 
861 
862 
863 
864 
865 
866 
867 
868 
869 
870 
871 
872 
873 
874 
875 
876 
877 
878 
879 
880 
881 
882 
883 
884 
66421 
885 
66422 
886 
66423 
887 
66424 
888 
66425 
889 
66426 
890 
66427 
891 
66428 
892 
66429 
893 
66430 
894 
66431 
895 
66432 
896 
66433 
897 
66434 
898 
66435 
899 
66436 
900 
66437 
901 
66438 
902 
66439 
903 
66440 
904 
66441 
905 
66442 
906 
66443 
907 
66444 
908 
66445 
909 
66446 
910 
66447 
911 
66448 
912 
66449 
913 
66450 
914 
66451 
915 
66452 
916 
66453 
917 
66454 
918 
66455 
919 
66456 
920 
66457 
921 
66458 
922 
66459 
923 
66460 
924 
66461 
925 
66462 
926 
66463 
927 
66464 
928 
66465 
929 
66466 
930 
66467 
931 
66468 
932 
66469 
933 
66470 
934 
66471 
935 
66472 
936 
937 
938 
939 
940 
941 
942 
943 
944 
945 
946 
947 
948 
949 
950 
951 
952 
953 
954 
955 
956 
957 
958 
959 
960 
961 
962 
963 
964 
965 
966 
967 
968 
969 
970 
971 
972 
973 
974 
66511 
975 
66512 
976 
66513 
977 
66514 
978 
66515 
979 
66516 
980 
66517 
981 
66518 
982 
66519 
983 
66520 
984 
66521 
985 
66522 
986 
66523 
987 
66524 
988 
66525 
989 
66526 
990 
66527 
991 
66528 
992 
66529 
993 
66530 
994 
66531 
995 
66532 
996 
66533 
997 
66534 
998 
66535 
999 
66536 
1000 
66537 
1001 
66538 
1002 
66539 
1003 
66540 
1004 
66541 
1005 
66542 
1006 
66543 
1007 
66544 
1008 
66545 
1009 
66546 
1010 
66547 
1011 
66548 
1012 
66549 
1013 
66550 
1014 
66551 
1015 
66552 
1016 
66553 
1017 
66554 
1018 
66555 
1019 
1020 
1021 
1022 
1023 
1024 
1025 
1026 
1027 
1028 
1029 
1030 
1031 
1032 
1033 
1034 
1035 
1036 
1037 
1038 
1039 
1040 
1041 
1042 
1043 
1044 
1045 
1046 
1047 
1048 
1049 
1050 
1051 
1052 
1053 
1054 
1055 
1056 
1057 
1058 
1059 
1060 
1061 
1062 
1063 
1064 
1065 
1066 
1067 
1068 
1069 
1070 
1071 
66613 
66614 
66615 
66616 
66617 
66618 
66619 
66620 
66621 
66622 
66623 
66624 
1088 
66625 
1089 
66626 
1090 
66627 
1091 
66628 
1092 
66629 
1093 
66630 
1094 
66631 
1095 
66632 
1096 
66633 
1097 
66634 
1098 
66635 
1099 
66636 
1100 
66637 
1101 
66638 
1102 
66639 
1103 
66640 
1104 
66641 
1105 
66642 
1106 
66643 
1107 
66644 
1108 
66645 
1109 
66646 
1110 
66647 
1111 
66648 
1112 
66649 
1113 
66650 
1114 
66651 
1115 
66652 
1116 
66653 
1117 
66654 
1118 
66655 
1119 
66656 
1120 
66657 
1121 
66658 
1122 
66659 
1123 
66660 
1124 
66661 
1125 
66662 
1126 
66663 
1127 
66664 
1128 
66665 
1129 
66666 
1130 
1131 
1132 
1133 
1134 
1135 
1136 
1137 
1138 
1139 
1140 
1141 
1142 
1143 
1144 
1145 
1146 
1147 
1148 
1149 
1150 
66687 
1151 
66688 
1152 
66689 
1153 
66690 
1154 
66691 
1155 
66692 
1156 
66693 
1157 
66694 
1158 
66695 
1159 
66696 
1160 
66697 
1161 
66698 
1162 
66699 
1163 
66700 
1164 
66701 
1165 
66702 
1166 
66703 
1167 
66704 
1168 
66705 
1169 
66706 
1170 
66707 
1171 
66708 
1172 
66709 
1173 
66710 
1174 
66711 
1175 
66712 
1176 
66713 
1177 
66714 
1178 
66715 
1179 
66716 
1180 
66717 
1181 
66718 
1182 
66719 
1183 
66720 
1184 
66721 
1185 
66722 
1186 
66723 
1187 
66724 
1188 
66725 
1189 
66726 
1190 
66727 
1191 
66728 
1192 
66729 
1193 
66730 
1194 
66731 
1195 
66732 
1196 
66733 
1197 
66734 
1198 
66735 
1199 
66736 
1200 
66737 
1201 
66738 
1202 
66739 
1203 
1204 
1205 
1206 
1207 
1208 
1209 
1210 
1211 
1212 
1213 
1214 
1215 
1216 
1217 
1218 
1219 
1220 
1221 
1222 
1223 
1224 
1225 
1226 
1227 
1228 
1229 
1230 
1231 
1232 
1233 
1234 
1235 
1236 
1237 
1238 
1239 
1240 
1241 
1242 
1243 
66780 
1244 
66781 
1245 
66782 
1246 
66783 
1247 
66784 
1248 
66785 
1249 
66786 
1250 
66787 
1251 
66788 
1252 
66789 
1253 
66790 
1254 
66791 
1255 
66792 
1256 
66793 
1257 
66794 
1258 
66795 
1259 
66796 
1260 
66797 
1261 
66798 
1262 
66799 
1263 
66800 
1264 
66801 
1265 
66802 
1266 
66803 
1267 
66804 
1268 
66805 
1269 
66806 
1270 
66807 
1271 
66808 
1272 
66809 
1273 
66810 
1274 
66811 
1275 
66812 
1276 
66813 
1277 
66814 
1278 
66815 
1279 
66816 
1280 
66817 
1281 
66818 
1282 
66819 
1283 
66820 
1284 
66821 
1285 
66822 
1286 
66823 
1287 
66824 
1288 
66825 
1289 
66826 
1290 
66827 
1291 
66828 
1292 
66829 
1293 
66830 
1294 
66831 
1295 
66832 
1296 
1297 
1298 
1299 
1300 
1301 
1302 
1303 
1304 
1305 
1306 
1307 
1308 
1309 
1310 
1311 
1312 
1313 
1314 
1315 
1316 
1317 
1318 
1319 
1320 
1321 
1322 
1323 
1324 
1325 
1326 
1327 
1328 
1329 
1330 
1331 
1332 
1333 
66870 
1334 
66871 
1335 
66872 
1336 
66873 
1337 
66874 
1338 
66875 
1339 
66876 
1340 
66877 
1341 
66878 
1342 
66879 
1343 
66880 
1344 
66881 
1345 
66882 
1346 
66883 
1347 
66884 
1348 
66885 
1349 
66886 
1350 
66887 
1351 
66888 
1352 
66889 
1353 
66890 
1354 
66891 
1355 
66892 
1356 
66893 
1357 
66894 
1358 
66895 
1359 
66896 
1360 
66897 
1361 
66898 
1362 
66899 
1363 
66900 
1364 
66901 
1365 
66902 
1366 
66903 
1367 
66904 
1368 
66905 
1369 
66906 
1370 
66907 
1371 
66908 
1372 
66909 
1373 
66910 
1374 
66911 
1375 
66912 
1376 
66913 
1377 
66914 
1378 
66915 
1379 
66916 
1380 
1381 
1382 
1383 
1384 
1385 
1386 
1387 
1388 
1389 
1390 
1391 
1392 
1393 
1394 
1395 
1396 
1397 
1398 
1399 
1400 
1401 
1402 
1403 
1404 
1405 
1406 
1407 
1408 
1409 
1410 
1411 
1412 
1413 
1414 
1415 
1416 
1417 
1418 
1419 
1420 
1421 
1422 
1423 
1424 
1425 
1426 
1427 
1428 
1429 
1430 
1431 
66973 
66974 
66975 
66976 
66977 
66978 
66979 
66980 
66981 
66982 
66983 
66984 
66985 
66986 
66987 
66988 
66989 
66990 
66991 
66992 
66993 
66994 
66995 
66996 
66997 
66998 
66999 
67000 
67001 
67002 
67003 
67004 
67005 
67006 
67007 
67008 
67009 
67010 
67011 
67012 
67013 
67014 
67015 
67016 
67017 
67018 
67019 
67020 
67021 
67022 
67023 
67024 
67025 
67026 
67046 
67047 
67048 
67049 
67050 
67051 
67052 
67053 
67054 
67055 
67056 
67057 
67058 
67059 
67060 
67061 
67062 
67063 
67064 
67065 
67066 
67067 
67068 
67069 
67070 
67071 
67072 
67073 
67074 
67075 
67076 
67077 
67078 
67079 
67080 
67081 
67082 
67083 
67084 
67085 
67086 
67087 
67088 
67089 
67090 
67091 
67092 
67093 
67094 
67095 
67096 
67097 
67098 
67099 
67100 
67139 
67140 
67141 
67142 
67143 
67144 
67145 
67146 
67147 
67148 
67149 
67150 
67151 
67152 
67153 
67154 
67155 
67156 
67157 
67158 
67159 
67160 
67161 
67162 
67163 
67164 
67165 
67166 
67167 
67168 
67169 
67170 
67171 
67172 
67173 
67174 
67175 
67176 
67177 
67178 
67179 
67180 
67181 
67182 
67183 
67184 
67185 
67186 
67187 
67188 
67189 
67190 
67191 
67192 
67193 
67229 
67230 
67231 
67232 
67233 
67234 
67235 
67236 
67237 
67238 
67239 
67240 
67241 
67242 
67243 
67244 
67245 
67246 
67247 
67248 
67249 
67250 
67251 
67252 
67253 
67254 
67255 
67256 
67257 
67258 
67259 
67260 
67261 
67262 
67263 
67264 
67265 
67266 
67267 
67268 
67269 
67270 
67271 
67272 
67273 
67274 
67275 
67276 
67333 
67334 
67335 
67336 
67337 
67338 
67339 
67340 
67341 
67342 
67343 
67344 
67345 
67346 
67347 
67348 
67349 
67350 
67351 
67352 
67353 
67354 
67355 
67356 
67357 
67358 
67359 
67360 
67361 
67362 
67363 
67364 
67365 
67366 
67367 
67368 
67369 
67370 
67371 
67372 
67373 
67374 
67375 
67376 
67377 
67378 
67379 
67380 
67381 
67382 
67383 
67384 
67385 
67386 
67405 
67406 
67407 
67408 
67409 
67410 
67411 
67412 
67413 
67414 
67415 
67416 
67417 
67418 
67419 
67420 
67421 
67422 
67423 
67424 
67425 
67426 
67427 
67428 
67429 
67430 
67431 
67432 
67433 
67434 
67435 
67436 
67437 
67438 
67439 
67440 
67441 
67442 
67443 
67444 
67445 
67446 
67447 
67448 
67449 
67450 
67451 
67452 
67453 
67454 
67455 
67456 
67457 
67458 
67459 
67460 
67461 
67498 
67499 
67500 
67501 
67502 
67503 
67504 
67505 
67506 
67507 
67508 
67509 
67510 
67511 
67512 
67513 
67514 
67515 
67516 
67517 
67518 
67519 
67520 
67521 
67522 
67523 
67524 
67525 
67526 
67527 
67528 
67529 
67530 
67531 
67532 
67533 
67534 
67535 
67536 
67537 
67538 
67539 
67540 
67541 
67542 
67543 
67544 
67545 
67546 
67547 
67548 
67549 
67550 
67551 
67552 
67553 
67554 
67589 
67590 
67591 
67592 
67593 
67594 
67595 
67596 
67597 
67598 
67599 
67600 
67601 
67602 
67603 
67604 
67605 
67606 
67607 
67608 
67609 
67610 
67611 
67612 
67613 
67614 
67615 
67616 
67617 
67618 
67619 
67620 
67621 
67622 
67623 
67624 
67625 
67626 
67627 
67628 
67629 
67630 
67631 
67632 
67633 
67634 
67635 
67636 
67637 
67693 
67694 
67695 
67696 
67697 
67698 
67699 
67700 
67701 
67702 
67703 
67704 
67705 
67706 
67707 
67708 
67709 
67710 
67711 
67712 
67713 
67714 
67715 
67716 
67717 
67718 
67719 
67720 
67721 
67722 
67723 
67724 
67725 
67726 
67727 
67728 
67729 
67730 
67731 
67732 
67733 
67734 
67735 
67736 
67737 
67738 
67739 
67740 
67741 
67742 
67743 
67744 
67745 
67746 
67765 
67766 
67767 
67768 
67769 
67770 
67771 
67772 
67773 
67774 
67775 
67776 
67777 
67778 
67779 
67780 
67781 
67782 
67783 
67784 
67785 
67786 
67787 
67788 
67789 
67790 
67791 
67792 
67793 
67794 
67795 
67796 
67797 
67798 
67799 
67800 
67801 
67802 
67803 
67804 
67805 
67806 
67807 
67808 
67809 
67810 
67811 
67812 
67813 
67814 
67815 
67816 
67817 
67818 
67819 
67820 
67821 
67858 
67859 
67860 
67861 
67862 
67863 
67864 
67865 
67866 
67867 
67868 
67869 
67870 
67871 
67872 
67873 
67874 
67875 
67876 
67877 
67878 
67879 
67880 
67881 
67882 
67883 
67884 
67885 
67886 
67887 
67888 
67889 
67890 
67891 
67892 
67893 
67894 
67895 
67896 
67897 
67898 
67899 
67900 
67901 
67902 
67903 
67904 
67905 
67906 
67907 
67908 
67909 
67910 
67911 
67912 
67913 
67914 
67948 
67949 
67950 
67951 
67952 
67953 
67954 
67955 
67956 
67957 
67958 
67959 
67960 
67961 
67962 
67963 
67964 
67965 
67966 
67967 
67968 
67969 
67970 
67971 
67972 
67973 
67974 
67975 
67976 
67977 
67978 
67979 
67980 
67981 
67982 
67983 
67984 
67985 
67986 
67987 
67988 
67989 
67990 
67991 
67992 
67993 
67994 
67995 
67996 
67997 
68053 
68054 
68055 
68056 
68057 
68058 
68059 
68060 
68061 
68062 
68063 
68064 
68065 
68066 
68067 
68068 
68069 
68070 
68071 
68072 
68073 
68074 
68075 
68076 
68077 
68078 
68079 
68080 
68081 
68082 
68083 
68084 
68085 
68086 
68087 
68088 
68089 
68090 
68091 
68092 
68093 
68094 
68095 
68096 
68097 
68098 
68099 
68100 
68101 
68102 
68103 
68104 
68105 
68106 
68124 
68125 
68126 
68127 
68128 
68129 
68130 
68131 
68132 
68133 
68134 
68135 
68136 
68137 
68138 
68139 
68140 
68141 
68142 
68143 
68144 
68145 
68146 
68147 
68148 
68149 
68150 
68151 
68152 
68153 
68154 
68155 
68156 
68157 
68158 
68159 
68160 
68161 
68162 
68163 
68164 
68165 
68166 
68167 
68168 
68169 
68170 
68171 
68172 
68173 
68174 
68175 
68176 
68177 
68178 
68179 
68180 
68181 
68182 
68217 
68218 
68219 
68220 
68221 
68222 
68223 
68224 
68225 
68226 
68227 
68228 
68229 
68230 
68231 
68232 
68233 
68234 
68235 
68236 
68237 
68238 
68239 
68240 
68241 
68242 
68243 
68244 
68245 
68246 
68247 
68248 
68249 
68250 
68251 
68252 
68253 
68254 
68255 
68256 
68257 
68258 
68259 
68260 
68261 
68262 
68263 
68264 
68265 
68266 
68267 
68268 
68269 
68270 
68271 
68272 
68273 
68274 
68275 
68308 
68309 
68310 
68311 
68312 
68313 
68314 
68315 
68316 
68317 
68318 
68319 
68320 
68321 
68322 
68323 
68324 
68325 
68326 
68327 
68328 
68329 
68330 
68331 
68332 
68333 
68334 
68335 
68336 
68337 
68338 
68339 
68340 
68341 
68342 
68343 
68344 
68345 
68346 
68347 
68348 
68349 
68350 
68351 
68352 
68353 
68354 
68355 
68356 
68357 
68358 
68413 
68414 
68415 
68416 
68417 
68418 
68419 
68420 
68421 
68422 
68423 
68424 
68425 
68426 
68427 
68428 
68429 
68430 
68431 
68432 
68433 
68434 
68435 
68436 
68437 
68438 
68439 
68440 
68441 
68442 
68443 
68444 
68445 
68446 
68447 
68448 
68449 
68450 
68451 
68452 
68453 
68454 
68455 
68456 
68457 
68458 
68459 
68460 
68461 
68462 
68463 
68464 
68465 
68466 
68483 
68484 
68485 
68486 
68487 
68488 
68489 
68490 
68491 
68492 
68493 
68494 
68495 
68496 
68497 
68498 
68499 
68500 
68501 
68502 
68503 
68504 
68505 
68506 
68507 
68508 
68509 
68510 
68511 
68512 
68513 
68514 
68515 
68516 
68517 
68518 
68519 
68520 
68521 
68522 
68523 
68524 
68525 
68526 
68527 
68528 
68529 
68530 
68531 
68532 
68533 
68534 
68535 
68536 
68537 
68538 
68539 
68540 
68541 
68542 
68577 
68578 
68579 
68580 
68581 
68582 
68583 
68584 
68585 
68586 
68587 
68588 
68589 
68590 
68591 
68592 
68593 
68594 
68595 
68596 
68597 
68598 
68599 
68600 
68601 
68602 
68603 
68604 
68605 
68606 
68607 
68608 
68609 
68610 
68611 
68612 
68613 
68614 
68615 
68616 
68617 
68618 
68619 
68620 
68621 
68622 
68623 
68624 
68625 
68626 
68627 
68628 
68629 
68630 
68631 
68632 
68633 
68634 
68635 
68636 
68668 
68669 
68670 
68671 
68672 
68673 
68674 
68675 
68676 
68677 
68678 
68679 
68680 
68681 
68682 
68683 
68684 
68685 
68686 
68687 
68688 
68689 
68690 
68691 
68692 
68693 
68694 
68695 
68696 
68697 
68698 
68699 
68700 
68701 
68702 
68703 
68704 
68705 
68706 
68707 
68708 
68709 
68710 
68711 
68712 
68713 
68714 
68715 
68716 
68717 
68718 
68773 
68774 
68775 
68776 
68777 
68778 
68779 
68780 
68781 
68782 
68783 
68784 
68785 
68786 
68787 
68788 
68789 
68790 
68791 
68792 
68793 
68794 
68795 
68796 
68797 
68798 
68799 
68800 
68801 
68802 
68803 
68804 
68805 
68806 
68807 
68808 
68809 
68810 
68811 
68812 
68813 
68814 
68815 
68816 
68817 
68818 
68819 
68820 
68821 
68822 
68823 
68824 
68825 
68826 
68843 
68844 
68845 
68846 
68847 
68848 
68849 
68850 
68851 
68852 
68853 
68854 
68855 
68856 
68857 
68858 
68859 
68860 
68861 
68862 
68863 
68864 
68865 
68866 
68867 
68868 
68869 
68870 
68871 
68872 
68873 
68874 
68875 
68876 
68877 
68878 
68879 
68880 
68881 
68882 
68883 
68884 
68885 
68886 
68887 
68888 
68889 
68890 
68891 
68892 
68893 
68894 
68895 
68896 
68897 
68898 
68899 
68900 
68901 
68902 
68903 
68936 
68937 
68938 
68939 
68940 
68941 
68942 
68943 
68944 
68945 
68946 
68947 
68948 
68949 
68950 
68951 
68952 
68953 
68954 
68955 
68956 
68957 
68958 
68959 
68960 
68961 
68962 
68963 
68964 
68965 
68966 
68967 
68968 
68969 
68970 
68971 
68972 
68973 
68974 
68975 
68976 
68977 
68978 
68979 
68980 
68981 
68982 
68983 
68984 
68985 
68986 
68987 
68988 
68989 
68990 
68991 
68992 
68993 
68994 
68995 
68996 
69027 
69028 
69029 
69030 
69031 
69032 
69033 
69034 
69035 
69036 
69037 
69038 
69039 
69040 
69041 
69042 
69043 
69044 
69045 
69046 
69047 
69048 
69049 
69050 
69051 
69052 
69053 
69054 
69055 
69056 
69057 
69058 
69059 
69060 
69061 
69062 
69063 
69064 
69065 
69066 
69067 
69068 
69069 
69070 
69071 
69072 
69073 
69074 
69075 
69076 
69077 
69078 
69134 
69135 
69136 
69137 
69138 
69139 
69140 
69141 
69142 
69143 
69144 
69145 
69146 
69147 
69148 
69149 
69150 
69151 
69152 
69153 
69154 
69155 
69156 
69157 
69158 
69159 
69160 
69161 
69162 
69163 
69164 
69165 
69166 
69167 
69168 
69169 
69170 
69171 
69172 
69173 
69174 
69175 
69176 
69177 
69178 
69179 
69180 
69181 
69182 
69183 
69184 
69185 
69202 
69203 
69204 
69205 
69206 
69207 
69208 
69209 
69210 
69211 
69212 
69213 
69214 
69215 
69216 
69217 
69218 
69219 
69220 
69221 
69222 
69223 
69224 
69225 
69226 
69227 
69228 
69229 
69230 
69231 
69232 
69233 
69234 
69235 
69236 
69237 
69238 
69239 
69240 
69241 
69242 
69243 
69244 
69245 
69246 
69247 
69248 
69249 
69250 
69251 
69252 
69253 
69254 
69255 
69256 
69257 
69258 
69259 
69260 
69261 
69262 
69263 
69296 
69297 
69298 
69299 
69300 
69301 
69302 
69303 
69304 
69305 
69306 
69307 
69308 
69309 
69310 
69311 
69312 
69313 
69314 
69315 
69316 
69317 
69318 
69319 
69320 
69321 
69322 
69323 
69324 
69325 
69326 
69327 
69328 
69329 
69330 
69331 
69332 
69333 
69334 
69335 
69336 
69337 
69338 
69339 
69340 
69341 
69342 
69343 
69344 
69345 
69346 
69347 
69348 
69349 
69350 
69351 
69352 
69353 
69354 
69355 
69356 
69357 
69387 
69388 
69389 
69390 
69391 
69392 
69393 
69394 
69395 
69396 
69397 
69398 
69399 
69400 
69401 
69402 
69403 
69404 
69405 
69406 
69407 
69408 
69409 
69410 
69411 
69412 
69413 
69414 
69415 
69416 
69417 
69418 
69419 
69420 
69421 
69422 
69423 
69424 
69425 
69426 
69427 
69428 
69429 
69430 
69431 
69432 
69433 
69434 
69435 
69436 
69437 
69438 
69439 
69494 
69495 
69496 
69497 
69498 
69499 
69500 
69501 
69502 
69503 
69504 
69505 
69506 
69507 
69508 
69509 
69510 
69511 
69512 
69513 
69514 
69515 
69516 
69517 
69518 
69519 
69520 
69521 
69522 
69523 
69524 
69525 
69526 
69527 
69528 
69529 
69530 
69531 
69532 
69533 
69534 
69535 
69536 
69537 
69538 
69539 
69540 
69541 
69542 
69543 
69544 
69545 
69562 
69563 
69564 
69565 
69566 
69567 
69568 
69569 
69570 
69571 
69572 
69573 
69574 
69575 
69576 
69577 
69578 
69579 
69580 
69581 
69582 
69583 
69584 
69585 
69586 
69587 
69588 
69589 
69590 
69591 
69592 
69593 
69594 
69595 
69596 
69597 
69598 
69599 
69600 
69601 
69602 
69603 
69604 
69605 
69606 
69607 
69608 
69609 
69610 
69611 
69612 
69613 
69614 
69615 
69616 
69617 
69618 
69619 
69620 
69621 
69622 
69623 
69624 
69655 
69656 
69657 
69658 
69659 
69660 
69661 
69662 
69663 
69664 
69665 
69666 
69667 
69668 
69669 
69670 
69671 
69672 
69673 
69674 
69675 
69676 
69677 
69678 
69679 
69680 
69681 
69682 
69683 
69684 
69685 
69686 
69687 
69688 
69689 
69690 
69691 
69692 
69693 
69694 
69695 
69696 
69697 
69698 
69699 
69700 
69701 
69702 
69703 
69704 
69705 
69706 
69707 
69708 
69709 
69710 
69711 
69712 
69713 
69714 
69715 
69716 
69717 
69747 
69748 
69749 
69750 
69751 
69752 
69753 
69754 
69755 
69756 
69757 
69758 
69759 
69760 
69761 
69762 
69763 
69764 
69765 
69766 
69767 
69768 
69769 
69770 
69771 
69772 
69773 
69774 
69775 
69776 
69777 
69778 
69779 
69780 
69781 
69782 
69783 
69784 
69785 
69786 
69787 
69788 
69789 
69790 
69791 
69792 
69793 
69794 
69795 
69796 
69797 
69798 
69799 
69854 
69855 
69856 
69857 
69858 
69859 
69860 
69861 
69862 
69863 
69864 
69865 
69866 
69867 
69868 
69869 
69870 
69871 
69872 
69873 
69874 
69875 
69876 
69877 
69878 
69879 
69880 
69881 
69882 
69883 
69884 
69885 
69886 
69887 
69888 
69889 
69890 
69891 
69892 
69893 
69894 
69895 
69896 
69897 
69898 
69899 
69900 
69901 
69902 
69903 
69904 
69905 
69922 
69923 
69924 
69925 
69926 
69927 
69928 
69929 
69930 
69931 
69932 
69933 
69934 
69935 
69936 
69937 
69938 
69939 
69940 
69941 
69942 
69943 
69944 
69945 
69946 
69947 
69948 
69949 
69950 
69951 
69952 
69953 
69954 
69955 
69956 
69957 
69958 
69959 
69960 
69961 
69962 
69963 
69964 
69965 
69966 
69967 
69968 
69969 
69970 
69971 
69972 
69973 
69974 
69975 
69976 
69977 
69978 
69979 
69980 
69981 
69982 
69983 
69984 
70015 
70016 
70017 
70018 
70019 
70020 
70021 
70022 
70023 
70024 
70025 
70026 
70027 
70028 
70029 
70030 
70031 
70032 
70033 
70034 
70035 
70036 
70037 
70038 
70039 
70040 
70041 
70042 
70043 
70044 
70045 
70046 
70047 
70048 
70049 
70050 
70051 
70052 
70053 
70054 
70055 
70056 
70057 
70058 
70059 
70060 
70061 
70062 
70063 
70064 
70065 
70066 
70067 
70068 
70069 
70070 
70071 
70072 
70073 
70074 
70075 
70076 
70077 
70107 
70108 
70109 
70110 
70111 
70112 
70113 
70114 
70115 
70116 
70117 
70118 
70119 
70120 
70121 
70122 
70123 
70124 
70125 
70126 
70127 
70128 
70129 
70130 
70131 
70132 
70133 
70134 
70135 
70136 
70137 
70138 
70139 
70140 
70141 
70142 
70143 
70144 
70145 
70146 
70147 
70148 
70149 
70150 
70151 
70152 
70153 
70154 
70155 
70156 
70157 
70158 
70159 
70214 
70215 
70216 
70217 
70218 
70219 
70220 
70221 
70222 
70223 
70224 
70225 
70226 
70227 
70228 
70229 
70230 
70231 
70232 
70233 
70234 
70235 
70236 
70237 
70238 
70239 
70240 
70241 
70242 
70243 
70244 
70245 
70246 
70247 
70248 
70249 
70250 
70251 
70252 
70253 
70254 
70255 
70256 
70257 
70258 
70259 
70260 
70261 
70262 
70263 
70264 
70265 
70281 
70282 
70283 
70284 
70285 
70286 
70287 
70288 
70289 
70290 
70291 
70292 
70293 
70294 
70295 
70296 
70297 
70298 
70299 
70300 
70301 
70302 
70303 
70304 
70305 
70306 
70307 
70308 
70309 
70310 
70311 
70312 
70313 
70314 
70315 
70316 
70317 
70318 
70319 
70320 
70321 
70322 
70323 
70324 
70325 
70326 
70327 
70328 
70329 
70330 
70331 
70332 
70333 
70334 
70335 
70336 
70337 
70338 
70339 
70340 
70341 
70342 
70343 
70344 
4828 
4829 
4830 
4831 
4832 
4833 
4834 
4835 
4836 
4837 
4838 
70375 
70376 
70377 
70378 
70379 
70380 
70381 
70382 
70383 
70384 
70385 
70386 
70387 
70388 
70389 
70390 
70391 
70392 
70393 
70394 
70395 
70396 
70397 
70398 
70399 
70400 
70401 
70402 
70403 
70404 
70405 
70406 
70407 
70408 
70409 
70410 
70411 
70412 
70413 
70414 
70415 
70416 
70417 
70418 
70419 
70420 
70421 
70422 
70423 
70424 
4888 
70425 
4889 
70426 
4890 
70427 
4891 
70428 
4892 
70429 
4893 
70430 
4894 
70431 
4895 
70432 
4896 
70433 
4897 
70434 
4898 
70435 
70436 
70437 
70438 
70466 
70467 
70468 
70469 
70470 
70471 
70472 
70473 
70474 
70475 
70476 
70477 
70478 
70479 
70480 
70481 
70482 
70483 
70484 
70485 
70486 
70487 
70488 
70489 
70490 
70491 
70492 
70493 
70494 
70495 
70496 
70497 
70498 
70499 
70500 
70501 
70502 
70503 
70504 
70505 
70506 
70507 
70508 
70509 
70510 
70511 
70512 
70513 
70514 
70515 
70516 
70517 
70518 
70519 
4986 
4987 
4988 
4989 
4990 
4991 
4992 
4993 
4994 
4995 
4996 
4997 
4998 
4999 
5000 
70575 
70576 
70577 
70578 
70579 
70580 
70581 
70582 
70583 
70584 
70585 
70586 
70587 
70588 
70589 
70590 
70591 
70592 
70593 
70594 
70595 
70596 
70597 
70598 
70599 
70600 
70601 
70602 
70603 
70604 
70605 
70606 
70607 
70608 
70609 
70610 
70611 
70612 
70613 
70614 
70615 
70616 
70617 
70618 
70619 
70620 
70621 
70622 
70623 
70624 
70641 
70642 
70643 
70644 
70645 
70646 
70647 
70648 
70649 
70650 
70651 
70652 
70653 
70654 
70655 
70656 
70657 
70658 
70659 
70660 
70661 
70662 
70663 
70664 
70665 
70666 
70667 
70668 
70669 
70670 
70671 
70672 
70673 
70674 
70675 
70676 
70677 
70678 
70679 
70680 
70681 
70682 
70683 
70684 
70685 
70686 
70687 
70688 
70689 
70690 
70691 
70692 
70693 
70694 
70695 
70696 
70697 
70698 
70699 
70700 
70701 
70702 
70703 
70704 
70705 
5185 
5186 
5187 
5188 
5189 
5190 
5191 
5192 
5193 
5194 
5195 
5196 
5197 
70734 
5198 
70735 
5199 
70736 
5200 
70737 
5201 
70738 
70739 
70740 
70741 
70742 
70743 
70744 
70745 
70746 
70747 
70748 
70749 
70750 
70751 
70752 
70753 
70754 
70755 
70756 
70757 
70758 
70759 
70760 
70761 
70762 
70763 
70764 
70765 
70766 
70767 
70768 
70769 
70770 
70771 
70772 
70773 
70774 
70775 
70776 
70777 
70778 
70779 
70780 
5244 
70781 
5245 
70782 
5246 
70783 
5247 
70784 
5248 
70785 
5249 
70786 
5250 
70787 
5251 
70788 
5252 
70789 
5253 
70790 
5254 
70791 
5255 
70792 
5256 
70793 
5257 
70794 
5258 
70795 
5259 
70796 
5260 
70797 
5261 
70798 
5262 
70826 
70827 
70828 
70829 
70830 
70831 
70832 
70833 
70834 
70835 
70836 
70837 
70838 
70839 
70840 
70841 
70842 
70843 
70844 
70845 
70846 
70847 
70848 
70849 
70850 
70851 
70852 
70853 
70854 
70855 
70856 
70857 
70858 
70859 
70860 
70861 
70862 
70863 
70864 
70865 
70866 
70867 
70868 
70869 
70870 
70871 
70872 
70873 
70874 
70875 
70876 
70877 
70878 
5342 
70879 
5343 
5344 
5345 
5346 
5347 
5348 
5349 
5350 
5351 
5352 
5353 
5354 
5355 
5356 
5357 
5358 
5359 
5360 
5361 
5362 
5363 
70935 
70936 
70937 
70938 
70939 
70940 
70941 
70942 
70943 
70944 
70945 
70946 
70947 
70948 
70949 
70950 
70951 
70952 
70953 
70954 
70955 
70956 
70957 
70958 
70959 
70960 
70961 
70962 
70963 
70964 
70965 
70966 
70967 
70968 
70969 
70970 
70971 
70972 
70973 
70974 
70975 
70976 
70977 
70978 
70979 
70980 
70981 
70982 
70983 
70984 
71001 
71002 
71003 
71004 
71005 
71006 
71007 
71008 
71009 
71010 
71011 
71012 
71013 
71014 
71015 
71016 
71017 
71018 
71019 
71020 
71021 
71022 
71023 
71024 
71025 
71026 
71027 
71028 
71029 
71030 
71031 
71032 
71033 
71034 
71035 
71036 
71037 
71038 
71039 
71040 
71041 
71042 
71043 
71044 
71045 
71046 
71047 
71048 
71049 
71050 
71051 
71052 
71053 
71054 
71055 
71056 
71057 
71058 
71059 
71060 
71061 
71062 
71063 
71064 
71065 
5543 
5544 
5545 
5546 
5547 
5548 
5549 
5550 
5551 
5552 
5553 
5554 
5555 
5556 
5557 
71094 
5558 
71095 
5559 
71096 
5560 
71097 
5561 
71098 
5562 
71099 
5563 
71100 
71101 
71102 
71103 
71104 
71105 
71106 
71107 
71108 
71109 
71110 
71111 
71112 
71113 
71114 
71115 
71116 
71117 
71118 
71119 
71120 
71121 
71122 
71123 
71124 
71125 
71126 
71127 
71128 
71129 
71130 
71131 
71132 
71133 
71134 
71135 
71136 
71137 
71138 
5602 
71139 
5603 
71140 
5604 
71141 
5605 
71142 
5606 
71143 
5607 
71144 
5608 
71145 
5609 
71146 
5610 
71147 
5611 
71148 
5612 
71149 
5613 
71150 
5614 
71151 
5615 
71152 
5616 
71153 
5617 
71154 
5618 
71155 
5619 
71156 
5620 
71157 
5621 
71158 
5622 
5623 
5624 
71186 
71187 
71188 
71189 
71190 
71191 
71192 
71193 
71194 
71195 
71196 
71197 
71198 
71199 
71200 
71201 
71202 
71203 
71204 
71205 
71206 
71207 
71208 
71209 
71210 
71211 
71212 
71213 
71214 
71215 
71216 
71217 
71218 
71219 
71220 
71221 
71222 
71223 
71224 
71225 
71226 
71227 
71228 
71229 
71230 
71231 
71232 
71233 
71234 
71235 
71236 
5700 
71237 
5701 
71238 
5702 
71239 
5703 
5704 
5705 
5706 
5707 
5708 
5709 
5710 
5711 
5712 
5713 
5714 
5715 
5716 
5717 
5718 
5719 
5720 
5721 
5722 
5723 
5724 
5725 
5726 
71296 
71297 
71298 
71299 
71300 
71301 
71302 
71303 
71304 
71305 
71306 
71307 
71308 
71309 
71310 
71311 
71312 
71313 
71314 
71315 
71316 
71317 
71318 
71319 
71320 
71321 
71322 
71323 
71324 
71325 
71326 
71327 
71328 
71329 
71330 
71331 
71332 
71333 
71334 
71335 
71336 
71337 
71338 
71339 
71340 
71341 
71342 
71343 
71360 
71361 
71362 
71363 
71364 
71365 
71366 
71367 
71368 
71369 
71370 
71371 
71372 
71373 
71374 
71375 
71376 
71377 
71378 
71379 
71380 
71381 
71382 
71383 
71384 
71385 
71386 
71387 
71388 
71389 
71390 
71391 
71392 
71393 
71394 
71395 
71396 
71397 
71398 
71399 
71400 
71401 
71402 
71403 
71404 
71405 
71406 
71407 
71408 
71409 
71410 
71411 
71412 
71413 
71414 
71415 
71416 
71417 
71418 
71419 
71420 
71421 
71422 
71423 
71424 
71425 
5901 
5902 
5903 
5904 
5905 
5906 
5907 
5908 
5909 
5910 
5911 
5912 
5913 
5914 
5915 
5916 
5917 
71454 
5918 
71455 
5919 
71456 
5920 
71457 
5921 
71458 
5922 
71459 
5923 
71460 
5924 
71461 
71462 
71463 
71464 
71465 
71466 
71467 
71468 
71469 
71470 
71471 
71472 
71473 
71474 
71475 
71476 
71477 
71478 
71479 
71480 
71481 
71482 
71483 
71484 
71485 
71486 
71487 
71488 
71489 
71490 
71491 
71492 
71493 
71494 
71495 
71496 
5960 
71497 
5961 
71498 
5962 
71499 
5963 
71500 
5964 
71501 
5965 
71502 
5966 
71503 
5967 
71504 
5968 
71505 
5969 
71506 
5970 
71507 
5971 
71508 
5972 
71509 
5973 
71510 
5974 
71511 
5975 
71512 
5976 
71513 
5977 
71514 
5978 
71515 
5979 
71516 
5980 
71517 
5981 
71518 
5982 
71519 
5983 
5984 
5985 
5986 
71546 
71547 
71548 
71549 
71550 
71551 
71552 
71553 
71554 
71555 
71556 
71557 
71558 
71559 
71560 
71561 
71562 
71563 
71564 
71565 
71566 
71567 
71568 
71569 
71570 
71571 
71572 
71573 
71574 
71575 
71576 
71577 
71578 
71579 
71580 
71581 
71582 
71583 
71584 
71585 
71586 
71587 
71588 
71589 
71590 
71591 
71592 
71593 
71594 
6058 
71595 
6059 
71596 
6060 
71597 
6061 
71598 
6062 
71599 
6063 
6064 
6065 
6066 
6067 
6068 
6069 
6070 
6071 
6072 
6073 
6074 
6075 
6076 
6077 
6078 
6079 
6080 
6081 
6082 
6083 
6084 
6085 
6086 
6087 
6088 
71656 
71657 
71658 
71659 
71660 
71661 
71662 
71663 
71664 
71665 
71666 
71667 
71668 
71669 
71670 
71671 
71672 
71673 
71674 
71675 
71676 
71677 
71678 
71679 
71680 
71681 
71682 
71683 
71684 
71685 
71686 
71687 
71688 
71689 
71690 
71691 
71692 
71693 
71694 
71695 
71696 
71697 
71698 
71699 
71700 
71701 
71702 
71703 
71720 
71721 
71722 
71723 
71724 
71725 
71726 
71727 
71728 
71729 
71730 
71731 
71732 
71733 
71734 
71735 
71736 
71737 
71738 
71739 
71740 
71741 
71742 
71743 
71744 
71745 
71746 
71747 
71748 
71749 
71750 
71751 
71752 
71753 
71754 
71755 
71756 
71757 
71758 
71759 
71760 
71761 
71762 
71763 
71764 
71765 
71766 
71767 
71768 
71769 
71770 
71771 
71772 
71773 
71774 
71775 
71776 
71777 
71778 
71779 
71780 
71781 
71782 
71783 
71784 
71785 
6260 
6261 
6262 
6263 
6264 
6265 
6266 
6267 
6268 
6269 
6270 
6271 
6272 
6273 
6274 
6275 
6276 
71813 
6277 
71814 
6278 
71815 
6279 
71816 
6280 
71817 
6281 
71818 
6282 
71819 
6283 
71820 
6284 
71821 
6285 
71822 
71823 
71824 
71825 
71826 
71827 
71828 
71829 
71830 
71831 
71832 
71833 
71834 
71835 
71836 
71837 
71838 
71839 
71840 
71841 
71842 
71843 
71844 
71845 
71846 
71847 
71848 
71849 
71850 
71851 
71852 
71853 
71854 
6318 
71855 
6319 
71856 
6320 
71857 
6321 
71858 
6322 
71859 
6323 
71860 
6324 
71861 
6325 
71862 
6326 
71863 
6327 
71864 
6328 
71865 
6329 
71866 
6330 
71867 
6331 
71868 
6332 
71869 
6333 
71870 
6334 
71871 
6335 
71872 
6336 
71873 
6337 
71874 
6338 
71875 
6339 
71876 
6340 
71877 
6341 
71878 
6342 
71879 
6343 
6344 
6345 
6346 
6347 
6348 
71906 
71907 
71908 
71909 
71910 
71911 
71912 
71913 
71914 
71915 
71916 
71917 
71918 
71919 
71920 
71921 
71922 
71923 
71924 
71925 
71926 
71927 
71928 
71929 
71930 
71931 
71932 
71933 
71934 
71935 
71936 
71937 
71938 
71939 
71940 
71941 
71942 
71943 
71944 
71945 
71946 
71947 
71948 
71949 
71950 
71951 
71952 
6416 
71953 
6417 
71954 
6418 
71955 
6419 
71956 
6420 
71957 
6421 
71958 
6422 
71959 
6423 
71960 
6424 
6425 
6426 
6427 
6428 
6429 
6430 
6431 
6432 
6433 
6434 
6435 
6436 
6437 
6438 
6439 
6440 
6441 
6442 
6443 
6444 
6445 
6446 
6447 
6448 
6449 
6450 
72017 
72018 
72019 
72020 
72021 
72022 
72023 
72024 
72025 
72026 
72027 
72028 
72029 
72030 
72031 
72032 
72033 
72034 
72035 
72036 
72037 
72038 
72039 
72040 
72041 
72042 
72043 
72044 
72045 
72046 
72047 
72048 
72049 
72050 
72051 
72052 
72053 
72054 
72055 
72056 
72057 
72058 
72059 
72060 
72061 
72062 
72080 
72081 
72082 
72083 
72084 
72085 
72086 
72087 
72088 
72089 
72090 
72091 
72092 
72093 
72094 
72095 
72096 
72097 
72098 
72099 
72100 
72101 
72102 
72103 
72104 
72105 
72106 
72107 
72108 
72109 
72110 
72111 
72112 
72113 
72114 
72115 
72116 
72117 
72118 
72119 
72120 
72121 
72122 
72123 
72124 
72125 
72126 
72127 
72128 
72129 
72130 
72131 
72132 
72133 
72134 
72135 
72136 
72137 
72138 
72139 
72140 
72141 
72142 
72143 
72144 
72145 
72146 
6619 
6620 
6621 
6622 
6623 
6624 
6625 
6626 
6627 
6628 
6629 
6630 
6631 
6632 
6633 
6634 
6635 
6636 
72173 
6637 
72174 
6638 
72175 
6639 
72176 
6640 
72177 
6641 
72178 
6642 
72179 
6643 
72180 
6644 
72181 
6645 
72182 
6646 
72183 
6647 
72184 
72185 
72186 
72187 
72188 
72189 
72190 
72191 
72192 
72193 
72194 
72195 
72196 
72197 
72198 
72199 
72200 
72201 
72202 
72203 
72204 
72205 
72206 
72207 
72208 
72209 
72210 
72211 
72212 
72213 
6677 
72214 
6678 
72215 
6679 
72216 
6680 
72217 
6681 
72218 
6682 
72219 
6683 
72220 
6684 
72221 
6685 
72222 
6686 
72223 
6687 
72224 
6688 
72225 
6689 
72226 
6690 
72227 
6691 
72228 
6692 
72229 
6693 
72230 
6694 
72231 
6695 
72232 
6696 
72233 
6697 
72234 
6698 
72235 
6699 
72236 
6700 
72237 
6701 
72238 
6702 
72239 
6703 
6704 
6705 
6706 
6707 
6708 
6709 
72266 
72267 
72268 
72269 
72270 
72271 
72272 
72273 
72274 
72275 
72276 
72277 
72278 
72279 
72280 
72281 
72282 
72283 
72284 
72285 
72286 
72287 
72288 
72289 
72290 
72291 
72292 
72293 
72294 
72295 
72296 
72297 
72298 
72299 
72300 
72301 
72302 
72303 
72304 
72305 
72306 
72307 
72308 
72309 
72310 
6774 
72311 
6775 
72312 
6776 
72313 
6777 
72314 
6778 
72315 
6779 
72316 
6780 
72317 
6781 
72318 
6782 
72319 
6783 
72320 
6784 
6785 
6786 
6787 
6788 
6789 
6790 
6791 
6792 
6793 
6794 
6795 
6796 
6797 
6798 
6799 
6800 
6801 
6802 
6803 
6804 
6805 
6806 
6807 
6808 
6809 
6810 
6811 
72377 
72378 
72379 
72380 
72381 
72382 
72383 
72384 
72385 
72386 
72387 
72388 
72389 
72390 
72391 
72392 
72393 
72394 
72395 
72396 
72397 
72398 
72399 
72400 
72401 
72402 
72403 
72404 
72405 
72406 
72407 
72408 
72409 
72410 
72411 
72412 
72413 
72414 
72415 
72416 
72417 
72418 
72419 
72420 
72421 
72422 
72440 
72441 
72442 
72443 
72444 
72445 
72446 
72447 
72448 
72449 
72450 
72451 
72452 
72453 
72454 
72455 
72456 
72457 
72458 
72459 
72460 
72461 
72462 
72463 
72464 
72465 
72466 
72467 
72468 
72469 
72470 
72471 
72472 
72473 
72474 
72475 
72476 
72477 
72478 
72479 
72480 
72481 
72482 
72483 
72484 
72485 
72486 
72487 
72488 
72489 
72490 
72491 
72492 
72493 
72494 
72495 
72496 
72497 
72498 
72499 
72500 
72501 
72502 
72503 
72504 
72505 
72506 
6978 
6979 
6980 
6981 
6982 
6983 
6984 
6985 
6986 
6987 
6988 
6989 
6990 
6991 
6992 
6993 
6994 
6995 
6996 
72533 
6997 
72534 
6998 
72535 
6999 
72536 
7000 
72537 
7001 
72538 
7002 
72539 
7003 
72540 
7004 
72541 
7005 
72542 
7006 
72543 
7007 
72544 
7008 
72545 
72546 
72547 
72548 
72549 
72550 
72551 
72552 
72553 
72554 
72555 
72556 
72557 
72558 
72559 
72560 
72561 
72562 
72563 
72564 
72565 
72566 
72567 
72568 
72569 
72570 
72571 
7035 
72572 
7036 
72573 
7037 
72574 
7038 
72575 
7039 
72576 
7040 
72577 
7041 
72578 
7042 
72579 
7043 
72580 
7044 
72581 
7045 
72582 
7046 
72583 
7047 
72584 
7048 
72585 
7049 
72586 
7050 
72587 
7051 
72588 
7052 
72589 
7053 
72590 
7054 
72591 
7055 
72592 
7056 
72593 
7057 
72594 
7058 
72595 
7059 
72596 
7060 
72597 
7061 
72598 
7062 
72599 
7063 
7064 
7065 
7066 
7067 
7068 
7069 
7070 
72626 
72627 
72628 
72629 
72630 
72631 
72632 
72633 
72634 
72635 
72636 
72637 
72638 
72639 
72640 
72641 
72642 
72643 
72644 
72645 
72646 
72647 
72648 
72649 
72650 
72651 
72652 
72653 
72654 
72655 
72656 
72657 
72658 
72659 
72660 
72661 
72662 
72663 
72664 
72665 
72666 
72667 
72668 
72669 
7133 
72670 
7134 
72671 
7135 
72672 
7136 
72673 
7137 
72674 
7138 
72675 
7139 
72676 
7140 
72677 
7141 
72678 
7142 
72679 
7143 
7144 
7145 
7146 
7147 
7148 
7149 
7150 
7151 
7152 
7153 
7154 
7155 
7156 
7157 
7158 
7159 
7160 
7161 
7162 
7163 
7164 
7165 
7166 
7167 
7168 
7169 
7170 
7171 
7172 
7173 
72738 
72739 
72740 
72741 
72742 
72743 
72744 
72745 
72746 
72747 
72748 
72749 
72750 
72751 
72752 
72753 
72754 
72755 
72756 
72757 
72758 
72759 
72760 
72761 
72762 
72763 
72764 
72765 
72766 
72767 
72768 
72769 
72770 
72771 
72772 
72773 
72774 
72775 
72776 
72777 
72778 
72779 
72780 
72781 
72800 
72801 
72802 
72803 
72804 
72805 
72806 
72807 
72808 
72809 
72810 
72811 
72812 
72813 
72814 
72815 
72816 
72817 
72818 
72819 
72820 
72821 
72822 
72823 
72824 
72825 
72826 
72827 
72828 
72829 
72830 
72831 
72832 
72833 
72834 
72835 
72836 
72837 
72838 
72839 
72840 
72841 
72842 
72843 
72844 
72845 
72846 
72847 
72848 
72849 
72850 
72851 
72852 
72853 
72854 
72855 
72856 
72857 
72858 
72859 
72860 
72861 
72862 
72863 
72864 
72865 
72866 
7337 
7338 
7339 
7340 
7341 
7342 
7343 
7344 
7345 
7346 
7347 
7348 
7349 
7350 
7351 
7352 
7353 
7354 
7355 
7356 
72893 
7357 
72894 
7358 
72895 
7359 
72896 
7360 
72897 
7361 
72898 
7362 
72899 
7363 
72900 
7364 
72901 
7365 
72902 
7366 
72903 
7367 
72904 
7368 
72905 
72906 
72907 
72908 
72909 
72910 
72911 
72912 
72913 
72914 
72915 
72916 
72917 
72918 
72919 
72920 
72921 
72922 
72923 
72924 
72925 
72926 
72927 
72928 
72929 
72930 
7394 
72931 
7395 
72932 
7396 
72933 
7397 
72934 
7398 
72935 
7399 
72936 
7400 
72937 
7401 
72938 
7402 
72939 
7403 
72940 
7404 
72941 
7405 
72942 
7406 
72943 
7407 
72944 
7408 
72945 
7409 
72946 
7410 
72947 
7411 
72948 
7412 
72949 
7413 
72950 
7414 
72951 
7415 
72952 
7416 
72953 
7417 
72954 
7418 
72955 
7419 
72956 
7420 
72957 
7421 
72958 
7422 
72959 
7423 
7424 
7425 
7426 
7427 
7428 
7429 
7430 
7431 
72986 
72987 
72988 
72989 
72990 
72991 
72992 
72993 
72994 
72995 
72996 
72997 
72998 
72999 
73000 
73001 
73002 
73003 
73004 
73005 
73006 
73007 
73008 
73009 
73010 
73011 
73012 
73013 
73014 
73015 
73016 
73017 
73018 
73019 
73020 
73021 
73022 
73023 
73024 
73025 
73026 
73027 
73028 
7492 
73029 
7493 
73030 
7494 
73031 
7495 
73032 
7496 
73033 
7497 
73034 
7498 
73035 
7499 
73036 
7500 
73037 
7501 
73038 
7502 
73039 
7503 
7504 
7505 
7506 
7507 
7508 
7509 
7510 
7511 
7512 
7513 
7514 
7515 
7516 
7517 
7518 
7519 
7520 
7521 
7522 
7523 
7524 
7525 
7526 
7527 
7528 
7529 
7530 
7531 
7532 
7533 
7534 
73099 
73100 
73101 
73102 
73103 
73104 
73105 
73106 
73107 
73108 
73109 
73110 
73111 
73112 
73113 
73114 
73115 
73116 
73117 
73118 
73119 
73120 
73121 
73122 
73123 
73124 
73125 
73126 
73127 
73128 
73129 
73130 
73131 
73132 
73133 
73134 
73135 
73136 
73137 
73138 
73139 
73140 
73160 
73161 
73162 
73163 
73164 
73165 
73166 
73167 
73168 
73169 
73170 
73171 
73172 
73173 
73174 
73175 
73176 
73177 
73178 
73179 
73180 
73181 
73182 
73183 
73184 
73185 
73186 
73187 
73188 
73189 
73190 
73191 
73192 
73193 
73194 
73195 
73196 
73197 
73198 
73199 
73200 
73201 
73202 
73203 
73204 
73205 
73206 
73207 
73208 
73209 
73210 
73211 
73212 
73213 
73214 
73215 
73216 
73217 
73218 
73219 
73220 
73221 
73222 
73223 
73224 
73225 
73226 
7696 
7697 
7698 
7699 
7700 
7701 
7702 
7703 
7704 
7705 
7706 
7707 
7708 
7709 
7710 
7711 
7712 
7713 
7714 
7715 
7716 
73253 
7717 
73254 
7718 
73255 
7719 
73256 
7720 
73257 
7721 
73258 
7722 
73259 
7723 
73260 
7724 
73261 
7725 
73262 
7726 
73263 
7727 
73264 
7728 
73265 
7729 
73266 
73267 
73268 
73269 
73270 
73271 
73272 
73273 
73274 
73275 
73276 
73277 
73278 
73279 
73280 
73281 
73282 
73283 
73284 
73285 
73286 
73287 
73288 
73289 
7753 
73290 
7754 
73291 
7755 
73292 
7756 
73293 
7757 
73294 
7758 
73295 
7759 
73296 
7760 
73297 
7761 
73298 
7762 
73299 
7763 
73300 
7764 
73301 
7765 
73302 
7766 
73303 
7767 
73304 
7768 
73305 
7769 
73306 
7770 
73307 
7771 
73308 
7772 
73309 
7773 
73310 
7774 
73311 
7775 
73312 
7776 
73313 
7777 
73314 
7778 
73315 
7779 
73316 
7780 
73317 
7781 
73318 
7782 
73319 
7783 
7784 
7785 
7786 
7787 
7788 
7789 
7790 
7791 
7792 
73346 
73347 
73348 
73349 
73350 
73351 
73352 
73353 
73354 
73355 
73356 
73357 
73358 
73359 
73360 
73361 
73362 
73363 
73364 
73365 
73366 
73367 
73368 
73369 
73370 
73371 
73372 
73373 
73374 
73375 
73376 
73377 
73378 
73379 
73380 
73381 
73382 
73383 
73384 
73385 
73386 
7850 
73387 
7851 
73388 
7852 
73389 
7853 
73390 
7854 
73391 
7855 
73392 
7856 
73393 
7857 
73394 
7858 
73395 
7859 
73396 
7860 
73397 
7861 
73398 
7862 
73399 
7863 
7864 
7865 
7866 
7867 
7868 
7869 
7870 
7871 
7872 
7873 
7874 
7875 
7876 
7877 
7878 
7879 
7880 
7881 
7882 
7883 
7884 
7885 
7886 
7887 
7888 
7889 
7890 
7891 
7892 
7893 
7894 
7895 
73460 
73461 
73462 
73463 
73464 
73465 
73466 
73467 
73468 
73469 
73470 
73471 
73472 
73473 
73474 
73475 
73476 
73477 
73478 
73479 
73480 
73481 
73482 
73483 
73484 
73485 
73486 
73487 
73488 
73489 
73490 
73491 
73492 
73493 
73494 
73495 
73496 
73497 
73498 
73499 
73520 
73521 
73522 
73523 
73524 
73525 
73526 
73527 
73528 
73529 
73530 
73531 
73532 
73533 
73534 
73535 
73536 
73537 
73538 
73539 
73540 
73541 
73542 
73543 
73544 
73545 
73546 
73547 
73548 
73549 
73550 
73551 
73552 
73553 
73554 
73555 
73556 
73557 
73558 
73559 
73560 
73561 
73562 
73563 
73564 
73565 
73566 
73567 
73568 
73569 
73570 
73571 
73572 
73573 
73574 
73575 
73576 
73577 
73578 
73579 
73580 
73581 
73582 
73583 
73584 
73585 
73586 
8056 
8057 
8058 
8059 
8060 
8061 
8062 
8063 
8064 
8065 
8066 
8067 
8068 
8069 
8070 
8071 
8072 
8073 
8074 
8075 
8076 
73613 
8077 
73614 
8078 
73615 
8079 
73616 
8080 
73617 
8081 
73618 
8082 
73619 
8083 
73620 
8084 
73621 
8085 
73622 
8086 
73623 
8087 
73624 
8088 
73625 
8089 
73626 
8090 
73627 
73628 
73629 
73630 
73631 
73632 
73633 
73634 
73635 
73636 
73637 
73638 
73639 
73640 
73641 
73642 
73643 
73644 
73645 
73646 
73647 
73648 
73649 
8113 
73650 
8114 
73651 
8115 
73652 
8116 
73653 
8117 
73654 
8118 
73655 
8119 
73656 
8120 
73657 
8121 
73658 
8122 
73659 
8123 
73660 
8124 
73661 
8125 
73662 
8126 
73663 
8127 
73664 
8128 
73665 
8129 
73666 
8130 
73667 
8131 
73668 
8132 
73669 
8133 
73670 
8134 
73671 
8135 
73672 
8136 
73673 
8137 
73674 
8138 
73675 
8139 
73676 
8140 
73677 
8141 
73678 
8142 
73679 
8143 
8144 
8145 
8146 
8147 
8148 
8149 
8150 
8151 
8152 
8153 
73707 
73708 
73709 
73710 
73711 
73712 
73713 
73714 
73715 
73716 
73717 
73718 
73719 
73720 
73721 
73722 
73723 
73724 
73725 
73726 
73727 
73728 
73729 
73730 
73731 
73732 
73733 
73734 
73735 
73736 
73737 
73738 
73739 
73740 
73741 
73742 
73743 
73744 
73745 
8209 
73746 
8210 
73747 
8211 
73748 
8212 
73749 
8213 
73750 
8214 
73751 
8215 
73752 
8216 
73753 
8217 
73754 
8218 
73755 
8219 
73756 
8220 
73757 
8221 
73758 
8222 
73759 
8223 
8224 
8225 
8226 
8227 
8228 
8229 
8230 
8231 
8232 
8233 
8234 
8235 
8236 
8237 
8238 
8239 
8240 
8241 
8242 
8243 
8244 
8245 
8246 
8247 
8248 
8249 
8250 
8251 
8252 
8253 
8254 
8255 
8256 
73821 
73822 
73823 
73824 
73825 
73826 
73827 
73828 
73829 
73830 
73831 
73832 
73833 
73834 
73835 
73836 
73837 
73838 
73839 
73840 
73841 
73842 
73843 
73844 
73845 
73846 
73847 
73848 
73849 
73850 
73851 
73852 
73853 
73854 
73855 
73856 
73857 
73858 
73880 
73881 
73882 
73883 
73884 
73885 
73886 
73887 
73888 
73889 
73890 
73891 
73892 
73893 
73894 
73895 
73896 
73897 
73898 
73899 
73900 
73901 
73902 
73903 
73904 
73905 
73906 
73907 
73908 
73909 
73910 
73911 
73912 
73913 
73914 
73915 
73916 
73917 
73918 
73919 
73920 
73921 
73922 
73923 
73924 
73925 
73926 
73927 
73928 
73929 
73930 
73931 
73932 
73933 
73934 
73935 
73936 
73937 
73938 
73939 
73940 
73941 
73942 
73943 
73944 
73945 
73946 
8415 
8416 
8417 
8418 
8419 
8420 
8421 
8422 
8423 
8424 
8425 
8426 
8427 
8428 
8429 
8430 
8431 
8432 
8433 
8434 
8435 
8436 
73973 
8437 
73974 
8438 
73975 
8439 
73976 
8440 
73977 
8441 
73978 
8442 
73979 
8443 
73980 
8444 
73981 
8445 
73982 
8446 
73983 
8447 
73984 
8448 
73985 
8449 
73986 
8450 
73987 
73988 
73989 
73990 
73991 
73992 
73993 
73994 
73995 
73996 
73997 
73998 
73999 
74000 
74001 
74002 
74003 
74004 
74005 
74006 
74007 
74008 
8472 
74009 
8473 
74010 
8474 
74011 
8475 
74012 
8476 
74013 
8477 
74014 
8478 
74015 
8479 
74016 
8480 
74017 
8481 
74018 
8482 
74019 
8483 
74020 
8484 
74021 
8485 
74022 
8486 
74023 
8487 
74024 
8488 
74025 
8489 
74026 
8490 
74027 
8491 
74028 
8492 
74029 
8493 
74030 
8494 
74031 
8495 
74032 
8496 
74033 
8497 
74034 
8498 
74035 
8499 
74036 
8500 
74037 
8501 
74038 
8502 
74039 
8503 
8504 
8505 
8506 
8507 
8508 
8509 
8510 
8511 
8512 
8513 
8514 
74067 
74068 
74069 
74070 
74071 
74072 
74073 
74074 
74075 
74076 
74077 
74078 
74079 
74080 
74081 
74082 
74083 
74084 
74085 
74086 
74087 
74088 
74089 
74090 
74091 
74092 
74093 
74094 
74095 
74096 
74097 
74098 
74099 
74100 
74101 
74102 
74103 
74104 
8568 
74105 
8569 
74106 
8570 
74107 
8571 
74108 
8572 
74109 
8573 
74110 
8574 
74111 
8575 
74112 
8576 
74113 
8577 
74114 
8578 
74115 
8579 
74116 
8580 
74117 
8581 
74118 
8582 
74119 
8583 
8584 
8585 
8586 
8587 
8588 
8589 
8590 
8591 
8592 
8593 
8594 
8595 
8596 
8597 
8598 
8599 
8600 
8601 
8602 
8603 
8604 
8605 
8606 
8607 
8608 
8609 
8610 
8611 
8612 
8613 
8614 
8615 
8616 
8617 
74182 
74183 
74184 
74185 
74186 
74187 
74188 
74189 
74190 
74191 
74192 
74193 
74194 
74195 
74196 
74197 
74198 
74199 
74200 
74201 
74202 
74203 
74204 
74205 
74206 
74207 
74208 
74209 
74210 
74211 
74212 
74213 
74214 
74215 
74216 
74217 
74240 
74241 
74242 
74243 
74244 
74245 
74246 
74247 
74248 
74249 
74250 
74251 
74252 
74253 
74254 
74255 
74256 
74257 
74258 
74259 
74260 
74261 
74262 
74263 
74264 
74265 
74266 
74267 
74268 
74269 
74270 
74271 
74272 
74273 
74274 
74275 
74276 
74277 
74278 
74279 
74280 
74281 
74282 
74283 
74284 
74285 
74286 
74287 
74288 
74289 
74290 
74291 
74292 
74293 
74294 
74295 
74296 
74297 
74298 
74299 
74300 
74301 
74302 
74303 
74304 
74305 
74306 
8775 
8776 
8777 
8778 
8779 
8780 
8781 
8782 
8783 
8784 
8785 
8786 
8787 
8788 
8789 
8790 
8791 
8792 
8793 
8794 
8795 
8796 
74333 
8797 
74334 
8798 
74335 
8799 
74336 
8800 
74337 
8801 
74338 
8802 
74339 
8803 
74340 
8804 
74341 
8805 
74342 
8806 
74343 
8807 
74344 
8808 
74345 
8809 
74346 
8810 
74347 
8811 
74348 
74349 
74350 
74351 
74352 
74353 
74354 
74355 
74356 
74357 
74358 
74359 
74360 
74361 
74362 
74363 
74364 
74365 
74366 
74367 
8831 
74368 
8832 
74369 
8833 
74370 
8834 
74371 
8835 
74372 
8836 
74373 
8837 
74374 
8838 
74375 
8839 
74376 
8840 
74377 
8841 
74378 
8842 
74379 
8843 
74380 
8844 
74381 
8845 
74382 
8846 
74383 
8847 
74384 
8848 
74385 
8849 
74386 
8850 
74387 
8851 
74388 
8852 
74389 
8853 
74390 
8854 
74391 
8855 
74392 
8856 
74393 
8857 
74394 
8858 
74395 
8859 
74396 
8860 
74397 
8861 
74398 
8862 
74399 
8863 
8864 
8865 
8866 
8867 
8868 
8869 
8870 
8871 
8872 
8873 
8874 
8875 
74427 
74428 
74429 
74430 
74431 
74432 
74433 
74434 
74435 
74436 
74437 
74438 
74439 
74440 
74441 
74442 
74443 
74444 
74445 
74446 
74447 
74448 
74449 
74450 
74451 
74452 
74453 
74454 
74455 
74456 
74457 
74458 
74459 
74460 
74461 
74462 
74463 
74464 
8928 
74465 
8929 
74466 
8930 
74467 
8931 
74468 
8932 
74469 
8933 
74470 
8934 
74471 
8935 
74472 
8936 
74473 
8937 
74474 
8938 
74475 
8939 
74476 
8940 
74477 
8941 
74478 
8942 
74479 
8943 
8944 
8945 
8946 
8947 
8948 
8949 
8950 
8951 
8952 
8953 
8954 
8955 
8956 
8957 
8958 
8959 
8960 
8961 
8962 
8963 
8964 
8965 
8966 
8967 
8968 
8969 
8970 
8971 
8972 
8973 
8974 
8975 
8976 
8977 
8978 
74543 
74544 
74545 
74546 
74547 
74548 
74549 
74550 
74551 
74552 
74553 
74554 
74555 
74556 
74557 
74558 
74559 
74560 
74561 
74562 
74563 
74564 
74565 
74566 
74567 
74568 
74569 
74570 
74571 
74572 
74573 
74574 
74575 
74576 
74600 
74601 
74602 
74603 
74604 
74605 
74606 
74607 
74608 
74609 
74610 
74611 
74612 
74613 
74614 
74615 
74616 
74617 
74618 
74619 
74620 
74621 
74622 
74623 
74624 
74625 
74626 
74627 
74628 
74629 
74630 
74631 
74632 
74633 
74634 
74635 
74636 
74637 
74638 
74639 
74640 
74641 
74642 
74643 
74644 
74645 
74646 
74647 
74648 
74649 
74650 
74651 
74652 
74653 
74654 
74655 
74656 
74657 
74658 
74659 
74660 
74661 
74662 
74663 
74664 
74665 
74666 
9134 
9135 
9136 
9137 
9138 
9139 
9140 
9141 
9142 
9143 
9144 
9145 
9146 
9147 
9148 
9149 
9150 
9151 
9152 
9153 
9154 
9155 
9156 
74693 
9157 
74694 
9158 
74695 
9159 
74696 
9160 
74697 
9161 
74698 
9162 
74699 
9163 
74700 
9164 
74701 
9165 
74702 
9166 
74703 
9167 
74704 
9168 
74705 
9169 
74706 
9170 
74707 
9171 
74708 
74709 
74710 
74711 
74712 
74713 
74714 
74715 
74716 
74717 
74718 
74719 
74720 
74721 
74722 
74723 
74724 
74725 
74726 
9190 
74727 
9191 
74728 
9192 
74729 
9193 
74730 
9194 
74731 
9195 
74732 
9196 
74733 
9197 
74734 
9198 
74735 
9199 
74736 
9200 
74737 
9201 
74738 
9202 
74739 
9203 
74740 
9204 
74741 
9205 
74742 
9206 
74743 
9207 
74744 
9208 
74745 
9209 
74746 
9210 
74747 
9211 
74748 
9212 
74749 
9213 
74750 
9214 
74751 
9215 
74752 
9216 
74753 
9217 
74754 
9218 
74755 
9219 
74756 
9220 
74757 
9221 
74758 
9222 
74759 
9223 
9224 
9225 
9226 
9227 
9228 
9229 
9230 
9231 
9232 
9233 
9234 
9235 
74787 
74788 
74789 
74790 
74791 
74792 
74793 
74794 
74795 
74796 
74797 
74798 
74799 
74800 
74801 
74802 
74803 
74804 
74805 
74806 
74807 
74808 
74809 
74810 
74811 
74812 
74813 
74814 
74815 
74816 
74817 
74818 
74819 
74820 
74821 
74822 
74823 
9287 
74824 
9288 
74825 
9289 
74826 
9290 
74827 
9291 
74828 
9292 
74829 
9293 
74830 
9294 
74831 
9295 
74832 
9296 
74833 
9297 
74834 
9298 
74835 
9299 
74836 
9300 
74837 
9301 
74838 
9302 
9303 
9304 
9305 
9306 
9307 
9308 
9309 
9310 
9311 
9312 
9313 
9314 
9315 
9316 
9317 
9318 
9319 
9320 
9321 
9322 
9323 
9324 
9325 
9326 
9327 
9328 
9329 
9330 
9331 
9332 
9333 
9334 
9335 
9336 
9337 
9338 
9339 
74904 
74905 
74906 
74907 
74908 
74909 
74910 
74911 
74912 
74913 
74914 
74915 
74916 
74917 
74918 
74919 
74920 
74921 
74922 
74923 
74924 
74925 
74926 
74927 
74928 
74929 
74930 
74931 
74932 
74933 
74934 
74935 
74960 
74961 
74962 
74963 
74964 
74965 
74966 
74967 
74968 
74969 
74970 
74971 
74972 
74973 
74974 
74975 
74976 
74977 
74978 
74979 
74980 
74981 
74982 
74983 
74984 
74985 
74986 
74987 
74988 
74989 
74990 
74991 
74992 
74993 
74994 
74995 
74996 
74997 
74998 
74999 
75000 
75001 
75002 
75003 
75004 
75005 
75006 
75007 
75008 
75009 
75010 
75011 
75012 
75013 
75014 
75015 
75016 
75017 
75018 
75019 
75020 
75021 
75022 
75023 
75024 
75025 
75026 
9494 
9495 
9496 
9497 
9498 
9499 
9500 
9501 
9502 
9503 
9504 
9505 
9506 
9507 
9508 
9509 
9510 
9511 
9512 
9513 
9514 
9515 
9516 
75053 
9517 
75054 
9518 
75055 
9519 
75056 
9520 
75057 
9521 
75058 
9522 
75059 
9523 
75060 
9524 
75061 
9525 
75062 
9526 
75063 
9527 
75064 
9528 
75065 
9529 
75066 
9530 
75067 
9531 
75068 
9532 
75069 
75070 
75071 
75072 
75073 
75074 
75075 
75076 
75077 
75078 
75079 
75080 
75081 
75082 
75083 
75084 
75085 
75086 
9550 
75087 
9551 
75088 
9552 
75089 
9553 
75090 
9554 
75091 
9555 
75092 
9556 
75093 
9557 
75094 
9558 
75095 
9559 
75096 
9560 
75097 
9561 
75098 
9562 
75099 
9563 
75100 
9564 
75101 
9565 
75102 
9566 
75103 
9567 
75104 
9568 
75105 
9569 
75106 
9570 
75107 
9571 
75108 
9572 
75109 
9573 
75110 
9574 
75111 
9575 
75112 
9576 
75113 
9577 
75114 
9578 
75115 
9579 
75116 
9580 
75117 
9581 
75118 
9582 
75119 
9583 
9584 
9585 
9586 
9587 
9588 
9589 
9590 
9591 
9592 
9593 
9594 
9595 
9596 
75148 
75149 
75150 
75151 
75152 
75153 
75154 
75155 
75156 
75157 
75158 
75159 
75160 
75161 
75162 
75163 
75164 
75165 
75166 
75167 
75168 
75169 
75170 
75171 
75172 
75173 
75174 
75175 
75176 
75177 
75178 
75179 
75180 
75181 
75182 
9646 
75183 
9647 
75184 
9648 
75185 
9649 
75186 
9650 
75187 
9651 
75188 
9652 
75189 
9653 
75190 
9654 
75191 
9655 
75192 
9656 
75193 
9657 
75194 
9658 
75195 
9659 
75196 
9660 
75197 
9661 
75198 
9662 
9663 
9664 
9665 
9666 
9667 
9668 
9669 
9670 
9671 
9672 
9673 
9674 
9675 
9676 
9677 
9678 
9679 
9680 
9681 
9682 
9683 
9684 
9685 
9686 
9687 
9688 
9689 
9690 
9691 
9692 
9693 
9694 
9695 
9696 
9697 
9698 
9699 
9700 
75266 
75267 
75268 
75269 
75270 
75271 
75272 
75273 
75274 
75275 
75276 
75277 
75278 
75279 
75280 
75281 
75282 
75283 
75284 
75285 
75286 
75287 
75288 
75289 
75290 
75291 
75292 
75293 
75320 
75321 
75322 
75323 
75324 
75325 
75326 
75327 
75328 
75329 
75330 
75331 
75332 
75333 
75334 
75335 
75336 
75337 
75338 
75339 
75340 
75341 
75342 
75343 
75344 
75345 
75346 
75347 
75348 
75349 
75350 
75351 
75352 
75353 
75354 
75355 
75356 
75357 
75358 
75359 
75360 
75361 
75362 
75363 
75364 
75365 
75366 
75367 
75368 
75369 
75370 
75371 
75372 
75373 
75374 
75375 
75376 
75377 
75378 
75379 
75380 
75381 
75382 
75383 
75384 
75385 
75386 
9854 
9855 
9856 
9857 
9858 
9859 
9860 
9861 
9862 
9863 
9864 
9865 
9866 
9867 
9868 
9869 
9870 
9871 
9872 
9873 
9874 
9875 
9876 
75413 
9877 
75414 
9878 
75415 
9879 
75416 
9880 
75417 
9881 
75418 
9882 
75419 
9883 
75420 
9884 
75421 
9885 
75422 
9886 
75423 
9887 
75424 
9888 
75425 
9889 
75426 
9890 
75427 
9891 
75428 
9892 
75429 
75430 
75431 
75432 
75433 
75434 
75435 
75436 
75437 
75438 
75439 
75440 
75441 
75442 
75443 
75444 
75445 
9909 
75446 
9910 
75447 
9911 
75448 
9912 
75449 
9913 
75450 
9914 
75451 
9915 
75452 
9916 
75453 
9917 
75454 
9918 
75455 
9919 
75456 
9920 
75457 
9921 
75458 
9922 
75459 
9923 
75460 
9924 
75461 
9925 
75462 
9926 
75463 
9927 
75464 
9928 
75465 
9929 
75466 
9930 
75467 
9931 
75468 
9932 
75469 
9933 
75470 
9934 
75471 
9935 
75472 
9936 
75473 
9937 
75474 
9938 
75475 
9939 
75476 
9940 
75477 
9941 
75478 
9942 
75479 
9943 
9944 
9945 
9946 
9947 
9948 
9949 
9950 
9951 
9952 
9953 
9954 
9955 
9956 
75508 
75509 
75510 
75511 
75512 
75513 
75514 
75515 
75516 
75517 
75518 
75519 
75520 
75521 
75522 
75523 
75524 
75525 
75526 
75527 
75528 
75529 
75530 
75531 
75532 
75533 
75534 
75535 
75536 
75537 
75538 
75539 
75540 
75541 
10005 
75542 
10006 
75543 
10007 
75544 
10008 
75545 
10009 
75546 
10010 
75547 
10011 
75548 
10012 
75549 
10013 
75550 
10014 
75551 
10015 
75552 
10016 
75553 
10017 
75554 
10018 
75555 
10019 
75556 
10020 
75557 
10021 
75558 
10022 
10023 
10024 
10025 
10026 
10027 
10028 
10029 
10030 
10031 
10032 
10033 
10034 
10035 
10036 
10037 
10038 
10039 
10040 
10041 
10042 
10043 
10044 
10045 
10046 
10047 
10048 
10049 
10050 
10051 
10052 
10053 
10054 
10055 
10056 
10057 
10058 
10059 
10060 
75627 
75628 
75629 
75630 
75631 
75632 
75633 
75634 
75635 
75636 
75637 
75638 
75639 
75640 
75641 
75642 
75643 
75644 
75645 
75646 
75647 
75648 
75649 
75650 
75651 
75652 
75680 
75681 
75682 
75683 
75684 
75685 
75686 
75687 
75688 
75689 
75690 
75691 
75692 
75693 
75694 
75695 
75696 
75697 
75698 
75699 
75700 
75701 
75702 
75703 
75704 
75705 
75706 
75707 
75708 
75709 
75710 
75711 
75712 
75713 
75714 
75715 
75716 
75717 
75718 
75719 
75720 
75721 
75722 
75723 
75724 
75725 
75726 
75727 
75728 
75729 
75730 
75731 
75732 
75733 
75734 
75735 
75736 
75737 
75738 
75739 
75740 
75741 
75742 
75743 
75744 
75745 
75746 
10213 
10214 
10215 
10216 
10217 
10218 
10219 
10220 
10221 
10222 
10223 
10224 
10225 
10226 
10227 
10228 
10229 
10230 
10231 
10232 
10233 
10234 
10235 
10236 
75773 
10237 
75774 
10238 
75775 
10239 
75776 
10240 
75777 
10241 
75778 
10242 
75779 
10243 
75780 
10244 
75781 
10245 
75782 
10246 
75783 
10247 
75784 
10248 
75785 
10249 
75786 
10250 
75787 
10251 
75788 
10252 
75789 
75790 
75791 
75792 
75793 
75794 
75795 
75796 
75797 
75798 
75799 
75800 
75801 
75802 
75803 
75804 
75805 
10269 
75806 
10270 
75807 
10271 
75808 
10272 
75809 
10273 
75810 
10274 
75811 
10275 
75812 
10276 
75813 
10277 
75814 
10278 
75815 
10279 
75816 
10280 
75817 
10281 
75818 
10282 
75819 
10283 
75820 
10284 
75821 
10285 
75822 
10286 
75823 
10287 
75824 
10288 
75825 
10289 
75826 
10290 
75827 
10291 
75828 
10292 
75829 
10293 
75830 
10294 
75831 
10295 
75832 
10296 
75833 
10297 
75834 
10298 
75835 
10299 
75836 
10300 
75837 
10301 
75838 
10302 
75839 
10303 
10304 
10305 
10306 
10307 
10308 
10309 
10310 
10311 
10312 
10313 
10314 
10315 
10316 
10317 
75868 
75869 
75870 
75871 
75872 
75873 
75874 
75875 
75876 
75877 
75878 
75879 
75880 
75881 
75882 
75883 
75884 
75885 
75886 
75887 
75888 
75889 
75890 
75891 
75892 
75893 
75894 
75895 
75896 
75897 
75898 
75899 
75900 
75901 
10365 
75902 
10366 
75903 
10367 
75904 
10368 
75905 
10369 
75906 
10370 
75907 
10371 
75908 
10372 
75909 
10373 
75910 
10374 
75911 
10375 
75912 
10376 
75913 
10377 
75914 
10378 
75915 
10379 
75916 
10380 
75917 
10381 
10382 
10383 
10384 
10385 
10386 
10387 
10388 
10389 
10390 
10391 
10392 
10393 
10394 
10395 
10396 
10397 
10398 
10399 
10400 
10401 
10402 
10403 
10404 
10405 
10406 
10407 
10408 
10409 
10410 
10411 
10412 
10413 
10414 
10415 
10416 
10417 
10418 
10419 
10420 
10421 
75990 
75991 
75992 
75993 
75994 
75995 
75996 
75997 
75998 
75999 
76000 
76001 
76002 
76003 
76004 
76005 
76006 
76007 
76008 
76009 
76040 
76041 
76042 
76043 
76044 
76045 
76046 
76047 
76048 
76049 
76050 
76051 
76052 
76053 
76054 
76055 
76056 
76057 
76058 
76059 
76060 
76061 
76062 
76063 
76064 
76065 
76066 
76067 
76068 
76069 
76070 
76071 
76072 
76073 
76074 
76075 
76076 
76077 
76078 
76079 
76080 
76081 
76082 
76083 
76084 
76085 
76086 
76087 
76088 
76089 
76090 
76091 
76092 
76093 
76094 
76095 
76096 
76097 
76098 
76099 
76100 
76101 
76102 
76103 
76104 
76105 
76106 
10573 
10574 
10575 
10576 
10577 
10578 
10579 
10580 
10581 
10582 
10583 
10584 
10585 
10586 
10587 
10588 
10589 
10590 
10591 
10592 
10593 
10594 
10595 
10596 
76133 
10597 
76134 
10598 
76135 
10599 
76136 
10600 
76137 
10601 
76138 
10602 
76139 
10603 
76140 
10604 
76141 
10605 
76142 
10606 
76143 
10607 
76144 
10608 
76145 
10609 
76146 
10610 
76147 
10611 
76148 
10612 
76149 
76150 
76151 
76152 
76153 
76154 
76155 
76156 
76157 
76158 
76159 
76160 
76161 
76162 
76163 
76164 
10628 
76165 
10629 
76166 
10630 
76167 
10631 
76168 
10632 
76169 
10633 
76170 
10634 
76171 
10635 
76172 
10636 
76173 
10637 
76174 
10638 
76175 
10639 
76176 
10640 
76177 
10641 
76178 
10642 
76179 
10643 
76180 
10644 
76181 
10645 
76182 
10646 
76183 
10647 
76184 
10648 
76185 
10649 
76186 
10650 
76187 
10651 
76188 
10652 
76189 
10653 
76190 
10654 
76191 
10655 
76192 
10656 
76193 
10657 
76194 
10658 
76195 
10659 
76196 
10660 
76197 
10661 
76198 
10662 
76199 
10663 
10664 
10665 
10666 
10667 
10668 
10669 
10670 
10671 
10672 
10673 
10674 
10675 
10676 
10677 
76229 
76230 
76231 
76232 
76233 
76234 
76235 
76236 
76237 
76238 
76239 
76240 
76241 
76242 
76243 
76244 
76245 
76246 
76247 
76248 
76249 
76250 
76251 
76252 
76253 
76254 
76255 
76256 
76257 
76258 
76259 
76260 
10724 
76261 
10725 
76262 
10726 
76263 
10727 
76264 
10728 
76265 
10729 
76266 
10730 
76267 
10731 
76268 
10732 
76269 
10733 
76270 
10734 
76271 
10735 
76272 
10736 
76273 
10737 
76274 
10738 
76275 
10739 
76276 
10740 
76277 
10741 
10742 
10743 
10744 
10745 
10746 
10747 
10748 
10749 
10750 
10751 
10752 
10753 
10754 
10755 
10756 
10757 
10758 
10759 
10760 
10761 
10762 
10763 
10764 
10765 
10766 
10767 
10768 
10769 
10770 
10771 
10772 
10773 
10774 
10775 
10776 
10777 
10778 
10779 
10780 
10781 
10782 
76353 
76354 
76355 
76356 
76357 
76358 
76359 
76360 
76361 
76362 
76363 
76364 
76365 
76366 
76400 
76401 
76402 
76403 
76404 
76405 
76406 
76407 
76408 
76409 
76410 
76411 
76412 
76413 
76414 
76415 
76416 
76417 
76418 
76419 
76420 
76421 
76422 
76423 
76424 
76425 
76426 
76427 
76428 
76429 
76430 
76431 
76432 
76433 
76434 
76435 
76436 
76437 
76438 
76439 
76440 
76441 
76442 
76443 
76444 
76445 
76446 
76447 
76448 
76449 
76450 
76451 
76452 
76453 
76454 
76455 
76456 
76457 
76458 
76459 
76460 
76461 
76462 
76463 
76464 
76465 
76466 
10933 
10934 
10935 
10936 
10937 
10938 
10939 
10940 
10941 
10942 
10943 
10944 
10945 
10946 
10947 
10948 
10949 
10950 
10951 
10952 
10953 
10954 
10955 
10956 
76493 
10957 
76494 
10958 
76495 
10959 
76496 
10960 
76497 
10961 
76498 
10962 
76499 
10963 
76500 
10964 
76501 
10965 
76502 
10966 
76503 
10967 
76504 
10968 
76505 
10969 
76506 
10970 
76507 
10971 
76508 
10972 
76509 
10973 
76510 
76511 
76512 
76513 
76514 
76515 
76516 
76517 
76518 
76519 
76520 
76521 
76522 
76523 
76524 
10988 
76525 
10989 
76526 
10990 
76527 
10991 
76528 
10992 
76529 
10993 
76530 
10994 
76531 
10995 
76532 
10996 
76533 
10997 
76534 
10998 
76535 
10999 
76536 
11000 
76537 
11001 
76538 
11002 
76539 
11003 
76540 
11004 
76541 
11005 
76542 
11006 
76543 
11007 
76544 
11008 
76545 
11009 
76546 
11010 
76547 
11011 
76548 
11012 
76549 
11013 
76550 
11014 
76551 
11015 
76552 
11016 
76553 
11017 
76554 
11018 
76555 
11019 
76556 
11020 
76557 
11021 
76558 
11022 
76559 
11023 
11024 
11025 
11026 
11027 
11028 
11029 
11030 
11031 
11032 
11033 
11034 
11035 
11036 
11037 
11038 
76589 
76590 
76591 
76592 
76593 
76594 
76595 
76596 
76597 
76598 
76599 
76600 
76601 
76602 
76603 
76604 
76605 
76606 
76607 
76608 
76609 
76610 
76611 
76612 
76613 
76614 
76615 
76616 
76617 
76618 
76619 
11083 
76620 
11084 
76621 
11085 
76622 
11086 
76623 
11087 
76624 
11088 
76625 
11089 
76626 
11090 
76627 
11091 
76628 
11092 
76629 
11093 
76630 
11094 
76631 
11095 
76632 
11096 
76633 
11097 
76634 
11098 
76635 
11099 
76636 
11100 
11101 
11102 
11103 
11104 
11105 
11106 
11107 
11108 
11109 
11110 
11111 
11112 
11113 
11114 
11115 
11116 
11117 
11118 
11119 
11120 
11121 
11122 
11123 
11124 
11125 
11126 
11127 
11128 
11129 
11130 
11131 
11132 
11133 
11134 
11135 
11136 
11137 
11138 
11139 
11140 
11141 
11142 
76760 
76761 
76762 
76763 
76764 
76765 
76766 
76767 
76768 
76769 
76770 
76771 
76772 
76773 
76774 
76775 
76776 
76777 
76778 
76779 
76780 
76781 
76782 
76783 
76784 
76785 
76786 
76787 
76788 
76789 
76790 
76791 
76792 
76793 
76794 
76795 
76796 
76797 
76798 
76799 
76800 
76801 
76802 
76803 
76804 
76805 
76806 
76807 
76808 
76809 
76810 
76811 
76812 
76813 
76814 
76815 
76816 
76817 
76818 
76819 
76820 
76821 
76822 
76823 
76824 
76825 
11293 
11294 
11295 
11296 
11297 
11298 
11299 
11300 
11301 
11302 
11303 
11304 
11305 
11306 
11307 
11308 
11309 
11310 
11311 
11312 
11313 
11314 
11315 
11316 
11317 
76854 
11318 
76855 
11319 
76856 
11320 
76857 
11321 
76858 
11322 
76859 
11323 
76860 
11324 
76861 
11325 
76862 
11326 
76863 
11327 
76864 
11328 
76865 
11329 
76866 
11330 
76867 
11331 
76868 
11332 
76869 
11333 
76870 
76871 
76872 
76873 
76874 
76875 
76876 
76877 
76878 
76879 
76880 
76881 
76882 
76883 
76884 
11348 
76885 
11349 
76886 
11350 
76887 
11351 
76888 
11352 
76889 
11353 
76890 
11354 
76891 
11355 
76892 
11356 
76893 
11357 
76894 
11358 
76895 
11359 
76896 
11360 
76897 
11361 
76898 
11362 
76899 
11363 
76900 
11364 
76901 
11365 
76902 
11366 
76903 
11367 
76904 
11368 
76905 
11369 
76906 
11370 
76907 
11371 
76908 
11372 
76909 
11373 
76910 
11374 
76911 
11375 
76912 
11376 
76913 
11377 
76914 
11378 
76915 
11379 
76916 
11380 
76917 
11381 
76918 
11382 
76919 
11383 
11384 
11385 
11386 
11387 
11388 
11389 
11390 
11391 
11392 
11393 
11394 
11395 
11396 
11397 
11398 
76950 
76951 
76952 
76953 
76954 
76955 
76956 
76957 
76958 
76959 
76960 
76961 
76962 
76963 
76964 
76965 
76966 
76967 
76968 
76969 
76970 
76971 
76972 
76973 
76974 
76975 
76976 
76977 
76978 
76979 
11443 
76980 
11444 
76981 
11445 
76982 
11446 
76983 
11447 
76984 
11448 
76985 
11449 
76986 
11450 
76987 
11451 
76988 
11452 
76989 
11453 
76990 
11454 
76991 
11455 
76992 
11456 
76993 
11457 
76994 
11458 
76995 
11459 
76996 
11460 
11461 
11462 
11463 
11464 
11465 
11466 
11467 
11468 
11469 
11470 
11471 
11472 
11473 
11474 
11475 
11476 
11477 
11478 
11479 
11480 
11481 
11482 
11483 
11484 
11485 
11486 
11487 
11488 
11489 
11490 
11491 
11492 
11493 
11494 
11495 
11496 
11497 
11498 
11499 
11500 
11501 
11502 
11503 
77120 
77121 
77122 
77123 
77124 
77125 
77126 
77127 
77128 
77129 
77130 
77131 
77132 
77133 
77134 
77135 
77136 
77137 
77138 
77139 
77140 
77141 
77142 
77143 
77144 
77145 
77146 
77147 
77148 
77149 
77150 
77151 
77152 
77153 
77154 
77155 
77156 
77157 
77158 
77159 
77160 
77161 
77162 
77163 
77164 
77165 
77166 
77167 
77168 
77169 
77170 
77171 
77172 
77173 
77174 
77175 
77176 
77177 
77178 
77179 
77180 
77181 
77182 
77183 
77184 
77185 
11653 
11654 
11655 
11656 
11657 
11658 
11659 
11660 
11661 
11662 
11663 
11664 
11665 
11666 
11667 
11668 
11669 
11670 
11671 
11672 
11673 
11674 
11675 
11676 
11677 
77214 
11678 
77215 
11679 
77216 
11680 
77217 
11681 
77218 
11682 
77219 
11683 
77220 
11684 
77221 
11685 
77222 
11686 
77223 
11687 
77224 
11688 
77225 
11689 
77226 
11690 
77227 
11691 
77228 
11692 
77229 
11693 
77230 
77231 
77232 
77233 
77234 
77235 
77236 
77237 
77238 
77239 
77240 
77241 
77242 
77243 
11707 
77244 
11708 
77245 
11709 
77246 
11710 
77247 
11711 
77248 
11712 
77249 
11713 
77250 
11714 
77251 
11715 
77252 
11716 
77253 
11717 
77254 
11718 
77255 
11719 
77256 
11720 
77257 
11721 
77258 
11722 
77259 
11723 
77260 
11724 
77261 
11725 
77262 
11726 
77263 
11727 
77264 
11728 
77265 
11729 
77266 
11730 
77267 
11731 
77268 
11732 
77269 
11733 
77270 
11734 
77271 
11735 
77272 
11736 
77273 
11737 
77274 
11738 
77275 
11739 
77276 
11740 
77277 
11741 
77278 
11742 
77279 
11743 
11744 
11745 
11746 
11747 
11748 
11749 
11750 
11751 
11752 
11753 
11754 
11755 
11756 
11757 
11758 
77310 
77311 
77312 
77313 
77314 
77315 
77316 
77317 
77318 
77319 
77320 
77321 
77322 
77323 
77324 
77325 
77326 
77327 
77328 
77329 
77330 
77331 
77332 
77333 
77334 
77335 
77336 
77337 
77338 
11802 
77339 
11803 
77340 
11804 
77341 
11805 
77342 
11806 
77343 
11807 
77344 
11808 
77345 
11809 
77346 
11810 
77347 
11811 
77348 
11812 
77349 
11813 
77350 
11814 
77351 
11815 
77352 
11816 
77353 
11817 
77354 
11818 
77355 
11819 
11820 
11821 
11822 
11823 
11824 
11825 
11826 
11827 
11828 
11829 
11830 
11831 
11832 
11833 
11834 
11835 
11836 
11837 
11838 
11839 
11840 
11841 
11842 
11843 
11844 
11845 
11846 
11847 
11848 
11849 
11850 
11851 
11852 
11853 
11854 
11855 
11856 
11857 
11858 
11859 
11860 
11861 
11862 
11863 
77481 
77482 
77483 
77484 
77485 
77486 
77487 
77488 
77489 
77490 
77491 
77492 
77493 
77494 
77495 
77496 
77497 
77498 
77499 
77500 
77501 
77502 
77503 
77504 
77505 
77506 
77507 
77508 
77509 
77510 
77511 
77512 
77513 
77514 
77515 
77516 
77517 
77518 
77519 
77520 
77521 
77522 
77523 
77524 
77525 
77526 
77527 
77528 
77529 
77530 
77531 
77532 
77533 
77534 
77535 
77536 
77537 
77538 
77539 
77540 
77541 
77542 
77543 
77544 
77545 
12013 
12014 
12015 
12016 
12017 
12018 
12019 
12020 
12021 
12022 
12023 
12024 
12025 
12026 
12027 
12028 
12029 
12030 
12031 
12032 
12033 
12034 
12035 
12036 
12037 
77574 
12038 
77575 
12039 
77576 
12040 
77577 
12041 
77578 
12042 
77579 
12043 
77580 
12044 
77581 
12045 
77582 
12046 
77583 
12047 
77584 
12048 
77585 
12049 
77586 
12050 
77587 
12051 
77588 
12052 
77589 
12053 
77590 
77591 
77592 
77593 
77594 
77595 
77596 
77597 
77598 
77599 
77600 
77601 
77602 
77603 
12067 
77604 
12068 
77605 
12069 
77606 
12070 
77607 
12071 
77608 
12072 
77609 
12073 
77610 
12074 
77611 
12075 
77612 
12076 
77613 
12077 
77614 
12078 
77615 
12079 
77616 
12080 
77617 
12081 
77618 
12082 
77619 
12083 
77620 
12084 
77621 
12085 
77622 
12086 
77623 
12087 
77624 
12088 
77625 
12089 
77626 
12090 
77627 
12091 
77628 
12092 
77629 
12093 
77630 
12094 
77631 
12095 
77632 
12096 
77633 
12097 
77634 
12098 
77635 
12099 
77636 
12100 
77637 
12101 
77638 
12102 
12103 
12104 
12105 
12106 
12107 
12108 
12109 
12110 
12111 
12112 
12113 
12114 
12115 
12116 
12117 
12118 
12119 
77671 
77672 
77673 
77674 
77675 
77676 
77677 
77678 
77679 
77680 
77681 
77682 
77683 
77684 
77685 
77686 
77687 
77688 
77689 
77690 
77691 
77692 
77693 
77694 
77695 
77696 
77697 
77698 
12162 
77699 
12163 
77700 
12164 
77701 
12165 
77702 
12166 
77703 
12167 
77704 
12168 
77705 
12169 
77706 
12170 
77707 
12171 
77708 
12172 
77709 
12173 
77710 
12174 
77711 
12175 
77712 
12176 
77713 
12177 
77714 
12178 
77715 
12179 
12180 
12181 
12182 
12183 
12184 
12185 
12186 
12187 
12188 
12189 
12190 
12191 
12192 
12193 
12194 
12195 
12196 
12197 
12198 
12199 
12200 
12201 
12202 
12203 
12204 
12205 
12206 
12207 
12208 
12209 
12210 
12211 
12212 
12213 
12214 
12215 
12216 
12217 
12218 
12219 
12220 
12221 
12222 
12223 
12224 
77841 
77842 
77843 
77844 
77845 
77846 
77847 
77848 
77849 
77850 
77851 
77852 
77853 
77854 
77855 
77856 
77857 
77858 
77859 
77860 
77861 
77862 
77863 
77864 
77865 
77866 
77867 
77868 
77869 
77870 
77871 
77872 
77873 
77874 
77875 
77876 
77877 
77878 
77879 
77880 
77881 
77882 
77883 
77884 
77885 
77886 
77887 
77888 
77889 
77890 
77891 
77892 
77893 
77894 
77895 
77896 
77897 
77898 
77899 
77900 
77901 
77902 
77903 
77904 
77905 
12373 
12374 
12375 
12376 
12377 
12378 
12379 
12380 
12381 
12382 
12383 
12384 
12385 
12386 
12387 
12388 
12389 
12390 
12391 
12392 
12393 
12394 
12395 
12396 
12397 
77934 
12398 
77935 
12399 
77936 
12400 
77937 
12401 
77938 
12402 
77939 
12403 
77940 
12404 
77941 
12405 
77942 
12406 
77943 
12407 
77944 
12408 
77945 
12409 
77946 
12410 
77947 
12411 
77948 
12412 
77949 
12413 
77950 
77951 
77952 
77953 
77954 
77955 
77956 
77957 
77958 
77959 
77960 
77961 
77962 
77963 
12427 
77964 
12428 
77965 
12429 
77966 
12430 
77967 
12431 
77968 
12432 
77969 
12433 
77970 
12434 
77971 
12435 
77972 
12436 
77973 
12437 
77974 
12438 
77975 
12439 
77976 
12440 
77977 
12441 
77978 
12442 
77979 
12443 
77980 
12444 
77981 
12445 
77982 
12446 
77983 
12447 
77984 
12448 
77985 
12449 
77986 
12450 
77987 
12451 
77988 
12452 
77989 
12453 
77990 
12454 
77991 
12455 
77992 
12456 
77993 
12457 
77994 
12458 
77995 
12459 
77996 
12460 
77997 
12461 
77998 
12462 
12463 
12464 
12465 
12466 
12467 
12468 
12469 
12470 
12471 
12472 
12473 
12474 
12475 
12476 
12477 
12478 
12479 
78032 
78033 
78034 
78035 
78036 
78037 
78038 
78039 
78040 
78041 
78042 
78043 
78044 
78045 
78046 
78047 
78048 
78049 
78050 
78051 
78052 
78053 
78054 
78055 
78056 
78057 
78058 
12522 
78059 
12523 
78060 
12524 
78061 
12525 
78062 
12526 
78063 
12527 
78064 
12528 
78065 
12529 
78066 
12530 
78067 
12531 
78068 
12532 
78069 
12533 
78070 
12534 
78071 
12535 
78072 
12536 
78073 
12537 
78074 
12538 
12539 
12540 
12541 
12542 
12543 
12544 
12545 
12546 
12547 
12548 
12549 
12550 
12551 
12552 
12553 
12554 
12555 
12556 
12557 
12558 
12559 
12560 
12561 
12562 
12563 
12564 
12565 
12566 
12567 
12568 
12569 
12570 
12571 
12572 
12573 
12574 
12575 
12576 
12577 
12578 
12579 
12580 
12581 
12582 
12583 
12584 
78201 
78202 
78203 
78204 
78205 
78206 
78207 
78208 
78209 
78210 
78211 
78212 
78213 
78214 
78215 
78216 
78217 
78218 
78219 
78220 
78221 
78222 
78223 
78224 
78225 
78226 
78227 
78228 
78229 
78230 
78231 
78232 
78233 
78234 
78235 
78236 
78237 
78238 
78239 
78240 
78241 
78242 
78243 
78244 
78245 
78246 
78247 
78248 
78249 
78250 
78251 
78252 
78253 
78254 
78255 
78256 
78257 
78258 
78259 
78260 
78261 
78262 
78263 
78264 
12733 
12734 
12735 
12736 
12737 
12738 
12739 
12740 
12741 
12742 
12743 
12744 
12745 
12746 
12747 
12748 
12749 
12750 
12751 
12752 
12753 
12754 
12755 
12756 
12757 
12758 
78295 
12759 
78296 
12760 
78297 
12761 
78298 
12762 
78299 
12763 
78300 
12764 
78301 
12765 
78302 
12766 
78303 
12767 
78304 
12768 
78305 
12769 
78306 
12770 
78307 
12771 
78308 
12772 
78309 
12773 
78310 
78311 
78312 
78313 
78314 
78315 
78316 
78317 
78318 
78319 
78320 
78321 
78322 
78323 
12787 
78324 
12788 
78325 
12789 
78326 
12790 
78327 
12791 
78328 
12792 
78329 
12793 
78330 
12794 
78331 
12795 
78332 
12796 
78333 
12797 
78334 
12798 
78335 
12799 
78336 
12800 
78337 
12801 
78338 
12802 
78339 
12803 
78340 
12804 
78341 
12805 
78342 
12806 
78343 
12807 
78344 
12808 
78345 
12809 
78346 
12810 
78347 
12811 
78348 
12812 
78349 
12813 
78350 
12814 
78351 
12815 
78352 
12816 
78353 
12817 
78354 
12818 
78355 
12819 
78356 
12820 
78357 
12821 
78358 
12822 
12823 
12824 
12825 
12826 
12827 
12828 
12829 
12830 
12831 
12832 
12833 
12834 
12835 
12836 
12837 
12838 
12839 
78393 
78394 
78395 
78396 
78397 
78398 
78399 
78400 
78401 
78402 
78403 
78404 
78405 
78406 
78407 
78408 
78409 
78410 
78411 
78412 
78413 
78414 
78415 
78416 
78417 
12881 
78418 
12882 
78419 
12883 
78420 
12884 
78421 
12885 
78422 
12886 
78423 
12887 
78424 
12888 
78425 
12889 
78426 
12890 
78427 
12891 
78428 
12892 
78429 
12893 
78430 
12894 
78431 
12895 
78432 
12896 
78433 
12897 
12898 
12899 
12900 
12901 
12902 
12903 
12904 
12905 
12906 
12907 
12908 
12909 
12910 
12911 
12912 
12913 
12914 
12915 
12916 
12917 
12918 
12919 
12920 
12921 
12922 
12923 
12924 
12925 
12926 
12927 
12928 
12929 
12930 
12931 
12932 
12933 
12934 
12935 
12936 
12937 
12938 
12939 
12940 
12941 
12942 
12943 
12944 
78562 
78563 
78564 
78565 
78566 
78567 
78568 
78569 
78570 
78571 
78572 
78573 
78574 
78575 
78576 
78577 
78578 
78579 
78580 
78581 
78582 
78583 
78584 
78585 
78586 
78587 
78588 
78589 
78590 
78591 
78592 
78593 
78594 
78595 
78596 
78597 
78598 
78599 
78600 
78601 
78602 
78603 
78604 
78605 
78606 
78607 
78608 
78609 
78610 
78611 
78612 
78613 
78614 
78615 
78616 
78617 
78618 
78619 
78620 
78621 
78622 
78623 
78624 
13093 
13094 
13095 
13096 
13097 
13098 
13099 
13100 
13101 
13102 
13103 
13104 
13105 
13106 
13107 
13108 
13109 
13110 
13111 
13112 
13113 
13114 
13115 
13116 
13117 
13118 
78655 
13119 
78656 
13120 
78657 
13121 
78658 
13122 
78659 
13123 
78660 
13124 
78661 
13125 
78662 
13126 
78663 
13127 
78664 
13128 
78665 
13129 
78666 
13130 
78667 
13131 
78668 
13132 
78669 
13133 
78670 
78671 
78672 
78673 
78674 
78675 
78676 
78677 
78678 
78679 
78680 
78681 
78682 
13146 
78683 
13147 
78684 
13148 
78685 
13149 
78686 
13150 
78687 
13151 
78688 
13152 
78689 
13153 
78690 
13154 
78691 
13155 
78692 
13156 
78693 
13157 
78694 
13158 
78695 
13159 
78696 
13160 
78697 
13161 
78698 
13162 
78699 
13163 
78700 
13164 
78701 
13165 
78702 
13166 
78703 
13167 
78704 
13168 
78705 
13169 
78706 
13170 
78707 
13171 
78708 
13172 
78709 
13173 
78710 
13174 
78711 
13175 
78712 
13176 
78713 
13177 
78714 
13178 
78715 
13179 
78716 
13180 
78717 
13181 
13182 
13183 
13184 
13185 
13186 
13187 
13188 
13189 
13190 
13191 
13192 
13193 
13194 
13195 
13196 
13197 
13198 
13199 
78753 
78754 
78755 
78756 
78757 
78758 
78759 
78760 
78761 
78762 
78763 
78764 
78765 
78766 
78767 
78768 
78769 
78770 
78771 
78772 
78773 
78774 
78775 
78776 
78777 
13241 
78778 
13242 
78779 
13243 
78780 
13244 
78781 
13245 
78782 
13246 
78783 
13247 
78784 
13248 
78785 
13249 
78786 
13250 
78787 
13251 
78788 
13252 
78789 
13253 
78790 
13254 
78791 
13255 
78792 
13256 
13257 
13258 
13259 
13260 
13261 
13262 
13263 
13264 
13265 
13266 
13267 
13268 
13269 
13270 
13271 
13272 
13273 
13274 
13275 
13276 
13277 
13278 
13279 
13280 
13281 
13282 
13283 
13284 
13285 
13286 
13287 
13288 
13289 
13290 
13291 
13292 
13293 
13294 
13295 
13296 
13297 
13298 
13299 
13300 
13301 
13302 
13303 
13304 
13305 
78922 
78923 
78924 
78925 
78926 
78927 
78928 
78929 
78930 
78931 
78932 
78933 
78934 
78935 
78936 
78937 
78938 
78939 
78940 
78941 
78942 
78943 
78944 
78945 
78946 
78947 
78948 
78949 
78950 
78951 
78952 
78953 
78954 
78955 
78956 
78957 
78958 
78959 
78960 
78961 
78962 
78963 
78964 
78965 
78966 
78967 
78968 
78969 
78970 
78971 
78972 
78973 
78974 
78975 
78976 
78977 
78978 
78979 
78980 
78981 
78982 
78983 
78984 
13453 
13454 
13455 
13456 
13457 
13458 
13459 
13460 
13461 
13462 
13463 
13464 
13465 
13466 
13467 
13468 
13469 
13470 
13471 
13472 
13473 
13474 
13475 
13476 
13477 
13478 
79015 
13479 
79016 
13480 
79017 
13481 
79018 
13482 
79019 
13483 
79020 
13484 
79021 
13485 
79022 
13486 
79023 
13487 
79024 
13488 
79025 
13489 
79026 
13490 
79027 
13491 
79028 
13492 
79029 
79030 
79031 
79032 
79033 
79034 
79035 
79036 
79037 
79038 
79039 
79040 
79041 
79042 
13506 
79043 
13507 
79044 
13508 
79045 
13509 
79046 
13510 
79047 
13511 
79048 
13512 
79049 
13513 
79050 
13514 
79051 
13515 
79052 
13516 
79053 
13517 
79054 
13518 
79055 
13519 
79056 
13520 
79057 
13521 
79058 
13522 
79059 
13523 
79060 
13524 
79061 
13525 
79062 
13526 
79063 
13527 
79064 
13528 
79065 
13529 
79066 
13530 
79067 
13531 
79068 
13532 
79069 
13533 
79070 
13534 
79071 
13535 
79072 
13536 
79073 
13537 
79074 
13538 
79075 
13539 
79076 
13540 
79077 
13541 
13542 
13543 
13544 
13545 
13546 
13547 
13548 
13549 
13550 
13551 
13552 
13553 
13554 
13555 
13556 
13557 
13558 
13559 
79115 
79116 
79117 
79118 
79119 
79120 
79121 
79122 
79123 
79124 
79125 
79126 
79127 
79128 
79129 
79130 
79131 
79132 
79133 
79134 
79135 
79136 
79137 
13601 
79138 
13602 
79139 
13603 
79140 
13604 
79141 
13605 
79142 
13606 
79143 
13607 
79144 
13608 
79145 
13609 
79146 
13610 
79147 
13611 
79148 
13612 
79149 
13613 
79150 
13614 
79151 
13615 
13616 
13617 
13618 
13619 
13620 
13621 
13622 
13623 
13624 
13625 
13626 
13627 
13628 
13629 
13630 
13631 
13632 
13633 
13634 
13635 
13636 
13637 
13638 
13639 
13640 
13641 
13642 
13643 
13644 
13645 
13646 
13647 
13648 
13649 
13650 
13651 
13652 
13653 
13654 
13655 
13656 
13657 
13658 
13659 
13660 
13661 
13662 
13663 
13664 
13665 
79283 
79284 
79285 
79286 
79287 
79288 
79289 
79290 
79291 
79292 
79293 
79294 
79295 
79296 
79297 
79298 
79299 
79300 
79301 
79302 
79303 
79304 
79305 
79306 
79307 
79308 
79309 
79310 
79311 
79312 
79313 
79314 
79315 
79316 
79317 
79318 
79319 
79320 
79321 
79322 
79323 
79324 
79325 
79326 
79327 
79328 
79329 
79330 
79331 
79332 
79333 
79334 
79335 
79336 
79337 
79338 
79339 
79340 
79341 
79342 
79343 
13814 
13815 
13816 
13817 
13818 
13819 
13820 
13821 
13822 
13823 
13824 
13825 
13826 
13827 
13828 
13829 
13830 
13831 
13832 
13833 
13834 
13835 
13836 
13837 
13838 
13839 
79376 
13840 
79377 
13841 
79378 
13842 
79379 
13843 
79380 
13844 
79381 
13845 
79382 
13846 
79383 
13847 
79384 
13848 
79385 
13849 
79386 
13850 
79387 
13851 
79388 
13852 
79389 
79390 
79391 
79392 
79393 
79394 
79395 
79396 
79397 
79398 
79399 
79400 
79401 
79402 
13866 
79403 
13867 
79404 
13868 
79405 
13869 
79406 
13870 
79407 
13871 
79408 
13872 
79409 
13873 
79410 
13874 
79411 
13875 
79412 
13876 
79413 
13877 
79414 
13878 
79415 
13879 
79416 
13880 
79417 
13881 
79418 
13882 
79419 
13883 
79420 
13884 
79421 
13885 
79422 
13886 
79423 
13887 
79424 
13888 
79425 
13889 
79426 
13890 
79427 
13891 
79428 
13892 
79429 
13893 
79430 
13894 
79431 
13895 
79432 
13896 
79433 
13897 
79434 
13898 
79435 
13899 
79436 
13900 
13901 
13902 
13903 
13904 
13905 
13906 
13907 
13908 
13909 
13910 
13911 
13912 
13913 
13914 
13915 
13916 
13917 
13918 
13919 
79476 
79477 
79478 
79479 
79480 
79481 
79482 
79483 
79484 
79485 
79486 
79487 
79488 
79489 
79490 
79491 
79492 
79493 
79494 
79495 
79496 
13960 
79497 
13961 
79498 
13962 
79499 
13963 
79500 
13964 
79501 
13965 
79502 
13966 
79503 
13967 
79504 
13968 
79505 
13969 
79506 
13970 
79507 
13971 
79508 
13972 
79509 
13973 
79510 
13974 
13975 
13976 
13977 
13978 
13979 
13980 
13981 
13982 
13983 
13984 
13985 
13986 
13987 
13988 
13989 
13990 
13991 
13992 
13993 
13994 
13995 
13996 
13997 
13998 
13999 
14000 
14001 
14002 
14003 
14004 
14005 
14006 
14007 
14008 
14009 
14010 
14011 
14012 
14013 
14014 
14015 
14016 
14017 
14018 
14019 
14020 
14021 
14022 
14023 
14024 
14025 
14099 
14100 
79643 
79644 
79645 
79646 
79647 
79648 
79649 
79650 
79651 
79652 
79653 
79654 
79655 
79656 
79657 
79658 
79659 
79660 
79661 
79662 
79663 
79664 
79665 
79666 
79667 
79668 
79669 
79670 
79671 
79672 
79673 
79674 
79675 
79676 
79677 
79678 
79679 
79680 
79681 
79682 
79683 
79684 
79685 
79686 
79687 
79688 
79689 
79690 
79691 
79692 
79693 
79694 
79695 
79696 
79697 
79698 
79699 
79700 
79701 
79702 
79703 
14174 
14175 
14176 
14177 
14178 
14179 
14180 
14181 
14182 
14183 
14184 
14185 
14186 
14187 
14188 
14189 
14190 
14191 
14192 
14193 
14194 
14195 
14196 
14197 
14198 
14199 
79736 
14200 
79737 
14201 
79738 
14202 
79739 
14203 
79740 
14204 
79741 
14205 
79742 
14206 
79743 
14207 
79744 
14208 
79745 
14209 
79746 
14210 
79747 
14211 
79748 
14212 
79749 
79750 
79751 
79752 
79753 
79754 
79755 
79756 
79757 
79758 
79759 
79760 
79761 
79762 
14226 
79763 
14227 
79764 
14228 
79765 
14229 
79766 
14230 
79767 
14231 
79768 
14232 
79769 
14233 
79770 
14234 
79771 
14235 
79772 
14236 
79773 
14237 
79774 
14238 
79775 
14239 
79776 
14240 
79777 
14241 
79778 
14242 
79779 
14243 
79780 
14244 
79781 
14245 
79782 
14246 
79783 
14247 
79784 
14248 
79785 
14249 
79786 
14250 
79787 
14251 
79788 
14252 
79789 
14253 
79790 
14254 
79791 
14255 
79792 
14256 
79793 
14257 
79794 
14258 
79795 
14259 
79796 
14260 
14261 
14262 
14263 
14264 
14265 
14266 
14267 
14268 
14269 
14270 
14271 
14272 
14273 
14274 
14275 
14276 
14277 
14278 
14279 
79837 
79838 
79839 
79840 
79841 
79842 
79843 
79844 
79845 
79846 
79847 
79848 
79849 
79850 
79851 
79852 
79853 
79854 
79855 
79856 
14320 
79857 
14321 
79858 
14322 
79859 
14323 
79860 
14324 
79861 
14325 
79862 
14326 
79863 
14327 
79864 
14328 
79865 
14329 
79866 
14330 
79867 
14331 
79868 
14332 
79869 
14333 
14334 
14335 
14336 
14337 
14338 
14339 
14340 
14341 
14342 
14343 
14344 
14345 
14346 
14347 
14348 
14349 
14350 
14351 
14352 
14353 
14354 
14355 
14356 
14357 
14358 
14359 
14360 
14361 
14362 
14363 
14364 
14365 
14366 
14367 
14368 
14369 
14370 
14371 
14372 
14373 
14374 
14375 
14376 
14377 
14378 
14379 
14380 
14381 
14382 
14383 
14384 
14385 
14386 
14453 
14454 
14455 
14456 
14457 
14458 
14459 
14460 
14461 
14462 
14463 
14464 
14465 
14466 
80003 
80004 
80005 
80006 
80007 
80008 
80009 
80010 
80011 
80012 
80013 
80014 
80015 
80016 
80017 
80018 
80019 
80020 
80021 
80022 
80023 
80024 
80025 
80026 
80027 
80028 
80029 
80030 
80031 
80032 
80033 
80034 
80035 
80036 
80037 
80038 
80039 
80040 
80041 
80042 
80043 
80044 
80045 
80046 
80047 
80048 
80049 
80050 
80051 
80052 
80053 
80054 
80055 
80056 
80057 
80058 
80059 
80060 
80061 
80062 
14534 
14535 
14536 
14537 
14538 
14539 
14540 
14541 
14542 
14543 
14544 
14545 
14546 
14547 
14548 
14549 
14550 
14551 
14552 
14553 
14554 
14555 
14556 
14557 
14558 
14559 
14560 
80097 
14561 
80098 
14562 
80099 
14563 
80100 
14564 
80101 
14565 
80102 
14566 
80103 
14567 
80104 
14568 
80105 
14569 
80106 
14570 
80107 
14571 
80108 
14572 
80109 
80110 
80111 
80112 
80113 
80114 
80115 
80116 
80117 
80118 
80119 
80120 
80121 
80122 
14586 
80123 
14587 
80124 
14588 
80125 
14589 
80126 
14590 
80127 
14591 
80128 
14592 
80129 
14593 
80130 
14594 
80131 
14595 
80132 
14596 
80133 
14597 
80134 
14598 
80135 
14599 
80136 
14600 
80137 
14601 
80138 
14602 
80139 
14603 
80140 
14604 
80141 
14605 
80142 
14606 
80143 
14607 
80144 
14608 
80145 
14609 
80146 
14610 
80147 
14611 
80148 
14612 
80149 
14613 
80150 
14614 
80151 
14615 
80152 
14616 
80153 
14617 
80154 
14618 
80155 
14619 
80156 
14620 
14621 
14622 
14623 
14624 
14625 
14626 
14627 
14628 
14629 
14630 
14631 
14632 
14633 
14634 
14635 
14636 
14637 
14638 
14639 
80198 
80199 
80200 
80201 
80202 
80203 
80204 
80205 
80206 
80207 
80208 
80209 
80210 
80211 
80212 
80213 
80214 
80215 
80216 
14680 
80217 
14681 
80218 
14682 
80219 
14683 
80220 
14684 
80221 
14685 
80222 
14686 
80223 
14687 
80224 
14688 
80225 
14689 
80226 
14690 
80227 
14691 
14692 
14693 
14694 
14695 
14696 
14697 
14698 
14699 
14700 
14701 
14702 
14703 
14704 
14705 
14706 
14707 
14708 
14709 
14710 
14711 
14712 
14713 
14714 
14715 
14716 
14717 
14718 
14719 
14720 
14721 
14722 
14723 
14724 
14725 
14726 
14727 
14728 
14729 
14730 
14731 
14732 
14733 
14734 
14735 
14736 
14737 
14738 
14739 
14740 
14741 
14742 
14743 
14744 
14745 
14746 
14811 
14812 
14813 
14814 
14815 
14816 
14817 
14818 
14819 
14820 
14821 
14822 
14823 
14824 
14825 
14826 
14827 
80364 
14828 
80365 
80366 
80367 
80368 
80369 
80370 
80371 
80372 
80373 
80374 
80375 
80376 
80377 
80378 
80379 
80380 
80381 
80382 
80383 
80384 
80385 
80386 
80387 
80388 
80389 
80390 
80391 
80392 
80393 
80394 
80395 
80396 
80397 
80398 
80399 
80400 
80401 
80402 
80403 
80404 
80405 
80406 
80407 
80408 
80409 
80410 
80411 
80412 
80413 
80414 
80415 
80416 
80417 
80418 
80419 
80420 
80421 
80422 
14895 
14896 
14897 
14898 
14899 
14900 
14901 
14902 
14903 
14904 
14905 
14906 
14907 
14908 
14909 
14910 
14911 
14912 
14913 
14914 
14915 
14916 
14917 
14918 
14919 
14920 
80457 
14921 
80458 
14922 
80459 
14923 
80460 
14924 
80461 
14925 
80462 
14926 
80463 
14927 
80464 
14928 
80465 
14929 
80466 
14930 
80467 
14931 
80468 
80469 
80470 
80471 
80472 
80473 
80474 
80475 
80476 
80477 
80478 
80479 
80480 
80481 
80482 
14946 
80483 
14947 
80484 
14948 
80485 
14949 
80486 
14950 
80487 
14951 
80488 
14952 
80489 
14953 
80490 
14954 
80491 
14955 
80492 
14956 
80493 
14957 
80494 
14958 
80495 
14959 
80496 
14960 
80497 
14961 
80498 
14962 
80499 
14963 
80500 
14964 
80501 
14965 
80502 
14966 
80503 
14967 
80504 
14968 
80505 
14969 
80506 
14970 
80507 
14971 
80508 
14972 
80509 
14973 
80510 
14974 
80511 
14975 
80512 
14976 
80513 
14977 
80514 
14978 
80515 
14979 
14980 
14981 
14982 
14983 
14984 
14985 
14986 
14987 
14988 
14989 
14990 
14991 
14992 
14993 
14994 
14995 
14996 
14997 
14998 
14999 
80560 
80561 
80562 
80563 
80564 
80565 
80566 
80567 
80568 
80569 
80570 
80571 
80572 
80573 
80574 
80575 
80576 
15040 
80577 
15041 
80578 
15042 
80579 
15043 
80580 
15044 
80581 
15045 
80582 
15046 
80583 
15047 
80584 
15048 
80585 
15049 
80586 
15050 
15051 
15052 
15053 
15054 
15055 
15056 
15057 
15058 
15059 
15060 
15061 
15062 
15063 
15064 
15065 
15066 
15067 
15068 
15069 
15070 
15071 
15072 
15073 
15074 
15075 
15076 
15077 
15078 
15079 
15080 
15081 
15082 
15083 
15084 
15085 
15086 
15087 
15088 
15089 
15090 
15091 
15092 
15093 
15094 
15095 
15096 
15097 
15098 
15099 
15100 
15101 
15102 
15103 
15104 
15105 
15106 
15169 
15170 
15171 
15172 
15173 
15174 
15175 
15176 
15177 
15178 
15179 
15180 
15181 
15182 
15183 
15184 
15185 
15186 
15187 
15188 
80725 
15189 
80726 
15190 
80727 
80728 
80729 
80730 
80731 
80732 
80733 
80734 
80735 
80736 
80737 
80738 
80739 
80740 
80741 
80742 
80743 
80744 
80745 
80746 
80747 
80748 
80749 
80750 
80751 
80752 
80753 
80754 
80755 
80756 
80757 
80758 
80759 
80760 
80761 
80762 
80763 
80764 
80765 
80766 
80767 
80768 
80769 
80770 
80771 
80772 
80773 
80774 
80775 
80776 
80777 
80778 
80779 
80780 
80781 
15255 
15256 
15257 
15258 
15259 
15260 
15261 
15262 
15263 
15264 
15265 
15266 
15267 
15268 
15269 
15270 
15271 
15272 
15273 
15274 
15275 
15276 
15277 
15278 
15279 
15280 
15281 
80818 
15282 
80819 
15283 
80820 
15284 
80821 
15285 
80822 
15286 
80823 
15287 
80824 
15288 
80825 
15289 
80826 
15290 
80827 
15291 
80828 
80829 
80830 
80831 
80832 
80833 
80834 
80835 
80836 
80837 
80838 
80839 
80840 
80841 
80842 
15306 
80843 
15307 
80844 
15308 
80845 
15309 
80846 
15310 
80847 
15311 
80848 
15312 
80849 
15313 
80850 
15314 
80851 
15315 
80852 
15316 
80853 
15317 
80854 
15318 
80855 
15319 
80856 
15320 
80857 
15321 
80858 
15322 
80859 
15323 
80860 
15324 
80861 
15325 
80862 
15326 
80863 
15327 
80864 
15328 
80865 
15329 
80866 
15330 
80867 
15331 
80868 
15332 
80869 
15333 
80870 
15334 
80871 
15335 
80872 
15336 
80873 
15337 
80874 
15338 
15339 
15340 
15341 
15342 
15343 
15344 
15345 
15346 
15347 
15348 
15349 
15350 
15351 
15352 
15353 
15354 
15355 
15356 
15357 
15358 
15359 
80922 
80923 
80924 
80925 
80926 
80927 
80928 
80929 
80930 
80931 
80932 
80933 
80934 
80935 
80936 
15400 
80937 
15401 
80938 
15402 
80939 
15403 
80940 
15404 
80941 
15405 
80942 
15406 
80943 
15407 
80944 
15408 
15409 
15410 
15411 
15412 
15413 
15414 
15415 
15416 
15417 
15418 
15419 
15420 
15421 
15422 
15423 
15424 
15425 
15426 
15427 
15428 
15429 
15430 
15431 
15432 
15433 
15434 
15435 
15436 
15437 
15438 
15439 
15440 
15441 
15442 
15443 
15444 
15445 
15446 
15447 
15448 
15449 
15450 
15451 
15452 
15453 
15454 
15455 
15456 
15457 
15458 
15459 
15460 
15461 
15462 
15463 
15464 
15465 
15466 
15528 
15529 
15530 
15531 
15532 
15533 
15534 
15535 
15536 
15537 
15538 
15539 
15540 
15541 
15542 
15543 
15544 
15545 
15546 
15547 
15548 
81085 
15549 
81086 
15550 
81087 
15551 
81088 
81089 
81090 
81091 
81092 
81093 
81094 
81095 
81096 
81097 
81098 
81099 
81100 
81101 
81102 
81103 
81104 
81105 
81106 
81107 
81108 
81109 
81110 
81111 
81112 
81113 
81114 
81115 
81116 
81117 
81118 
81119 
81120 
81121 
81122 
81123 
81124 
81125 
81126 
81127 
81128 
81129 
81130 
81131 
81132 
81133 
81134 
81135 
81136 
81137 
81138 
81139 
81140 
15616 
15617 
15618 
15619 
15620 
15621 
15622 
15623 
15624 
15625 
15626 
15627 
15628 
15629 
15630 
15631 
15632 
15633 
15634 
15635 
15636 
15637 
15638 
15639 
15640 
15641 
15642 
81179 
15643 
81180 
15644 
81181 
15645 
81182 
15646 
81183 
15647 
81184 
15648 
81185 
15649 
81186 
15650 
81187 
81188 
81189 
81190 
81191 
81192 
81193 
81194 
81195 
81196 
81197 
81198 
81199 
81200 
81201 
81202 
15666 
81203 
15667 
81204 
15668 
81205 
15669 
81206 
15670 
81207 
15671 
81208 
15672 
81209 
15673 
81210 
15674 
81211 
15675 
81212 
15676 
81213 
15677 
81214 
15678 
81215 
15679 
81216 
15680 
81217 
15681 
81218 
15682 
81219 
15683 
81220 
15684 
81221 
15685 
81222 
15686 
81223 
15687 
81224 
15688 
81225 
15689 
81226 
15690 
81227 
15691 
81228 
15692 
81229 
15693 
81230 
15694 
81231 
15695 
81232 
15696 
81233 
15697 
81234 
15698 
15699 
15700 
15701 
15702 
15703 
15704 
15705 
15706 
15707 
15708 
15709 
15710 
15711 
15712 
15713 
15714 
15715 
15716 
15717 
15718 
15719 
81284 
81285 
81286 
81287 
81288 
81289 
81290 
81291 
81292 
81293 
81294 
81295 
81296 
15760 
81297 
15761 
81298 
15762 
81299 
15763 
81300 
15764 
81301 
15765 
15766 
15767 
15768 
15769 
15770 
15771 
15772 
15773 
15774 
15775 
15776 
15777 
15778 
15779 
15780 
15781 
15782 
15783 
15784 
15785 
15786 
15787 
15788 
15789 
15790 
15791 
15792 
15793 
15794 
15795 
15796 
15797 
15798 
15799 
15800 
15801 
15802 
15803 
15804 
15805 
15806 
15807 
15808 
15809 
15810 
15811 
15812 
15813 
15814 
15815 
15816 
15817 
15818 
15819 
15820 
15821 
15822 
15823 
15824 
15825 
15826 
15886 
15887 
15888 
15889 
15890 
15891 
15892 
15893 
15894 
15895 
15896 
15897 
15898 
15899 
15900 
15901 
15902 
15903 
15904 
15905 
15906 
15907 
15908 
15909 
81446 
15910 
81447 
15911 
81448 
15912 
81449 
15913 
81450 
81451 
81452 
81453 
81454 
81455 
81456 
81457 
81458 
81459 
81460 
81461 
81462 
81463 
81464 
81465 
81466 
81467 
81468 
81469 
81470 
81471 
81472 
81473 
81474 
81475 
81476 
81477 
81478 
81479 
81480 
81481 
81482 
81483 
81484 
81485 
81486 
81487 
81488 
81489 
81490 
81491 
81492 
81493 
81494 
81495 
81496 
81497 
81498 
81499 
81500 
15976 
15977 
15978 
15979 
15980 
15981 
15982 
15983 
15984 
15985 
15986 
15987 
15988 
15989 
15990 
15991 
15992 
15993 
15994 
15995 
15996 
15997 
15998 
15999 
16000 
16001 
16002 
81539 
16003 
81540 
16004 
81541 
16005 
81542 
16006 
81543 
16007 
81544 
16008 
81545 
16009 
81546 
16010 
81547 
81548 
81549 
81550 
81551 
81552 
81553 
81554 
81555 
81556 
81557 
81558 
81559 
81560 
81561 
81562 
81563 
16027 
81564 
16028 
81565 
16029 
81566 
16030 
81567 
16031 
81568 
16032 
81569 
16033 
81570 
16034 
81571 
16035 
81572 
16036 
81573 
16037 
81574 
16038 
81575 
16039 
81576 
16040 
81577 
16041 
81578 
16042 
81579 
16043 
81580 
16044 
81581 
16045 
81582 
16046 
81583 
16047 
81584 
16048 
81585 
16049 
81586 
16050 
81587 
16051 
81588 
16052 
81589 
16053 
81590 
16054 
81591 
16055 
81592 
16056 
81593 
16057 
16058 
16059 
16060 
16061 
16062 
16063 
16064 
16065 
16066 
16067 
16068 
16069 
16070 
16071 
16072 
16073 
16074 
16075 
16076 
16077 
16078 
16079 
81649 
81650 
81651 
81652 
81653 
81654 
81655 
81656 
16120 
81657 
16121 
16122 
16123 
16124 
16125 
16126 
16127 
16128 
16129 
16130 
16131 
16132 
16133 
16134 
16135 
16136 
16137 
16138 
16139 
16140 
16141 
16142 
16143 
16144 
16145 
16146 
16147 
16148 
16149 
16150 
16151 
16152 
16153 
16154 
16155 
16156 
16157 
16158 
16159 
16160 
16161 
16162 
16163 
16164 
16165 
16166 
16167 
16168 
16169 
16170 
16171 
16172 
16173 
16174 
16175 
16176 
16177 
16178 
16179 
16180 
16181 
16182 
16183 
16184 
16185 
16186 
16245 
16246 
16247 
16248 
16249 
16250 
16251 
16252 
16253 
16254 
16255 
16256 
16257 
16258 
16259 
16260 
16261 
16262 
16263 
16264 
16265 
16266 
16267 
16268 
16269 
16270 
81807 
16271 
81808 
16272 
81809 
16273 
81810 
16274 
81811 
81812 
81813 
81814 
81815 
81816 
81817 
81818 
81819 
81820 
81821 
81822 
81823 
81824 
81825 
81826 
81827 
81828 
81829 
81830 
81831 
81832 
81833 
81834 
81835 
81836 
81837 
81838 
81839 
81840 
81841 
81842 
81843 
81844 
81845 
81846 
81847 
81848 
81849 
81850 
81851 
81852 
81853 
81854 
81855 
81856 
81857 
81858 
81859 
16337 
16338 
16339 
16340 
16341 
16342 
16343 
16344 
16345 
16346 
16347 
16348 
16349 
16350 
16351 
16352 
16353 
16354 
16355 
16356 
16357 
16358 
16359 
16360 
16361 
16362 
16363 
81900 
16364 
81901 
16365 
81902 
16366 
81903 
16367 
81904 
16368 
81905 
16369 
81906 
81907 
81908 
81909 
81910 
81911 
81912 
81913 
81914 
81915 
81916 
81917 
81918 
81919 
81920 
81921 
81922 
81923 
16387 
81924 
16388 
81925 
16389 
81926 
16390 
81927 
16391 
81928 
16392 
81929 
16393 
81930 
16394 
81931 
16395 
81932 
16396 
81933 
16397 
81934 
16398 
81935 
16399 
81936 
16400 
81937 
16401 
81938 
16402 
81939 
16403 
81940 
16404 
81941 
16405 
81942 
16406 
81943 
16407 
81944 
16408 
81945 
16409 
81946 
16410 
81947 
16411 
81948 
16412 
81949 
16413 
81950 
16414 
81951 
16415 
81952 
16416 
16417 
16418 
16419 
16420 
16421 
16422 
16423 
16424 
16425 
16426 
16427 
16428 
16429 
16430 
16431 
16432 
16433 
16434 
16435 
16436 
16437 
16438 
16439 
16479 
16480 
16481 
16482 
16483 
16484 
16485 
16486 
16487 
16488 
16489 
16490 
16491 
16492 
16493 
16494 
16495 
16496 
16497 
16498 
16499 
16500 
16501 
16502 
16503 
16504 
16505 
16506 
16507 
16508 
16509 
16510 
16511 
16512 
16513 
16514 
16515 
16516 
16517 
16518 
16519 
16520 
16521 
16522 
16523 
16524 
16525 
16526 
16527 
16528 
16529 
16530 
16531 
16532 
16533 
16534 
16535 
16536 
16537 
16538 
16539 
16540 
16541 
16542 
16543 
16544 
16545 
16546 
16604 
16605 
16606 
16607 
16608 
16609 
16610 
16611 
16612 
16613 
16614 
16615 
16616 
16617 
16618 
16619 
16620 
16621 
16622 
16623 
16624 
16625 
16626 
16627 
16628 
16629 
16630 
16631 
82168 
16632 
82169 
16633 
82170 
16634 
82171 
16635 
82172 
82173 
82174 
82175 
82176 
82177 
82178 
82179 
82180 
82181 
82182 
82183 
82184 
82185 
82186 
82187 
82188 
82189 
82190 
82191 
82192 
82193 
82194 
82195 
82196 
82197 
82198 
82199 
82200 
82201 
82202 
82203 
82204 
82205 
82206 
82207 
82208 
82209 
82210 
82211 
82212 
82213 
82214 
82215 
82216 
82217 
82218 
16698 
16699 
16700 
16701 
16702 
16703 
16704 
16705 
16706 
16707 
16708 
16709 
16710 
16711 
16712 
16713 
16714 
16715 
16716 
16717 
16718 
16719 
16720 
16721 
16722 
16723 
16724 
82261 
16725 
82262 
16726 
82263 
16727 
82264 
16728 
82265 
82266 
82267 
82268 
82269 
82270 
82271 
82272 
82273 
82274 
82275 
82276 
82277 
82278 
82279 
82280 
82281 
82282 
82283 
16747 
82284 
16748 
82285 
16749 
82286 
16750 
82287 
16751 
82288 
16752 
82289 
16753 
82290 
16754 
82291 
16755 
82292 
16756 
82293 
16757 
82294 
16758 
82295 
16759 
82296 
16760 
82297 
16761 
82298 
16762 
82299 
16763 
82300 
16764 
82301 
16765 
82302 
16766 
82303 
16767 
82304 
16768 
82305 
16769 
82306 
16770 
82307 
16771 
82308 
16772 
82309 
16773 
82310 
16774 
82311 
16775 
16776 
16777 
16778 
16779 
16780 
16781 
16782 
16783 
16784 
16785 
16786 
16787 
16788 
16789 
16790 
16791 
16792 
16793 
16794 
16795 
16796 
16797 
16798 
16799 
16839 
16840 
16841 
16842 
16843 
16844 
16845 
16846 
16847 
16848 
16849 
16850 
16851 
16852 
16853 
16854 
16855 
16856 
16857 
16858 
16859 
16860 
16861 
16862 
16863 
16864 
16865 
16866 
16867 
16868 
16869 
16870 
16871 
16872 
16873 
16874 
16875 
16876 
16877 
16878 
16879 
16880 
16881 
16882 
16883 
16884 
16885 
16886 
16887 
16888 
16889 
16890 
16891 
16892 
16893 
16894 
16895 
16896 
16897 
16898 
16899 
16900 
16901 
16902 
16903 
16904 
16905 
16906 
16964 
16965 
16966 
16967 
16968 
16969 
16970 
16971 
16972 
16973 
16974 
16975 
16976 
16977 
16978 
16979 
16980 
16981 
16982 
16983 
16984 
16985 
16986 
16987 
16988 
16989 
16990 
16991 
16992 
82529 
16993 
82530 
16994 
82531 
16995 
82532 
82533 
82534 
82535 
82536 
82537 
82538 
82539 
82540 
82541 
82542 
82543 
82544 
82545 
82546 
82547 
82548 
82549 
82550 
82551 
82552 
82553 
82554 
82555 
82556 
82557 
82558 
82559 
82560 
82561 
82562 
82563 
82564 
82565 
82566 
82567 
82568 
82569 
82570 
82571 
82572 
82573 
82574 
82575 
82576 
82577 
17058 
17059 
17060 
17061 
17062 
17063 
17064 
17065 
17066 
17067 
17068 
17069 
17070 
17071 
17072 
17073 
17074 
17075 
17076 
17077 
17078 
17079 
17080 
17081 
17082 
17083 
17084 
17085 
82622 
17086 
82623 
17087 
82624 
82625 
82626 
82627 
82628 
82629 
82630 
82631 
82632 
82633 
82634 
82635 
82636 
82637 
82638 
82639 
82640 
82641 
82642 
82643 
17107 
82644 
17108 
82645 
17109 
82646 
17110 
82647 
17111 
82648 
17112 
82649 
17113 
82650 
17114 
82651 
17115 
82652 
17116 
82653 
17117 
82654 
17118 
82655 
17119 
82656 
17120 
82657 
17121 
82658 
17122 
82659 
17123 
82660 
17124 
82661 
17125 
82662 
17126 
82663 
17127 
82664 
17128 
82665 
17129 
82666 
17130 
82667 
17131 
82668 
17132 
82669 
17133 
82670 
17134 
17135 
17136 
17137 
17138 
17139 
17140 
17141 
17142 
17143 
17144 
17145 
17146 
17147 
17148 
17149 
17150 
17151 
17152 
17153 
17154 
17155 
17156 
17157 
17158 
17199 
17200 
17201 
17202 
17203 
17204 
17205 
17206 
17207 
17208 
17209 
17210 
17211 
17212 
17213 
17214 
17215 
17216 
17217 
17218 
17219 
17220 
17221 
17222 
17223 
17224 
17225 
17226 
17227 
17228 
17229 
17230 
17231 
17232 
17233 
17234 
17235 
17236 
17237 
17238 
17239 
17240 
17241 
17242 
17243 
17244 
17245 
17246 
17247 
17248 
17249 
17250 
17251 
17252 
17253 
17254 
17255 
17256 
17257 
17258 
17259 
17260 
17261 
17262 
17263 
17264 
17265 
17266 
17323 
17324 
17325 
17326 
17327 
17328 
17329 
17330 
17331 
17332 
17333 
17334 
17335 
17336 
17337 
17338 
17339 
17340 
17341 
17342 
17343 
17344 
17345 
17346 
17347 
17348 
17349 
17350 
17351 
17352 
82889 
17353 
82890 
17354 
82891 
17355 
82892 
17356 
82893 
82894 
82895 
82896 
82897 
82898 
82899 
82900 
82901 
82902 
82903 
82904 
82905 
82906 
82907 
82908 
82909 
82910 
82911 
82912 
82913 
82914 
82915 
82916 
82917 
82918 
82919 
82920 
82921 
82922 
82923 
82924 
82925 
82926 
82927 
82928 
82929 
82930 
82931 
82932 
82933 
82934 
82935 
82936 
17420 
17421 
17422 
17423 
17424 
17425 
17426 
17427 
17428 
17429 
17430 
17431 
17432 
17433 
17434 
17435 
17436 
17437 
17438 
17439 
17440 
17441 
17442 
17443 
17444 
17445 
17446 
82983 
82984 
82985 
82986 
82987 
82988 
82989 
82990 
82991 
82992 
82993 
82994 
82995 
82996 
82997 
82998 
82999 
83000 
83001 
83002 
83003 
83004 
17468 
83005 
17469 
83006 
17470 
83007 
17471 
83008 
17472 
83009 
17473 
83010 
17474 
83011 
17475 
83012 
17476 
83013 
17477 
83014 
17478 
83015 
17479 
83016 
17480 
83017 
17481 
83018 
17482 
83019 
17483 
83020 
17484 
83021 
17485 
83022 
17486 
83023 
17487 
83024 
17488 
83025 
17489 
83026 
17490 
83027 
17491 
83028 
17492 
83029 
17493 
83030 
17494 
17495 
17496 
17497 
17498 
17499 
17500 
17501 
17502 
17503 
17504 
17505 
17506 
17507 
17508 
17509 
17510 
17511 
17512 
17513 
17514 
17515 
17516 
17517 
17518 
17560 
17561 
17562 
17563 
17564 
17565 
17566 
17567 
17568 
17569 
17570 
17571 
17572 
17573 
17574 
17575 
17576 
17577 
17578 
17579 
17580 
17581 
17582 
17583 
17584 
17585 
17586 
17587 
17588 
17589 
17590 
17591 
17592 
17593 
17594 
17595 
17596 
17597 
17598 
17599 
17600 
17601 
17602 
17603 
17604 
17605 
17606 
17607 
17608 
17609 
17610 
17611 
17612 
17613 
17614 
17615 
17616 
17617 
17618 
17619 
17620 
17621 
17622 
17623 
17624 
17625 
17626 
17682 
17683 
17684 
17685 
17686 
17687 
17688 
17689 
17690 
17691 
17692 
17693 
17694 
17695 
17696 
17697 
17698 
17699 
17700 
17701 
17702 
17703 
17704 
17705 
17706 
17707 
17708 
17709 
17710 
17711 
17712 
17713 
17714 
83251 
17715 
83252 
17716 
83253 
17717 
83254 
83255 
83256 
83257 
83258 
83259 
83260 
83261 
83262 
83263 
83264 
83265 
83266 
83267 
83268 
83269 
83270 
83271 
83272 
83273 
83274 
83275 
83276 
83277 
83278 
83279 
83280 
83281 
83282 
83283 
83284 
83285 
83286 
83287 
83288 
83289 
83290 
83291 
83292 
83293 
83294 
83295 
17781 
17782 
17783 
17784 
17785 
17786 
17787 
17788 
17789 
17790 
17791 
17792 
17793 
17794 
17795 
17796 
17797 
17798 
17799 
17800 
17801 
17802 
17803 
17804 
17805 
83344 
83345 
83346 
83347 
83348 
83349 
83350 
83351 
83352 
83353 
83354 
83355 
83356 
83357 
83358 
83359 
83360 
83361 
83362 
83363 
83364 
17828 
83365 
17829 
83366 
17830 
83367 
17831 
83368 
17832 
83369 
17833 
83370 
17834 
83371 
17835 
83372 
17836 
83373 
17837 
83374 
17838 
83375 
17839 
83376 
17840 
83377 
17841 
83378 
17842 
83379 
17843 
83380 
17844 
83381 
17845 
83382 
17846 
83383 
17847 
83384 
17848 
83385 
17849 
83386 
17850 
83387 
17851 
83388 
17852 
17853 
17854 
17855 
17856 
17857 
17858 
17859 
17860 
17861 
17862 
17863 
17864 
17865 
17866 
17867 
17868 
17869 
17870 
17871 
17872 
17873 
17874 
17875 
17876 
17877 
17878 
17920 
17921 
17922 
17923 
17924 
17925 
17926 
17927 
17928 
17929 
17930 
17931 
17932 
17933 
17934 
17935 
17936 
17937 
17938 
17939 
17940 
17941 
17942 
17943 
17944 
17945 
17946 
17947 
17948 
17949 
17950 
17951 
17952 
17953 
17954 
17955 
17956 
17957 
17958 
17959 
17960 
17961 
17962 
17963 
17964 
17965 
17966 
17967 
17968 
17969 
17970 
17971 
17972 
17973 
17974 
17975 
17976 
17977 
17978 
17979 
17980 
17981 
17982 
17983 
17984 
17985 
17986 
18042 
18043 
18044 
18045 
18046 
18047 
18048 
18049 
18050 
18051 
18052 
18053 
18054 
18055 
18056 
18057 
18058 
18059 
18060 
18061 
18062 
18063 
18064 
18065 
18066 
18067 
18068 
18069 
18070 
18071 
18072 
18073 
18074 
18075 
83612 
18076 
83613 
18077 
83614 
83615 
83616 
83617 
83618 
83619 
83620 
83621 
83622 
83623 
83624 
83625 
83626 
83627 
83628 
83629 
83630 
83631 
83632 
83633 
83634 
83635 
83636 
83637 
83638 
83639 
83640 
83641 
83642 
83643 
83644 
83645 
83646 
83647 
83648 
83649 
83650 
83651 
83652 
83653 
83654 
18142 
18143 
18144 
18145 
18146 
18147 
18148 
18149 
18150 
18151 
18152 
18153 
18154 
18155 
18156 
18157 
18158 
18159 
18160 
18161 
18162 
18163 
18164 
83705 
83706 
83707 
83708 
83709 
83710 
83711 
83712 
83713 
83714 
83715 
83716 
83717 
83718 
83719 
83720 
83721 
83722 
83723 
83724 
18188 
83725 
18189 
83726 
18190 
83727 
18191 
83728 
18192 
83729 
18193 
83730 
18194 
83731 
18195 
83732 
18196 
83733 
18197 
83734 
18198 
83735 
18199 
83736 
18200 
83737 
18201 
83738 
18202 
83739 
18203 
83740 
18204 
83741 
18205 
83742 
18206 
83743 
18207 
83744 
18208 
83745 
18209 
83746 
18210 
83747 
18211 
18212 
18213 
18214 
18215 
18216 
18217 
18218 
18219 
18220 
18221 
18222 
18223 
18224 
18225 
18226 
18227 
18228 
18229 
18230 
18231 
18232 
18233 
18234 
18235 
18236 
18237 
18280 
18281 
18282 
18283 
18284 
18285 
18286 
18287 
18288 
18289 
18290 
18291 
18292 
18293 
18294 
18295 
18296 
18297 
18298 
18299 
18300 
18301 
18302 
18303 
18304 
18305 
18306 
18307 
18308 
18309 
18310 
18311 
18312 
18313 
18314 
18315 
18316 
18317 
18318 
18319 
18320 
18321 
18322 
18323 
18324 
18325 
18326 
18327 
18328 
18329 
18330 
18331 
18332 
18333 
18334 
18335 
18336 
18337 
18338 
18339 
18340 
18341 
18342 
18343 
18344 
18345 
18346 
18401 
18402 
18403 
18404 
18405 
18406 
18407 
18408 
18409 
18410 
18411 
18412 
18413 
18414 
18415 
18416 
18417 
18418 
18419 
18420 
18421 
18422 
18423 
18424 
18425 
18426 
18427 
18428 
18429 
18430 
18431 
18432 
18433 
18434 
18435 
18436 
83973 
18437 
83974 
18438 
83975 
83976 
83977 
83978 
83979 
83980 
83981 
83982 
83983 
83984 
83985 
83986 
83987 
83988 
83989 
83990 
83991 
83992 
83993 
83994 
83995 
83996 
83997 
83998 
83999 
84000 
84001 
84002 
84003 
84004 
84005 
84006 
84007 
84008 
84009 
84010 
84011 
84012 
84013 
18504 
18505 
18506 
18507 
18508 
18509 
18510 
18511 
18512 
18513 
18514 
18515 
18516 
18517 
18518 
18519 
18520 
18521 
18522 
84066 
84067 
84068 
84069 
84070 
84071 
84072 
84073 
84074 
84075 
84076 
84077 
84078 
84079 
84080 
84081 
84082 
84083 
84084 
84085 
18549 
84086 
18550 
84087 
18551 
84088 
18552 
84089 
18553 
84090 
18554 
84091 
18555 
84092 
18556 
84093 
18557 
84094 
18558 
84095 
18559 
84096 
18560 
84097 
18561 
84098 
18562 
84099 
18563 
84100 
18564 
84101 
18565 
84102 
18566 
84103 
18567 
84104 
18568 
84105 
18569 
84106 
18570 
18571 
18572 
18573 
18574 
18575 
18576 
18577 
18578 
18579 
18580 
18581 
18582 
18583 
18584 
18585 
18586 
18587 
18588 
18589 
18590 
18591 
18592 
18593 
18594 
18595 
18596 
18597 
18640 
18641 
18642 
18643 
18644 
18645 
18646 
18647 
18648 
18649 
18650 
18651 
18652 
18653 
18654 
18655 
18656 
18657 
18658 
18659 
18660 
18661 
18662 
18663 
18664 
18665 
18666 
18667 
18668 
18669 
18670 
18671 
18672 
18673 
18674 
18675 
18676 
18677 
18678 
18679 
18680 
18681 
18682 
18683 
18684 
18685 
18686 
18687 
18688 
18689 
18690 
18691 
18692 
18693 
18694 
18695 
18696 
18697 
18698 
18699 
18700 
18701 
18702 
18703 
18704 
18705 
18706 
18761 
18762 
18763 
18764 
18765 
18766 
18767 
18768 
18769 
18770 
18771 
18772 
18773 
18774 
18775 
18776 
18777 
18778 
18779 
18780 
18781 
18782 
18783 
18784 
18785 
18786 
18787 
18788 
18789 
18790 
18791 
18792 
18793 
18794 
18795 
18796 
18797 
84334 
18798 
84335 
84336 
84337 
84338 
84339 
84340 
84341 
84342 
84343 
84344 
84345 
84346 
84347 
84348 
84349 
84350 
84351 
84352 
84353 
84354 
84355 
84356 
84357 
84358 
84359 
84360 
84361 
84362 
84363 
84364 
84365 
84366 
84367 
84368 
84369 
84370 
84371 
18866 
18867 
18868 
18869 
18870 
18871 
18872 
18873 
18874 
18875 
18876 
18877 
18878 
18879 
84428 
84429 
84430 
84431 
84432 
84433 
84434 
84435 
84436 
84437 
84438 
84439 
84440 
84441 
84442 
84443 
84444 
84445 
18909 
84446 
18910 
84447 
18911 
84448 
18912 
84449 
18913 
84450 
18914 
84451 
18915 
84452 
18916 
84453 
18917 
84454 
18918 
84455 
18919 
84456 
18920 
84457 
18921 
84458 
18922 
84459 
18923 
84460 
18924 
84461 
18925 
84462 
18926 
84463 
18927 
84464 
18928 
84465 
18929 
18930 
18931 
18932 
18933 
18934 
18935 
18936 
18937 
18938 
18939 
18940 
18941 
18942 
18943 
18944 
18945 
18946 
18947 
18948 
18949 
18950 
18951 
18952 
18953 
18954 
18955 
18956 
19000 
19001 
19002 
19003 
19004 
19005 
19006 
19007 
19008 
19009 
19010 
19011 
19012 
19013 
19014 
19015 
19016 
19017 
19018 
19019 
19020 
19021 
19022 
19023 
19024 
19025 
19026 
19027 
19028 
19029 
19030 
19031 
19032 
19033 
19034 
19035 
19036 
19037 
19038 
19039 
19040 
19041 
19042 
19043 
19044 
19045 
19046 
19047 
19048 
19049 
19050 
19051 
19052 
19053 
19054 
19055 
19056 
19057 
19058 
19059 
19060 
19061 
19062 
19063 
19064 
19065 
19066 
19120 
19121 
19122 
19123 
19124 
19125 
19126 
19127 
19128 
19129 
19130 
19131 
19132 
19133 
19134 
19135 
19136 
19137 
19138 
19139 
19140 
19141 
19142 
19143 
19144 
19145 
19146 
19147 
19148 
19149 
19150 
19151 
19152 
19153 
19154 
19155 
19156 
19157 
19158 
19159 
84696 
84697 
84698 
84699 
84700 
84701 
84702 
84703 
84704 
84705 
84706 
84707 
84708 
84709 
84710 
84711 
84712 
84713 
84714 
84715 
84716 
84717 
84718 
84719 
84720 
84721 
84722 
84723 
84724 
84725 
84726 
84727 
84728 
84729 
84730 
19199 
19200 
19201 
19202 
19203 
19204 
19205 
19206 
19207 
19208 
19209 
19210 
19211 
19212 
19213 
19230 
19231 
19232 
19233 
19234 
19235 
84789 
84790 
84791 
84792 
84793 
84794 
84795 
84796 
84797 
84798 
84799 
84800 
84801 
84802 
84803 
84804 
84805 
84806 
19270 
84807 
19271 
84808 
19272 
84809 
19273 
84810 
19274 
84811 
19275 
84812 
19276 
84813 
19277 
84814 
19278 
84815 
19279 
84816 
19280 
84817 
19281 
84818 
19282 
84819 
19283 
84820 
19284 
84821 
19285 
84822 
19286 
84823 
19287 
19288 
19289 
19290 
19291 
19292 
19293 
19294 
19295 
19296 
19297 
19298 
19299 
19300 
19301 
19302 
19303 
19304 
19305 
19306 
19307 
19308 
19309 
19310 
19311 
19312 
19313 
19314 
19315 
19316 
19360 
19361 
19362 
19363 
19364 
19365 
19366 
19367 
19368 
19369 
19370 
19371 
19372 
19373 
19374 
19375 
19376 
19377 
19378 
19379 
19380 
19381 
19382 
19383 
19384 
19385 
19386 
19387 
19388 
19389 
19390 
19391 
19392 
19393 
19394 
19395 
19396 
19397 
19398 
19399 
19400 
19401 
19402 
19403 
19404 
19405 
19406 
19407 
19408 
19409 
19410 
19411 
19412 
19413 
19414 
19415 
19416 
19417 
19418 
19419 
19420 
19421 
19422 
19423 
19424 
19425 
19426 
19480 
19481 
19482 
19483 
19484 
19485 
19486 
19487 
19488 
19489 
19490 
19491 
19492 
19493 
19494 
19495 
19496 
19497 
19498 
19499 
19500 
19501 
19502 
19503 
19504 
19505 
19506 
19507 
19508 
19509 
19510 
19511 
19512 
19513 
19514 
19515 
19516 
19517 
19518 
19519 
85058 
85059 
85060 
85061 
85062 
85063 
85064 
85065 
85066 
85067 
85068 
85069 
85070 
85071 
85072 
85073 
85074 
85075 
85076 
85077 
85078 
85079 
85080 
85081 
85082 
85083 
85084 
85085 
85086 
85087 
85088 
19556 
19557 
19558 
19559 
19560 
19561 
19562 
19563 
19564 
19565 
19566 
19567 
19568 
19569 
19570 
19571 
19572 
19573 
19574 
19575 
19576 
19577 
85151 
85152 
85153 
85154 
85155 
85156 
85157 
85158 
85159 
85160 
85161 
85162 
85163 
85164 
85165 
85166 
19630 
85167 
19631 
85168 
19632 
85169 
19633 
85170 
19634 
85171 
19635 
85172 
19636 
85173 
19637 
85174 
19638 
85175 
19639 
85176 
19640 
85177 
19641 
85178 
19642 
85179 
19643 
85180 
19644 
85181 
19645 
19646 
19647 
19648 
19649 
19650 
19651 
19652 
19653 
19654 
19655 
19656 
19657 
19658 
19659 
19660 
19661 
19662 
19663 
19664 
19665 
19666 
19667 
19668 
19669 
19670 
19671 
19672 
19673 
19674 
19675 
19720 
19721 
19722 
19723 
19724 
19725 
19726 
19727 
19728 
19729 
19730 
19731 
19732 
19733 
19734 
19735 
19736 
19737 
19738 
19739 
19740 
19741 
19742 
19743 
19744 
19745 
19746 
19747 
19748 
19749 
19750 
19751 
19752 
19753 
19754 
19755 
19756 
19757 
19758 
19759 
19760 
19761 
19762 
19763 
19764 
19765 
19766 
19767 
19768 
19769 
19770 
19771 
19772 
19773 
19774 
19775 
19776 
19777 
19778 
19779 
19780 
19781 
19782 
19783 
19784 
19785 
19840 
19841 
19842 
19843 
19844 
19845 
19846 
19847 
19848 
19849 
19850 
19851 
19852 
19853 
19854 
19855 
19856 
19857 
19858 
19859 
19860 
19861 
19862 
19863 
19864 
19865 
19866 
19867 
19868 
19869 
19870 
19871 
19872 
19873 
19874 
19875 
19876 
19877 
19878 
19879 
85420 
85421 
85422 
85423 
85424 
85425 
85426 
85427 
85428 
85429 
85430 
85431 
85432 
85433 
85434 
85435 
85436 
85437 
85438 
85439 
85440 
85441 
85442 
85443 
85444 
85445 
85446 
19913 
19914 
19915 
19916 
19917 
19918 
19919 
19920 
19921 
19922 
19923 
19924 
19925 
19926 
19927 
19928 
19929 
19930 
19931 
19932 
19933 
19934 
19935 
19936 
19937 
19938 
19939 
85513 
85514 
85515 
85516 
85517 
85518 
85519 
85520 
85521 
85522 
85523 
85524 
85525 
85526 
85527 
19991 
85528 
19992 
85529 
19993 
85530 
19994 
85531 
19995 
85532 
19996 
85533 
19997 
85534 
19998 
85535 
19999 
85536 
20000 
85537 
20001 
85538 
20002 
85539 
20003 
20004 
20005 
20006 
20007 
20008 
20009 
20010 
20011 
20012 
20013 
20014 
20015 
20016 
20017 
20018 
20019 
20020 
20021 
20022 
20023 
20024 
20025 
20026 
20027 
20028 
20029 
20030 
20031 
20032 
20033 
20034 
20035 
20081 
20082 
20083 
20084 
20085 
20086 
20087 
20088 
20089 
20090 
20091 
20092 
20093 
20094 
20095 
20096 
20097 
20098 
20099 
20100 
20101 
20102 
20103 
20104 
20105 
20106 
20107 
20108 
20109 
20110 
20111 
20112 
20113 
20114 
20115 
20116 
20117 
20118 
20119 
20120 
20121 
20122 
20123 
20124 
20125 
20126 
20127 
20128 
20129 
20130 
20131 
20132 
20133 
20134 
20135 
20136 
20137 
20138 
20139 
20140 
20141 
20142 
20143 
20144 
20145 
20200 
20201 
20202 
20203 
20204 
20205 
20206 
20207 
20208 
20209 
20210 
20211 
20212 
20213 
20214 
20215 
20216 
20217 
20218 
20219 
20220 
20221 
20222 
20223 
20224 
20225 
20226 
20227 
20228 
20229 
20230 
20231 
20232 
20233 
20234 
20235 
20236 
20237 
20238 
20239 
85783 
85784 
85785 
85786 
85787 
85788 
85789 
85790 
85791 
85792 
85793 
85794 
85795 
85796 
85797 
85798 
85799 
85800 
85801 
85802 
85803 
20271 
20272 
20273 
20274 
20275 
20276 
20277 
20278 
20279 
20280 
20281 
20282 
20283 
20284 
20285 
20286 
20287 
20288 
20289 
20290 
20291 
20292 
20293 
20294 
20295 
20296 
20297 
20298 
20299 
20300 
20301 
85876 
85877 
85878 
85879 
85880 
85881 
85882 
85883 
85884 
85885 
85886 
85887 
85888 
20352 
85889 
20353 
85890 
20354 
85891 
20355 
85892 
20356 
85893 
20357 
85894 
20358 
85895 
20359 
85896 
20360 
20361 
20362 
20363 
20364 
20365 
20366 
20367 
20368 
20369 
20370 
20371 
20372 
20373 
20374 
20375 
20376 
20377 
20378 
20379 
20380 
20381 
20382 
20383 
20384 
20385 
20386 
20387 
20388 
20389 
20390 
20391 
20392 
20393 
20394 
20441 
20442 
20443 
20444 
20445 
20446 
20447 
20448 
20449 
20450 
20451 
20452 
20453 
20454 
20455 
20456 
20457 
20458 
20459 
20460 
20461 
20462 
20463 
20464 
20465 
20466 
20467 
20468 
20469 
20470 
20471 
20472 
20473 
20474 
20475 
20476 
20477 
20478 
20479 
20480 
20481 
20482 
20483 
20484 
20485 
20486 
20487 
20488 
20489 
20490 
20491 
20492 
20493 
20494 
20495 
20496 
20497 
20498 
20499 
20500 
20501 
20502 
20503 
20504 
20505 
20560 
20561 
20562 
20563 
20564 
20565 
20566 
20567 
20568 
20569 
20570 
20571 
20572 
20573 
20574 
20575 
20576 
20577 
20578 
20579 
20580 
20581 
20582 
20583 
20584 
20585 
20586 
20587 
20588 
20589 
20590 
20591 
20592 
20593 
20594 
20595 
20596 
20597 
20598 
20599 
86146 
86147 
86148 
86149 
86150 
86151 
86152 
86153 
86154 
86155 
86156 
86157 
86158 
86159 
20629 
20630 
20631 
20632 
20633 
20634 
20635 
20636 
20637 
20638 
20639 
20640 
20641 
20642 
20643 
20644 
20645 
20646 
20647 
20648 
20649 
20650 
20651 
20652 
20653 
20654 
20655 
20656 
20657 
20658 
20659 
20660 
20661 
20662 
20663 
86240 
86241 
86242 
86243 
86244 
86245 
86246 
86247 
86248 
86249 
20713 
86250 
20714 
86251 
20715 
86252 
20716 
86253 
20717 
20718 
20719 
20720 
20721 
20722 
20723 
20724 
20725 
20726 
20727 
20728 
20729 
20730 
20731 
20732 
20733 
20734 
20735 
20736 
20737 
20738 
20739 
20740 
20741 
20742 
20743 
20744 
20745 
20746 
20747 
20748 
20749 
20750 
20751 
20752 
20753 
20801 
20802 
20803 
20804 
20805 
20806 
20807 
20808 
20809 
20810 
20811 
20812 
20813 
20814 
20815 
20816 
20817 
20818 
20819 
20820 
20821 
20822 
20823 
20824 
20825 
20826 
20827 
20828 
20829 
20830 
20831 
20832 
20833 
20834 
20835 
20836 
20837 
20838 
20839 
20840 
20841 
20842 
20843 
20844 
20845 
20846 
20847 
20848 
20849 
20850 
20851 
20852 
20853 
20854 
20855 
20856 
20857 
20858 
20859 
20860 
20861 
20862 
20863 
20864 
20920 
20921 
20922 
20923 
20924 
20925 
20926 
20927 
20928 
20929 
20930 
20931 
20932 
20933 
20934 
20935 
20936 
20937 
20938 
20939 
20940 
20941 
20942 
20943 
20944 
20945 
20946 
20947 
20948 
20949 
20950 
20951 
20952 
20953 
20954 
20955 
20956 
20957 
20958 
20959 
20988 
20989 
20990 
20991 
20992 
20993 
20994 
20995 
20996 
20997 
20998 
20999 
21000 
21001 
21002 
21003 
21004 
21005 
21006 
21007 
21008 
21009 
21010 
21011 
21012 
21013 
21014 
21015 
21016 
21017 
21018 
21019 
21020 
21021 
21022 
21023 
21024 
21025 
21074 
21075 
21076 
21077 
21078 
21079 
21080 
21081 
21082 
21083 
21084 
21085 
21086 
21087 
21088 
21089 
21090 
21091 
21092 
21093 
21094 
21095 
21096 
21097 
21098 
21099 
21100 
21101 
21102 
21103 
21104 
21105 
21106 
21107 
21108 
21109 
21110 
21111 
21112 
21162 
21163 
21164 
21165 
21166 
21167 
21168 
21169 
21170 
21171 
21172 
21173 
21174 
21175 
21176 
21177 
21178 
21179 
21180 
21181 
21182 
21183 
21184 
21185 
21186 
21187 
21188 
21189 
21190 
21191 
21192 
21193 
21194 
21195 
21196 
21197 
21198 
21199 
21200 
21201 
21202 
21203 
21204 
21205 
21206 
21207 
21208 
21209 
21210 
21211 
21212 
21213 
21214 
21215 
21216 
21217 
21218 
21219 
21220 
21221 
21222 
21223 
21224 
21280 
21281 
21282 
21283 
21284 
21285 
21286 
21287 
21288 
21289 
21290 
21291 
21292 
21293 
21294 
21295 
21296 
21297 
21298 
21299 
21300 
21301 
21302 
21303 
21304 
21305 
21306 
21307 
21308 
21309 
21310 
21311 
21312 
21313 
21314 
21315 
21316 
21317 
21318 
21319 
21346 
21347 
21348 
21349 
21350 
21351 
21352 
21353 
21354 
21355 
21356 
21357 
21358 
21359 
21360 
21361 
21362 
21363 
21364 
21365 
21366 
21367 
21368 
21369 
21370 
21371 
21372 
21373 
21374 
21375 
21376 
21377 
21378 
21379 
21380 
21381 
21382 
21383 
21384 
21385 
21386 
21435 
21436 
21437 
21438 
21439 
21440 
21441 
21442 
21443 
21444 
21445 
21446 
21447 
21448 
21449 
21450 
21451 
21452 
21453 
21454 
21455 
21456 
21457 
21458 
21459 
21460 
21461 
21462 
21463 
21464 
21465 
21466 
21467 
21468 
21469 
21470 
21471 
21522 
21523 
21524 
21525 
21526 
21527 
21528 
21529 
21530 
21531 
21532 
21533 
21534 
21535 
21536 
21537 
21538 
21539 
21540 
21541 
21542 
21543 
21544 
21545 
21546 
21547 
21548 
21549 
21550 
21551 
21552 
21553 
21554 
21555 
21556 
21557 
21558 
21559 
21560 
21561 
21562 
21563 
21564 
21565 
21566 
21567 
21568 
21569 
21570 
21571 
21572 
21573 
21574 
21575 
21576 
21577 
21578 
21579 
21580 
21581 
21582 
21583 
21584 
21640 
21641 
21642 
21643 
21644 
21645 
21646 
21647 
21648 
21649 
21650 
21651 
21652 
21653 
21654 
21655 
21656 
21657 
21658 
21659 
21660 
21661 
21662 
21663 
21664 
21665 
21666 
21667 
21668 
21669 
21670 
21671 
21672 
21673 
21674 
21675 
21676 
21677 
21678 
21679 
21705 
21706 
21707 
21708 
21709 
21710 
21711 
21712 
21713 
21714 
21715 
21716 
21717 
21718 
21719 
21720 
21721 
21722 
21723 
21724 
21725 
21726 
21727 
21728 
21729 
21730 
21731 
21732 
21733 
21734 
21735 
21736 
21737 
21738 
21739 
21740 
21741 
21742 
21743 
21744 
21745 
21746 
21747 
21796 
21797 
21798 
21799 
21800 
21801 
21802 
21803 
21804 
21805 
21806 
21807 
21808 
21809 
21810 
21811 
21812 
21813 
21814 
21815 
21816 
21817 
21818 
21819 
21820 
21821 
21822 
21823 
21824 
21825 
21826 
21827 
21828 
21829 
21830 
21882 
21883 
21884 
21885 
21886 
21887 
21888 
21889 
21890 
21891 
21892 
21893 
21894 
21895 
21896 
21897 
21898 
21899 
21900 
21901 
21902 
21903 
21904 
21905 
21906 
21907 
21908 
21909 
21910 
21911 
21912 
21913 
21914 
21915 
21916 
21917 
21918 
21919 
21920 
21921 
21922 
21923 
21924 
21925 
21926 
21927 
21928 
21929 
21930 
21931 
21932 
21933 
21934 
21935 
21936 
21937 
21938 
21939 
21940 
21941 
21942 
21943 
22000 
22001 
22002 
22003 
22004 
22005 
22006 
22007 
22008 
22009 
22010 
22011 
22012 
22013 
22014 
22015 
22016 
22017 
22018 
22019 
22020 
22021 
22022 
22023 
22024 
22025 
22026 
22027 
22028 
22029 
22030 
22031 
22032 
22033 
22034 
22035 
22036 
22037 
22038 
22039 
22064 
22065 
22066 
22067 
22068 
22069 
22070 
22071 
22072 
22073 
22074 
22075 
22076 
22077 
22078 
22079 
22080 
22081 
22082 
22083 
22084 
22085 
22086 
22087 
22088 
22089 
22090 
22091 
22092 
22093 
22094 
22095 
22096 
22097 
22098 
22099 
22100 
22101 
22102 
22103 
22104 
22105 
22106 
22107 
22108 
22157 
22158 
22159 
22160 
22161 
22162 
22163 
22164 
22165 
22166 
22167 
22168 
22169 
22170 
22171 
22172 
22173 
22174 
22175 
22176 
22177 
22178 
22179 
22180 
22181 
22182 
22183 
22184 
22185 
22186 
22187 
22188 
22189 
22243 
22244 
22245 
22246 
22247 
22248 
22249 
22250 
22251 
22252 
22253 
22254 
22255 
22256 
22257 
22258 
22259 
22260 
22261 
22262 
22263 
22264 
22265 
22266 
22267 
22268 
22269 
22270 
22271 
22272 
22273 
22274 
22275 
22276 
22277 
22278 
22279 
22280 
22281 
22282 
22283 
22284 
22285 
22286 
22287 
22288 
22289 
22290 
22291 
22292 
22293 
22294 
22295 
22296 
22297 
22298 
22299 
22300 
22301 
22302 
22303 
22360 
22361 
22362 
22363 
22364 
22365 
22366 
22367 
22368 
22369 
22370 
22371 
22372 
22373 
22374 
22375 
22376 
22377 
22378 
22379 
22380 
22381 
22382 
22383 
22384 
22385 
22386 
22387 
22388 
22389 
22390 
22391 
22392 
22393 
22394 
22395 
22396 
22397 
22398 
22399 
22423 
22424 
22425 
22426 
22427 
22428 
22429 
22430 
22431 
22432 
22433 
22434 
22435 
22436 
22437 
22438 
22439 
22440 
22441 
22442 
22443 
22444 
22445 
22446 
22447 
22448 
22449 
22450 
22451 
22452 
22453 
22454 
22455 
22456 
22457 
22458 
22459 
22460 
22461 
22462 
22463 
22464 
22465 
22466 
22467 
22468 
22469 
22470 
22518 
22519 
22520 
22521 
22522 
22523 
22524 
22525 
22526 
22527 
22528 
22529 
22530 
22531 
22532 
22533 
22534 
22535 
22536 
22537 
22538 
22539 
22540 
22541 
22542 
22543 
22544 
22545 
22546 
22547 
22603 
22604 
22605 
22606 
22607 
22608 
22609 
22610 
22611 
22612 
22613 
22614 
22615 
22616 
22617 
22618 
22619 
22620 
22621 
22622 
22623 
22624 
22625 
22626 
22627 
22628 
22629 
22630 
22631 
22632 
22633 
22634 
22635 
22636 
22637 
22638 
22639 
22640 
22641 
22642 
22643 
22644 
22645 
22646 
22647 
22648 
22649 
22650 
22651 
22652 
22653 
22654 
22655 
22656 
22657 
22658 
22659 
22660 
22661 
22662 
22720 
22721 
22722 
22723 
22724 
22725 
22726 
22727 
22728 
22729 
22730 
22731 
22732 
22733 
22734 
22735 
22736 
22737 
22738 
22739 
22740 
22741 
22742 
22743 
22744 
22745 
22746 
22747 
22748 
22749 
22750 
22751 
22752 
22753 
22754 
22755 
22756 
22757 
22758 
22759 
22782 
22783 
22784 
22785 
22786 
22787 
22788 
22789 
22790 
22791 
22792 
22793 
22794 
22795 
22796 
22797 
22798 
22799 
22800 
22801 
22802 
22803 
22804 
22805 
22806 
22807 
22808 
22809 
22810 
22811 
22812 
22813 
22814 
22815 
22816 
22817 
22818 
22819 
22820 
22821 
22822 
22823 
22824 
22825 
22826 
22827 
22828 
22829 
22830 
22831 
22880 
22881 
22882 
22883 
22884 
22885 
22886 
22887 
22888 
22889 
22890 
22891 
22892 
22893 
22894 
22895 
22896 
22897 
22898 
22899 
22900 
22901 
22902 
22903 
22904 
22905 
22906 
22964 
22965 
22966 
22967 
22968 
22969 
22970 
22971 
22972 
22973 
22974 
22975 
22976 
22977 
22978 
22979 
22980 
22981 
22982 
22983 
22984 
22985 
22986 
22987 
22988 
22989 
22990 
22991 
22992 
22993 
22994 
22995 
22996 
22997 
22998 
22999 
23000 
23001 
23002 
23003 
23004 
23005 
23006 
23007 
23008 
23009 
23010 
23011 
23012 
23013 
23014 
23015 
23016 
23017 
23018 
23019 
23020 
23021 
23022 
23080 
23081 
23082 
23083 
23084 
23085 
23086 
23087 
23088 
23089 
23090 
23091 
23092 
23093 
23094 
23095 
23096 
23097 
23098 
23099 
23100 
23101 
23102 
23103 
23104 
23105 
23106 
23107 
23108 
23109 
23110 
23111 
23112 
23113 
23114 
23115 
23116 
23117 
23118 
23119 
23141 
23142 
23143 
23144 
23145 
23146 
23147 
23148 
23149 
23150 
23151 
23152 
23153 
23154 
23155 
23156 
23157 
23158 
23159 
23160 
23161 
23162 
23163 
23164 
23165 
23166 
23167 
23168 
23169 
23170 
23171 
23172 
23173 
23174 
23175 
23176 
23177 
23178 
23179 
23180 
23181 
23182 
23183 
23184 
23185 
23186 
23187 
23188 
23189 
23190 
23191 
23242 
23243 
23244 
23245 
23246 
23247 
23248 
23249 
23250 
23251 
23252 
23253 
23254 
23255 
23256 
23257 
23258 
23259 
23260 
23261 
23262 
23263 
23264 
23324 
23325 
23326 
23327 
23328 
23329 
23330 
23331 
23332 
23333 
23334 
23335 
23336 
23337 
23338 
23339 
23340 
23341 
23342 
23343 
23344 
23345 
23346 
23347 
23348 
23349 
23350 
23351 
23352 
23353 
23354 
23355 
23356 
23357 
23358 
23359 
23360 
23361 
23362 
23363 
23364 
23365 
23366 
23367 
23368 
23369 
23370 
23371 
23372 
23373 
23374 
23375 
23376 
23377 
23378 
23379 
23380 
23381 
23440 
23441 
23442 
23443 
23444 
23445 
23446 
23447 
23448 
23449 
23450 
23451 
23452 
23453 
23454 
23455 
23456 
23457 
23458 
23459 
23460 
23461 
23462 
23463 
23464 
23465 
23466 
23467 
23468 
23469 
23470 
23471 
23472 
23473 
23474 
23475 
23476 
23477 
23478 
23479 
23500 
23501 
23502 
23503 
23504 
23505 
23506 
23507 
23508 
23509 
23510 
23511 
23512 
23513 
23514 
23515 
23516 
23517 
23518 
23519 
23520 
23521 
23522 
23523 
23524 
23525 
23526 
23527 
23528 
23529 
23530 
23531 
23532 
23533 
23534 
23535 
23536 
23537 
23538 
23539 
23540 
23541 
23542 
23543 
23544 
23545 
23546 
23547 
23548 
23549 
23550 
23551 
23552 
23604 
23605 
23606 
23607 
23608 
23609 
23610 
23611 
23612 
23613 
23614 
23615 
23616 
23617 
23618 
23619 
23620 
23621 
23685 
23686 
23687 
23688 
23689 
23690 
23691 
23692 
23693 
23694 
23695 
23696 
23697 
23698 
23699 
23700 
23701 
23702 
23703 
23704 
23705 
23706 
23707 
23708 
23709 
23710 
23711 
23712 
23713 
23714 
23715 
23716 
23717 
23718 
23719 
23720 
23721 
23722 
23723 
23724 
23725 
23726 
23727 
23728 
23729 
23730 
23731 
23732 
23733 
23734 
23735 
23736 
23737 
23738 
23739 
23740 
23741 
23801 
23802 
23803 
23804 
23805 
23806 
23807 
23808 
23809 
23810 
23811 
23812 
23813 
23814 
23815 
23816 
23817 
23818 
23819 
23820 
23821 
23822 
23823 
23824 
23825 
23826 
23827 
23828 
23829 
23830 
23831 
23832 
23833 
23834 
23835 
23836 
23837 
23838 
23859 
23860 
23861 
23862 
23863 
23864 
23865 
23866 
23867 
23868 
23869 
23870 
23871 
23872 
23873 
23874 
23875 
23876 
23877 
23878 
23879 
23880 
23881 
23882 
23883 
23884 
23885 
23886 
23887 
23888 
23889 
23890 
23891 
23892 
23893 
23894 
23895 
23896 
23897 
23898 
23899 
23900 
23901 
23902 
23903 
23904 
23905 
23906 
23907 
23908 
23909 
23910 
23911 
23912 
23913 
23968 
23969 
23970 
23971 
23972 
23973 
23974 
23975 
23976 
23977 
24046 
24047 
24048 
24049 
24050 
24051 
24052 
24053 
24054 
24055 
24056 
24057 
24058 
24059 
24060 
24061 
24062 
24063 
24064 
24065 
24066 
24067 
24068 
24069 
24070 
24071 
24072 
24073 
24074 
24075 
24076 
24077 
24078 
24079 
24080 
24081 
24082 
24083 
24084 
24085 
24086 
24087 
24088 
24089 
24090 
24091 
24092 
24093 
24094 
24095 
24096 
24097 
24098 
24099 
24100 
89650 
89651 
89652 
89653 
89654 
89655 
89656 
89657 
89658 
89659 
89660 
89661 
89662 
89663 
89664 
89665 
89666 
89667 
89668 
89669 
89670 
89671 
89672 
89673 
89674 
89675 
89676 
89677 
89678 
89679 
89680 
89681 
89682 
89683 
89684 
89685 
89686 
89687 
89688 
89689 
89690 
89691 
89692 
89693 
89694 
89695 
89696 
89697 
24161 
89698 
24162 
89699 
24163 
89700 
24164 
89701 
24165 
89702 
24166 
89703 
24167 
89704 
24168 
89705 
24169 
89706 
24170 
89707 
24171 
89708 
24172 
89709 
24173 
89710 
24174 
89711 
24175 
89712 
24176 
89713 
24177 
89714 
24178 
89715 
24179 
89716 
24180 
89717 
24181 
89718 
24182 
89719 
24183 
89720 
24184 
89721 
24185 
89722 
24186 
89723 
24187 
89724 
24188 
89725 
24189 
89726 
24190 
89727 
24191 
89728 
24192 
89729 
24193 
89730 
24194 
89731 
24195 
89732 
24196 
89733 
24197 
89734 
24198 
89735 
89736 
89737 
89738 
89739 
89740 
89741 
89742 
89743 
89744 
89745 
89746 
89747 
89748 
89749 
89750 
89751 
89752 
89753 
89754 
89755 
24219 
89756 
24220 
89757 
24221 
89758 
24222 
89759 
24223 
89760 
24224 
89761 
24225 
89762 
24226 
89763 
24227 
89764 
24228 
89765 
24229 
89766 
24230 
89767 
24231 
89768 
24232 
89769 
24233 
89770 
24234 
89771 
24235 
89772 
24236 
89773 
24237 
89774 
24238 
89775 
24239 
89776 
24240 
89777 
24241 
89778 
24242 
89779 
24243 
89780 
24244 
89781 
24245 
89782 
24246 
89783 
24247 
89784 
24248 
89785 
24249 
89786 
24250 
89787 
24251 
89788 
24252 
89789 
24253 
89790 
24254 
89791 
24255 
89792 
24256 
89793 
24257 
89794 
24258 
89795 
24259 
89796 
24260 
89797 
24261 
89798 
24262 
89799 
24263 
89800 
24264 
89801 
24265 
89802 
24266 
89803 
24267 
89804 
24268 
89805 
24269 
89806 
24270 
89807 
24271 
89808 
24272 
89809 
24273 
89810 
24274 
89811 
89812 
89813 
89814 
89815 
89816 
89817 
89818 
89819 
89820 
89821 
89822 
89823 
89824 
89825 
89826 
89827 
89828 
89829 
89830 
89831 
89832 
89833 
89834 
89835 
89836 
89837 
89838 
89839 
89840 
89841 
89842 
89843 
89844 
89845 
89846 
89847 
89848 
89849 
89850 
89851 
89852 
89853 
89854 
89855 
89856 
89857 
89858 
89859 
89860 
89861 
89862 
89863 
89864 
89865 
89866 
89867 
89868 
89869 
89870 
89871 
89872 
89873 
89874 
89875 
89876 
89877 
89878 
89879 
89880 
89881 
89882 
89883 
89884 
89885 
89886 
89887 
89888 
89889 
89890 
89891 
89892 
89893 
89894 
89895 
89896 
89897 
89898 
89899 
89900 
89901 
89902 
89903 
89904 
89905 
89906 
89907 
89908 
89909 
89910 
89911 
89912 
89913 
89914 
89915 
89916 
89917 
89918 
89919 
89920 
89921 
89922 
89923 
89924 
89925 
89926 
89927 
89928 
89929 
89930 
89931 
89932 
89933 
89934 
89935 
89936 
89937 
89938 
89939 
89940 
89941 
89942 
89943 
24407 
89944 
24408 
89945 
24409 
89946 
24410 
89947 
24411 
89948 
24412 
89949 
24413 
89950 
24414 
89951 
24415 
89952 
24416 
89953 
24417 
89954 
24418 
89955 
24419 
89956 
24420 
89957 
24421 
89958 
24422 
89959 
24423 
89960 
24424 
89961 
24425 
89962 
24426 
89963 
24427 
89964 
24428 
89965 
24429 
89966 
24430 
89967 
24431 
89968 
24432 
89969 
24433 
89970 
24434 
89971 
24435 
89972 
24436 
89973 
24437 
89974 
24438 
89975 
24439 
89976 
24440 
89977 
24441 
89978 
24442 
89979 
24443 
89980 
24444 
89981 
24445 
89982 
24446 
89983 
24447 
89984 
24448 
89985 
24449 
89986 
24450 
89987 
24451 
89988 
24452 
89989 
24453 
89990 
24454 
89991 
24455 
24456 
24457 
24458 
24459 
90010 
90011 
90012 
90013 
90014 
90015 
90016 
90017 
90018 
90019 
90020 
90021 
90022 
90023 
90024 
90025 
90026 
90027 
90028 
90029 
90030 
90031 
90032 
90033 
90034 
90035 
90036 
90037 
90038 
90039 
90040 
90041 
90042 
90043 
90044 
90045 
90046 
90047 
90048 
90049 
90050 
90051 
90052 
90053 
90054 
90055 
90056 
90057 
24521 
90058 
24522 
90059 
24523 
90060 
24524 
90061 
24525 
90062 
24526 
90063 
24527 
90064 
24528 
90065 
24529 
90066 
24530 
90067 
24531 
90068 
24532 
90069 
24533 
90070 
24534 
90071 
24535 
90072 
24536 
90073 
24537 
90074 
24538 
90075 
24539 
90076 
24540 
90077 
24541 
90078 
24542 
90079 
24543 
90080 
24544 
90081 
24545 
90082 
24546 
90083 
24547 
90084 
24548 
90085 
24549 
90086 
24550 
90087 
24551 
90088 
24552 
90089 
24553 
90090 
24554 
90091 
24555 
90092 
24556 
90093 
24557 
90094 
24558 
90095 
90096 
90097 
90098 
90099 
90100 
90101 
90102 
90103 
90104 
90105 
90106 
90107 
90108 
90109 
90110 
90111 
90112 
90113 
90114 
24578 
90115 
24579 
90116 
24580 
90117 
24581 
90118 
24582 
90119 
24583 
90120 
24584 
90121 
24585 
90122 
24586 
90123 
24587 
90124 
24588 
90125 
24589 
90126 
24590 
90127 
24591 
90128 
24592 
90129 
24593 
90130 
24594 
90131 
24595 
90132 
24596 
90133 
24597 
90134 
24598 
90135 
24599 
90136 
24600 
90137 
24601 
90138 
24602 
90139 
24603 
90140 
24604 
90141 
24605 
90142 
24606 
90143 
24607 
90144 
24608 
90145 
24609 
90146 
24610 
90147 
24611 
90148 
24612 
90149 
24613 
90150 
24614 
90151 
24615 
90152 
24616 
90153 
24617 
90154 
24618 
90155 
24619 
90156 
24620 
90157 
24621 
90158 
24622 
90159 
24623 
90160 
24624 
90161 
24625 
90162 
24626 
90163 
24627 
90164 
24628 
90165 
24629 
90166 
24630 
90167 
24631 
90168 
24632 
90169 
24633 
90170 
24634 
90171 
90172 
90173 
90174 
90175 
90176 
90177 
90178 
90179 
90180 
90181 
90182 
90183 
90184 
90185 
90186 
90187 
90188 
90189 
90190 
90191 
90192 
90193 
90194 
90195 
90196 
90197 
90198 
90199 
90200 
90201 
90202 
90203 
90204 
90205 
90206 
90207 
90208 
90209 
90210 
90211 
90212 
90213 
90214 
90215 
90216 
90217 
90218 
90219 
90220 
90221 
90222 
90223 
90224 
90225 
90226 
90227 
90228 
90229 
90230 
90231 
90232 
90233 
90234 
90235 
90236 
90237 
90238 
90239 
90240 
90241 
90242 
90243 
90244 
90245 
90246 
90247 
90248 
90249 
90250 
90251 
90252 
90253 
90254 
90255 
90256 
90257 
90258 
90259 
90260 
90261 
90262 
90263 
90264 
90265 
90266 
90267 
90268 
90269 
90270 
90271 
90272 
90273 
90274 
90275 
90276 
90277 
90278 
90279 
90280 
90281 
90282 
90283 
90284 
90285 
90286 
90287 
90288 
90289 
90290 
90291 
90292 
90293 
90294 
90295 
90296 
90297 
90298 
90299 
90300 
90301 
90302 
90303 
24767 
90304 
24768 
90305 
24769 
90306 
24770 
90307 
24771 
90308 
24772 
90309 
24773 
90310 
24774 
90311 
24775 
90312 
24776 
90313 
24777 
90314 
24778 
90315 
24779 
90316 
24780 
90317 
24781 
90318 
24782 
90319 
24783 
90320 
24784 
90321 
24785 
90322 
24786 
90323 
24787 
90324 
24788 
90325 
24789 
90326 
24790 
90327 
24791 
90328 
24792 
90329 
24793 
90330 
24794 
90331 
24795 
90332 
24796 
90333 
24797 
90334 
24798 
90335 
24799 
90336 
24800 
90337 
24801 
90338 
24802 
90339 
24803 
90340 
24804 
90341 
24805 
90342 
24806 
90343 
24807 
90344 
24808 
90345 
24809 
90346 
24810 
90347 
24811 
90348 
24812 
90349 
24813 
90350 
24814 
90351 
24815 
24816 
24817 
24818 
90370 
90371 
90372 
90373 
90374 
90375 
90376 
90377 
90378 
90379 
90380 
90381 
90382 
90383 
90384 
90385 
90386 
90387 
90388 
90389 
90390 
90391 
90392 
90393 
90394 
90395 
90396 
90397 
90398 
90399 
90400 
90401 
90402 
90403 
90404 
90405 
90406 
90407 
90408 
90409 
90410 
90411 
90412 
90413 
90414 
90415 
90416 
90417 
90418 
24882 
90419 
24883 
90420 
24884 
90421 
24885 
90422 
24886 
90423 
24887 
90424 
24888 
90425 
24889 
90426 
24890 
90427 
24891 
90428 
24892 
90429 
24893 
90430 
24894 
90431 
24895 
90432 
24896 
90433 
24897 
90434 
24898 
90435 
24899 
90436 
24900 
90437 
24901 
90438 
24902 
90439 
24903 
90440 
24904 
90441 
24905 
90442 
24906 
90443 
24907 
90444 
24908 
90445 
24909 
90446 
24910 
90447 
24911 
90448 
24912 
90449 
24913 
90450 
24914 
90451 
24915 
90452 
24916 
90453 
24917 
90454 
90455 
90456 
90457 
90458 
90459 
90460 
90461 
90462 
90463 
90464 
90465 
90466 
90467 
90468 
90469 
90470 
90471 
90472 
90473 
24937 
90474 
24938 
90475 
24939 
90476 
24940 
90477 
24941 
90478 
24942 
90479 
24943 
90480 
24944 
90481 
24945 
90482 
24946 
90483 
24947 
90484 
24948 
90485 
24949 
90486 
24950 
90487 
24951 
90488 
24952 
90489 
24953 
90490 
24954 
90491 
24955 
90492 
24956 
90493 
24957 
90494 
24958 
90495 
24959 
90496 
24960 
90497 
24961 
90498 
24962 
90499 
24963 
90500 
24964 
90501 
24965 
90502 
24966 
90503 
24967 
90504 
24968 
90505 
24969 
90506 
24970 
90507 
24971 
90508 
24972 
90509 
24973 
90510 
24974 
90511 
24975 
90512 
24976 
90513 
24977 
90514 
24978 
90515 
24979 
90516 
24980 
90517 
24981 
90518 
24982 
90519 
24983 
90520 
24984 
90521 
24985 
90522 
24986 
90523 
24987 
90524 
24988 
90525 
24989 
90526 
24990 
90527 
24991 
90528 
24992 
90529 
24993 
90530 
24994 
90531 
24995 
90532 
90533 
90534 
90535 
90536 
90537 
90538 
90539 
90540 
90541 
90542 
90543 
90544 
90545 
90546 
90547 
90548 
90549 
90550 
90551 
90552 
90553 
90554 
90555 
90556 
90557 
90558 
90559 
90560 
90561 
90562 
90563 
90564 
90565 
90566 
90567 
90568 
90569 
90570 
90571 
90572 
90573 
90574 
90575 
90576 
90577 
90578 
90579 
90580 
90581 
90582 
90583 
90584 
90585 
90586 
90587 
90588 
90589 
90590 
90591 
90592 
90593 
90594 
90595 
90596 
90597 
90598 
90599 
90600 
90601 
90602 
90603 
90604 
90605 
90606 
90607 
90608 
90609 
90610 
90611 
90612 
90613 
90614 
90615 
90616 
90617 
90618 
90619 
90620 
90621 
90622 
90623 
90624 
90625 
90626 
90627 
90628 
90629 
90630 
90631 
90632 
90633 
90634 
90635 
90636 
90637 
90638 
90639 
90640 
90641 
90642 
90643 
90644 
90645 
90646 
90647 
90648 
90649 
90650 
90651 
90652 
90653 
90654 
90655 
90656 
90657 
90658 
90659 
90660 
90661 
90662 
90663 
90664 
25128 
90665 
25129 
90666 
25130 
90667 
25131 
90668 
25132 
90669 
25133 
90670 
25134 
90671 
25135 
90672 
25136 
90673 
25137 
90674 
25138 
90675 
25139 
90676 
25140 
90677 
25141 
90678 
25142 
90679 
25143 
90680 
25144 
90681 
25145 
90682 
25146 
90683 
25147 
90684 
25148 
90685 
25149 
90686 
25150 
90687 
25151 
90688 
25152 
90689 
25153 
90690 
25154 
90691 
25155 
90692 
25156 
90693 
25157 
90694 
25158 
90695 
25159 
90696 
25160 
90697 
25161 
90698 
25162 
90699 
25163 
90700 
25164 
90701 
25165 
90702 
25166 
90703 
25167 
90704 
25168 
90705 
25169 
90706 
25170 
90707 
25171 
90708 
25172 
90709 
25173 
90710 
25174 
90711 
25175 
25176 
25177 
90730 
90731 
90732 
90733 
90734 
90735 
90736 
90737 
90738 
90739 
90740 
90741 
90742 
90743 
90744 
90745 
90746 
90747 
90748 
90749 
90750 
90751 
90752 
90753 
90754 
90755 
90756 
90757 
90758 
90759 
90760 
90761 
90762 
90763 
90764 
90765 
90766 
90767 
90768 
90769 
90770 
90771 
90772 
90773 
90774 
90775 
90776 
90777 
90778 
25242 
90779 
25243 
90780 
25244 
90781 
25245 
90782 
25246 
90783 
25247 
90784 
25248 
90785 
25249 
90786 
25250 
90787 
25251 
90788 
25252 
90789 
25253 
90790 
25254 
90791 
25255 
90792 
25256 
90793 
25257 
90794 
25258 
90795 
25259 
90796 
25260 
90797 
25261 
90798 
25262 
90799 
25263 
90800 
25264 
90801 
25265 
90802 
25266 
90803 
25267 
90804 
25268 
90805 
25269 
90806 
25270 
90807 
25271 
90808 
25272 
90809 
25273 
90810 
25274 
90811 
25275 
90812 
25276 
90813 
25277 
90814 
90815 
90816 
90817 
90818 
90819 
90820 
90821 
90822 
90823 
90824 
90825 
90826 
90827 
90828 
90829 
90830 
90831 
90832 
90833 
25297 
90834 
25298 
90835 
25299 
90836 
25300 
90837 
25301 
90838 
25302 
90839 
25303 
90840 
25304 
90841 
25305 
90842 
25306 
90843 
25307 
90844 
25308 
90845 
25309 
90846 
25310 
90847 
25311 
90848 
25312 
90849 
25313 
90850 
25314 
90851 
25315 
90852 
25316 
90853 
25317 
90854 
25318 
90855 
25319 
90856 
25320 
90857 
25321 
90858 
25322 
90859 
25323 
90860 
25324 
90861 
25325 
90862 
25326 
90863 
25327 
90864 
25328 
90865 
25329 
90866 
25330 
90867 
25331 
90868 
25332 
90869 
25333 
90870 
25334 
90871 
25335 
90872 
25336 
90873 
25337 
90874 
25338 
90875 
25339 
90876 
25340 
90877 
25341 
90878 
25342 
90879 
25343 
90880 
25344 
90881 
25345 
90882 
25346 
90883 
25347 
90884 
25348 
90885 
25349 
90886 
25350 
90887 
25351 
90888 
25352 
90889 
25353 
90890 
25354 
90891 
25355 
90892 
25356 
90893 
90894 
90895 
90896 
90897 
90898 
90899 
90900 
90901 
90902 
90903 
90904 
90905 
90906 
90907 
90908 
90909 
90910 
90911 
90912 
90913 
90914 
90915 
90916 
90917 
90918 
90919 
90920 
90921 
90922 
90923 
90924 
90925 
90926 
90927 
90928 
90929 
90930 
90931 
90932 
90933 
90934 
90935 
90936 
90937 
90938 
90939 
90940 
90941 
90942 
90943 
90944 
90945 
90946 
90947 
90948 
90949 
90950 
90951 
90952 
90953 
90954 
90955 
90956 
90957 
90958 
90959 
90960 
90961 
90962 
90963 
90964 
90965 
90966 
90967 
90968 
90969 
90970 
90971 
90972 
90973 
90974 
90975 
90976 
90977 
90978 
90979 
90980 
90981 
90982 
90983 
90984 
90985 
90986 
90987 
90988 
90989 
90990 
90991 
90992 
90993 
90994 
90995 
90996 
90997 
90998 
90999 
91000 
91001 
91002 
91003 
91004 
91005 
91006 
91007 
91008 
91009 
91010 
91011 
91012 
91013 
91014 
91015 
91016 
91017 
91018 
91019 
91020 
91021 
91022 
91023 
91024 
91025 
25489 
91026 
25490 
91027 
25491 
91028 
25492 
91029 
25493 
91030 
25494 
91031 
25495 
91032 
25496 
91033 
25497 
91034 
25498 
91035 
25499 
91036 
25500 
91037 
25501 
91038 
25502 
91039 
25503 
91040 
25504 
91041 
25505 
91042 
25506 
91043 
25507 
91044 
25508 
91045 
25509 
91046 
25510 
91047 
25511 
91048 
25512 
91049 
25513 
91050 
25514 
91051 
25515 
91052 
25516 
91053 
25517 
91054 
25518 
91055 
25519 
91056 
25520 
91057 
25521 
91058 
25522 
91059 
25523 
91060 
25524 
91061 
25525 
91062 
25526 
91063 
25527 
91064 
25528 
91065 
25529 
91066 
25530 
91067 
25531 
91068 
25532 
91069 
25533 
91070 
25534 
91071 
25535 
25536 
25537 
25603 
25604 
25605 
25606 
25607 
25608 
25609 
25610 
25611 
25612 
25613 
25614 
25615 
25616 
25617 
25618 
25619 
25620 
25621 
25622 
25623 
25624 
25625 
25626 
25627 
25628 
25629 
25630 
25631 
25632 
25633 
25634 
25635 
25636 
25656 
25657 
25658 
25659 
25660 
25661 
25662 
25663 
25664 
25665 
25666 
25667 
25668 
25669 
25670 
25671 
25672 
25673 
25674 
25675 
25676 
25677 
25678 
25679 
25680 
25681 
25682 
25683 
25684 
25685 
25686 
25687 
25688 
25689 
25690 
25691 
25692 
25693 
25694 
25695 
25696 
25697 
25698 
25699 
25700 
25701 
25702 
25703 
25704 
25705 
25706 
25707 
25708 
25709 
25710 
25711 
25712 
25713 
25714 
25715 
25716 
25850 
25851 
25852 
25853 
25854 
25855 
25856 
25857 
25858 
25859 
25860 
25861 
25862 
25863 
25864 
25865 
25866 
25867 
25868 
25869 
25870 
25871 
25872 
25873 
25874 
25875 
25876 
25877 
25878 
25879 
25880 
25881 
25882 
25883 
25884 
25885 
25886 
25887 
25888 
25889 
25890 
25891 
25892 
25893 
25894 
25895 
25964 
25965 
25966 
25967 
25968 
25969 
25970 
25971 
25972 
25973 
25974 
25975 
25976 
25977 
25978 
25979 
25980 
25981 
25982 
25983 
25984 
25985 
25986 
25987 
25988 
25989 
25990 
25991 
25992 
25993 
25994 
25995 
26016 
26017 
26018 
26019 
26020 
26021 
26022 
26023 
26024 
26025 
26026 
26027 
26028 
26029 
26030 
26031 
26032 
26033 
26034 
26035 
26036 
26037 
26038 
26039 
26040 
26041 
26042 
26043 
26044 
26045 
26046 
26047 
26048 
26049 
26050 
26051 
26052 
26053 
26054 
26055 
26056 
26057 
26058 
26059 
26060 
26061 
26062 
26063 
26064 
26065 
26066 
26067 
26068 
26069 
26070 
26071 
26072 
26073 
26074 
26075 
26076 
26211 
26212 
26213 
26214 
26215 
26216 
26217 
26218 
26219 
26220 
26221 
26222 
26223 
26224 
26225 
26226 
26227 
26228 
26229 
26230 
26231 
26232 
26233 
26234 
26235 
26236 
26237 
26238 
26239 
26240 
26241 
26242 
26243 
26244 
26245 
26246 
26247 
26248 
26249 
26250 
26251 
26252 
26253 
26254 
26325 
26326 
26327 
26328 
26329 
26330 
26331 
26332 
26333 
26334 
26335 
26336 
26337 
26338 
26339 
26340 
26341 
26342 
26343 
26344 
26345 
26346 
26347 
26348 
26349 
26350 
26351 
26352 
26353 
26354 
26375 
26376 
26377 
26378 
26379 
26380 
26381 
26382 
26383 
26384 
26385 
26386 
26387 
26388 
26389 
26390 
26391 
26392 
26393 
26394 
26395 
26396 
26397 
26398 
26399 
26400 
26401 
26402 
26403 
26404 
26405 
26406 
26407 
26408 
26409 
26410 
26411 
26412 
26413 
26414 
26415 
26416 
26417 
26418 
26419 
26420 
26421 
26422 
26423 
26424 
26425 
26426 
26427 
26428 
26429 
26430 
26431 
26432 
26433 
26434 
26435 
26436 
26437 
26573 
26574 
26575 
26576 
26577 
26578 
26579 
26580 
26581 
26582 
26583 
26584 
26585 
26586 
26587 
26588 
26589 
26590 
26591 
26592 
26593 
26594 
26595 
26596 
26597 
26598 
26599 
26600 
26601 
26602 
26603 
26604 
26605 
26606 
26607 
26608 
26609 
26610 
26611 
26612 
26613 
26685 
26686 
26687 
26688 
26689 
26690 
26691 
26692 
26693 
26694 
26695 
26696 
26697 
26698 
26699 
26700 
26701 
26702 
26703 
26704 
26705 
26706 
26707 
26708 
26709 
26710 
26711 
26712 
26713 
26714 
26735 
26736 
26737 
26738 
26739 
26740 
26741 
26742 
26743 
26744 
26745 
26746 
26747 
26748 
26749 
26750 
26751 
26752 
26753 
26754 
26755 
26756 
26757 
26758 
26759 
26760 
26761 
26762 
26763 
26764 
26765 
26766 
26767 
26768 
26769 
26770 
26771 
26772 
26773 
26774 
26775 
26776 
26777 
26778 
26779 
26780 
26781 
26782 
26783 
26784 
26785 
26786 
26787 
26788 
26789 
26790 
26791 
26792 
26793 
26794 
26795 
26796 
26797 
26934 
26935 
26936 
26937 
26938 
26939 
26940 
26941 
26942 
26943 
26944 
26945 
26946 
26947 
26948 
26949 
26950 
26951 
26952 
26953 
26954 
26955 
26956 
26957 
26958 
26959 
26960 
26961 
26962 
26963 
26964 
26965 
26966 
26967 
26968 
26969 
26970 
26971 
26972 
27047 
27048 
27049 
27050 
27051 
27052 
27053 
27054 
27055 
27056 
27057 
27058 
27059 
27060 
27061 
27062 
27063 
27064 
27065 
27066 
27067 
27068 
27069 
27070 
27071 
27072 
27095 
27096 
27097 
27098 
27099 
27100 
27101 
27102 
27103 
27104 
27105 
27106 
27107 
27108 
27109 
27110 
27111 
27112 
27113 
27114 
27115 
27116 
27117 
27118 
27119 
27120 
27121 
27122 
27123 
27124 
27125 
27126 
27127 
27128 
27129 
27130 
27131 
27132 
27133 
27134 
27135 
27136 
27137 
27138 
27139 
27140 
27141 
27142 
27143 
27144 
27145 
27146 
27147 
27148 
27149 
27150 
27151 
27152 
27153 
27154 
27155 
27156 
27157 
27158 
27296 
27297 
27298 
27299 
27300 
27301 
27302 
27303 
27304 
27305 
27306 
27307 
27308 
27309 
27310 
27311 
27312 
27313 
27314 
27315 
27316 
27317 
27318 
27319 
27320 
27321 
27322 
27323 
27324 
27325 
27326 
27327 
27328 
27329 
27330 
27408 
27409 
27410 
27411 
27412 
27413 
27414 
27415 
27416 
27417 
27418 
27419 
27420 
27421 
27422 
27423 
27424 
27425 
27426 
27427 
27428 
27429 
27430 
27431 
27454 
27455 
27456 
27457 
27458 
27459 
27460 
27461 
27462 
27463 
27464 
27465 
27466 
27467 
27468 
27469 
27470 
27471 
27472 
27473 
27474 
27475 
27476 
27477 
27478 
27479 
27480 
27481 
27482 
27483 
27484 
27485 
27486 
27487 
27488 
27489 
27490 
27491 
27492 
27493 
27494 
27495 
27496 
27497 
27498 
27499 
27500 
27501 
27502 
27503 
27504 
27505 
27506 
27507 
27508 
27509 
27510 
27511 
27512 
27513 
27514 
27515 
27516 
27517 
27518 
27657 
27658 
27659 
27660 
27661 
27662 
27663 
27664 
27665 
27666 
27667 
27668 
27669 
27670 
27671 
27672 
27673 
27674 
27675 
27676 
27677 
27678 
27679 
27680 
27681 
27682 
27683 
27684 
27685 
27686 
27687 
27688 
27769 
27770 
27771 
27772 
27773 
27774 
27775 
27776 
27777 
27778 
27779 
27780 
27781 
27782 
27783 
27784 
27785 
27786 
27787 
27788 
27789 
27790 
27814 
27815 
27816 
27817 
27818 
27819 
27820 
27821 
27822 
27823 
27824 
27825 
27826 
27827 
27828 
27829 
27830 
27831 
27832 
27833 
27834 
27835 
27836 
27837 
27838 
27839 
27840 
27841 
27842 
27843 
27844 
27845 
27846 
27847 
27848 
27849 
27850 
27851 
27852 
27853 
27854 
27855 
27856 
27857 
27858 
27859 
27860 
27861 
27862 
27863 
27864 
27865 
27866 
27867 
27868 
27869 
27870 
27871 
27872 
27873 
27874 
27875 
27876 
27877 
27878 
28019 
28020 
28021 
28022 
28023 
28024 
28025 
28026 
28027 
28028 
28029 
28030 
28031 
28032 
28033 
28034 
28035 
28036 
28037 
28038 
28039 
28040 
28041 
28042 
28043 
28044 
28045 
28046 
28131 
28132 
28133 
28134 
28135 
28136 
28137 
28138 
28139 
28140 
28141 
28142 
28143 
28144 
28145 
28146 
28147 
28148 
28174 
28175 
28176 
28177 
28178 
28179 
28180 
28181 
28182 
28183 
28184 
28185 
28186 
28187 
28188 
28189 
28190 
28191 
28192 
28193 
28194 
28195 
28196 
28197 
28198 
28199 
28200 
28201 
28202 
28203 
28204 
28205 
28206 
28207 
28208 
28209 
28210 
28211 
28212 
28213 
28214 
28215 
28216 
28217 
28218 
28219 
28220 
28221 
28222 
28223 
28224 
28225 
28226 
28227 
28228 
28229 
28230 
28231 
28232 
28233 
28234 
28235 
28236 
28237 
28238 
28239 
28382 
28383 
28384 
28385 
28386 
28387 
28388 
28389 
28390 
28391 
28392 
28393 
28394 
28395 
28396 
28397 
28398 
28399 
28400 
28401 
28402 
28403 
28404 
28494 
28495 
28496 
28497 
28498 
28499 
28500 
28501 
28502 
28503 
28504 
28505 
28534 
28535 
28536 
28537 
28538 
28539 
28540 
28541 
28542 
28543 
28544 
28545 
28546 
28547 
28548 
28549 
28550 
28551 
28552 
28553 
28554 
28555 
28556 
28557 
28558 
28559 
28560 
28561 
28562 
28563 
28564 
28565 
28566 
28567 
28568 
28569 
28570 
28571 
28572 
28573 
28574 
28575 
28576 
28577 
28578 
28579 
28580 
28581 
28582 
28583 
28584 
28585 
28586 
28587 
28588 
28589 
28590 
28591 
28592 
28593 
28594 
28595 
28596 
28597 
28598 
28599 
28637 
28638 
28639 
28640 
28641 
28642 
28698 
28699 
28700 
28701 
28745 
28746 
28747 
28748 
28749 
28750 
28751 
28752 
28753 
28754 
28755 
28756 
28757 
28758 
28759 
28760 
28893 
28894 
28895 
28896 
28897 
28898 
28899 
28900 
28901 
28902 
28903 
28904 
28905 
28906 
28907 
28908 
28909 
28910 
28911 
28912 
28913 
28914 
28915 
28916 
28917 
28918 
28919 
28920 
28921 
28922 
28923 
28924 
28925 
28926 
28927 
28928 
28929 
28930 
28931 
28932 
28933 
28934 
28935 
28936 
28937 
28938 
28939 
28940 
28941 
28942 
28943 
28944 
28945 
28946 
28947 
28948 
28949 
28950 
28951 
28952 
28953 
28954 
28955 
28956 
28957 
28958 
28959 
28992 
28993 
28994 
28995 
28996 
28997 
28998 
28999 
29000 
29001 
29002 
29003 
29004 
29005 
29006 
29007 
29053 
29054 
29055 
29056 
29057 
29058 
29059 
29060 
29061 
29062 
29063 
29064 
29065 
29066 
29253 
29254 
29255 
29256 
29257 
29258 
29259 
29260 
29261 
29262 
29263 
29264 
29265 
29266 
29267 
29268 
29269 
29270 
29271 
29272 
29273 
29274 
29275 
29276 
29277 
29278 
29279 
29280 
29281 
29282 
29283 
29284 
29285 
29286 
29287 
29288 
29289 
29290 
29291 
29292 
29293 
29294 
29295 
29296 
29297 
29298 
29299 
29300 
29301 
29302 
29303 
29304 
29305 
29306 
29307 
29308 
29309 
29310 
29311 
29312 
29313 
29314 
29315 
29316 
29317 
29318 
29319 
29349 
29350 
29351 
29352 
29353 
29354 
29355 
29356 
29357 
29358 
29359 
29360 
29361 
29362 
29363 
29364 
29365 
29366 
29367 
29368 
29369 
29370 
29411 
29412 
29413 
29414 
29415 
29416 
29417 
29418 
29419 
29420 
29421 
29422 
29423 
29424 
29425 
29426 
29427 
29428 
29613 
29614 
29615 
29616 
29617 
29618 
29619 
29620 
29621 
29622 
29623 
29624 
29625 
29626 
29627 
29628 
29629 
29630 
29631 
29632 
29633 
29634 
29635 
29636 
29637 
29638 
29639 
29640 
29641 
29642 
29643 
29644 
29645 
29646 
29647 
29648 
29649 
29650 
29651 
29652 
29653 
29654 
29655 
29656 
29657 
29658 
29659 
29660 
29661 
29662 
29663 
29664 
29665 
29666 
29667 
29668 
29669 
29670 
29671 
29672 
29673 
29674 
29675 
29676 
29677 
29678 
29679 
29707 
29708 
29709 
29710 
29711 
29712 
29713 
29714 
29715 
29716 
29717 
29718 
29719 
29720 
29721 
29722 
29723 
29724 
29725 
29726 
29727 
29728 
29729 
29730 
29731 
29732 
29769 
29770 
29771 
29772 
29773 
29774 
29775 
29776 
29777 
29778 
29779 
29780 
29781 
29782 
29783 
29784 
29785 
29786 
29787 
29788 
29789 
29790 
29973 
29974 
29975 
29976 
29977 
29978 
29979 
29980 
29981 
29982 
29983 
29984 
29985 
29986 
29987 
29988 
29989 
29990 
29991 
29992 
29993 
29994 
29995 
29996 
29997 
29998 
29999 
30000 
30001 
30002 
30003 
30004 
30005 
30006 
30007 
30008 
30009 
30010 
30011 
30012 
30013 
30014 
30015 
30016 
30017 
30018 
30019 
30020 
30021 
30022 
30023 
30024 
30025 
30026 
30027 
30028 
30029 
30030 
30031 
30032 
30033 
30034 
30035 
30036 
30037 
30038 
30039 
30065 
30066 
30067 
30068 
30069 
30070 
30071 
30072 
30073 
30074 
30075 
30076 
30077 
30078 
30079 
30080 
30081 
30082 
30083 
30084 
30085 
30086 
30087 
30088 
30089 
30090 
30091 
30092 
30093 
30094 
30127 
30128 
30129 
30130 
30131 
30132 
30133 
30134 
30135 
30136 
30137 
30138 
30139 
30140 
30141 
30142 
30143 
30144 
30145 
30146 
30147 
30148 
30149 
30150 
30151 
30333 
30334 
30335 
30336 
30337 
30338 
30339 
30340 
30341 
30342 
30343 
30344 
30345 
30346 
30347 
30348 
30349 
30350 
30351 
30352 
30353 
30354 
30355 
30356 
30357 
30358 
30359 
30360 
30361 
30362 
30363 
30364 
30365 
30366 
30367 
30368 
30369 
30370 
30371 
30372 
30373 
30374 
30375 
30376 
30377 
30378 
30379 
30380 
30381 
30382 
30383 
30384 
30385 
30386 
30387 
30388 
30389 
30390 
30391 
30392 
30393 
30394 
30395 
30396 
30397 
30398 
30399 
30424 
30425 
30426 
30427 
30428 
30429 
30430 
30431 
30432 
30433 
30434 
30435 
30436 
30437 
30438 
30439 
30440 
30441 
30442 
30443 
30444 
30445 
30446 
30447 
30448 
30449 
30450 
30451 
30452 
30453 
30454 
30455 
30486 
30487 
30488 
30489 
30490 
30491 
30492 
30493 
30494 
30495 
30496 
30497 
30498 
30499 
30500 
30501 
30502 
30503 
30504 
30505 
30506 
30507 
30508 
30509 
30510 
30511 
30512 
30513 
30693 
30694 
30695 
30696 
30697 
30698 
30699 
30700 
30701 
30702 
30703 
30704 
30705 
30706 
30707 
30708 
30709 
30710 
30711 
30712 
30713 
30714 
30715 
30716 
30717 
30718 
30719 
30720 
30721 
30722 
30723 
30724 
30725 
30726 
30727 
30728 
30729 
30730 
30731 
30732 
30733 
30734 
30735 
30736 
30737 
30738 
30739 
30740 
30741 
30742 
30743 
30744 
30745 
30746 
30747 
30748 
30749 
30750 
30751 
30752 
30753 
30754 
30755 
30756 
30757 
30758 
30759 
30783 
30784 
30785 
30786 
30787 
30788 
30789 
30790 
30791 
30792 
30793 
30794 
30795 
30796 
30797 
30798 
30799 
30800 
30801 
30802 
30803 
30804 
30805 
30806 
30807 
30808 
30809 
30810 
30811 
30812 
30813 
30814 
30815 
30816 
30845 
30846 
30847 
30848 
30849 
30850 
30851 
30852 
30853 
30854 
30855 
30856 
30857 
30858 
30859 
30860 
30861 
30862 
30863 
30864 
30865 
30866 
30867 
30868 
30869 
30870 
30871 
30872 
30873 
30874 
31053 
31054 
31055 
31056 
31057 
31058 
31059 
31060 
31061 
31062 
31063 
31064 
31065 
31066 
31067 
31068 
31069 
31070 
31071 
31072 
31073 
31074 
31075 
31076 
31077 
31078 
31079 
31080 
31081 
31082 
31083 
31084 
31085 
31086 
31087 
31088 
31089 
31090 
31091 
31092 
31093 
31094 
31095 
31096 
31097 
31098 
31099 
31100 
31101 
31102 
31103 
31104 
31105 
31106 
31107 
31108 
31109 
31110 
31111 
31112 
31113 
31114 
31115 
31116 
31117 
31118 
31119 
31141 
31142 
31143 
31144 
31145 
31146 
31147 
31148 
31149 
31150 
31151 
31152 
31153 
31154 
31155 
31156 
31157 
31158 
31159 
31160 
31161 
31162 
31163 
31164 
31165 
31166 
31167 
31168 
31169 
31170 
31171 
31172 
31173 
31174 
31175 
31176 
31177 
31178 
31204 
31205 
31206 
31207 
31208 
31209 
31210 
31211 
31212 
31213 
31214 
31215 
31216 
31217 
31218 
31219 
31220 
31221 
31222 
31223 
31224 
31225 
31226 
31227 
31228 
31229 
31230 
31231 
31232 
31233 
31234 
31235 
31413 
31414 
31415 
31416 
31417 
31418 
31419 
31420 
31421 
31422 
31423 
31424 
31425 
31426 
31427 
31428 
31429 
31430 
31431 
31432 
31433 
31434 
31435 
31436 
31437 
31438 
31439 
31440 
31441 
31442 
31443 
31444 
31445 
31446 
31447 
31448 
31449 
31450 
31451 
31452 
31453 
31454 
31455 
31456 
31457 
31458 
31459 
31460 
31461 
31462 
31463 
31464 
31465 
31466 
31467 
31468 
31469 
31470 
31471 
31472 
31473 
31474 
31475 
31476 
31477 
31478 
31479 
31500 
31501 
31502 
31503 
31504 
31505 
31506 
31507 
31508 
31509 
31510 
31511 
31512 
31513 
31514 
31515 
31516 
31517 
31518 
31519 
31520 
31521 
31522 
31523 
31524 
31525 
31526 
31527 
31528 
31529 
31530 
31531 
31532 
31533 
31534 
31535 
31536 
31537 
31538 
31539 
31564 
31565 
31566 
31567 
31568 
31569 
31570 
31571 
31572 
31573 
31574 
31575 
31576 
31577 
31578 
31579 
31580 
31581 
31582 
31583 
31584 
31585 
31586 
31587 
31588 
31589 
31590 
31591 
31592 
31593 
31594 
31595 
31773 
31774 
31775 
31776 
31777 
31778 
31779 
31780 
31781 
31782 
31783 
31784 
31785 
31786 
31787 
31788 
31789 
31790 
31791 
31792 
31793 
31794 
31795 
31796 
31797 
31798 
31799 
31800 
31801 
31802 
31803 
31804 
31805 
31806 
31807 
31808 
31809 
31810 
31811 
31812 
31813 
31814 
31815 
31816 
31817 
31818 
31819 
31820 
31821 
31822 
31823 
31824 
31825 
31826 
31827 
31828 
31829 
31830 
31831 
31832 
31833 
31834 
31835 
31836 
31837 
31838 
31839 
31859 
31860 
31861 
31862 
31863 
31864 
31865 
31866 
31867 
31868 
31869 
31870 
31871 
31872 
31873 
31874 
31875 
31876 
31877 
31878 
31879 
31880 
31881 
31882 
31883 
31884 
31885 
31886 
31887 
31888 
31889 
31890 
31891 
31892 
31893 
31894 
31895 
31896 
31897 
31898 
31899 
31900 
31923 
31924 
31925 
31926 
31927 
31928 
31929 
31930 
31931 
31932 
31933 
31934 
31935 
31936 
31937 
31938 
31939 
31940 
31941 
31942 
31943 
31944 
31945 
31946 
31947 
31948 
31949 
31950 
31951 
31952 
31953 
31954 
31955 
31956 
32133 
32134 
32135 
32136 
32137 
32138 
32139 
32140 
32141 
32142 
32143 
32144 
32145 
32146 
32147 
32148 
32149 
32150 
32151 
32152 
32153 
32154 
32155 
32156 
32157 
32158 
32159 
32160 
32161 
32162 
32163 
32164 
32165 
32166 
32167 
32168 
32169 
32170 
32171 
32172 
32173 
32174 
32175 
32176 
32177 
32178 
32179 
32180 
32181 
32182 
32183 
32184 
32185 
32186 
32187 
32188 
32189 
32190 
32191 
32192 
32193 
32194 
32195 
32196 
32197 
32198 
32199 
32219 
32220 
32221 
32222 
32223 
32224 
32225 
32226 
32227 
32228 
32229 
32230 
32231 
32232 
32233 
32234 
32235 
32236 
32237 
32238 
32239 
32240 
32241 
32242 
32243 
32244 
32245 
32246 
32247 
32248 
32249 
32250 
32251 
32252 
32253 
32254 
32255 
32256 
32257 
32258 
32259 
32260 
32282 
32283 
32284 
32285 
32286 
32287 
32288 
32289 
32290 
32291 
32292 
32293 
32294 
32295 
32296 
32297 
32298 
32299 
32300 
32301 
32302 
32303 
32304 
32305 
32306 
32307 
32308 
32309 
32310 
32311 
32312 
32313 
32314 
32315 
32316 
32317 
32493 
32494 
32495 
32496 
32497 
32498 
32499 
32500 
32501 
32502 
32503 
32504 
32505 
32506 
32507 
32508 
32509 
32510 
32511 
32512 
32513 
32514 
32515 
32516 
32517 
32518 
32519 
32520 
32521 
32522 
32523 
32524 
32525 
32526 
32527 
32528 
32529 
32530 
32531 
32532 
32533 
32534 
32535 
32536 
32537 
32538 
32539 
32540 
32541 
32542 
32543 
32544 
32545 
32546 
32547 
32548 
32549 
32550 
32551 
32552 
32553 
32554 
32555 
32556 
32557 
32558 
32559 
32578 
32579 
32580 
32581 
32582 
32583 
32584 
32585 
32586 
32587 
32588 
32589 
32590 
32591 
32592 
32593 
32594 
32595 
32596 
32597 
32598 
32599 
32600 
32601 
32602 
32603 
32604 
32605 
32606 
32607 
32608 
32609 
32610 
32611 
32612 
32613 
32614 
32615 
32616 
32617 
32618 
32619 
32620 
32621 
32642 
32643 
32644 
32645 
32646 
32647 
32648 
32649 
32650 
32651 
32652 
32653 
32654 
32655 
32656 
32657 
32658 
32659 
32660 
32661 
32662 
32663 
32664 
32665 
32666 
32667 
32668 
32669 
32670 
32671 
32672 
32673 
32674 
32675 
32676 
32677 
32853 
32854 
32855 
32856 
32857 
32858 
32859 
32860 
32861 
32862 
32863 
32864 
32865 
32866 
32867 
32868 
32869 
32870 
32871 
32872 
32873 
32874 
32875 
32876 
32877 
32878 
32879 
32880 
32881 
32882 
32883 
32884 
32885 
32886 
32887 
32888 
32889 
32890 
32891 
32892 
32893 
32894 
32895 
32896 
32897 
32898 
32899 
32900 
32901 
32902 
32903 
32904 
32905 
32906 
32907 
32908 
32909 
32910 
32911 
32912 
32913 
32914 
32915 
32916 
32917 
32918 
32919 
32937 
32938 
32939 
32940 
32941 
32942 
32943 
32944 
32945 
32946 
32947 
32948 
32949 
32950 
32951 
32952 
32953 
32954 
32955 
32956 
32957 
32958 
32959 
32960 
32961 
32962 
32963 
32964 
32965 
32966 
32967 
32968 
32969 
32970 
32971 
32972 
32973 
32974 
32975 
32976 
32977 
32978 
32979 
32980 
32981 
32982 
33001 
33002 
33003 
33004 
33005 
33006 
33007 
33008 
33009 
33010 
33011 
33012 
33013 
33014 
33015 
33016 
33017 
33018 
33019 
33020 
33021 
33022 
33023 
33024 
33025 
33026 
33027 
33028 
33029 
33030 
33031 
33032 
33033 
33034 
33035 
33036 
33037 
33038 
33213 
33214 
33215 
33216 
33217 
33218 
33219 
33220 
33221 
33222 
33223 
33224 
33225 
33226 
33227 
33228 
33229 
33230 
33231 
33232 
33233 
33234 
33235 
33236 
33237 
33238 
33239 
33240 
33241 
33242 
33243 
33244 
33245 
33246 
33247 
33248 
33249 
33250 
33251 
33252 
33253 
33254 
33255 
33256 
33257 
33258 
33259 
33260 
33261 
33262 
33263 
33264 
33265 
33266 
33267 
33268 
33269 
33270 
33271 
33272 
33273 
33274 
33275 
33276 
33277 
33278 
33279 
33297 
33298 
33299 
33300 
33301 
33302 
33303 
33304 
33305 
33306 
33307 
33308 
33309 
33310 
33311 
33312 
33313 
33314 
33315 
33316 
33317 
33318 
33319 
33320 
33321 
33322 
33323 
33324 
33325 
33326 
33327 
33328 
33329 
33330 
33331 
33332 
33333 
33334 
33335 
33336 
33337 
33338 
33339 
33340 
33341 
33342 
33361 
33362 
33363 
33364 
33365 
33366 
33367 
33368 
33369 
33370 
33371 
33372 
33373 
33374 
33375 
33376 
33377 
33378 
33379 
33380 
33381 
33382 
33383 
33384 
33385 
33386 
33387 
33388 
33389 
33390 
33391 
33392 
33393 
33394 
33395 
33396 
33397 
33398 
33540 
33541 
33542 
33543 
33544 
33545 
33546 
33547 
33548 
33549 
33550 
33551 
33552 
33553 
33574 
33575 
33576 
33577 
33578 
33579 
33580 
33581 
33582 
33583 
33584 
33585 
33586 
33587 
33588 
33589 
33590 
33591 
33592 
33593 
33594 
33595 
33596 
33597 
33598 
33599 
33600 
33601 
33602 
33603 
33604 
33605 
33606 
33607 
33608 
33609 
33610 
33611 
33612 
33613 
33614 
33615 
33616 
33617 
33618 
33619 
33620 
33621 
33622 
33623 
33624 
33625 
33626 
33627 
33628 
33629 
33630 
33631 
33632 
33633 
33634 
33635 
33636 
33637 
33638 
33639 
33656 
33657 
33658 
33659 
33660 
33661 
33662 
33663 
33664 
33665 
33666 
33667 
33668 
33669 
33670 
33671 
33672 
33673 
33674 
33675 
33676 
33677 
33678 
33679 
33680 
33681 
33682 
33683 
33684 
33685 
33686 
33687 
33688 
33689 
33690 
33691 
33692 
33693 
33694 
33695 
33696 
33697 
33698 
33699 
33700 
33701 
33702 
33703 
33720 
33721 
33722 
33723 
33724 
33725 
33726 
33727 
33728 
33729 
33730 
33731 
33732 
33733 
33734 
33735 
33736 
33737 
33738 
33739 
33740 
33741 
33742 
33743 
33744 
33745 
33746 
33747 
33748 
33749 
33750 
33751 
33752 
33753 
33754 
33755 
33756 
33757 
33758 
33759 
33786 
33787 
33788 
33789 
33790 
33791 
33792 
33793 
33794 
33795 
33796 
33797 
33798 
33799 
33800 
33897 
33898 
33899 
33900 
33901 
33902 
33903 
33904 
33905 
33906 
33907 
33908 
33909 
33910 
33911 
33912 
33913 
33914 
33915 
33916 
33934 
33935 
33936 
33937 
33938 
33939 
33940 
33941 
33942 
33943 
33944 
33945 
33946 
33947 
33948 
33949 
33950 
33951 
33952 
33953 
33954 
33955 
33956 
33957 
33958 
33959 
33960 
33961 
33962 
33963 
33964 
33965 
33966 
33967 
33968 
33969 
33970 
33971 
33972 
33973 
33974 
33975 
33976 
33977 
33978 
33979 
33980 
33981 
33982 
33983 
33984 
33985 
33986 
33987 
33988 
33989 
33990 
33991 
33992 
33993 
33994 
33995 
33996 
33997 
33998 
33999 
34016 
34017 
34018 
34019 
34020 
34021 
34022 
34023 
34024 
34025 
34026 
34027 
34028 
34029 
34030 
34031 
34032 
34033 
34034 
34035 
34036 
34037 
34038 
34039 
34040 
34041 
34042 
34043 
34044 
34045 
34046 
34047 
34048 
34049 
34050 
34051 
34052 
34053 
34054 
34055 
34056 
34057 
34058 
34059 
34060 
34061 
34062 
34063 
34064 
34080 
34081 
34082 
34083 
34084 
34085 
34086 
34087 
34088 
34089 
34090 
34091 
34092 
34093 
34094 
34095 
34096 
34097 
34098 
34099 
34100 
34101 
34102 
34103 
34104 
34105 
34106 
34107 
34108 
34109 
34110 
34111 
34112 
34113 
34114 
34115 
34116 
34117 
34118 
34119 
34142 
34143 
34144 
34145 
34146 
34147 
34148 
34149 
34150 
34151 
34152 
34153 
34154 
34155 
34156 
34157 
34158 
34159 
34160 
34161 
34162 
34163 
34254 
34255 
34256 
34257 
34258 
34259 
34260 
34261 
34262 
34263 
34264 
34265 
34266 
34267 
34268 
34269 
34270 
34271 
34272 
34273 
34274 
34275 
34276 
34277 
34278 
34294 
34295 
34296 
34297 
34298 
34299 
34300 
34301 
34302 
34303 
34304 
34305 
34306 
34307 
34308 
34309 
34310 
34311 
34312 
34313 
34314 
34315 
34316 
34317 
34318 
34319 
34320 
34321 
34322 
34323 
34324 
34325 
34326 
34327 
34328 
34329 
34330 
34331 
34332 
34333 
34334 
34335 
34336 
34337 
34338 
34339 
34340 
34341 
34342 
34343 
34344 
34345 
34346 
34347 
34348 
34349 
34350 
34351 
34352 
34353 
34354 
34355 
34356 
34357 
34358 
34375 
34376 
34377 
34378 
34379 
34380 
34381 
34382 
34383 
34384 
34385 
34386 
34387 
34388 
34389 
34390 
34391 
34392 
34393 
34394 
34395 
34396 
34397 
34398 
34399 
34400 
34401 
34402 
34403 
34404 
34405 
34406 
34407 
34408 
34409 
34410 
34411 
34412 
34413 
34414 
34415 
34416 
34417 
34418 
34419 
34420 
34421 
34422 
34423 
34424 
34440 
34441 
34442 
34443 
34444 
34445 
34446 
34447 
34448 
34449 
34450 
34451 
34452 
34453 
34454 
34455 
34456 
34457 
34458 
34459 
34460 
34461 
34462 
34463 
34464 
34465 
34466 
34467 
34468 
34469 
34470 
34471 
34472 
34473 
34474 
34475 
34476 
34477 
34478 
34479 
34500 
34501 
34502 
34503 
34504 
34505 
34506 
34507 
34508 
34509 
34510 
34511 
34512 
34513 
34514 
34515 
34516 
34517 
34518 
34519 
34520 
34521 
34522 
34523 
34524 
34525 
34526 
34613 
34614 
34615 
34616 
34617 
34618 
34619 
34620 
34621 
34622 
34623 
34624 
34625 
34626 
34627 
34628 
34629 
34630 
34631 
34632 
34633 
34634 
34635 
34636 
34637 
34638 
34639 
34640 
34654 
34655 
34656 
34657 
34658 
34659 
34660 
34661 
34662 
34663 
34664 
34665 
34666 
34667 
34668 
34669 
34670 
34671 
34672 
34673 
34674 
34675 
34676 
34677 
34678 
34679 
34680 
34681 
34682 
34683 
34684 
34685 
34686 
34687 
34688 
34689 
34690 
34691 
34692 
34693 
34694 
34695 
34696 
34697 
34698 
34699 
34700 
34701 
34702 
34703 
34704 
34705 
34706 
34707 
34708 
34709 
34710 
34711 
34712 
34713 
34714 
34715 
34716 
34717 
34718 
34735 
34736 
34737 
34738 
34739 
34740 
34741 
34742 
34743 
34744 
34745 
34746 
34747 
34748 
34749 
34750 
34751 
34752 
34753 
34754 
34755 
34756 
34757 
34758 
34759 
34760 
34761 
34762 
34763 
34764 
34765 
34766 
34767 
34768 
34769 
34770 
34771 
34772 
34773 
34774 
34775 
34776 
34777 
34778 
34779 
34780 
34781 
34782 
34783 
34784 
34800 
34801 
34802 
34803 
34804 
34805 
34806 
34807 
34808 
34809 
34810 
34811 
34812 
34813 
34814 
34815 
34816 
34817 
34818 
34819 
34820 
34821 
34822 
34823 
34824 
34825 
34826 
34827 
34828 
34829 
34830 
34831 
34832 
34833 
34834 
34835 
34836 
34837 
34838 
34839 
34858 
34859 
34860 
34861 
34862 
34863 
34864 
34865 
34866 
34867 
34868 
34869 
34870 
34871 
34872 
34873 
34874 
34875 
34876 
34877 
34878 
34879 
34880 
34881 
34882 
34883 
34884 
34885 
34886 
34887 
34888 
34971 
34972 
34973 
34974 
34975 
34976 
34977 
34978 
34979 
34980 
34981 
34982 
34983 
34984 
34985 
34986 
34987 
34988 
34989 
34990 
34991 
34992 
34993 
34994 
34995 
34996 
34997 
34998 
34999 
35000 
35001 
35015 
35016 
35017 
35018 
35019 
35020 
35021 
35022 
35023 
35024 
35025 
35026 
35027 
35028 
35029 
35030 
35031 
35032 
35033 
35034 
35035 
35036 
35037 
35038 
35039 
35040 
35041 
35042 
35043 
35044 
35045 
35046 
35047 
35048 
35049 
35050 
35051 
35052 
35053 
35054 
35055 
35056 
35057 
35058 
35059 
35060 
35061 
35062 
35063 
35064 
35065 
35066 
35067 
35068 
35069 
35070 
35071 
35072 
35073 
35074 
35075 
35076 
35077 
35078 
35094 
35095 
35096 
35097 
35098 
35099 
35100 
35101 
35102 
35103 
35104 
35105 
35106 
35107 
35108 
35109 
35110 
35111 
35112 
35113 
35114 
35115 
35116 
35117 
35118 
35119 
35120 
35121 
35122 
35123 
35124 
35125 
35126 
35127 
35128 
35129 
35130 
35131 
35132 
35133 
35134 
35135 
35136 
35137 
35138 
35139 
35140 
35141 
35142 
35143 
35144 
35145 
35160 
35161 
35162 
35163 
35164 
35165 
35166 
35167 
35168 
35169 
35170 
35171 
35172 
35173 
35174 
35175 
35176 
35177 
35178 
35179 
35180 
35181 
35182 
35183 
35184 
35185 
35186 
35187 
35188 
35189 
35190 
35191 
35192 
35193 
35194 
35195 
35196 
35197 
35198 
35199 
35216 
35217 
35218 
35219 
35220 
35221 
35222 
35223 
35224 
35225 
35226 
35227 
35228 
35229 
35230 
35231 
35232 
35233 
35234 
35235 
35236 
35237 
35238 
35239 
35240 
35241 
35242 
35243 
35244 
35245 
35246 
35247 
35248 
35249 
35250 
35330 
35331 
35332 
35333 
35334 
35335 
35336 
35337 
35338 
35339 
35340 
35341 
35342 
35343 
35344 
35345 
35346 
35347 
35348 
35349 
35350 
35351 
35352 
35353 
35354 
35355 
35356 
35357 
35358 
35359 
35360 
35361 
35362 
35363 
35375 
35376 
35377 
35378 
35379 
35380 
35381 
35382 
35383 
35384 
35385 
35386 
35387 
35388 
35389 
35390 
35391 
35392 
35393 
35394 
35395 
35396 
35397 
35398 
35399 
35400 
35401 
35402 
35403 
35404 
35405 
35406 
35407 
35408 
35409 
35410 
35411 
35412 
35413 
35414 
35415 
35416 
35417 
35418 
35419 
35420 
35421 
35422 
35423 
35424 
35425 
35426 
35427 
35428 
35429 
35430 
35431 
35432 
35433 
35434 
35435 
35436 
35437 
35454 
35455 
35456 
35457 
35458 
35459 
35460 
35461 
35462 
35463 
35464 
35465 
35466 
35467 
35468 
35469 
35470 
35471 
35472 
35473 
35474 
35475 
35476 
35477 
35478 
35479 
35480 
35481 
35482 
35483 
35484 
35485 
35486 
35487 
35488 
35489 
35490 
35491 
35492 
35493 
35494 
35495 
35496 
35497 
35498 
35499 
35500 
35501 
35502 
35503 
35504 
35505 
35520 
35521 
35522 
35523 
35524 
35525 
35526 
35527 
35528 
35529 
35530 
35531 
35532 
35533 
35534 
35535 
35536 
35537 
35538 
35539 
35540 
35541 
35542 
35543 
35544 
35545 
35546 
35547 
35548 
35549 
35550 
35551 
35552 
35553 
35554 
35555 
35556 
35557 
35558 
35559 
35574 
35575 
35576 
35577 
35578 
35579 
35580 
35581 
35582 
35583 
35584 
35585 
35586 
35587 
35588 
35589 
35590 
35591 
35592 
35593 
35594 
35595 
35596 
35597 
35598 
35599 
35600 
35601 
35602 
35603 
35604 
35605 
35606 
35607 
35608 
35609 
35610 
35611 
35688 
35689 
35690 
35691 
35692 
35693 
35694 
35695 
35696 
35697 
35698 
35699 
35700 
35701 
35702 
35703 
35704 
35705 
35706 
35707 
35708 
35709 
35710 
35711 
35712 
35713 
35714 
35715 
35716 
35717 
35718 
35719 
35720 
35721 
35722 
35723 
35724 
35735 
35736 
35737 
35738 
35739 
35740 
35741 
35742 
35743 
35744 
35745 
35746 
35747 
35748 
35749 
35750 
35751 
35752 
35753 
35754 
35755 
35756 
35757 
35758 
35759 
35760 
35761 
35762 
35763 
35764 
35765 
35766 
35767 
35768 
35769 
35770 
35771 
35772 
35773 
35774 
35775 
35776 
35777 
35778 
35779 
35780 
35781 
35782 
35783 
35784 
35785 
35786 
35787 
35788 
35789 
35790 
35791 
35792 
35793 
35794 
35795 
35796 
35797 
35814 
35815 
35816 
35817 
35818 
35819 
35820 
35821 
35822 
35823 
35824 
35825 
35826 
35827 
35828 
35829 
35830 
35831 
35832 
35833 
35834 
35835 
35836 
35837 
35838 
35839 
35840 
35841 
35842 
35843 
35844 
35845 
35846 
35847 
35848 
35849 
35850 
35851 
35852 
35853 
35854 
35855 
35856 
35857 
35858 
35859 
35860 
35861 
35862 
35863 
35864 
35865 
35880 
35881 
35882 
35883 
35884 
35885 
35886 
35887 
35888 
35889 
35890 
35891 
35892 
35893 
35894 
35895 
35896 
35897 
35898 
35899 
35900 
35901 
35902 
35903 
35904 
35905 
35906 
35907 
35908 
35909 
35910 
35911 
35912 
35913 
35914 
35915 
35916 
35917 
35918 
35919 
35933 
35934 
35935 
35936 
35937 
35938 
35939 
35940 
35941 
35942 
35943 
35944 
35945 
35946 
35947 
35948 
35949 
35950 
35951 
35952 
35953 
35954 
35955 
35956 
35957 
35958 
35959 
35960 
35961 
35962 
35963 
35964 
35965 
35966 
35967 
35968 
35969 
35970 
35971 
35972 
35973 
36047 
36048 
36049 
36050 
36051 
36052 
36053 
36054 
36055 
36056 
36057 
36058 
36059 
36060 
36061 
36062 
36063 
36064 
36065 
36066 
36067 
36068 
36069 
36070 
36071 
36072 
36073 
36074 
36075 
36076 
36077 
36078 
36079 
36080 
36081 
36082 
36083 
36084 
36085 
36096 
36097 
36098 
36099 
36100 
36101 
36102 
36103 
36104 
36105 
36106 
36107 
36108 
36109 
36110 
36111 
36112 
36113 
36114 
36115 
36116 
36117 
36118 
36119 
36120 
36121 
36122 
36123 
36124 
36125 
36126 
36127 
36128 
36129 
36130 
36131 
36132 
36133 
36134 
36135 
36136 
36137 
36138 
36139 
36140 
36141 
36142 
36143 
36144 
36145 
36146 
36147 
36148 
36149 
36150 
36151 
36152 
36153 
36154 
36155 
36156 
36157 
36173 
36174 
36175 
36176 
36177 
36178 
36179 
36180 
36181 
36182 
36183 
36184 
36185 
36186 
36187 
36188 
36189 
36190 
36191 
36192 
36193 
36194 
36195 
36196 
36197 
36198 
36199 
36200 
36201 
36202 
36203 
36204 
36205 
36206 
36207 
36208 
36209 
36210 
36211 
36212 
36213 
36214 
36215 
36216 
36217 
36218 
36219 
36220 
36221 
36222 
36223 
36224 
36225 
36226 
36240 
36241 
36242 
36243 
36244 
36245 
36246 
36247 
36248 
36249 
36250 
36251 
36252 
36253 
36254 
36255 
36256 
36257 
36258 
36259 
36260 
36261 
36262 
36263 
36264 
36265 
36266 
36267 
36268 
36269 
36270 
36271 
36272 
36273 
36274 
36275 
36276 
36277 
36278 
36279 
36292 
36293 
36294 
36295 
36296 
36297 
36298 
36299 
36300 
36301 
36302 
36303 
36304 
36305 
36306 
36307 
36308 
36309 
36310 
36311 
36312 
36313 
36314 
36315 
36316 
36317 
36318 
36319 
36320 
36321 
36322 
36323 
36324 
36325 
36326 
36327 
36328 
36329 
36330 
36331 
36332 
36333 
36334 
36406 
36407 
36408 
36409 
36410 
36411 
36412 
36413 
36414 
36415 
36416 
36417 
36418 
36419 
36420 
36421 
36422 
36423 
36424 
36425 
36426 
36427 
36428 
36429 
36430 
36431 
36432 
36433 
36434 
36435 
36436 
36437 
36438 
36439 
36440 
36441 
36442 
36443 
36444 
36445 
36446 
36456 
36457 
36458 
36459 
36460 
36461 
36462 
36463 
36464 
36465 
36466 
36467 
36468 
36469 
36470 
36471 
36472 
36473 
36474 
36475 
36476 
36477 
36478 
36479 
36480 
36481 
36482 
36483 
36484 
36485 
36486 
36487 
36488 
36489 
36490 
36491 
36492 
36493 
36494 
36495 
36496 
36497 
36498 
36499 
36500 
36501 
36502 
36503 
36504 
36505 
36506 
36507 
36508 
36509 
36510 
36511 
36512 
36513 
36514 
36515 
36516 
36533 
36534 
36535 
36536 
36537 
36538 
36539 
36540 
36541 
36542 
36543 
36544 
36545 
36546 
36547 
36548 
36549 
36550 
36551 
36552 
36553 
36554 
36555 
36556 
36557 
36558 
36559 
36560 
36561 
36562 
36563 
36564 
36565 
36566 
36567 
36568 
36569 
36570 
36571 
36572 
36573 
36574 
36575 
36576 
36577 
36578 
36579 
36580 
36581 
36582 
36583 
36584 
36585 
36586 
36600 
36601 
36602 
36603 
36604 
36605 
36606 
36607 
36608 
36609 
36610 
36611 
36612 
36613 
36614 
36615 
36616 
36617 
36618 
36619 
36620 
36621 
36622 
36623 
36624 
36625 
36626 
36627 
36628 
36629 
36630 
36631 
36632 
36633 
36634 
36635 
36636 
36637 
36638 
36639 
36650 
36651 
36652 
36653 
36654 
36655 
36656 
36657 
36658 
36659 
36660 
36661 
36662 
36663 
36664 
36665 
36666 
36667 
36668 
36669 
36670 
36671 
36672 
36673 
36674 
36675 
36676 
36677 
36678 
36679 
36680 
36681 
36682 
36683 
36684 
36685 
36686 
36687 
36688 
36689 
36690 
36691 
36692 
36693 
36694 
36695 
36766 
36767 
36768 
36769 
36770 
36771 
36772 
36773 
36774 
36775 
36776 
36777 
36778 
36779 
36780 
36781 
36782 
36783 
36784 
36785 
36786 
36787 
36788 
36789 
36790 
36791 
36792 
36793 
36794 
36795 
36796 
36797 
36798 
36799 
36800 
36801 
36802 
36803 
36804 
36805 
36806 
36807 
36817 
36818 
36819 
36820 
36821 
36822 
36823 
36824 
36825 
36826 
36827 
36828 
36829 
36830 
36831 
36832 
36833 
36834 
36835 
36836 
36837 
36838 
36839 
36840 
36841 
36842 
36843 
36844 
36845 
36846 
36847 
36848 
36849 
36850 
36851 
36852 
36853 
36854 
36855 
36856 
36857 
36858 
36859 
36860 
36861 
36862 
36863 
36864 
36865 
36866 
36867 
36868 
36869 
36870 
36871 
36872 
36873 
36874 
36875 
36876 
36893 
36894 
36895 
36896 
36897 
36898 
36899 
36900 
36901 
36902 
36903 
36904 
36905 
36906 
36907 
36908 
36909 
36910 
36911 
36912 
36913 
36914 
36915 
36916 
36917 
36918 
36919 
36920 
36921 
36922 
36923 
36924 
36925 
36926 
36927 
36928 
36929 
36930 
36931 
36932 
36933 
36934 
36935 
36936 
36937 
36938 
36939 
36940 
36941 
36942 
36943 
36944 
36945 
36946 
36960 
36961 
36962 
36963 
36964 
36965 
36966 
36967 
36968 
36969 
36970 
36971 
36972 
36973 
36974 
36975 
36976 
36977 
36978 
36979 
36980 
36981 
36982 
36983 
36984 
36985 
36986 
36987 
36988 
36989 
36990 
36991 
36992 
36993 
36994 
36995 
36996 
36997 
36998 
36999 
37009 
37010 
37011 
37012 
37013 
37014 
37015 
37016 
37017 
37018 
37019 
37020 
37021 
37022 
37023 
37024 
37025 
37026 
37027 
37028 
37029 
37030 
37031 
37032 
37033 
37034 
37035 
37036 
37037 
37038 
37039 
37040 
37041 
37042 
37043 
37044 
37045 
37046 
37047 
37048 
37049 
37050 
37051 
37052 
37053 
37054 
37055 
37056 
37125 
37126 
37127 
37128 
37129 
37130 
37131 
37132 
37133 
37134 
37135 
37136 
37137 
37138 
37139 
37140 
37141 
37142 
37143 
37144 
37145 
37146 
37147 
37148 
37149 
37150 
37151 
37152 
37153 
37154 
37155 
37156 
37157 
37158 
37159 
37160 
37161 
37162 
37163 
37164 
37165 
37166 
37167 
37168 
37177 
37178 
37179 
37180 
37181 
37182 
37183 
37184 
37185 
37186 
37187 
37188 
37189 
37190 
37191 
37192 
37193 
37194 
37195 
37196 
37197 
37198 
37199 
37200 
37201 
37202 
37203 
37204 
37205 
37206 
37207 
37208 
37209 
37210 
37211 
37212 
37213 
37214 
37215 
37216 
37217 
37218 
37219 
37220 
37221 
37222 
37223 
37224 
37225 
37226 
37227 
37228 
37229 
37230 
37231 
37232 
37233 
37234 
37235 
37253 
37254 
37255 
37256 
37257 
37258 
37259 
37260 
37261 
37262 
37263 
37264 
37265 
37266 
37267 
37268 
37269 
37270 
37271 
37272 
37273 
37274 
37275 
37276 
37277 
37278 
37279 
37280 
37281 
37282 
37283 
37284 
37285 
37286 
37287 
37288 
37289 
37290 
37291 
37292 
37293 
37294 
37295 
37296 
37297 
37298 
37299 
37300 
37301 
37302 
37303 
37304 
37305 
37306 
37320 
37321 
37322 
37323 
37324 
37325 
37326 
37327 
37328 
37329 
37330 
37331 
37332 
37333 
37334 
37335 
37336 
37337 
37338 
37339 
37340 
37341 
37342 
37343 
37344 
37345 
37346 
37347 
37348 
37349 
37350 
37351 
37352 
37353 
37354 
37355 
37356 
37357 
37358 
37359 
37368 
37369 
37370 
37371 
37372 
37373 
37374 
37375 
37376 
37377 
37378 
37379 
37380 
37381 
37382 
37383 
37384 
37385 
37386 
37387 
37388 
37389 
37390 
37391 
37392 
37393 
37394 
37395 
37396 
37397 
37398 
37399 
37400 
37401 
37402 
37403 
37404 
37405 
37406 
37407 
37408 
37409 
37410 
37411 
37412 
37413 
37414 
37415 
37416 
37417 
37484 
37485 
37486 
37487 
37488 
37489 
37490 
37491 
37492 
37493 
37494 
37495 
37496 
37497 
37498 
37499 
37500 
37501 
37502 
37503 
37504 
37505 
37506 
37507 
37508 
37509 
37510 
37511 
37512 
37513 
37514 
37515 
37516 
37517 
37518 
37519 
37520 
37521 
37522 
37523 
37524 
37525 
37526 
37527 
37528 
37538 
37539 
37540 
37541 
37542 
37543 
37544 
37545 
37546 
37547 
37548 
37549 
37550 
37551 
37552 
37553 
37554 
37555 
37556 
37557 
37558 
37559 
37560 
37561 
37562 
37563 
37564 
37565 
37566 
37567 
37568 
37569 
37570 
37571 
37572 
37573 
37574 
37575 
37576 
37577 
37578 
37579 
37580 
37581 
37582 
37583 
37584 
37585 
37586 
37587 
37588 
37589 
37590 
37591 
37592 
37593 
37594 
37613 
37614 
37615 
37616 
37617 
37618 
37619 
37620 
37621 
37622 
37623 
37624 
37625 
37626 
37627 
37628 
37629 
37630 
37631 
37632 
37633 
37634 
37635 
37636 
37637 
37638 
37639 
37640 
37641 
37642 
37643 
37644 
37645 
37646 
37647 
37648 
37649 
37650 
37651 
37652 
37653 
37654 
37655 
37656 
37657 
37658 
37659 
37660 
37661 
37662 
37663 
37664 
37665 
37666 
37680 
37681 
37682 
37683 
37684 
37685 
37686 
37687 
37688 
37689 
37690 
37691 
37692 
37693 
37694 
37695 
37696 
37697 
37698 
37699 
37700 
37701 
37702 
37703 
37704 
37705 
37706 
37707 
37708 
37709 
37710 
37711 
37712 
37713 
37714 
37715 
37716 
37717 
37718 
37719 
37728 
37729 
37730 
37731 
37732 
37733 
37734 
37735 
37736 
37737 
37738 
37739 
37740 
37741 
37742 
37743 
37744 
37745 
37746 
37747 
37748 
37749 
37750 
37751 
37752 
37753 
37754 
37755 
37756 
37757 
37758 
37759 
37760 
37761 
37762 
37763 
37764 
37765 
37766 
37767 
37768 
37769 
37770 
37771 
37772 
37773 
37774 
37775 
37776 
37777 
37778 
37843 
37844 
37845 
37846 
37847 
37848 
37849 
37850 
37851 
37852 
37853 
37854 
37855 
37856 
37857 
37858 
37859 
37860 
37861 
37862 
37863 
37864 
37865 
37866 
37867 
37868 
37869 
37870 
37871 
37872 
37873 
37874 
37875 
37876 
37877 
37878 
37879 
37880 
37881 
37882 
37883 
37884 
37885 
37886 
37887 
37888 
37889 
37899 
37900 
37901 
37902 
37903 
37904 
37905 
37906 
37907 
37908 
37909 
37910 
37911 
37912 
37913 
37914 
37915 
37916 
37917 
37918 
37919 
37920 
37921 
37922 
37923 
37924 
37925 
37926 
37927 
37928 
37929 
37930 
37931 
37932 
37933 
37934 
37935 
37936 
37937 
37938 
37939 
37940 
37941 
37942 
37943 
37944 
37945 
37946 
37947 
37948 
37949 
37950 
37951 
37952 
37953 
37954 
37973 
37974 
37975 
37976 
37977 
37978 
37979 
37980 
37981 
37982 
37983 
37984 
37985 
37986 
37987 
37988 
37989 
37990 
37991 
37992 
37993 
37994 
37995 
37996 
37997 
37998 
37999 
38000 
38001 
38002 
38003 
38004 
38005 
38006 
38007 
38008 
38009 
38010 
38011 
38012 
38013 
38014 
38015 
38016 
38017 
38018 
38019 
38020 
38021 
38022 
38023 
38024 
38025 
38026 
38040 
38041 
38042 
38043 
38044 
38045 
38046 
38047 
38048 
38049 
38050 
38051 
38052 
38053 
38054 
38055 
38056 
38057 
38058 
38059 
38060 
38061 
38062 
38063 
38064 
38065 
38066 
38067 
38068 
38069 
38070 
38071 
38072 
38073 
38074 
38075 
38076 
38077 
38078 
38079 
38087 
38088 
38089 
38090 
38091 
38092 
38093 
38094 
38095 
38096 
38097 
38098 
38099 
38100 
38101 
38102 
38103 
38104 
38105 
38106 
38107 
38108 
38109 
38110 
38111 
38112 
38113 
38114 
38115 
38116 
38117 
38118 
38119 
38120 
38121 
38122 
38123 
38124 
38125 
38126 
38127 
38128 
38129 
38130 
38131 
38132 
38133 
38134 
38135 
38136 
38137 
38138 
38139 
38203 
38204 
38205 
38206 
38207 
38208 
38209 
38210 
38211 
38212 
38213 
38214 
38215 
38216 
38217 
38218 
38219 
38220 
38221 
38222 
38223 
38224 
38225 
38226 
38227 
38228 
38229 
38230 
38231 
38232 
38233 
38234 
38235 
38236 
38237 
38238 
38239 
38240 
38241 
38242 
38243 
38244 
38245 
38246 
38247 
38248 
38249 
38250 
38259 
38260 
38261 
38262 
38263 
38264 
38265 
38266 
38267 
38268 
38269 
38270 
38271 
38272 
38273 
38274 
38275 
38276 
38277 
38278 
38279 
38280 
38281 
38282 
38283 
38284 
38285 
38286 
38287 
38288 
38289 
38290 
38291 
38292 
38293 
38294 
38295 
38296 
38297 
38298 
38299 
38300 
38301 
38302 
38303 
38304 
38305 
38306 
38307 
38308 
38309 
38310 
38311 
38312 
38313 
38333 
38334 
38335 
38336 
38337 
38338 
38339 
38340 
38341 
38342 
38343 
38344 
38345 
38346 
38347 
38348 
38349 
38350 
38351 
38352 
38353 
38354 
38355 
38356 
38357 
38358 
38359 
38360 
38361 
38362 
38363 
38364 
38365 
38366 
38367 
38368 
38369 
38370 
38371 
38372 
38373 
38374 
38375 
38376 
38377 
38378 
38379 
38380 
38381 
38382 
38383 
38384 
38385 
38386 
38401 
38402 
38403 
38404 
38405 
38406 
38407 
38408 
38409 
38410 
38411 
38412 
38413 
38414 
38415 
38416 
38417 
38418 
38419 
38420 
38421 
38422 
38423 
38424 
38425 
38426 
38427 
38428 
38429 
38430 
38431 
38432 
38433 
38434 
38435 
38436 
38437 
38438 
38446 
38447 
38448 
38449 
38450 
38451 
38452 
38453 
38454 
38455 
38456 
38457 
38458 
38459 
38460 
38461 
38462 
38463 
38464 
38465 
38466 
38467 
38468 
38469 
38470 
38471 
38472 
38473 
38474 
38475 
38476 
38477 
38478 
38479 
38480 
38481 
38482 
38483 
38484 
38485 
38486 
38487 
38488 
38489 
38490 
38491 
38492 
38493 
38494 
38495 
38496 
38497 
38498 
38499 
38500 
38562 
38563 
38564 
38565 
38566 
38567 
38568 
38569 
38570 
38571 
38572 
38573 
38574 
38575 
38576 
38577 
38578 
38579 
38580 
38581 
38582 
38583 
38584 
38585 
38586 
38587 
38588 
38589 
38590 
38591 
38592 
38593 
38594 
38595 
38596 
38597 
38598 
38599 
38600 
38601 
38602 
38603 
38604 
38605 
38606 
38607 
38608 
38609 
38610 
38620 
38621 
38622 
38623 
38624 
38625 
38626 
38627 
38628 
38629 
38630 
38631 
38632 
38633 
38634 
38635 
38636 
38637 
38638 
38639 
38640 
38641 
38642 
38643 
38644 
38645 
38646 
38647 
38648 
38649 
38650 
38651 
38652 
38653 
38654 
38655 
38656 
38657 
38658 
38659 
38660 
38661 
38662 
38663 
38664 
38665 
38666 
38667 
38668 
38669 
38670 
38671 
38672 
38693 
38694 
38695 
38696 
38697 
38698 
38699 
38700 
38701 
38702 
38703 
38704 
38705 
38706 
38707 
38708 
38709 
38710 
38711 
38712 
38713 
38714 
38715 
38716 
38717 
38718 
38719 
38720 
38721 
38722 
38723 
38724 
38725 
38726 
38727 
38728 
38729 
38730 
38731 
38732 
38733 
38734 
38735 
38736 
38737 
38738 
38739 
38740 
38741 
38742 
38743 
38744 
38745 
38746 
38761 
38762 
38763 
38764 
38765 
38766 
38767 
38768 
38769 
38770 
38771 
38772 
38773 
38774 
38775 
38776 
38777 
38778 
38779 
38780 
38781 
38782 
38783 
38784 
38785 
38786 
38787 
38788 
38789 
38790 
38791 
38792 
38793 
38794 
38795 
38796 
38797 
38798 
38805 
38806 
38807 
38808 
38809 
38810 
38811 
38812 
38813 
38814 
38815 
38816 
38817 
38818 
38819 
38820 
38821 
38822 
38823 
38824 
38825 
38826 
38827 
38828 
38829 
38830 
38831 
38832 
38833 
38834 
38835 
38836 
38837 
38838 
38839 
38840 
38841 
38842 
38843 
38844 
38845 
38846 
38847 
38848 
38849 
38850 
38851 
38852 
38853 
38854 
38855 
38856 
38857 
38858 
38859 
38860 
38922 
38923 
38924 
38925 
38926 
38927 
38928 
38929 
38930 
38931 
38932 
38933 
38934 
38935 
38936 
38937 
38938 
38939 
38940 
38941 
38942 
38943 
38944 
38945 
38946 
38947 
38948 
38949 
38950 
38951 
38952 
38953 
38954 
38955 
38956 
38957 
38958 
38959 
38960 
38961 
38962 
38963 
38964 
38965 
38966 
38967 
38968 
38969 
38970 
38971 
38981 
38982 
38983 
38984 
38985 
38986 
38987 
38988 
38989 
38990 
38991 
38992 
38993 
38994 
38995 
38996 
38997 
38998 
38999 
39000 
39001 
39002 
39003 
39004 
39005 
39006 
39007 
39008 
39009 
39010 
39011 
39012 
39013 
39014 
39015 
39016 
39017 
39018 
39019 
39020 
39021 
39022 
39023 
39024 
39025 
39026 
39027 
39028 
39029 
39030 
39031 
39032 
39053 
39054 
39055 
39056 
39057 
39058 
39059 
39060 
39061 
39062 
39063 
39064 
39065 
39066 
39067 
39068 
39069 
39070 
39071 
39072 
39073 
39074 
39075 
39076 
39077 
39078 
39079 
39080 
39081 
39082 
39083 
39084 
39085 
39086 
39087 
39088 
39089 
39090 
39091 
39092 
39093 
39094 
39095 
39096 
39097 
39098 
39099 
39100 
39101 
39102 
39103 
39104 
39105 
39106 
39121 
39122 
39123 
39124 
39125 
39126 
39127 
39128 
39129 
39130 
39131 
39132 
39133 
39134 
39135 
39136 
39137 
39138 
39139 
39140 
39141 
39142 
39143 
39144 
39145 
39146 
39147 
39148 
39149 
39150 
39151 
39152 
39153 
39154 
39155 
39156 
39157 
39158 
39165 
39166 
39167 
39168 
39169 
39170 
39171 
39172 
39173 
39174 
39175 
39176 
39177 
39178 
39179 
39180 
39181 
39182 
39183 
39184 
39185 
39186 
39187 
39188 
39189 
39190 
39191 
39192 
39193 
39194 
39195 
39196 
39197 
39198 
39199 
39200 
39201 
39202 
39203 
39204 
39205 
39206 
39207 
39208 
39209 
39210 
39211 
39212 
39213 
39214 
39215 
39216 
39217 
39218 
39219 
39220 
39221 
39281 
39282 
39283 
39284 
39285 
39286 
39287 
39288 
39289 
39290 
39291 
39292 
39293 
39294 
39295 
39296 
39297 
39298 
39299 
39300 
39301 
39302 
39303 
39304 
39305 
39306 
39307 
39308 
39309 
39310 
39311 
39312 
39313 
39314 
39315 
39316 
39317 
39318 
39319 
39320 
39321 
39322 
39323 
39324 
39325 
39326 
39327 
39328 
39329 
39330 
39331 
39342 
39343 
39344 
39345 
39346 
39347 
39348 
39349 
39350 
39351 
39352 
39353 
39354 
39355 
39356 
39357 
39358 
39359 
39360 
39361 
39362 
39363 
39364 
39365 
39366 
39367 
39368 
39369 
39370 
39371 
39372 
39373 
39374 
39375 
39376 
39377 
39378 
39379 
39380 
39381 
39382 
39383 
39384 
39385 
39386 
39387 
39388 
39389 
39390 
39391 
39413 
39414 
39415 
39416 
39417 
39418 
39419 
39420 
39421 
39422 
39423 
39424 
39425 
39426 
39427 
39428 
39429 
39430 
39431 
39432 
39433 
39434 
39435 
39436 
39437 
39438 
39439 
39440 
39441 
39442 
39443 
39444 
39445 
39446 
39447 
39448 
39449 
39450 
39451 
39452 
39453 
39454 
39455 
39456 
39457 
39458 
39459 
39460 
39461 
39462 
39463 
39464 
39465 
39466 
39482 
39483 
39484 
39485 
39486 
39487 
39488 
39489 
39490 
39491 
39492 
39493 
39494 
39495 
39496 
39497 
39498 
39499 
39500 
39501 
39502 
39503 
39504 
39505 
39506 
39507 
39508 
39509 
39510 
39511 
39512 
39513 
39514 
39515 
39516 
39517 
39524 
39525 
39526 
39527 
39528 
39529 
39530 
39531 
39532 
39533 
39534 
39535 
39536 
39537 
39538 
39539 
39540 
39541 
39542 
39543 
39544 
39545 
39546 
39547 
39548 
39549 
39550 
39551 
39552 
39553 
39554 
39555 
39556 
39557 
39558 
39559 
39560 
39561 
39562 
39563 
39564 
39565 
39566 
39567 
39568 
39569 
39570 
39571 
39572 
39573 
39574 
39575 
39576 
39577 
39578 
39579 
39580 
39581 
39582 
39641 
39642 
39643 
39644 
39645 
39646 
39647 
39648 
39649 
39650 
39651 
39652 
39653 
39654 
39655 
39656 
39657 
39658 
39659 
39660 
39661 
39662 
39663 
39664 
39665 
39666 
39667 
39668 
39669 
39670 
39671 
39672 
39673 
39674 
39675 
39676 
39677 
39678 
39679 
39680 
39681 
39682 
39683 
39684 
39685 
39686 
39687 
39688 
39689 
39690 
39691 
39703 
39704 
39705 
39706 
39707 
39708 
39709 
39710 
39711 
39712 
39713 
39714 
39715 
39716 
39717 
39718 
39719 
39720 
39721 
39722 
39723 
39724 
39725 
39726 
39727 
39728 
39729 
39730 
39731 
39732 
39733 
39734 
39735 
39736 
39737 
39738 
39739 
39740 
39741 
39742 
39743 
39744 
39745 
39746 
39747 
39748 
39749 
39750 
39773 
39774 
39775 
39776 
39777 
39778 
39779 
39780 
39781 
39782 
39783 
39784 
39785 
39786 
39787 
39788 
39789 
39790 
39791 
39792 
39793 
39794 
39795 
39796 
39797 
39798 
39799 
39800 
39801 
39802 
39803 
39804 
39805 
39806 
39807 
39808 
39809 
39810 
39811 
39812 
39813 
39814 
39815 
39816 
39817 
39818 
39819 
39820 
39821 
39822 
39823 
39824 
39825 
39826 
39842 
39843 
39844 
39845 
39846 
39847 
39848 
39849 
39850 
39851 
39852 
39853 
39854 
39855 
39856 
39857 
39858 
39859 
39860 
39861 
39862 
39863 
39864 
39865 
39866 
39867 
39868 
39869 
39870 
39871 
39872 
39873 
39874 
39875 
39876 
39877 
39883 
39884 
39885 
39886 
39887 
39888 
39889 
39890 
39891 
39892 
39893 
39894 
39895 
39896 
39897 
39898 
39899 
39900 
39901 
39902 
39903 
39904 
39905 
39906 
39907 
39908 
39909 
39910 
39911 
39912 
39913 
39914 
39915 
39916 
39917 
39918 
39919 
39920 
39921 
39922 
39923 
39924 
39925 
39926 
39927 
39928 
39929 
39930 
39931 
39932 
39933 
39934 
39935 
39936 
39937 
39938 
39939 
39940 
39941 
39942 
40001 
40002 
40003 
40004 
40005 
40006 
40007 
40008 
40009 
40010 
40011 
40012 
40013 
40014 
40015 
40016 
40017 
40018 
40019 
40020 
40021 
40022 
40023 
40024 
40025 
40026 
40027 
40028 
40029 
40030 
40031 
40032 
40033 
40034 
40035 
40036 
40037 
40038 
40039 
40040 
40041 
40042 
40043 
40044 
40045 
40046 
40047 
40048 
40049 
40050 
40051 
40052 
40064 
40065 
40066 
40067 
40068 
40069 
40070 
40071 
40072 
40073 
40074 
40075 
40076 
40077 
40078 
40079 
40080 
40081 
40082 
40083 
40084 
40085 
40086 
40087 
40088 
40089 
40090 
40091 
40092 
40093 
40094 
40095 
40096 
40097 
40098 
40099 
40100 
40101 
40102 
40103 
40104 
40105 
40106 
40107 
40108 
40109 
40133 
40134 
40135 
40136 
40137 
40138 
40139 
40140 
40141 
40142 
40143 
40144 
40145 
40146 
40147 
40148 
40149 
40150 
40151 
40152 
40153 
40154 
40155 
40156 
40157 
40158 
40159 
40160 
40161 
40162 
40163 
40164 
40165 
40166 
40167 
40168 
40169 
40170 
40171 
40172 
40173 
40174 
40175 
40176 
40177 
40178 
40179 
40180 
40181 
40182 
40183 
40184 
40185 
40186 
40203 
40204 
40205 
40206 
40207 
40208 
40209 
40210 
40211 
40212 
40213 
40214 
40215 
40216 
40217 
40218 
40219 
40220 
40221 
40222 
40223 
40224 
40225 
40226 
40227 
40228 
40229 
40230 
40231 
40232 
40233 
40234 
40235 
40236 
40243 
40244 
40245 
40246 
40247 
40248 
40249 
40250 
40251 
40252 
40253 
40254 
40255 
40256 
40257 
40258 
40259 
40260 
40261 
40262 
40263 
40264 
40265 
40266 
40267 
40268 
40269 
40270 
40271 
40272 
40273 
40274 
40275 
40276 
40277 
40278 
40279 
40280 
40281 
40282 
40283 
40284 
40285 
40286 
40287 
40288 
40289 
40290 
40291 
40292 
40293 
40294 
40295 
40296 
40297 
40298 
40299 
40300 
40301 
40302 
40303 
40360 
40361 
40362 
40363 
40364 
40365 
40366 
40367 
40368 
40369 
40370 
40371 
40372 
40373 
40374 
40375 
40376 
40377 
40378 
40379 
40380 
40381 
40382 
40383 
40384 
40385 
40386 
40387 
40388 
40389 
40390 
40391 
40392 
40393 
40394 
40395 
40396 
40397 
40398 
40399 
40400 
40401 
40402 
40403 
40404 
40405 
40406 
40407 
40408 
40409 
40410 
40411 
40412 
40425 
40426 
40427 
40428 
40429 
40430 
40431 
40432 
40433 
40434 
40435 
40436 
40437 
40438 
40439 
40440 
40441 
40442 
40443 
40444 
40445 
40446 
40447 
40448 
40449 
40450 
40451 
40452 
40453 
40454 
40455 
40456 
40457 
40458 
40459 
40460 
40461 
40462 
40463 
40464 
40465 
40466 
40467 
40493 
40494 
40495 
40496 
40497 
40498 
40499 
40500 
40501 
40502 
40503 
40504 
40505 
40506 
40507 
40508 
40509 
40510 
40511 
40512 
40513 
40514 
40515 
40516 
40517 
40518 
40519 
40520 
40521 
40522 
40523 
40524 
40525 
40526 
40527 
40528 
40529 
40530 
40531 
40532 
40533 
40534 
40535 
40536 
40537 
40538 
40539 
40540 
40541 
40542 
40543 
40544 
40545 
40546 
40564 
40565 
40566 
40567 
40568 
40569 
40570 
40571 
40572 
40573 
40574 
40575 
40576 
40577 
40578 
40579 
40580 
40581 
40582 
40583 
40584 
40585 
40586 
40587 
40588 
40589 
40590 
40591 
40592 
40593 
40594 
40595 
40602 
40603 
40604 
40605 
40606 
40607 
40608 
40609 
40610 
40611 
40612 
40613 
40614 
40615 
40616 
40617 
40618 
40619 
40620 
40621 
40622 
40623 
40624 
40625 
40626 
40627 
40628 
40629 
40630 
40631 
40632 
40633 
40634 
40635 
40636 
40637 
40638 
40639 
40640 
40641 
40642 
40643 
40644 
40645 
40646 
40647 
40648 
40649 
40650 
40651 
40652 
40653 
40654 
40655 
40656 
40657 
40658 
40659 
40660 
40661 
40662 
40663 
40720 
40721 
40722 
40723 
40724 
40725 
40726 
40727 
40728 
40729 
40730 
40731 
40732 
40733 
40734 
40735 
40736 
40737 
40738 
40739 
40740 
40741 
40742 
40743 
40744 
40745 
40746 
40747 
40748 
40749 
40750 
40751 
40752 
40753 
40754 
40755 
40756 
40757 
40758 
40759 
40760 
40761 
40762 
40763 
40764 
40765 
40766 
40767 
40768 
40769 
40770 
40771 
40772 
40786 
40787 
40788 
40789 
40790 
40791 
40792 
40793 
40794 
40795 
40796 
40797 
40798 
40799 
40800 
40801 
40802 
40803 
40804 
40805 
40806 
40807 
40808 
40809 
40810 
40811 
40812 
40813 
40814 
40815 
40816 
40817 
40818 
40819 
40820 
40821 
40822 
40823 
40824 
40825 
40826 
40854 
40855 
40856 
40857 
40858 
40859 
40860 
40861 
40862 
40863 
40864 
40865 
40866 
40867 
40868 
40869 
40870 
40871 
40872 
40873 
40874 
40875 
40876 
40877 
40878 
40879 
40880 
40881 
40882 
40883 
40884 
40885 
40886 
40887 
40888 
40889 
40890 
40891 
40892 
40893 
40894 
40895 
40896 
40897 
40898 
40899 
40900 
40901 
40902 
40903 
40904 
40905 
40925 
40926 
40927 
40928 
40929 
40930 
40931 
40932 
40933 
40934 
40935 
40936 
40937 
40938 
40939 
40940 
40941 
40942 
40943 
40944 
40945 
40946 
40947 
40948 
40949 
40950 
40951 
40952 
40953 
40954 
40962 
40963 
40964 
40965 
40966 
40967 
40968 
40969 
40970 
40971 
40972 
40973 
40974 
40975 
40976 
40977 
40978 
40979 
40980 
40981 
40982 
40983 
40984 
40985 
40986 
40987 
40988 
40989 
40990 
40991 
40992 
40993 
40994 
40995 
40996 
40997 
40998 
40999 
41000 
41001 
41002 
41003 
41004 
41005 
41006 
41007 
41008 
41009 
41010 
41011 
41012 
41013 
41014 
41015 
41016 
41017 
41018 
41019 
41020 
41021 
41022 
41023 
41024 
41080 
41081 
41082 
41083 
41084 
41085 
41086 
41087 
41088 
41089 
41090 
41091 
41092 
41093 
41094 
41095 
41096 
41097 
41098 
41099 
41100 
41101 
41102 
41103 
41104 
41105 
41106 
41107 
41108 
41109 
41110 
41111 
41112 
41113 
41114 
41115 
41116 
41117 
41118 
41119 
41120 
41121 
41122 
41123 
41124 
41125 
41126 
41127 
41128 
41129 
41130 
41131 
41132 
41147 
41148 
41149 
41150 
41151 
41152 
41153 
41154 
41155 
41156 
41157 
41158 
41159 
41160 
41161 
41162 
41163 
41164 
41165 
41166 
41167 
41168 
41169 
41170 
41171 
41172 
41173 
41174 
41175 
41176 
41177 
41178 
41179 
41180 
41181 
41182 
41183 
41184 
41185 
41214 
41215 
41216 
41217 
41218 
41219 
41220 
41221 
41222 
41223 
41224 
41225 
41226 
41227 
41228 
41229 
41230 
41231 
41232 
41233 
41234 
41235 
41236 
41237 
41238 
41239 
41240 
41241 
41242 
41243 
41244 
41245 
41246 
41247 
41248 
41249 
41250 
41251 
41252 
41253 
41254 
41255 
41256 
41257 
41258 
41259 
41260 
41261 
41262 
41263 
41264 
41265 
41286 
41287 
41288 
41289 
41290 
41291 
41292 
41293 
41294 
41295 
41296 
41297 
41298 
41299 
41300 
41301 
41302 
41303 
41304 
41305 
41306 
41307 
41308 
41309 
41310 
41311 
41312 
41313 
41314 
41322 
41323 
41324 
41325 
41326 
41327 
41328 
41329 
41330 
41331 
41332 
41333 
41334 
41335 
41336 
41337 
41338 
41339 
41340 
41341 
41342 
41343 
41344 
41345 
41346 
41347 
41348 
41349 
41350 
41351 
41352 
41353 
41354 
41355 
41356 
41357 
41358 
41359 
41360 
41361 
41362 
41363 
41364 
41365 
41366 
41367 
41368 
41369 
41370 
41371 
41372 
41373 
41374 
41375 
41376 
41377 
41378 
41379 
41380 
41381 
41382 
41383 
41384 
41440 
41441 
41442 
41443 
41444 
41445 
41446 
41447 
41448 
41449 
41450 
41451 
41452 
41453 
41454 
41455 
41456 
41457 
41458 
41459 
41460 
41461 
41462 
41463 
41464 
41465 
41466 
41467 
41468 
41469 
41470 
41471 
41472 
41473 
41474 
41475 
41476 
41477 
41478 
41479 
41480 
41481 
41482 
41483 
41484 
41485 
41486 
41487 
41488 
41489 
41490 
41491 
41492 
41493 
41509 
41510 
41511 
41512 
41513 
41514 
41515 
41516 
41517 
41518 
41519 
41520 
41521 
41522 
41523 
41524 
41525 
41526 
41527 
41528 
41529 
41530 
41531 
41532 
41533 
41534 
41535 
41536 
41537 
41538 
41539 
41540 
41541 
41542 
41543 
41574 
41575 
41576 
41577 
41578 
41579 
41580 
41581 
41582 
41583 
41584 
41585 
41586 
41587 
41588 
41589 
41590 
41591 
41592 
41593 
41594 
41595 
41596 
41597 
41598 
41599 
41600 
41601 
41602 
41603 
41604 
41605 
41606 
41607 
41608 
41609 
41610 
41611 
41612 
41613 
41614 
41615 
41616 
41617 
41618 
41619 
41620 
41621 
41622 
41623 
41624 
41625 
41647 
41648 
41649 
41650 
41651 
41652 
41653 
41654 
41655 
41656 
41657 
41658 
41659 
41660 
41661 
41662 
41663 
41664 
41665 
41666 
41667 
41668 
41669 
41670 
41671 
41672 
41681 
41682 
41683 
41684 
41685 
41686 
41687 
41688 
41689 
41690 
41691 
41692 
41693 
41694 
41695 
41696 
41697 
41698 
41699 
41700 
41701 
41702 
41703 
41704 
41705 
41706 
41707 
41708 
41709 
41710 
41711 
41712 
41713 
41714 
41715 
41716 
41717 
41718 
41719 
41720 
41721 
41722 
41723 
41724 
41725 
41726 
41727 
41728 
41729 
41730 
41731 
41732 
41733 
41734 
41735 
41736 
41737 
41738 
41739 
41740 
41741 
41742 
41743 
41744 
41800 
41801 
41802 
41803 
41804 
41805 
41806 
41807 
41808 
41809 
41810 
41811 
41812 
41813 
41814 
41815 
41816 
41817 
41818 
41819 
41820 
41821 
41822 
41823 
41824 
41825 
41826 
41827 
41828 
41829 
41830 
41831 
41832 
41833 
41834 
41835 
41836 
41837 
41838 
41839 
41840 
41841 
41842 
41843 
41844 
41845 
41846 
41847 
41848 
41849 
41850 
41851 
41852 
41853 
41871 
41872 
41873 
41874 
41875 
41876 
41877 
41878 
41879 
41880 
41881 
41882 
41883 
41884 
41885 
41886 
41887 
41888 
41889 
41890 
41891 
41892 
41893 
41894 
41895 
41896 
41897 
41898 
41899 
41900 
41901 
41902 
41935 
41936 
41937 
41938 
41939 
41940 
41941 
41942 
41943 
41944 
41945 
41946 
41947 
41948 
41949 
41950 
41951 
41952 
41953 
41954 
41955 
41956 
41957 
41958 
41959 
41960 
41961 
41962 
41963 
41964 
41965 
41966 
41967 
41968 
41969 
41970 
41971 
41972 
41973 
41974 
41975 
41976 
41977 
41978 
41979 
41980 
41981 
41982 
41983 
41984 
42008 
42009 
42010 
42011 
42012 
42013 
42014 
42015 
42016 
42017 
42018 
42019 
42020 
42021 
42022 
42023 
42024 
42025 
42026 
42027 
42028 
42029 
42030 
42031 
42041 
42042 
42043 
42044 
42045 
42046 
42047 
42048 
42049 
42050 
42051 
42052 
42053 
42054 
42055 
42056 
42057 
42058 
42059 
42060 
42061 
42062 
42063 
42064 
42065 
42066 
42067 
42068 
42069 
42070 
42071 
42072 
42073 
42074 
42075 
42076 
42077 
42078 
42079 
42080 
42081 
42082 
42083 
42084 
42085 
42086 
42087 
42088 
42089 
42090 
42091 
42092 
42093 
42094 
42095 
42096 
42097 
42098 
42099 
42100 
42101 
42102 
42103 
42104 
42105 
42160 
42161 
42162 
42163 
42164 
42165 
42166 
42167 
42168 
42169 
42170 
42171 
42172 
42173 
42174 
42175 
42176 
42177 
42178 
42179 
42180 
42181 
42182 
42183 
42184 
42185 
42186 
42187 
42188 
42189 
42190 
42191 
42192 
42193 
42194 
42195 
42196 
42197 
42198 
42199 
42200 
42201 
42202 
42203 
42204 
42205 
42206 
42207 
42208 
42209 
42210 
42211 
42212 
42213 
42233 
42234 
42235 
42236 
42237 
42238 
42239 
42240 
42241 
42242 
42243 
42244 
42245 
42246 
42247 
42248 
42249 
42250 
42251 
42252 
42253 
42254 
42255 
42256 
42257 
42258 
42259 
42295 
42296 
42297 
42298 
42299 
42300 
42301 
42302 
42303 
42304 
42305 
42306 
42307 
42308 
42309 
42310 
42311 
42312 
42313 
42314 
42315 
42316 
42317 
42318 
42319 
42320 
42321 
42322 
42323 
42324 
42325 
42326 
42327 
42328 
42329 
42330 
42331 
42332 
42333 
42334 
42335 
42336 
42337 
42338 
42339 
42340 
42341 
42342 
42343 
42344 
42369 
42370 
42371 
42372 
42373 
42374 
42375 
42376 
42377 
42378 
42379 
42380 
42381 
42382 
42383 
42384 
42385 
42386 
42387 
42388 
42389 
42390 
42401 
42402 
42403 
42404 
42405 
42406 
42407 
42408 
42409 
42410 
42411 
42412 
42413 
42414 
42415 
42416 
42417 
42418 
42419 
42420 
42421 
42422 
42423 
42424 
42425 
42426 
42427 
42428 
42429 
42430 
42431 
42432 
42433 
42434 
42435 
42436 
42437 
42438 
42439 
42440 
42441 
42442 
42443 
42444 
42445 
42446 
42447 
42448 
42449 
42450 
42451 
42452 
42453 
42454 
42455 
42456 
42457 
42458 
42459 
42460 
42461 
42462 
42463 
42464 
42465 
42520 
42521 
42522 
42523 
42524 
42525 
42526 
42527 
42528 
42529 
42530 
42531 
42532 
42533 
42534 
42535 
42536 
42537 
42538 
42539 
42540 
42541 
42542 
42543 
42544 
42545 
42546 
42547 
42548 
42549 
42550 
42551 
42552 
42553 
42554 
42555 
42556 
42557 
42558 
42559 
42560 
42561 
42562 
42563 
42564 
42565 
42566 
42567 
42568 
42569 
42570 
42571 
42572 
42573 
42596 
42597 
42598 
42599 
42600 
42601 
42602 
42603 
42604 
42605 
42606 
42607 
42608 
42609 
42610 
42611 
42612 
42613 
42614 
42615 
42616 
42617 
42655 
42656 
42657 
42658 
42659 
42660 
42661 
42662 
42663 
42664 
42665 
42666 
42667 
42668 
42669 
42670 
42671 
42672 
42673 
42674 
42675 
42676 
42677 
42678 
42679 
42680 
42681 
42682 
42683 
42684 
42685 
42686 
42687 
42688 
42689 
42690 
42691 
42692 
42693 
42694 
42695 
42696 
42697 
42698 
42699 
42700 
42701 
42702 
42703 
42704 
42731 
42732 
42733 
42734 
42735 
42736 
42737 
42738 
42739 
42740 
42741 
42742 
42743 
42744 
42745 
42746 
42747 
42748 
42760 
42761 
42762 
42763 
42764 
42765 
42766 
42767 
42768 
42769 
42770 
42771 
42772 
42773 
42774 
42775 
42776 
42777 
42778 
42779 
42780 
42781 
42782 
42783 
42784 
42785 
42786 
42787 
42788 
42789 
42790 
42791 
42792 
42793 
42794 
42795 
42796 
42797 
42798 
42799 
42800 
42801 
42802 
42803 
42804 
42805 
42806 
42807 
42808 
42809 
42810 
42811 
42812 
42813 
42814 
42815 
42816 
42817 
42818 
42819 
42820 
42821 
42822 
42823 
42824 
42825 
42879 
42880 
42881 
42882 
42883 
42884 
42885 
42886 
42887 
42888 
42889 
42890 
42891 
42892 
42893 
42894 
42895 
42896 
42897 
42898 
42899 
42900 
42901 
42902 
42903 
42904 
42905 
42906 
42907 
42908 
42909 
42910 
42911 
42912 
42913 
42914 
42915 
42916 
42917 
42918 
42919 
42920 
42921 
42922 
42923 
42924 
42925 
42926 
42927 
42928 
42929 
42930 
42931 
42932 
42933 
42959 
42960 
42961 
42962 
42963 
42964 
42965 
42966 
42967 
42968 
42969 
42970 
42971 
42972 
42973 
43016 
43017 
43018 
43019 
43020 
43021 
43022 
43023 
43024 
43025 
43026 
43027 
43028 
43029 
43030 
43031 
43032 
43033 
43034 
43035 
43036 
43037 
43038 
43039 
43040 
43041 
43042 
43043 
43044 
43045 
43046 
43047 
43048 
43049 
43050 
43051 
43052 
43053 
43054 
43055 
43056 
43057 
43058 
43059 
43060 
43061 
43062 
43063 
43094 
43095 
43096 
43097 
43098 
43099 
43100 
43101 
43102 
43103 
43104 
43105 
43120 
43121 
43122 
43123 
43124 
43125 
43126 
43127 
43128 
43129 
43130 
43131 
43132 
43133 
43134 
43135 
43136 
43137 
43138 
43139 
43140 
43141 
43142 
43143 
43144 
43145 
43146 
43147 
43148 
43149 
43150 
43151 
43152 
43153 
43154 
43155 
43156 
43157 
43158 
43159 
43160 
43161 
43162 
43163 
43164 
43165 
43166 
43167 
43168 
43169 
43170 
43171 
43172 
43173 
43174 
43175 
43176 
43177 
43178 
43179 
43180 
43181 
43182 
43183 
43184 
43185 
43239 
43240 
43241 
43242 
43243 
43244 
43245 
43246 
43247 
43248 
43249 
43250 
43251 
43252 
43253 
43254 
43255 
43256 
43257 
43258 
43259 
43260 
43261 
43262 
43263 
43264 
43265 
43266 
43267 
43268 
43269 
43270 
43271 
43272 
43273 
43274 
43275 
43276 
43277 
43278 
43279 
43280 
43281 
43282 
43283 
43284 
43285 
43286 
43287 
43288 
43289 
43290 
43291 
43292 
43293 
43377 
43378 
43379 
43380 
43381 
43382 
43383 
43384 
43385 
43386 
43387 
43388 
43389 
43390 
43391 
43392 
43393 
43394 
43395 
43396 
43397 
43398 
43399 
43400 
43401 
43402 
43403 
43404 
43405 
43406 
43407 
43408 
43409 
43410 
43411 
43412 
43413 
43414 
43415 
43416 
43417 
43418 
43419 
43420 
43421 
43422 
43480 
43481 
43482 
43483 
43484 
43485 
43486 
43487 
43488 
43489 
43490 
43491 
43492 
43493 
43494 
43495 
43496 
43497 
43498 
43499 
43500 
43501 
43502 
43503 
43504 
43505 
43506 
43507 
43508 
43509 
43510 
43511 
43512 
43513 
43514 
43515 
43516 
43517 
43518 
43519 
43520 
43521 
43522 
43523 
43524 
43525 
43526 
43527 
43528 
43529 
43530 
43531 
43532 
43533 
43534 
43535 
43536 
43537 
43538 
43539 
43540 
43541 
43542 
43543 
43544 
43545 
43546 
43600 
43601 
43602 
43603 
43604 
43605 
43606 
43607 
43608 
43609 
43610 
43611 
43612 
43613 
43614 
43615 
43616 
43617 
43618 
43619 
43620 
43621 
43622 
43623 
43624 
43625 
43626 
43627 
43628 
43629 
43630 
43631 
43632 
43633 
43634 
43635 
43636 
43637 
43638 
43639 
43640 
43641 
43642 
43643 
43644 
43645 
43646 
43647 
43648 
43649 
43650 
43651 
43652 
43653 
43737 
43738 
43739 
43740 
43741 
43742 
43743 
43744 
43745 
43746 
43747 
43748 
43749 
43750 
43751 
43752 
43753 
43754 
43755 
43756 
43757 
43758 
43759 
43760 
43761 
43762 
43763 
43764 
43765 
43766 
43767 
43768 
43769 
43770 
43771 
43772 
43773 
43774 
43775 
43776 
43777 
43778 
43779 
43780 
43781 
43782 
43840 
43841 
43842 
43843 
43844 
43845 
43846 
43847 
43848 
43849 
43850 
43851 
43852 
43853 
43854 
43855 
43856 
43857 
43858 
43859 
43860 
43861 
43862 
43863 
43864 
43865 
43866 
43867 
43868 
43869 
43870 
43871 
43872 
43873 
43874 
43875 
43876 
43877 
43878 
43879 
43880 
43881 
43882 
43883 
43884 
43885 
43886 
43887 
43888 
43889 
43890 
43891 
43892 
43893 
43894 
43895 
43896 
43897 
43898 
43899 
43900 
43901 
43902 
43903 
43904 
43905 
43906 
43960 
43961 
43962 
43963 
43964 
43965 
43966 
43967 
43968 
43969 
43970 
43971 
43972 
43973 
43974 
43975 
43976 
43977 
43978 
43979 
43980 
43981 
43982 
43983 
43984 
43985 
43986 
43987 
43988 
43989 
43990 
43991 
43992 
43993 
43994 
43995 
43996 
43997 
43998 
43999 
44000 
44001 
44002 
44003 
44004 
44005 
44006 
44007 
44008 
44009 
44010 
44011 
44012 
44013 
44098 
44099 
44100 
44101 
44102 
44103 
44104 
44105 
44106 
44107 
44108 
44109 
44110 
44111 
44112 
44113 
44114 
44115 
44116 
44117 
44118 
44119 
44120 
44121 
44122 
44123 
44124 
44125 
44126 
44127 
44128 
44129 
44130 
44131 
44132 
44133 
44134 
44135 
44136 
44137 
44138 
44139 
44140 
44141 
44200 
44201 
44202 
44203 
44204 
44205 
44206 
44207 
44208 
44209 
44210 
44211 
44212 
44213 
44214 
44215 
44216 
44217 
44218 
44219 
44220 
44221 
44222 
44223 
44224 
44225 
44226 
44227 
44228 
44229 
44230 
44231 
44232 
44233 
44234 
44235 
44236 
44237 
44238 
44239 
44240 
44241 
44242 
44243 
44244 
44245 
44246 
44247 
44248 
44249 
44250 
44251 
44252 
44253 
44254 
44255 
44256 
44257 
44258 
44259 
44260 
44261 
44262 
44263 
44264 
44265 
44266 
44320 
44321 
44322 
44323 
44324 
44325 
44326 
44327 
44328 
44329 
44330 
44331 
44332 
44333 
44334 
44335 
44336 
44337 
44338 
44339 
44340 
44341 
44342 
44343 
44344 
44345 
44346 
44347 
44348 
44349 
44350 
44351 
44352 
44353 
44354 
44355 
44356 
44357 
44358 
44359 
44360 
44361 
44362 
44363 
44364 
44365 
44366 
44367 
44368 
44369 
44370 
44371 
44372 
44373 
44459 
44460 
44461 
44462 
44463 
44464 
44465 
44466 
44467 
44468 
44469 
44470 
44471 
44472 
44473 
44474 
44475 
44476 
44477 
44478 
44479 
44480 
44481 
44482 
44483 
44484 
44485 
44486 
44487 
44488 
44489 
44490 
44491 
44492 
44493 
44494 
44495 
44496 
44497 
44498 
44499 
44500 
44560 
44561 
44562 
44563 
44564 
44565 
44566 
44567 
44568 
44569 
44570 
44571 
44572 
44573 
44574 
44575 
44576 
44577 
44578 
44579 
44580 
44581 
44582 
44583 
44584 
44585 
44586 
44587 
44588 
44589 
44590 
44591 
44592 
44593 
44594 
44595 
44596 
44597 
44598 
44599 
44600 
44601 
44602 
44603 
44604 
44605 
44606 
44607 
44608 
44609 
44610 
44611 
44612 
44613 
44614 
44615 
44616 
44617 
44618 
44619 
44620 
44621 
44622 
44623 
44624 
44625 
44626 
44680 
44681 
44682 
44683 
44684 
44685 
44686 
44687 
44688 
44689 
44690 
44691 
44692 
44693 
44694 
44695 
44696 
44697 
44698 
44699 
44700 
44701 
44702 
44703 
44704 
44705 
44706 
44707 
44708 
44709 
44710 
44711 
44712 
44713 
44714 
44715 
44716 
44717 
44718 
44719 
44720 
44721 
44722 
44723 
44724 
44725 
44726 
44727 
44728 
44729 
44730 
44731 
44732 
44819 
44820 
44821 
44822 
44823 
44824 
44825 
44826 
44827 
44828 
44829 
44830 
44831 
44832 
44833 
44834 
44835 
44836 
44837 
44838 
44839 
44840 
44841 
44842 
44843 
44844 
44845 
44846 
44847 
44848 
44849 
44850 
44851 
44852 
44853 
44854 
44855 
44856 
44857 
44858 
44859 
44860 
44920 
44921 
44922 
44923 
44924 
44925 
44926 
44927 
44928 
44929 
44930 
44931 
44932 
44933 
44934 
44935 
44936 
44937 
44938 
44939 
44940 
44941 
44942 
44943 
44944 
44945 
44946 
44947 
44948 
44949 
44950 
44951 
44952 
44953 
44954 
44955 
44956 
44957 
44958 
44959 
44960 
44961 
44962 
44963 
44964 
44965 
44966 
44967 
44968 
44969 
44970 
44971 
44972 
44973 
44974 
44975 
44976 
44977 
44978 
44979 
44980 
44981 
44982 
44983 
44984 
44985 
44986 
45040 
45041 
45042 
45043 
45044 
45045 
45046 
45047 
45048 
45049 
45050 
45051 
45052 
45053 
45054 
45055 
45056 
45057 
45058 
45059 
45060 
45061 
45062 
45063 
45064 
45065 
45066 
45067 
45068 
45069 
45070 
45071 
45072 
45073 
45074 
45075 
45076 
45077 
45078 
45079 
45080 
45081 
45082 
45083 
45084 
45085 
45086 
45087 
45088 
45089 
45090 
45091 
45092 
45180 
45181 
45182 
45183 
45184 
45185 
45186 
45187 
45188 
45189 
45190 
45191 
45192 
45193 
45194 
45195 
45196 
45197 
45198 
45199 
45200 
45201 
45202 
45203 
45204 
45205 
45206 
45207 
45208 
45209 
45210 
45211 
45212 
45213 
45214 
45215 
45216 
45217 
45218 
45219 
45280 
45281 
45282 
45283 
45284 
45285 
45286 
45287 
45288 
45289 
45290 
45291 
45292 
45293 
45294 
45295 
45296 
45297 
45298 
45299 
45300 
45301 
45302 
45303 
45304 
45305 
45306 
45307 
45308 
45309 
45310 
45311 
45312 
45313 
45314 
45315 
45316 
45317 
45318 
45319 
45320 
45321 
45322 
45323 
45324 
45325 
45326 
45327 
45328 
45329 
45330 
45331 
45332 
45333 
45334 
45335 
45336 
45337 
45338 
45339 
45340 
45341 
45342 
45343 
45344 
45345 
45346 
45400 
45401 
45402 
45403 
45404 
45405 
45406 
45407 
45408 
45409 
45410 
45411 
45412 
45413 
45414 
45415 
45416 
45417 
45418 
45419 
45420 
45421 
45422 
45423 
45424 
45425 
45426 
45427 
45428 
45429 
45430 
45431 
45432 
45433 
45434 
45435 
45436 
45437 
45438 
45439 
45440 
45441 
45442 
45443 
45444 
45445 
45446 
45447 
45448 
45449 
45450 
45451 
45452 
45541 
45542 
45543 
45544 
45545 
45546 
45547 
45548 
45549 
45550 
45551 
45552 
45553 
45554 
45555 
45556 
45557 
45558 
45559 
45560 
45561 
45562 
45563 
45564 
45565 
45566 
45567 
45568 
45569 
45570 
45571 
45572 
45573 
45574 
45575 
45576 
45577 
45578 
45640 
45641 
45642 
45643 
45644 
45645 
45646 
45647 
45648 
45649 
45650 
45651 
45652 
45653 
45654 
45655 
45656 
45657 
45658 
45659 
45660 
45661 
45662 
45663 
45664 
45665 
45666 
45667 
45668 
45669 
45670 
45671 
45672 
45673 
45674 
45675 
45676 
45677 
45678 
45679 
45680 
45681 
45682 
45683 
45684 
45685 
45686 
45687 
45688 
45689 
45690 
45691 
45692 
45693 
45694 
45695 
45696 
45697 
45698 
45699 
45700 
45701 
45702 
45703 
45704 
45705 
45706 
45760 
45761 
45762 
45763 
45764 
45765 
45766 
45767 
45768 
45769 
45770 
45771 
45772 
45773 
45774 
45775 
45776 
45777 
45778 
45779 
45780 
45781 
45782 
45783 
45784 
45785 
45786 
45787 
45788 
45789 
45790 
45791 
45792 
45793 
45794 
45795 
45796 
45797 
45798 
45799 
45800 
45801 
45802 
45803 
45804 
45805 
45806 
45807 
45808 
45809 
45810 
45811 
45812 
45902 
45903 
45904 
45905 
45906 
45907 
45908 
45909 
45910 
45911 
45912 
45913 
45914 
45915 
45916 
45917 
45918 
45919 
45920 
45921 
45922 
45923 
45924 
45925 
45926 
45927 
45928 
45929 
45930 
45931 
45932 
45933 
45934 
45935 
45936 
45937 
46000 
46001 
46002 
46003 
46004 
46005 
46006 
46007 
46008 
46009 
46010 
46011 
46012 
46013 
46014 
46015 
46016 
46017 
46018 
46019 
46020 
46021 
46022 
46023 
46024 
46025 
46026 
46027 
46028 
46029 
46030 
46031 
46032 
46033 
46034 
46035 
46036 
46037 
46038 
46039 
46040 
46041 
46042 
46043 
46044 
46045 
46046 
46047 
46048 
46049 
46050 
46051 
46052 
46053 
46054 
46055 
46056 
46057 
46058 
46059 
46060 
46061 
46062 
46063 
46064 
46065 
46066 
46121 
46122 
46123 
46124 
46125 
46126 
46127 
46128 
46129 
46130 
46131 
46132 
46133 
46134 
46135 
46136 
46137 
46138 
46139 
46140 
46141 
46142 
46143 
46144 
46145 
46146 
46147 
46148 
46149 
46150 
46151 
46152 
46153 
46154 
46155 
46156 
46157 
46158 
46159 
46160 
46161 
46162 
46163 
46164 
46165 
46166 
46167 
46168 
46169 
46170 
46171 
46172 
46264 
46265 
46266 
46267 
46268 
46269 
46270 
46271 
46272 
46273 
46274 
46275 
46276 
46277 
46278 
46279 
46280 
46281 
46282 
46283 
46284 
46285 
46286 
46287 
46288 
46289 
46290 
46291 
46292 
46293 
46294 
46295 
46360 
46361 
46362 
46363 
46364 
46365 
46366 
46367 
46368 
46369 
46370 
46371 
46372 
46373 
46374 
46375 
46376 
46377 
46378 
46379 
46380 
46381 
46382 
46383 
46384 
46385 
46386 
46387 
46388 
46389 
46390 
46391 
46392 
46393 
46394 
46395 
46396 
46397 
46398 
46399 
46400 
46401 
46402 
46403 
46404 
46405 
46406 
46407 
46408 
46409 
46410 
46411 
46412 
46413 
46414 
46415 
46416 
46417 
46418 
46419 
46420 
46421 
46422 
46423 
46424 
46425 
46426 
46481 
46482 
46483 
46484 
46485 
46486 
46487 
46488 
46489 
46490 
46491 
46492 
46493 
46494 
46495 
46496 
46497 
46498 
46499 
46500 
46501 
46502 
46503 
46504 
46505 
46506 
46507 
46508 
46509 
46510 
46511 
46512 
46513 
46514 
46515 
46516 
46517 
46518 
46519 
46520 
46521 
46522 
46523 
46524 
46525 
46526 
46527 
46528 
46529 
46530 
46531 
46625 
46626 
46627 
46628 
46629 
46630 
46631 
46632 
46633 
46634 
46635 
46636 
46637 
46638 
46639 
46640 
46641 
46642 
46643 
46644 
46645 
46646 
46647 
46648 
46649 
46650 
46651 
46652 
46653 
46654 
46720 
46721 
46722 
46723 
46724 
46725 
46726 
46727 
46728 
46729 
46730 
46731 
46732 
46733 
46734 
46735 
46736 
46737 
46738 
46739 
46740 
46741 
46742 
46743 
46744 
46745 
46746 
46747 
46748 
46749 
46750 
46751 
46752 
46753 
46754 
46755 
46756 
46757 
46758 
46759 
46760 
46761 
46762 
46763 
46764 
46765 
46766 
46767 
46768 
46769 
46770 
46771 
46772 
46773 
46774 
46775 
46776 
46777 
46778 
46779 
46780 
46781 
46782 
46783 
46784 
46785 
46786 
46842 
46843 
46844 
46845 
46846 
46847 
46848 
46849 
46850 
46851 
46852 
46853 
46854 
46855 
46856 
46857 
46858 
46859 
46860 
46861 
46862 
46863 
46864 
46865 
46866 
46867 
46868 
46869 
46870 
46871 
46872 
46873 
46874 
46875 
46876 
46877 
46878 
46879 
46880 
46881 
46882 
46883 
46884 
46885 
46886 
46887 
46888 
46889 
46890 
46891 
46987 
46988 
46989 
46990 
46991 
46992 
46993 
46994 
46995 
46996 
46997 
46998 
46999 
47000 
47001 
47002 
47003 
47004 
47005 
47006 
47007 
47008 
47009 
47010 
47011 
47012 
47080 
47081 
47082 
47083 
47084 
47085 
47086 
47087 
47088 
47089 
47090 
47091 
47092 
47093 
47094 
47095 
47096 
47097 
47098 
47099 
47100 
47101 
47102 
47103 
47104 
47105 
47106 
47107 
47108 
47109 
47110 
47111 
47112 
47113 
47114 
47115 
47116 
47117 
47118 
47119 
47120 
47121 
47122 
47123 
47124 
47125 
47126 
47127 
47128 
47129 
47130 
47131 
47132 
47133 
47134 
47135 
47136 
47137 
47138 
47139 
47140 
47141 
47142 
47143 
47144 
47145 
47146 
47202 
47203 
47204 
47205 
47206 
47207 
47208 
47209 
47210 
47211 
47212 
47213 
47214 
47215 
47216 
47217 
47218 
47219 
47220 
47221 
47222 
47223 
47224 
47225 
47226 
47227 
47228 
47229 
47230 
47231 
47232 
47233 
47234 
47235 
47236 
47237 
47238 
47239 
47240 
47241 
47242 
47243 
47244 
47245 
47246 
47247 
47248 
47249 
47250 
47349 
47350 
47351 
47352 
47353 
47354 
47355 
47356 
47357 
47358 
47359 
47360 
47361 
47362 
47363 
47364 
47365 
47366 
47367 
47368 
47369 
47370 
47440 
47441 
47442 
47443 
47444 
47445 
47446 
47447 
47448 
47449 
47450 
47451 
47452 
47453 
47454 
47455 
47456 
47457 
47458 
47459 
47460 
47461 
47462 
47463 
47464 
47465 
47466 
47467 
47468 
47469 
47470 
47471 
47472 
47473 
47474 
47475 
47476 
47477 
47478 
47479 
47480 
47481 
47482 
47483 
47484 
47485 
47486 
47487 
47488 
47489 
47490 
47491 
47492 
47493 
47494 
47495 
47496 
47497 
47498 
47499 
47500 
47501 
47502 
47503 
47504 
47505 
47506 
47562 
47563 
47564 
47565 
47566 
47567 
47568 
47569 
47570 
47571 
47572 
47573 
47574 
47575 
47576 
47577 
47578 
47579 
47580 
47581 
47582 
47583 
47584 
47585 
47586 
47587 
47588 
47589 
47590 
47591 
47592 
47593 
47594 
47595 
47596 
47597 
47598 
47599 
47600 
47601 
47602 
47603 
47604 
47605 
47606 
47607 
47608 
47609 
47610 
47712 
47713 
47714 
47715 
47716 
47717 
47718 
47719 
47720 
47721 
47722 
47723 
47724 
47725 
47726 
47727 
47800 
47801 
47802 
47803 
47804 
47805 
47806 
47807 
47808 
47809 
47810 
47811 
47812 
47813 
47814 
47815 
47816 
47817 
47818 
47819 
47820 
47821 
47822 
47823 
47824 
47825 
47826 
47827 
47828 
47829 
47830 
47831 
47832 
47833 
47834 
47835 
47836 
47837 
47838 
47839 
47840 
47841 
47842 
47843 
47844 
47845 
47846 
47847 
47848 
47849 
47850 
47851 
47852 
47853 
47854 
47855 
47856 
47857 
47858 
47859 
47860 
47861 
47862 
47863 
47864 
47865 
47866 
47923 
47924 
47925 
47926 
47927 
47928 
47929 
47930 
47931 
47932 
47933 
47934 
47935 
47936 
47937 
47938 
47939 
47940 
47941 
47942 
47943 
47944 
47945 
47946 
47947 
47948 
47949 
47950 
47951 
47952 
47953 
47954 
47955 
47956 
47957 
47958 
47959 
47960 
47961 
47962 
47963 
47964 
47965 
47966 
47967 
47968 
47969 
48027 
48028 
48029 
48030 
48031 
48032 
48033 
48034 
48035 
48036 
48037 
48038 
48039 
48077 
48078 
48079 
48080 
48081 
48082 
48120 
48121 
48122 
48123 
48124 
48125 
48126 
48127 
48128 
48129 
48130 
48131 
48132 
48160 
48161 
48162 
48163 
48164 
48165 
48166 
48167 
48168 
48169 
48170 
48171 
48172 
48173 
48174 
48175 
48176 
48177 
48178 
48179 
48180 
48181 
48182 
48183 
48184 
48185 
48186 
48187 
48188 
48189 
48190 
48191 
48192 
48193 
48194 
48195 
48196 
48197 
48198 
48199 
48200 
48201 
48202 
48203 
48204 
48205 
48206 
48207 
48208 
48209 
48210 
48211 
48212 
48213 
48214 
48215 
48216 
48217 
48218 
48219 
48220 
48221 
48222 
48223 
48224 
48225 
48284 
48285 
48286 
48287 
48288 
48289 
48290 
48291 
48292 
48293 
48294 
48295 
48296 
48297 
48298 
48299 
48300 
48301 
48302 
48303 
48304 
48305 
48306 
48307 
48308 
48309 
48310 
48311 
48312 
48313 
48314 
48315 
48316 
48317 
48318 
48319 
48320 
48321 
48322 
48323 
48324 
48325 
48326 
48327 
48328 
48329 
48384 
48385 
48386 
48387 
48388 
48389 
48390 
48391 
48392 
48393 
48394 
48395 
48396 
48397 
48398 
48399 
48400 
48401 
48478 
48479 
48480 
48481 
48482 
48483 
48484 
48485 
48486 
48487 
48488 
48489 
48490 
48491 
48492 
48493 
48494 
48495 
48520 
48521 
48522 
48523 
48524 
48525 
48526 
48527 
48528 
48529 
48530 
48531 
48532 
48533 
48534 
48535 
48536 
48537 
48538 
48539 
48540 
48541 
48542 
48543 
48544 
48545 
48546 
48547 
48548 
48549 
48550 
48551 
48552 
48553 
48554 
48555 
48556 
48557 
48558 
48559 
48560 
48561 
48562 
48563 
48564 
48565 
48566 
48567 
48568 
48569 
48570 
48571 
48572 
48573 
48574 
48575 
48576 
48577 
48578 
48579 
48580 
48581 
48582 
48583 
48584 
48585 
48644 
48645 
48646 
48647 
48648 
48649 
48650 
48651 
48652 
48653 
48654 
48655 
48656 
48657 
48658 
48659 
48660 
48661 
48662 
48663 
48664 
48665 
48666 
48667 
48668 
48669 
48670 
48671 
48672 
48673 
48674 
48675 
48676 
48677 
48678 
48679 
48680 
48681 
48682 
48683 
48684 
48685 
48686 
48687 
48688 
48743 
48744 
48745 
48746 
48747 
48748 
48749 
48750 
48751 
48752 
48753 
48754 
48755 
48756 
48757 
48758 
48759 
48760 
48761 
48762 
48763 
48836 
48837 
48838 
48839 
48840 
48841 
48842 
48843 
48844 
48845 
48846 
48847 
48848 
48849 
48850 
48851 
48852 
48853 
48854 
48855 
48856 
48881 
48882 
48883 
48884 
48885 
48886 
48887 
48888 
48889 
48890 
48891 
48892 
48893 
48894 
48895 
48896 
48897 
48898 
48899 
48900 
48901 
48902 
48903 
48904 
48905 
48906 
48907 
48908 
48909 
48910 
48911 
48912 
48913 
48914 
48915 
48916 
48917 
48918 
48919 
48920 
48921 
48922 
48923 
48924 
48925 
48926 
48927 
48928 
48929 
48930 
48931 
48932 
48933 
48934 
48935 
48936 
48937 
48938 
48939 
48940 
48941 
48942 
48943 
48944 
48945 
49005 
49006 
49007 
49008 
49009 
49010 
49011 
49012 
49013 
49014 
49015 
49016 
49017 
49018 
49019 
49020 
49021 
49022 
49023 
49024 
49025 
49026 
49027 
49028 
49029 
49030 
49031 
49032 
49033 
49034 
49035 
49036 
49037 
49038 
49039 
49040 
49041 
49042 
49043 
49044 
49045 
49046 
49047 
49101 
49102 
49103 
49104 
49105 
49106 
49107 
49108 
49109 
49110 
49111 
49112 
49113 
49114 
49115 
49116 
49117 
49118 
49119 
49120 
49121 
49122 
49123 
49124 
49125 
49194 
49195 
49196 
49197 
49198 
49199 
49200 
49201 
49202 
49203 
49204 
49205 
49206 
49207 
49208 
49209 
49210 
49211 
49212 
49213 
49214 
49215 
49216 
49217 
49218 
49241 
49242 
49243 
49244 
49245 
49246 
49247 
49248 
49249 
49250 
49251 
49252 
49253 
49254 
49255 
49256 
49257 
49258 
49259 
49260 
49261 
49262 
49263 
49264 
49265 
49266 
49267 
49268 
49269 
49270 
49271 
49272 
49273 
49274 
49275 
49276 
49277 
49278 
49279 
49280 
49281 
49282 
49283 
49284 
49285 
49286 
49287 
49288 
49289 
49290 
49291 
49292 
49293 
49294 
49295 
49296 
49297 
49298 
49299 
49300 
49301 
49302 
49303 
49304 
49305 
49366 
49367 
49368 
49369 
49370 
49371 
49372 
49373 
49374 
49375 
49376 
49377 
49378 
49379 
49380 
49381 
49382 
49383 
49384 
49385 
49386 
49387 
49388 
49389 
49390 
49391 
49392 
49393 
49394 
49395 
49396 
49397 
49398 
49399 
49400 
49401 
49402 
49403 
49404 
49405 
49406 
49407 
49460 
49461 
49462 
49463 
49464 
49465 
49466 
49467 
49468 
49469 
49470 
49471 
49472 
49473 
49474 
49475 
49476 
49477 
49478 
49479 
49480 
49481 
49482 
49483 
49484 
49485 
49486 
49553 
49554 
49555 
49556 
49557 
49558 
49559 
49560 
49561 
49562 
49563 
49564 
49565 
49566 
49567 
49568 
49569 
49570 
49571 
49572 
49573 
49574 
49575 
49576 
49577 
49578 
49579 
49601 
49602 
49603 
49604 
49605 
49606 
49607 
49608 
49609 
49610 
49611 
49612 
49613 
49614 
49615 
49616 
49617 
49618 
49619 
49620 
49621 
49622 
49623 
49624 
49625 
49626 
49627 
49628 
49629 
49630 
49631 
49632 
49633 
49634 
49635 
49636 
49637 
49638 
49639 
49640 
49641 
49642 
49643 
49644 
49645 
49646 
49647 
49648 
49649 
49650 
49651 
49652 
49653 
49654 
49655 
49656 
49657 
49658 
49659 
49660 
49661 
49662 
49663 
49664 
49727 
49728 
49729 
49730 
49731 
49732 
49733 
49734 
49735 
49736 
49737 
49738 
49739 
49740 
49741 
49742 
49743 
49744 
49745 
49746 
49747 
49748 
49749 
49750 
49751 
49752 
49753 
49754 
49755 
49756 
49757 
49758 
49759 
49760 
49761 
49762 
49763 
49764 
49765 
49766 
49819 
49820 
49821 
49822 
49823 
49824 
49825 
49826 
49827 
49828 
49829 
49830 
49831 
49832 
49833 
49834 
49835 
49836 
49837 
49838 
49839 
49840 
49841 
49842 
49843 
49844 
49845 
49846 
49847 
49912 
49913 
49914 
49915 
49916 
49917 
49918 
49919 
49920 
49921 
49922 
49923 
49924 
49925 
49926 
49927 
49928 
49929 
49930 
49931 
49932 
49933 
49934 
49935 
49936 
49937 
49938 
49939 
49940 
49962 
49963 
49964 
49965 
49966 
49967 
49968 
49969 
49970 
49971 
49972 
49973 
49974 
49975 
49976 
49977 
49978 
49979 
49980 
49981 
49982 
49983 
49984 
49985 
49986 
49987 
49988 
49989 
49990 
49991 
49992 
49993 
49994 
49995 
49996 
49997 
49998 
49999 
50000 
50001 
50002 
50003 
50004 
50005 
50006 
50007 
50008 
50009 
50010 
50011 
50012 
50013 
50014 
50015 
50016 
50017 
50018 
50019 
50020 
50021 
50022 
50023 
50024 
50088 
50089 
50090 
50091 
50092 
50093 
50094 
50095 
50096 
50097 
50098 
50099 
50100 
50101 
50102 
50103 
50104 
50105 
50106 
50107 
50108 
50109 
50110 
50111 
50112 
50113 
50114 
50115 
50116 
50117 
50118 
50119 
50120 
50121 
50122 
50123 
50124 
50125 
50178 
50179 
50180 
50181 
50182 
50183 
50184 
50185 
50186 
50187 
50188 
50189 
50190 
50191 
50192 
50193 
50194 
50195 
50196 
50197 
50198 
50199 
50200 
50201 
50202 
50203 
50204 
50205 
50206 
50207 
50208 
50271 
50272 
50273 
50274 
50275 
50276 
50277 
50278 
50279 
50280 
50281 
50282 
50283 
50284 
50285 
50286 
50287 
50288 
50289 
50290 
50291 
50292 
50293 
50294 
50295 
50296 
50297 
50298 
50299 
50300 
50301 
50322 
50323 
50324 
50325 
50326 
50327 
50328 
50329 
50330 
50331 
50332 
50333 
50334 
50335 
50336 
50337 
50338 
50339 
50340 
50341 
50342 
50343 
50344 
50345 
50346 
50347 
50348 
50349 
50350 
50351 
50352 
50353 
50354 
50355 
50356 
50357 
50358 
50359 
50360 
50361 
50362 
50363 
50364 
50365 
50366 
50367 
50368 
50369 
50370 
50371 
50372 
50373 
50374 
50375 
50376 
50377 
50378 
50379 
50380 
50381 
50382 
50383 
50384 
50449 
50450 
50451 
50452 
50453 
50454 
50455 
50456 
50457 
50458 
50459 
50460 
50461 
50462 
50463 
50464 
50465 
50466 
50467 
50468 
50469 
50470 
50471 
50472 
50473 
50474 
50475 
50476 
50477 
50478 
50479 
50480 
50481 
50482 
50483 
50484 
50537 
50538 
50539 
50540 
50541 
50542 
50543 
50544 
50545 
50546 
50547 
50548 
50549 
50550 
50551 
50552 
50553 
50554 
50555 
50556 
50557 
50558 
50559 
50560 
50561 
50562 
50563 
50564 
50565 
50566 
50567 
50568 
50569 
50630 
50631 
50632 
50633 
50634 
50635 
50636 
50637 
50638 
50639 
50640 
50641 
50642 
50643 
50644 
50645 
50646 
50647 
50648 
50649 
50650 
50651 
50652 
50653 
50654 
50655 
50656 
50657 
50658 
50659 
50660 
50661 
50662 
50682 
50683 
50684 
50685 
50686 
50687 
50688 
50689 
50690 
50691 
50692 
50693 
50694 
50695 
50696 
50697 
50698 
50699 
50700 
50701 
50702 
50703 
50704 
50705 
50706 
50707 
50708 
50709 
50710 
50711 
50712 
50713 
50714 
50715 
50716 
50717 
50718 
50719 
50720 
50721 
50722 
50723 
50724 
50725 
50726 
50727 
50728 
50729 
50730 
50731 
50732 
50733 
50734 
50735 
50736 
50737 
50738 
50739 
50740 
50741 
50742 
50743 
50810 
50811 
50812 
50813 
50814 
50815 
50816 
50817 
50818 
50819 
50820 
50821 
50822 
50823 
50824 
50825 
50826 
50827 
50828 
50829 
50830 
50831 
50832 
50833 
50834 
50835 
50836 
50837 
50838 
50839 
50840 
50841 
50842 
50896 
50897 
50898 
50899 
50900 
50901 
50902 
50903 
50904 
50905 
50906 
50907 
50908 
50909 
50910 
50911 
50912 
50913 
50914 
50915 
50916 
50917 
50918 
50919 
50920 
50921 
50922 
50923 
50924 
50925 
50926 
50927 
50928 
50929 
50990 
50991 
50992 
50993 
50994 
50995 
50996 
50997 
50998 
50999 
51000 
51001 
51002 
51003 
51004 
51005 
51006 
51007 
51008 
51009 
51010 
51011 
51012 
51013 
51014 
51015 
51016 
51017 
51018 
51019 
51020 
51021 
51022 
51023 
51043 
51044 
51045 
51046 
51047 
51048 
51049 
51050 
51051 
51052 
51053 
51054 
51055 
51056 
51057 
51058 
51059 
51060 
51061 
51062 
51063 
51064 
51065 
51066 
51067 
51068 
51069 
51070 
51071 
51072 
51073 
51074 
51075 
51076 
51077 
51078 
51079 
51080 
51081 
51082 
51083 
51084 
51085 
51086 
51087 
51088 
51089 
51090 
51091 
51092 
51093 
51094 
51095 
51096 
51097 
51098 
51099 
51100 
51101 
51102 
51103 
51171 
51172 
51173 
51174 
51175 
51176 
51177 
51178 
51179 
51180 
51181 
51182 
51183 
51184 
51185 
51186 
51187 
51188 
51189 
51190 
51191 
51192 
51193 
51194 
51195 
51196 
51197 
51198 
51199 
51200 
51201 
51256 
51257 
51258 
51259 
51260 
51261 
51262 
51263 
51264 
51265 
51266 
51267 
51268 
51269 
51270 
51271 
51272 
51273 
51274 
51275 
51276 
51277 
51278 
51279 
51280 
51281 
51282 
51283 
51284 
51285 
51286 
51287 
51288 
51289 
51290 
51349 
51350 
51351 
51352 
51353 
51354 
51355 
51356 
51357 
51358 
51359 
51360 
51361 
51362 
51363 
51364 
51365 
51366 
51367 
51368 
51369 
51370 
51371 
51372 
51373 
51374 
51375 
51376 
51377 
51378 
51379 
51380 
51381 
51382 
51383 
51403 
51404 
51405 
51406 
51407 
51408 
51409 
51410 
51411 
51412 
51413 
51414 
51415 
51416 
51417 
51418 
51419 
51420 
51421 
51422 
51423 
51424 
51425 
51426 
51427 
51428 
51429 
51430 
51431 
51432 
51433 
51434 
51435 
51436 
51437 
51438 
51439 
51440 
51441 
51442 
51443 
51444 
51445 
51446 
51447 
51448 
51449 
51450 
51451 
51452 
51453 
51454 
51455 
51456 
51457 
51458 
51459 
51460 
51461 
51462 
51533 
51534 
51535 
51536 
51537 
51538 
51539 
51540 
51541 
51542 
51543 
51544 
51545 
51546 
51547 
51548 
51549 
51550 
51551 
51552 
51553 
51554 
51555 
51556 
51557 
51558 
51559 
51615 
51616 
51617 
51618 
51619 
51620 
51621 
51622 
51623 
51624 
51625 
51626 
51627 
51628 
51629 
51630 
51631 
51632 
51633 
51634 
51635 
51636 
51637 
51638 
51639 
51640 
51641 
51642 
51643 
51644 
51645 
51646 
51647 
51648 
51649 
51650 
51651 
51708 
51709 
51710 
51711 
51712 
51713 
51714 
51715 
51716 
51717 
51718 
51719 
51720 
51721 
51722 
51723 
51724 
51725 
51726 
51727 
51728 
51729 
51730 
51731 
51732 
51733 
51734 
51735 
51736 
51737 
51738 
51739 
51740 
51741 
51742 
51743 
51744 
51764 
51765 
51766 
51767 
51768 
51769 
51770 
51771 
51772 
51773 
51774 
51775 
51776 
51777 
51778 
51779 
51780 
51781 
51782 
51783 
51784 
51785 
51786 
51787 
51788 
51789 
51790 
51791 
51792 
51793 
51794 
51795 
51796 
51797 
51798 
51799 
51800 
51801 
51802 
51803 
51804 
51805 
51806 
51807 
51808 
51809 
51810 
51811 
51812 
51813 
51814 
51815 
51816 
51817 
51818 
51819 
51820 
51821 
51822 
51895 
51896 
51897 
51898 
51899 
51900 
51901 
51902 
51903 
51904 
51905 
51906 
51907 
51908 
51909 
51910 
51911 
51912 
51913 
51914 
51915 
51916 
51917 
51975 
51976 
51977 
51978 
51979 
51980 
51981 
51982 
51983 
51984 
51985 
51986 
51987 
51988 
51989 
51990 
51991 
51992 
51993 
51994 
51995 
51996 
51997 
51998 
51999 
52000 
52001 
52002 
52003 
52004 
52005 
52006 
52007 
52008 
52009 
52010 
52011 
52068 
52069 
52070 
52071 
52072 
52073 
52074 
52075 
52076 
52077 
52078 
52079 
52080 
52081 
52082 
52083 
52084 
52085 
52086 
52087 
52088 
52089 
52090 
52091 
52092 
52093 
52094 
52095 
52096 
52097 
52098 
52099 
52100 
52101 
52102 
52103 
52104 
52125 
52126 
52127 
52128 
52129 
52130 
52131 
52132 
52133 
52134 
52135 
52136 
52137 
52138 
52139 
52140 
52141 
52142 
52143 
52144 
52145 
52146 
52147 
52148 
52149 
52150 
52151 
52152 
52153 
52154 
52155 
52156 
52157 
52158 
52159 
52160 
52161 
52162 
52163 
52164 
52165 
52166 
52167 
52168 
52169 
52170 
52171 
52172 
52173 
52174 
52175 
52176 
52177 
52178 
52179 
52180 
52181 
52258 
52259 
52260 
52261 
52262 
52263 
52264 
52265 
52266 
52267 
52268 
52269 
52270 
52271 
52272 
52273 
52274 
52275 
52334 
52335 
52336 
52337 
52338 
52339 
52340 
52341 
52342 
52343 
52344 
52345 
52346 
52347 
52348 
52349 
52350 
52351 
52352 
52353 
52354 
52355 
52356 
52357 
52358 
52359 
52360 
52361 
52362 
52363 
52364 
52365 
52366 
52367 
52368 
52369 
52370 
52371 
52372 
52427 
52428 
52429 
52430 
52431 
52432 
52433 
52434 
52435 
52436 
52437 
52438 
52439 
52440 
52441 
52442 
52443 
52444 
52445 
52446 
52447 
52448 
52449 
52450 
52451 
52452 
52453 
52454 
52455 
52456 
52457 
52458 
52459 
52460 
52461 
52462 
52463 
52464 
52465 
52485 
52486 
52487 
52488 
52489 
52490 
52491 
52492 
52493 
52494 
52495 
52496 
52497 
52498 
52499 
52500 
52501 
52502 
52503 
52504 
52505 
52506 
52507 
52508 
52509 
52510 
52511 
52512 
52513 
52514 
52515 
52516 
52517 
52518 
52519 
52520 
52521 
52522 
52523 
52524 
52525 
52526 
52527 
52528 
52529 
52530 
52531 
52532 
52533 
52534 
52535 
52536 
52537 
52538 
52539 
52540 
52621 
52622 
52623 
52624 
52625 
52626 
52627 
52628 
52629 
52630 
52631 
52694 
52695 
52696 
52697 
52698 
52699 
52700 
52701 
52702 
52703 
52704 
52705 
52706 
52707 
52708 
52709 
52710 
52711 
52712 
52713 
52714 
52715 
52716 
52717 
52718 
52719 
52720 
52721 
52722 
52723 
52724 
52725 
52726 
52727 
52728 
52729 
52730 
52731 
52732 
52787 
52788 
52789 
52790 
52791 
52792 
52793 
52794 
52795 
52796 
52797 
52798 
52799 
52800 
52801 
52802 
52803 
52804 
52805 
52806 
52807 
52808 
52809 
52810 
52811 
52812 
52813 
52814 
52815 
52816 
52817 
52818 
52819 
52820 
52821 
52822 
52823 
52824 
52825 
52846 
52847 
52848 
52849 
52850 
52851 
52852 
52853 
52854 
52855 
52856 
52857 
52858 
52859 
52860 
52861 
52862 
52863 
52864 
52865 
52866 
52867 
52868 
52869 
52870 
52871 
52872 
52873 
52874 
52875 
52876 
52877 
52878 
52879 
52880 
52881 
52882 
52883 
52884 
52885 
52886 
52887 
52888 
52889 
52890 
52891 
52892 
52893 
52894 
52895 
52896 
52897 
52898 
52899 
52900 
53053 
53054 
53055 
53056 
53057 
53058 
53059 
53060 
53061 
53062 
53063 
53064 
53065 
53066 
53067 
53068 
53069 
53070 
53071 
53072 
53073 
53074 
53075 
53076 
53077 
53078 
53079 
53080 
53081 
53082 
53083 
53084 
53085 
53086 
53087 
53088 
53089 
53090 
53091 
53092 
53147 
53148 
53149 
53150 
53151 
53152 
53153 
53154 
53155 
53156 
53157 
53158 
53159 
53160 
53161 
53162 
53163 
53164 
53165 
53166 
53167 
53168 
53169 
53170 
53171 
53172 
53173 
53174 
53175 
53176 
53177 
53178 
53179 
53180 
53181 
53182 
53183 
53184 
53185 
53186 
53207 
53208 
53209 
53210 
53211 
53212 
53213 
53214 
53215 
53216 
53217 
53218 
53219 
53220 
53221 
53222 
53223 
53224 
53225 
53226 
53227 
53228 
53229 
53230 
53231 
53232 
53233 
53234 
53235 
53236 
53237 
53238 
53239 
53240 
53241 
53242 
53243 
53244 
53245 
53246 
53247 
53248 
53249 
53250 
53251 
53252 
53253 
53254 
53255 
53256 
53257 
53258 
53259 
53413 
53414 
53415 
53416 
53417 
53418 
53419 
53420 
53421 
53422 
53423 
53424 
53425 
53426 
53427 
53428 
53429 
53430 
53431 
53432 
53433 
53434 
53435 
53436 
53437 
53438 
53439 
53440 
53441 
53442 
53443 
53444 
53445 
53446 
53447 
53448 
53449 
53450 
53451 
53452 
53507 
53508 
53509 
53510 
53511 
53512 
53513 
53514 
53515 
53516 
53517 
53518 
53519 
53520 
53521 
53522 
53523 
53524 
53525 
53526 
53527 
53528 
53529 
53530 
53531 
53532 
53533 
53534 
53535 
53536 
53537 
53538 
53539 
53540 
53541 
53542 
53543 
53544 
53545 
53546 
53568 
53569 
53570 
53571 
53572 
53573 
53574 
53575 
53576 
53577 
53578 
53579 
53580 
53581 
53582 
53583 
53584 
53585 
53586 
53587 
53588 
53589 
53590 
53591 
53592 
53593 
53594 
53595 
53596 
53597 
53598 
53599 
53600 
53601 
53602 
53603 
53604 
53605 
53606 
53607 
53608 
53609 
53610 
53611 
53612 
53613 
53614 
53615 
53616 
53617 
53618 
53773 
53774 
53775 
53776 
53777 
53778 
53779 
53780 
53781 
53782 
53783 
53784 
53785 
53786 
53787 
53788 
53789 
53790 
53791 
53792 
53793 
53794 
53795 
53796 
53797 
53798 
53799 
53800 
53801 
53802 
53803 
53804 
53805 
53806 
53807 
53808 
53809 
53810 
53811 
53812 
53813 
53866 
53867 
53868 
53869 
53870 
53871 
53872 
53873 
53874 
53875 
53876 
53877 
53878 
53879 
53880 
53881 
53882 
53883 
53884 
53885 
53886 
53887 
53888 
53889 
53890 
53891 
53892 
53893 
53894 
53895 
53896 
53897 
53898 
53899 
53900 
53901 
53902 
53903 
53904 
53905 
53906 
53928 
53929 
53930 
53931 
53932 
53933 
53934 
53935 
53936 
53937 
53938 
53939 
53940 
53941 
53942 
53943 
53944 
53945 
53946 
53947 
53948 
53949 
53950 
53951 
53952 
53953 
53954 
53955 
53956 
53957 
53958 
53959 
53960 
53961 
53962 
53963 
53964 
53965 
53966 
53967 
53968 
53969 
53970 
53971 
53972 
53973 
53974 
53975 
53976 
53977 
54133 
54134 
54135 
54136 
54137 
54138 
54139 
54140 
54141 
54142 
54143 
54144 
54145 
54146 
54147 
54148 
54149 
54150 
54151 
54152 
54153 
54154 
54155 
54156 
54157 
54158 
54159 
54160 
54161 
54162 
54163 
54164 
54165 
54166 
54167 
54168 
54169 
54170 
54171 
54172 
54173 
54226 
54227 
54228 
54229 
54230 
54231 
54232 
54233 
54234 
54235 
54236 
54237 
54238 
54239 
54240 
54241 
54242 
54243 
54244 
54245 
54246 
54247 
54248 
54249 
54250 
54251 
54252 
54253 
54254 
54255 
54256 
54257 
54258 
54259 
54260 
54261 
54262 
54263 
54264 
54265 
54266 
54289 
54290 
54291 
54292 
54293 
54294 
54295 
54296 
54297 
54298 
54299 
54300 
54301 
54302 
54303 
54304 
54305 
54306 
54307 
54308 
54309 
54310 
54311 
54312 
54313 
54314 
54315 
54316 
54317 
54318 
54319 
54320 
54321 
54322 
54323 
54324 
54325 
54326 
54327 
54328 
54329 
54330 
54331 
54332 
54333 
54334 
54335 
54336 
54493 
54494 
54495 
54496 
54497 
54498 
54499 
54500 
54501 
54502 
54503 
54504 
54505 
54506 
54507 
54508 
54509 
54510 
54511 
54512 
54513 
54514 
54515 
54516 
54517 
54518 
54519 
54520 
54521 
54522 
54523 
54524 
54525 
54526 
54527 
54528 
54529 
54530 
54531 
54532 
54533 
54586 
54587 
54588 
54589 
54590 
54591 
54592 
54593 
54594 
54595 
54596 
54597 
54598 
54599 
54600 
54601 
54602 
54603 
54604 
54605 
54606 
54607 
54608 
54609 
54610 
54611 
54612 
54613 
54614 
54615 
54616 
54617 
54618 
54619 
54620 
54621 
54622 
54623 
54624 
54625 
54626 
54650 
54651 
54652 
54653 
54654 
54655 
54656 
54657 
54658 
54659 
54660 
54661 
54662 
54663 
54664 
54665 
54666 
54667 
54668 
54669 
54670 
54671 
54672 
54673 
54674 
54675 
54676 
54677 
54678 
54679 
54680 
54681 
54682 
54683 
54684 
54685 
54686 
54687 
54688 
54689 
54690 
54691 
54692 
54693 
54694 
54695 
54853 
54854 
54855 
54856 
54857 
54858 
54859 
54860 
54861 
54862 
54863 
54864 
54865 
54866 
54867 
54868 
54869 
54870 
54871 
54872 
54873 
54874 
54875 
54876 
54877 
54878 
54879 
54880 
54881 
54882 
54883 
54884 
54885 
54886 
54887 
54888 
54889 
54890 
54891 
54892 
54893 
54946 
54947 
54948 
54949 
54950 
54951 
54952 
54953 
54954 
54955 
54956 
54957 
54958 
54959 
54960 
54961 
54962 
54963 
54964 
54965 
54966 
54967 
54968 
54969 
54970 
54971 
54972 
54973 
54974 
54975 
54976 
54977 
54978 
54979 
54980 
54981 
54982 
54983 
54984 
54985 
54986 
55012 
55013 
55014 
55015 
55016 
55017 
55018 
55019 
55020 
55021 
55022 
55023 
55024 
55025 
55026 
55027 
55028 
55029 
55030 
55031 
55032 
55033 
55034 
55035 
55036 
55037 
55038 
55039 
55040 
55041 
55042 
55043 
55044 
55045 
55046 
55047 
55048 
55049 
55050 
55051 
55052 
55053 
55054 
55213 
55214 
55215 
55216 
55217 
55218 
55219 
55220 
55221 
55222 
55223 
55224 
55225 
55226 
55227 
55228 
55229 
55230 
55231 
55232 
55233 
55234 
55235 
55236 
55237 
55238 
55239 
55240 
55241 
55242 
55243 
55244 
55245 
55246 
55247 
55248 
55249 
55250 
55251 
55252 
55253 
55306 
55307 
55308 
55309 
55310 
55311 
55312 
55313 
55314 
55315 
55316 
55317 
55318 
55319 
55320 
55321 
55322 
55323 
55324 
55325 
55326 
55327 
55328 
55329 
55330 
55331 
55332 
55333 
55334 
55335 
55336 
55337 
55338 
55339 
55340 
55341 
55342 
55343 
55344 
55345 
55346 
55373 
55374 
55375 
55376 
55377 
55378 
55379 
55380 
55381 
55382 
55383 
55384 
55385 
55386 
55387 
55388 
55389 
55390 
55391 
55392 
55393 
55394 
55395 
55396 
55397 
55398 
55399 
55400 
55401 
55402 
55403 
55404 
55405 
55406 
55407 
55408 
55409 
55410 
55411 
55412 
55413 
55573 
55574 
55575 
55576 
55577 
55578 
55579 
55580 
55581 
55582 
55583 
55584 
55585 
55586 
55587 
55588 
55589 
55590 
55591 
55592 
55593 
55594 
55595 
55596 
55597 
55598 
55599 
55600 
55601 
55602 
55603 
55604 
55605 
55606 
55607 
55608 
55609 
55610 
55611 
55612 
55613 
55666 
55667 
55668 
55669 
55670 
55671 
55672 
55673 
55674 
55675 
55676 
55677 
55678 
55679 
55680 
55681 
55682 
55683 
55684 
55685 
55686 
55687 
55688 
55689 
55690 
55691 
55692 
55693 
55694 
55695 
55696 
55697 
55698 
55699 
55700 
55701 
55702 
55703 
55704 
55705 
55706 
55734 
55735 
55736 
55737 
55738 
55739 
55740 
55741 
55742 
55743 
55744 
55745 
55746 
55747 
55748 
55749 
55750 
55751 
55752 
55753 
55754 
55755 
55756 
55757 
55758 
55759 
55760 
55761 
55762 
55763 
55764 
55765 
55766 
55767 
55768 
55769 
55770 
55771 
55933 
55934 
55935 
55936 
55937 
55938 
55939 
55940 
55941 
55942 
55943 
55944 
55945 
55946 
55947 
55948 
55949 
55950 
55951 
55952 
55953 
55954 
55955 
55956 
55957 
55958 
55959 
55960 
55961 
55962 
55963 
55964 
55965 
55966 
55967 
55968 
55969 
55970 
55971 
55972 
55973 
56026 
56027 
56028 
56029 
56030 
56031 
56032 
56033 
56034 
56035 
56036 
56037 
56038 
56039 
56040 
56041 
56042 
56043 
56044 
56045 
56046 
56047 
56048 
56049 
56050 
56051 
56052 
56053 
56054 
56055 
56056 
56057 
56058 
56059 
56060 
56061 
56062 
56063 
56064 
56065 
56066 
56096 
56097 
56098 
56099 
56100 
56101 
56102 
56103 
56104 
56105 
56106 
56107 
56108 
56109 
56110 
56111 
56112 
56113 
56114 
56115 
56116 
56117 
56118 
56119 
56120 
56121 
56122 
56123 
56124 
56125 
56126 
56127 
56128 
56129 
56130 
56293 
56294 
56295 
56296 
56297 
56298 
56299 
56300 
56301 
56302 
56303 
56304 
56305 
56306 
56307 
56308 
56309 
56310 
56311 
56312 
56313 
56314 
56315 
56316 
56317 
56318 
56319 
56320 
56321 
56322 
56323 
56324 
56325 
56326 
56327 
56328 
56329 
56330 
56331 
56332 
56333 
56386 
56387 
56388 
56389 
56390 
56391 
56392 
56393 
56394 
56395 
56396 
56397 
56398 
56399 
56400 
56401 
56402 
56403 
56404 
56405 
56406 
56407 
56408 
56409 
56410 
56411 
56412 
56413 
56414 
56415 
56416 
56417 
56418 
56419 
56420 
56421 
56422 
56423 
56424 
56425 
56426 
56458 
56459 
56460 
56461 
56462 
56463 
56464 
56465 
56466 
56467 
56468 
56469 
56470 
56471 
56472 
56473 
56474 
56475 
56476 
56477 
56478 
56479 
56480 
56481 
56482 
56483 
56484 
56485 
56486 
56487 
56488 
56653 
56654 
56655 
56656 
56657 
56658 
56659 
56660 
56661 
56662 
56663 
56664 
56665 
56666 
56667 
56668 
56669 
56670 
56671 
56672 
56673 
56674 
56675 
56676 
56677 
56678 
56679 
56680 
56681 
56682 
56683 
56684 
56685 
56686 
56687 
56688 
56689 
56690 
56691 
56692 
56693 
56746 
56747 
56748 
56749 
56750 
56751 
56752 
56753 
56754 
56755 
56756 
56757 
56758 
56759 
56760 
56761 
56762 
56763 
56764 
56765 
56766 
56767 
56768 
56769 
56770 
56771 
56772 
56773 
56774 
56775 
56776 
56777 
56778 
56779 
56780 
56781 
56782 
56783 
56784 
56785 
56786 
56820 
56821 
56822 
56823 
56824 
56825 
56826 
56827 
56828 
56829 
56830 
56831 
56832 
56833 
56834 
56835 
56836 
56837 
56838 
56839 
56840 
56841 
56842 
56843 
56844 
56845 
56846 
57013 
57014 
57015 
57016 
57017 
57018 
57019 
57020 
57021 
57022 
57023 
57024 
57025 
57026 
57027 
57028 
57029 
57030 
57031 
57032 
57033 
57034 
57035 
57036 
57037 
57038 
57039 
57040 
57041 
57042 
57043 
57044 
57045 
57046 
57047 
57048 
57049 
57050 
57051 
57052 
57107 
57108 
57109 
57110 
57111 
57112 
57113 
57114 
57115 
57116 
57117 
57118 
57119 
57120 
57121 
57122 
57123 
57124 
57125 
57126 
57127 
57128 
57129 
57130 
57131 
57132 
57133 
57134 
57135 
57136 
57137 
57138 
57139 
57140 
57141 
57142 
57143 
57144 
57145 
57146 
57182 
57183 
57184 
57185 
57186 
57187 
57188 
57189 
57190 
57191 
57192 
57193 
57194 
57195 
57196 
57197 
57198 
57199 
57200 
57201 
57202 
57203 
57277 
57278 
57279 
57280 
57281 
57282 
57374 
57375 
57376 
57377 
57378 
57379 
57380 
57381 
57382 
57383 
57384 
57385 
57386 
57387 
57388 
57389 
57390 
57391 
57392 
57393 
57394 
57395 
57396 
57397 
57398 
57399 
57400 
57401 
57402 
57403 
57404 
57405 
57406 
57407 
57408 
57409 
57410 
57411 
57412 
57467 
57468 
57469 
57470 
57471 
57472 
57473 
57474 
57475 
57476 
57477 
57478 
57479 
57480 
57481 
57482 
57483 
57484 
57485 
57486 
57487 
57488 
57489 
57490 
57491 
57492 
57493 
57494 
57495 
57496 
57497 
57498 
57499 
57500 
57501 
57502 
57503 
57504 
57505 
57546 
57547 
57548 
57549 
57550 
57551 
57552 
57553 
57554 
57555 
57556 
57557 
57558 
57559 
57560 
57632 
57633 
57634 
57635 
57636 
57637 
57638 
57639 
57640 
57641 
57642 
57643 
57644 
57645 
57646 
57647 
57734 
57735 
57736 
57737 
57738 
57739 
57740 
57741 
57742 
57743 
57744 
57745 
57746 
57747 
57748 
57749 
57750 
57751 
57752 
57753 
57754 
57755 
57756 
57757 
57758 
57759 
57760 
57761 
57762 
57763 
57764 
57765 
57766 
57767 
57768 
57769 
57770 
57771 
57772 
57827 
57828 
57829 
57830 
57831 
57832 
57833 
57834 
57835 
57836 
57837 
57838 
57839 
57840 
57841 
57842 
57843 
57844 
57845 
57846 
57847 
57848 
57849 
57850 
57851 
57852 
57853 
57854 
57855 
57856 
57857 
57858 
57859 
57860 
57861 
57862 
57863 
57864 
57865 
57989 
57990 
57991 
57992 
57993 
57994 
57995 
57996 
57997 
57998 
57999 
58000 
58001 
58002 
58003 
58004 
58005 
58006 
58007 
58008 
58009 
58010 
58094 
58095 
58096 
58097 
58098 
58099 
58100 
58101 
58102 
58103 
58104 
58105 
58106 
58107 
58108 
58109 
58110 
58111 
58112 
58113 
58114 
58115 
58116 
58117 
58118 
58119 
58120 
58121 
58122 
58123 
58124 
58125 
58126 
58127 
58128 
58129 
58130 
58131 
58188 
58189 
58190 
58191 
58192 
58193 
58194 
58195 
58196 
58197 
58198 
58199 
58200 
58201 
58202 
58203 
58204 
58205 
58206 
58207 
58208 
58209 
58210 
58211 
58212 
58213 
58214 
58215 
58216 
58217 
58218 
58219 
58220 
58221 
58222 
58223 
58224 
58225 
58347 
58348 
58349 
58350 
58351 
58352 
58353 
58354 
58355 
58356 
58357 
58358 
58359 
58360 
58361 
58362 
58363 
58364 
58365 
58366 
58367 
58368 
58369 
58370 
58371 
58372 
58455 
58456 
58457 
58458 
58459 
58460 
58461 
58462 
58463 
58464 
58465 
58466 
58467 
58468 
58469 
58470 
58471 
58472 
58473 
58474 
58475 
58476 
58477 
58478 
58479 
58480 
58481 
58482 
58483 
58484 
58485 
58486 
58487 
58488 
58489 
58490 
58491 
58548 
58549 
58550 
58551 
58552 
58553 
58554 
58555 
58556 
58557 
58558 
58559 
58560 
58561 
58562 
58563 
58564 
58565 
58566 
58567 
58568 
58569 
58570 
58571 
58572 
58573 
58574 
58575 
58576 
58577 
58578 
58579 
58580 
58581 
58582 
58583 
58584 
58705 
58706 
58707 
58708 
58709 
58710 
58711 
58712 
58713 
58714 
58715 
58716 
58717 
58718 
58719 
58720 
58721 
58722 
58723 
58724 
58725 
58726 
58727 
58728 
58729 
58730 
58731 
58732 
58733 
58734 
58815 
58816 
58817 
58818 
58819 
58820 
58821 
58822 
58823 
58824 
58825 
58826 
58827 
58828 
58829 
58830 
58831 
58832 
58833 
58834 
58835 
58836 
58837 
58838 
58839 
58840 
58841 
58842 
58843 
58844 
58845 
58846 
58847 
58848 
58849 
58850 
58909 
58910 
58911 
58912 
58913 
58914 
58915 
58916 
58917 
58918 
58919 
58920 
58921 
58922 
58923 
58924 
58925 
58926 
58927 
58928 
58929 
58930 
58931 
58932 
58933 
58934 
58935 
58936 
58937 
58938 
58939 
58940 
58941 
58942 
58943 
58944 
59064 
59065 
59066 
59067 
59068 
59069 
59070 
59071 
59072 
59073 
59074 
59075 
59076 
59077 
59078 
59079 
59080 
59081 
59082 
59083 
59084 
59085 
59086 
59087 
59088 
59089 
59090 
59091 
59092 
59093 
59094 
59095 
59176 
59177 
59178 
59179 
59180 
59181 
59182 
59183 
59184 
59185 
59186 
59187 
59188 
59189 
59190 
59191 
59192 
59193 
59194 
59195 
59196 
59197 
59198 
59199 
59200 
59201 
59202 
59203 
59204 
59205 
59206 
59207 
59208 
59209 
59210 
59269 
59270 
59271 
59272 
59273 
59274 
59275 
59276 
59277 
59278 
59279 
59280 
59281 
59282 
59283 
59284 
59285 
59286 
59287 
59288 
59289 
59290 
59291 
59292 
59293 
59294 
59295 
59296 
59297 
59298 
59299 
59300 
59301 
59302 
59303 
59423 
59424 
59425 
59426 
59427 
59428 
59429 
59430 
59431 
59432 
59433 
59434 
59435 
59436 
59437 
59438 
59439 
59440 
59441 
59442 
59443 
59444 
59445 
59446 
59447 
59448 
59449 
59450 
59451 
59452 
59453 
59454 
59455 
59456 
59537 
59538 
59539 
59540 
59541 
59542 
59543 
59544 
59545 
59546 
59547 
59548 
59549 
59550 
59551 
59552 
59553 
59554 
59555 
59556 
59557 
59558 
59559 
59560 
59561 
59562 
59563 
59564 
59565 
59566 
59567 
59568 
59569 
59630 
59631 
59632 
59633 
59634 
59635 
59636 
59637 
59638 
59639 
59640 
59641 
59642 
59643 
59644 
59645 
59646 
59647 
59648 
59649 
59650 
59651 
59652 
59653 
59654 
59655 
59656 
59657 
59658 
59659 
59660 
59661 
59662 
59782 
59783 
59784 
59785 
59786 
59787 
59788 
59789 
59790 
59791 
59792 
59793 
59794 
59795 
59796 
59797 
59798 
59799 
59800 
59801 
59802 
59803 
59804 
59805 
59806 
59807 
59808 
59809 
59810 
59811 
59812 
59813 
59814 
59815 
59816 
59817 
59818 
59898 
59899 
59900 
59901 
59902 
59903 
59904 
59905 
59906 
59907 
59908 
59909 
59910 
59911 
59912 
59913 
59914 
59915 
59916 
59917 
59918 
59919 
59920 
59921 
59922 
59923 
59924 
59925 
59926 
59927 
59928 
59991 
59992 
59993 
59994 
59995 
59996 
59997 
59998 
59999 
60000 
60001 
60002 
60003 
60004 
60005 
60006 
60007 
60008 
60009 
60010 
60011 
60012 
60013 
60014 
60015 
60016 
60017 
60018 
60019 
60020 
60021 
60140 
60141 
60142 
60143 
60144 
60145 
60146 
60147 
60148 
60149 
60150 
60151 
60152 
60153 
60154 
60155 
60156 
60157 
60158 
60159 
60160 
60161 
60162 
60163 
60164 
60165 
60166 
60167 
60168 
60169 
60170 
60171 
60172 
60173 
60174 
60175 
60176 
60177 
60178 
60179 
60258 
60259 
60260 
60261 
60262 
60263 
60264 
60265 
60266 
60267 
60268 
60269 
60270 
60271 
60272 
60273 
60274 
60275 
60276 
60277 
60278 
60279 
60280 
60281 
60282 
60283 
60284 
60285 
60286 
60287 
60352 
60353 
60354 
60355 
60356 
60357 
60358 
60359 
60360 
60361 
60362 
60363 
60364 
60365 
60366 
60367 
60368 
60369 
60370 
60371 
60372 
60373 
60374 
60375 
60376 
60377 
60378 
60379 
60380 
60381 
60500 
60501 
60502 
60503 
60504 
60505 
60506 
60507 
60508 
60509 
60510 
60511 
60512 
60513 
60514 
60515 
60516 
60517 
60518 
60519 
60520 
60521 
60522 
60523 
60524 
60525 
60526 
60527 
60528 
60529 
60530 
60531 
60532 
60533 
60534 
60535 
60536 
60537 
60538 
60539 
60619 
60620 
60621 
60622 
60623 
60624 
60625 
60626 
60627 
60628 
60629 
60630 
60631 
60632 
60633 
60634 
60635 
60636 
60637 
60638 
60639 
60640 
60641 
60642 
60643 
60644 
60645 
60646 
60713 
60714 
60715 
60716 
60717 
60718 
60719 
60720 
60721 
60722 
60723 
60724 
60725 
60726 
60727 
60728 
60729 
60730 
60731 
60732 
60733 
60734 
60735 
60736 
60737 
60738 
60739 
60740 
60859 
60860 
60861 
60862 
60863 
60864 
60865 
60866 
60867 
60868 
60869 
60870 
60871 
60872 
60873 
60874 
60875 
60876 
60877 
60878 
60879 
60880 
60881 
60882 
60883 
60884 
60885 
60886 
60887 
60888 
60889 
60890 
60891 
60892 
60893 
60894 
60895 
60896 
60897 
60898 
60899 
60900 
60981 
60982 
60983 
60984 
60985 
60986 
60987 
60988 
60989 
60990 
60991 
60992 
60993 
60994 
60995 
60996 
60997 
60998 
60999 
61000 
61001 
61002 
61003 
61004 
61005 
61074 
61075 
61076 
61077 
61078 
61079 
61080 
61081 
61082 
61083 
61084 
61085 
61086 
61087 
61088 
61089 
61090 
61091 
61092 
61093 
61094 
61095 
61096 
61097 
61098 
61218 
61219 
61220 
61221 
61222 
61223 
61224 
61225 
61226 
61227 
61228 
61229 
61230 
61231 
61232 
61233 
61234 
61235 
61236 
61237 
61238 
61239 
61240 
61241 
61242 
61243 
61244 
61245 
61246 
61247 
61248 
61249 
61250 
61251 
61252 
61253 
61254 
61255 
61256 
61257 
61258 
61259 
61260 
61261 
61342 
61343 
61344 
61345 
61346 
61347 
61348 
61349 
61350 
61351 
61352 
61353 
61354 
61355 
61356 
61357 
61358 
61359 
61360 
61361 
61362 
61363 
61364 
61435 
61436 
61437 
61438 
61439 
61440 
61441 
61442 
61443 
61444 
61445 
61446 
61447 
61448 
61449 
61450 
61451 
61452 
61453 
61454 
61455 
61456 
61457 
61577 
61578 
61579 
61580 
61581 
61582 
61583 
61584 
61585 
61586 
61587 
61588 
61589 
61590 
61591 
61592 
61593 
61594 
61595 
61596 
61597 
61598 
61599 
61600 
61601 
61602 
61603 
61604 
61605 
61606 
61607 
61608 
61609 
61610 
61611 
61612 
61613 
61614 
61615 
61616 
61617 
61618 
61619 
61620 
61621 
61622 
61704 
61705 
61706 
61707 
61708 
61709 
61710 
61711 
61712 
61713 
61714 
61715 
61716 
61717 
61718 
61719 
61720 
61721 
61722 
61797 
61798 
61799 
61800 
61801 
61802 
61803 
61804 
61805 
61806 
61807 
61808 
61809 
61810 
61811 
61812 
61813 
61814 
61815 
61937 
61938 
61939 
61940 
61941 
61942 
61943 
61944 
61945 
61946 
61947 
61948 
61949 
61950 
61951 
61952 
61953 
61954 
61955 
61956 
61957 
61958 
61959 
61960 
61961 
61962 
61963 
61964 
61965 
61966 
61967 
61968 
61969 
61970 
61971 
61972 
61973 
61974 
61975 
61976 
61977 
61978 
61979 
61980 
61981 
61982 
62066 
62067 
62068 
62069 
62070 
62071 
62072 
62073 
62074 
62075 
62076 
62077 
62078 
62079 
62160 
62161 
62162 
62163 
62164 
62165 
62166 
62167 
62168 
62169 
62170 
62171 
62172 
62173 
62296 
62297 
62298 
62299 
62300 
62301 
62302 
62303 
62304 
62305 
62306 
62307 
62308 
62309 
62310 
62311 
62312 
62313 
62314 
62315 
62316 
62317 
62318 
62319 
62320 
62321 
62322 
62323 
62324 
62325 
62326 
62327 
62328 
62329 
62330 
62331 
62332 
62333 
62334 
62335 
62336 
62337 
62338 
62339 
62340 
62341 
62342 
62343 
62385 
62386 
62387 
62388 
62389 
62390 
62391 
62392 
62393 
62394 
62395 
62396 
62397 
62398 
62399 
62400 
62430 
62431 
62432 
62433 
62434 
62435 
62479 
62480 
62481 
62482 
62483 
62484 
62485 
62486 
62487 
62488 
62489 
62490 
62491 
62492 
62493 
62494 
62524 
62525 
62526 
62527 
62528 
62529 
62566 
62567 
62568 
62569 
62570 
62571 
62572 
62573 
62574 
62575 
62576 
62577 
62578 
62579 
62580 
62656 
62657 
62658 
62659 
62660 
62661 
62662 
62663 
62664 
62665 
62666 
62667 
62668 
62669 
62670 
62671 
62672 
62673 
62674 
62675 
62676 
62677 
62678 
62679 
62680 
62681 
62682 
62683 
62684 
62685 
62686 
62687 
62688 
62689 
62690 
62691 
62692 
62693 
62694 
62695 
62696 
62697 
62698 
62699 
62700 
62701 
62702 
62703 
62742 
62743 
62744 
62745 
62746 
62747 
62748 
62749 
62750 
62751 
62752 
62753 
62754 
62755 
62756 
62757 
62758 
62759 
62760 
62761 
62762 
62763 
62764 
62835 
62836 
62837 
62838 
62839 
62840 
62841 
62842 
62843 
62844 
62845 
62846 
62847 
62848 
62849 
62850 
62851 
62852 
62853 
62854 
62855 
62856 
62857 
62923 
62924 
62925 
62926 
62927 
62928 
62929 
62930 
62931 
62932 
62933 
62934 
62935 
62936 
62937 
62938 
62939 
62940 
62941 
62942 
62943 
63015 
63016 
63017 
63018 
63019 
63020 
63021 
63022 
63023 
63024 
63025 
63026 
63027 
63028 
63029 
63030 
63031 
63032 
63033 
63034 
63035 
63036 
63037 
63038 
63039 
63040 
63041 
63042 
63043 
63044 
63045 
63046 
63047 
63048 
63049 
63050 
63051 
63052 
63053 
63054 
63055 
63056 
63057 
63058 
63059 
63060 
63061 
63062 
63063 
63064 
63099 
63100 
63101 
63102 
63103 
63104 
63105 
63106 
63107 
63108 
63109 
63110 
63111 
63112 
63113 
63114 
63115 
63116 
63117 
63118 
63119 
63120 
63121 
63122 
63123 
63124 
63125 
63126 
63193 
63194 
63195 
63196 
63197 
63198 
63199 
63200 
63201 
63202 
63203 
63204 
63205 
63206 
63207 
63208 
63209 
63210 
63211 
63212 
63213 
63214 
63215 
63216 
63217 
63218 
63219 
63220 
63281 
63282 
63283 
63284 
63285 
63286 
63287 
63288 
63289 
63290 
63291 
63292 
63293 
63294 
63295 
63296 
63297 
63298 
63299 
63300 
63301 
63302 
63303 
63304 
63305 
63375 
63376 
63377 
63378 
63379 
63380 
63381 
63382 
63383 
63384 
63385 
63386 
63387 
63388 
63389 
63390 
63391 
63392 
63393 
63394 
63395 
63396 
63397 
63398 
63399 
63400 
63401 
63402 
63403 
63404 
63405 
63406 
63407 
63408 
63409 
63410 
63411 
63412 
63413 
63414 
63415 
63416 
63417 
63418 
63419 
63420 
63421 
63422 
63423 
63424 
63457 
63458 
63459 
63460 
63461 
63462 
63463 
63464 
63465 
63466 
63467 
63468 
63469 
63470 
63471 
63472 
63473 
63474 
63475 
63476 
63477 
63478 
63479 
63480 
63481 
63482 
63483 
63484 
63485 
63486 
63487 
63488 
63551 
63552 
63553 
63554 
63555 
63556 
63557 
63558 
63559 
63560 
63561 
63562 
63563 
63564 
63565 
63566 
63567 
63568 
63569 
63570 
63571 
63572 
63573 
63574 
63575 
63576 
63577 
63578 
63579 
63580 
63581 
63582 
63639 
63640 
63641 
63642 
63643 
63644 
63645 
63646 
63647 
63648 
63649 
63650 
63651 
63652 
63653 
63654 
63655 
63656 
63657 
63658 
63659 
63660 
63661 
63662 
63663 
63664 
63665 
63666 
63667 
63734 
63735 
63736 
63737 
63738 
63739 
63740 
63741 
63742 
63743 
63744 
63745 
63746 
63747 
63748 
63749 
63750 
63751 
63752 
63753 
63754 
63755 
63756 
63757 
63758 
63759 
63760 
63761 
63762 
63763 
63764 
63765 
63766 
63767 
63768 
63769 
63770 
63771 
63772 
63773 
63774 
63775 
63776 
63777 
63778 
63779 
63780 
63781 
63782 
63783 
63784 
63785 
63816 
63817 
63818 
63819 
63820 
63821 
63822 
63823 
63824 
63825 
63826 
63827 
63828 
63829 
63830 
63831 
63832 
63833 
63834 
63835 
63836 
63837 
63838 
63839 
63840 
63841 
63842 
63843 
63844 
63845 
63846 
63847 
63848 
63849 
63850 
63909 
63910 
63911 
63912 
63913 
63914 
63915 
63916 
63917 
63918 
63919 
63920 
63921 
63922 
63923 
63924 
63925 
63926 
63927 
63928 
63929 
63930 
63931 
63932 
63933 
63934 
63935 
63936 
63937 
63938 
63939 
63940 
63941 
63942 
63943 
63997 
63998 
63999 
64000 
64001 
64002 
64003 
64004 
64005 
64006 
64007 
64008 
64009 
64010 
64011 
64012 
64013 
64014 
64015 
64016 
64017 
64018 
64019 
64020 
64021 
64022 
64023 
64024 
64025 
64026 
64027 
64028 
64094 
64095 
64096 
64097 
64098 
64099 
64100 
64101 
64102 
64103 
64104 
64105 
64106 
64107 
64108 
64109 
64110 
64111 
64112 
64113 
64114 
64115 
64116 
64117 
64118 
64119 
64120 
64121 
64122 
64123 
64124 
64125 
64126 
64127 
64128 
64129 
64130 
64131 
64132 
64133 
64134 
64135 
64136 
64137 
64138 
64139 
64140 
64141 
64142 
64143 
64144 
64145 
64174 
64175 
64176 
64177 
64178 
64179 
64180 
64181 
64182 
64183 
64184 
64185 
64186 
64187 
64188 
64189 
64190 
64191 
64192 
64193 
64194 
64195 
64196 
64197 
64198 
64199 
64200 
64201 
64202 
64203 
64204 
64205 
64206 
64207 
64208 
64209 
64210 
64211 
64212 
64267 
64268 
64269 
64270 
64271 
64272 
64273 
64274 
64275 
64276 
64277 
64278 
64279 
64280 
64281 
64282 
64283 
64284 
64285 
64286 
64287 
64288 
64289 
64290 
64291 
64292 
64293 
64294 
64295 
64296 
64297 
64298 
64299 
64300 
64301 
64302 
64303 
64304 
64305 
64356 
64357 
64358 
64359 
64360 
64361 
64362 
64363 
64364 
64365 
64366 
64367 
64368 
64369 
64370 
64371 
64372 
64373 
64374 
64375 
64376 
64377 
64378 
64379 
64380 
64381 
64382 
64383 
64384 
64385 
64386 
64387 
64388 
64389 
64390 
64454 
64455 
64456 
64457 
64458 
64459 
64460 
64461 
64462 
64463 
64464 
64465 
64466 
64467 
64468 
64469 
64470 
64471 
64472 
64473 
64474 
64475 
64476 
64477 
64478 
64479 
64480 
64481 
64482 
64483 
64484 
64485 
64486 
64487 
64488 
64489 
64490 
64491 
64492 
64493 
64494 
64495 
64496 
64497 
64498 
64499 
64500 
64501 
64502 
64503 
64504 
64505 
64533 
64534 
64535 
64536 
64537 
64538 
64539 
64540 
64541 
64542 
64543 
64544 
64545 
64546 
64547 
64548 
64549 
64550 
64551 
64552 
64553 
64554 
64555 
64556 
64557 
64558 
64559 
64560 
64561 
64562 
64563 
64564 
64565 
64566 
64567 
64568 
64569 
64570 
64571 
64572 
64573 
64626 
64627 
64628 
64629 
64630 
64631 
64632 
64633 
64634 
64635 
64636 
64637 
64638 
64639 
64640 
64641 
64642 
64643 
64644 
64645 
64646 
64647 
64648 
64649 
64650 
64651 
64652 
64653 
64654 
64655 
64656 
64657 
64658 
64659 
64660 
64661 
64662 
64663 
64664 
64665 
64666 
64715 
64716 
64717 
64718 
64719 
64720 
64721 
64722 
64723 
64724 
64725 
64726 
64727 
64728 
64729 
64730 
64731 
64732 
64733 
64734 
64735 
64736 
64737 
64738 
64739 
64740 
64741 
64742 
64743 
64744 
64745 
64746 
64747 
64748 
64749 
64750 
64751 
64813 
64814 
64815 
64816 
64817 
64818 
64819 
64820 
64821 
64822 
64823 
64824 
64825 
64826 
64827 
64828 
64829 
64830 
64831 
64832 
64833 
64834 
64835 
64836 
64837 
64838 
64839 
64840 
64841 
64842 
64843 
64844 
64845 
64846 
64847 
64848 
64849 
64850 
64851 
64852 
64853 
64854 
64855 
64856 
64857 
64858 
64859 
64860 
64861 
64862 
64863 
64864 
64865 
64866 
64891 
64892 
64893 
64894 
64895 
64896 
64897 
64898 
64899 
64900 
64901 
64902 
64903 
64904 
64905 
64906 
64907 
64908 
64909 
64910 
64911 
64912 
64913 
64914 
64915 
64916 
64917 
64918 
64919 
64920 
64921 
64922 
64923 
64924 
64925 
64926 
64927 
64928 
64929 
64930 
64931 
64932 
64933 
64934 
64985 
64986 
64987 
64988 
64989 
64990 
64991 
64992 
64993 
64994 
64995 
64996 
64997 
64998 
64999 
65000 
65001 
65002 
65003 
65004 
65005 
65006 
65007 
65008 
65009 
65010 
65011 
65012 
65013 
65014 
65015 
65016 
65017 
65018 
65019 
65020 
65021 
65022 
65023 
65024 
65025 
65026 
65027 
65028 
65074 
65075 
65076 
65077 
65078 
65079 
65080 
65081 
65082 
65083 
65084 
65085 
65086 
65087 
65088 
65089 
65090 
65091 
65092 
65093 
65094 
65095 
65096 
65097 
65098 
65099 
65100 
65101 
65102 
65103 
65104 
65105 
65106 
65107 
65108 
65109 
65110 
65111 
65112 
65173 
65174 
65175 
65176 
65177 
65178 
65179 
65180 
65181 
65182 
65183 
65184 
65185 
65186 
65187 
65188 
65189 
65190 
65191 
65192 
65193 
65194 
65195 
65196 
65197 
65198 
65199 
65200 
65201 
65202 
65203 
65204 
65205 
65206 
65207 
65208 
65209 
65210 
65211 
65212 
65213 
65214 
65215 
65216 
65217 
65218 
65219 
65220 
65221 
65222 
65223 
65224 
65225 
65226 
65250 
65251 
65252 
65253 
65254 
65255 
65256 
65257 
65258 
65259 
65260 
65261 
65262 
65263 
65264 
65265 
65266 
65267 
65268 
65269 
65270 
65271 
65272 
65273 
65274 
65275 
65276 
65277 
65278 
65279 
65280 
65281 
65282 
65283 
65284 
65285 
65286 
65287 
65288 
65289 
65290 
65291 
65292 
65293 
65294 
65295 
65344 
65345 
65346 
65347 
65348 
65349 
65350 
65351 
65352 
65353 
65354 
65355 
65356 
65357 
65358 
65359 
65360 
65361 
65362 
65363 
65364 
65365 
65366 
65367 
65368 
65369 
65370 
65371 
65372 
65373 
65374 
65375 
65376 
65377 
65378 
65379 
65380 
65381 
65382 
65383 
65384 
65385 
65386 
65387 
65388 
65389 
65433 
65434 
65435 
65436 
65437 
65438 
65439 
65440 
65441 
65442 
65443 
65444 
65445 
65446 
65447 
65448 
65449 
65450 
65451 
65452 
65453 
65454 
65455 
65456 
65457 
65458 
65459 
65460 
65461 
65462 
65463 
65464 
65465 
65466 
65467 
65468 
65469 
65470 
65471 
65472 
65473 
65533 
65534 
65535 
)

// ************************************************************************* //
