/*--------------------------------*- C++ -*----------------------------------*\
  =========                 |
  \\      /  F ield         | OpenFOAM: The Open Source CFD Toolbox
   \\    /   O peration     | Website:  https://openfoam.org
    \\  /    A nd           | Version:  7
     \\/     M anipulation  |
\*---------------------------------------------------------------------------*/
FoamFile
{
    version     2.0;
    format      ascii;
    class       cellSet;
    location    "constant/polyMesh/sets";
    object      grainCells;
}
// * * * * * * * * * * * * * * * * * * * * * * * * * * * * * * * * * * * * * //


52066
(
0 
1 
2 
3 
4 
5 
6 
7 
65587 
65588 
65589 
65590 
65591 
65592 
65593 
65594 
65595 
65596 
65597 
65598 
65599 
65600 
65601 
65602 
65603 
65604 
65605 
65606 
65607 
65608 
65657 
65658 
65659 
65660 
65661 
65662 
65663 
65664 
65665 
65666 
65667 
65668 
65669 
65670 
65671 
65672 
65673 
65674 
65675 
65676 
65677 
65678 
65679 
65680 
65681 
65682 
65683 
65684 
65685 
65686 
65687 
65688 
65689 
65690 
65691 
65692 
65693 
65694 
65695 
65696 
65697 
65698 
65699 
65700 
65701 
65702 
65751 
65752 
65753 
65754 
65755 
65756 
65757 
65758 
65759 
65760 
65761 
65762 
65763 
65764 
65765 
65766 
65767 
65768 
65769 
65770 
65771 
65772 
65773 
65774 
65775 
65776 
65777 
65778 
65779 
65780 
65781 
65782 
65783 
65784 
65785 
65786 
65787 
65788 
65789 
65790 
65791 
65835 
65836 
65837 
65838 
65839 
65840 
65841 
65842 
65843 
65844 
65845 
65846 
65847 
65848 
65849 
65850 
65851 
65852 
65853 
65854 
65855 
65856 
65857 
65858 
65859 
65860 
65861 
65862 
65863 
65864 
65865 
65866 
65867 
65868 
65869 
65870 
65871 
65872 
65873 
65874 
65875 
65876 
65877 
65878 
65879 
65880 
65881 
65882 
65883 
65884 
65885 
65886 
65887 
65888 
352 
65889 
353 
65890 
354 
65891 
355 
65892 
356 
357 
358 
359 
360 
361 
362 
363 
364 
365 
366 
367 
65947 
65948 
65949 
65950 
65951 
65952 
65953 
65954 
65955 
65956 
65957 
65958 
65959 
65960 
65961 
65962 
65963 
65964 
65965 
65966 
65967 
66018 
66019 
66020 
66021 
66022 
66023 
66024 
66025 
66026 
66027 
66028 
66029 
66030 
66031 
66032 
66033 
66034 
66035 
66036 
66037 
66038 
66039 
66040 
66041 
66042 
66043 
66044 
66045 
66046 
66047 
66048 
66049 
66050 
66051 
66052 
66053 
66054 
66055 
66056 
66057 
66058 
66059 
66060 
66061 
66112 
66113 
66114 
66115 
66116 
66117 
66118 
66119 
66120 
66121 
66122 
66123 
66124 
66125 
66126 
66127 
66128 
66129 
66130 
66131 
66132 
66133 
66134 
66135 
66136 
66137 
66138 
66139 
66140 
66141 
66142 
66143 
66144 
66145 
66146 
66147 
66148 
66149 
66150 
66195 
66196 
66197 
66198 
66199 
66200 
66201 
66202 
66203 
66204 
66205 
66206 
66207 
66208 
66209 
66210 
66211 
66212 
66213 
66214 
66215 
66216 
66217 
66218 
66219 
66220 
66221 
66222 
66223 
66224 
66225 
66226 
66227 
66228 
66229 
66230 
66231 
66232 
66233 
66234 
66235 
66236 
66237 
66238 
66239 
66240 
66241 
66242 
66243 
66244 
66245 
66246 
66247 
66248 
712 
66249 
713 
66250 
714 
66251 
715 
66252 
716 
717 
718 
719 
720 
721 
722 
723 
724 
725 
726 
727 
66307 
66308 
66309 
66310 
66311 
66312 
66313 
66314 
66315 
66316 
66317 
66318 
66319 
66320 
66321 
66322 
66323 
66324 
66325 
66326 
66379 
66380 
66381 
66382 
66383 
66384 
66385 
66386 
66387 
66388 
66389 
66390 
66391 
66392 
66393 
66394 
66395 
66396 
66397 
66398 
66399 
66400 
66401 
66402 
66403 
66404 
66405 
66406 
66407 
66408 
66409 
66410 
66411 
66412 
66413 
66414 
66415 
66416 
66417 
66418 
66419 
66420 
66473 
66474 
66475 
66476 
66477 
66478 
66479 
66480 
66481 
66482 
66483 
66484 
66485 
66486 
66487 
66488 
66489 
66490 
66491 
66492 
66493 
66494 
66495 
66496 
66497 
66498 
66499 
66500 
66501 
66502 
66503 
66504 
66505 
66506 
66507 
66508 
66509 
66510 
66556 
66557 
66558 
66559 
66560 
66561 
66562 
66563 
66564 
66565 
66566 
66567 
66568 
66569 
66570 
66571 
66572 
66573 
66574 
66575 
66576 
66577 
66578 
66579 
66580 
66581 
66582 
66583 
66584 
66585 
66586 
66587 
66588 
66589 
66590 
66591 
66592 
66593 
66594 
66595 
66596 
66597 
66598 
66599 
66600 
66601 
66602 
66603 
66604 
66605 
66606 
66607 
66608 
1072 
66609 
1073 
66610 
1074 
66611 
1075 
66612 
1076 
1077 
1078 
1079 
1080 
1081 
1082 
1083 
1084 
1085 
1086 
1087 
66667 
66668 
66669 
66670 
66671 
66672 
66673 
66674 
66675 
66676 
66677 
66678 
66679 
66680 
66681 
66682 
66683 
66684 
66685 
66686 
66740 
66741 
66742 
66743 
66744 
66745 
66746 
66747 
66748 
66749 
66750 
66751 
66752 
66753 
66754 
66755 
66756 
66757 
66758 
66759 
66760 
66761 
66762 
66763 
66764 
66765 
66766 
66767 
66768 
66769 
66770 
66771 
66772 
66773 
66774 
66775 
66776 
66777 
66778 
66779 
66833 
66834 
66835 
66836 
66837 
66838 
66839 
66840 
66841 
66842 
66843 
66844 
66845 
66846 
66847 
66848 
66849 
66850 
66851 
66852 
66853 
66854 
66855 
66856 
66857 
66858 
66859 
66860 
66861 
66862 
66863 
66864 
66865 
66866 
66867 
66868 
66869 
66917 
66918 
66919 
66920 
66921 
66922 
66923 
66924 
66925 
66926 
66927 
66928 
66929 
66930 
66931 
66932 
66933 
66934 
66935 
66936 
66937 
66938 
66939 
66940 
66941 
66942 
66943 
66944 
66945 
66946 
66947 
66948 
66949 
66950 
66951 
66952 
66953 
66954 
66955 
66956 
66957 
66958 
66959 
66960 
66961 
66962 
66963 
66964 
66965 
66966 
66967 
66968 
1432 
66969 
1433 
66970 
1434 
66971 
1435 
66972 
1436 
1437 
1438 
1439 
1440 
1441 
1442 
1443 
1444 
1445 
1446 
1447 
1448 
1449 
1450 
1451 
1452 
1453 
1454 
1455 
1456 
1457 
1458 
1459 
1460 
1461 
1462 
1463 
1464 
1465 
1466 
1467 
1468 
1469 
1470 
1471 
1472 
1473 
1474 
1475 
1476 
1477 
1478 
1479 
1480 
1481 
1482 
1483 
1484 
1485 
1486 
1487 
1488 
1489 
1490 
67027 
1491 
67028 
1492 
67029 
1493 
67030 
1494 
67031 
1495 
67032 
1496 
67033 
1497 
67034 
1498 
67035 
1499 
67036 
1500 
67037 
1501 
67038 
1502 
67039 
1503 
67040 
1504 
67041 
1505 
67042 
1506 
67043 
1507 
67044 
1508 
67045 
1509 
1510 
1511 
1512 
1513 
1514 
1515 
1516 
1517 
1518 
1519 
1520 
1521 
1522 
1523 
1524 
1525 
1526 
1527 
1528 
1529 
1530 
1531 
1532 
1533 
1534 
1535 
1536 
1537 
1538 
1539 
1540 
1541 
1542 
1543 
1544 
1545 
1546 
1547 
1548 
1549 
1550 
1551 
1552 
1553 
1554 
1555 
1556 
1557 
1558 
1559 
1560 
1561 
1562 
1563 
1564 
67101 
1565 
67102 
1566 
67103 
1567 
67104 
1568 
67105 
1569 
67106 
1570 
67107 
1571 
67108 
1572 
67109 
1573 
67110 
1574 
67111 
1575 
67112 
1576 
67113 
1577 
67114 
1578 
67115 
1579 
67116 
1580 
67117 
1581 
67118 
1582 
67119 
1583 
67120 
1584 
67121 
1585 
67122 
1586 
67123 
1587 
67124 
1588 
67125 
1589 
67126 
1590 
67127 
1591 
67128 
1592 
67129 
1593 
67130 
1594 
67131 
1595 
67132 
1596 
67133 
1597 
67134 
1598 
67135 
1599 
67136 
1600 
67137 
1601 
67138 
1602 
1603 
1604 
1605 
1606 
1607 
1608 
1609 
1610 
1611 
1612 
1613 
1614 
1615 
1616 
1617 
1618 
1619 
1620 
1621 
1622 
1623 
1624 
1625 
1626 
1627 
1628 
1629 
1630 
1631 
1632 
1633 
1634 
1635 
1636 
1637 
1638 
1639 
1640 
1641 
1642 
1643 
1644 
1645 
1646 
1647 
1648 
1649 
1650 
1651 
1652 
1653 
1654 
1655 
1656 
1657 
67194 
1658 
67195 
1659 
67196 
1660 
67197 
1661 
67198 
1662 
67199 
1663 
67200 
1664 
67201 
1665 
67202 
1666 
67203 
1667 
67204 
1668 
67205 
1669 
67206 
1670 
67207 
1671 
67208 
1672 
67209 
1673 
67210 
1674 
67211 
1675 
67212 
1676 
67213 
1677 
67214 
1678 
67215 
1679 
67216 
1680 
67217 
1681 
67218 
1682 
67219 
1683 
67220 
1684 
67221 
1685 
67222 
1686 
67223 
1687 
67224 
1688 
67225 
1689 
67226 
1690 
67227 
1691 
67228 
1692 
1693 
1694 
1695 
1696 
1697 
1698 
1699 
1700 
1701 
1702 
1703 
1704 
1705 
1706 
1707 
1708 
1709 
1710 
1711 
1712 
1713 
1714 
1715 
1716 
1717 
1718 
1719 
1720 
1721 
1722 
1723 
1724 
1725 
1726 
1727 
1728 
1729 
1730 
1731 
1732 
1733 
1734 
1735 
1736 
1737 
1738 
1739 
1740 
67277 
1741 
67278 
1742 
67279 
1743 
67280 
1744 
67281 
1745 
67282 
1746 
67283 
1747 
67284 
1748 
67285 
1749 
67286 
1750 
67287 
1751 
67288 
1752 
67289 
1753 
67290 
1754 
67291 
1755 
67292 
1756 
67293 
1757 
67294 
1758 
67295 
1759 
67296 
1760 
67297 
1761 
67298 
1762 
67299 
1763 
67300 
1764 
67301 
1765 
67302 
1766 
67303 
1767 
67304 
1768 
67305 
1769 
67306 
1770 
67307 
1771 
67308 
1772 
67309 
1773 
67310 
1774 
67311 
1775 
67312 
1776 
67313 
1777 
67314 
1778 
67315 
1779 
67316 
1780 
67317 
1781 
67318 
1782 
67319 
1783 
67320 
1784 
67321 
1785 
67322 
1786 
67323 
1787 
67324 
1788 
67325 
1789 
67326 
1790 
67327 
1791 
67328 
1792 
67329 
1793 
67330 
1794 
67331 
1795 
67332 
1796 
1797 
1798 
1799 
1800 
1801 
1802 
1803 
1804 
1805 
1806 
1807 
1808 
1809 
1810 
1811 
1812 
1813 
1814 
1815 
1816 
1817 
1818 
1819 
1820 
1821 
1822 
1823 
1824 
1825 
1826 
1827 
1828 
1829 
1830 
1831 
1832 
1833 
1834 
1835 
1836 
1837 
1838 
1839 
1840 
1841 
1842 
1843 
1844 
1845 
1846 
1847 
1848 
1849 
1850 
67387 
1851 
67388 
1852 
67389 
1853 
67390 
1854 
67391 
1855 
67392 
1856 
67393 
1857 
67394 
1858 
67395 
1859 
67396 
1860 
67397 
1861 
67398 
1862 
67399 
1863 
67400 
1864 
67401 
1865 
67402 
1866 
67403 
1867 
67404 
1868 
1869 
1870 
1871 
1872 
1873 
1874 
1875 
1876 
1877 
1878 
1879 
1880 
1881 
1882 
1883 
1884 
1885 
1886 
1887 
1888 
1889 
1890 
1891 
1892 
1893 
1894 
1895 
1896 
1897 
1898 
1899 
1900 
1901 
1902 
1903 
1904 
1905 
1906 
1907 
1908 
1909 
1910 
1911 
1912 
1913 
1914 
1915 
1916 
1917 
1918 
1919 
1920 
1921 
1922 
1923 
1924 
1925 
67462 
1926 
67463 
1927 
67464 
1928 
67465 
1929 
67466 
1930 
67467 
1931 
67468 
1932 
67469 
1933 
67470 
1934 
67471 
1935 
67472 
1936 
67473 
1937 
67474 
1938 
67475 
1939 
67476 
1940 
67477 
1941 
67478 
1942 
67479 
1943 
67480 
1944 
67481 
1945 
67482 
1946 
67483 
1947 
67484 
1948 
67485 
1949 
67486 
1950 
67487 
1951 
67488 
1952 
67489 
1953 
67490 
1954 
67491 
1955 
67492 
1956 
67493 
1957 
67494 
1958 
67495 
1959 
67496 
1960 
67497 
1961 
1962 
1963 
1964 
1965 
1966 
1967 
1968 
1969 
1970 
1971 
1972 
1973 
1974 
1975 
1976 
1977 
1978 
1979 
1980 
1981 
1982 
1983 
1984 
1985 
1986 
1987 
1988 
1989 
1990 
1991 
1992 
1993 
1994 
1995 
1996 
1997 
1998 
1999 
2000 
2001 
2002 
2003 
2004 
2005 
2006 
2007 
2008 
2009 
2010 
2011 
2012 
2013 
2014 
2015 
2016 
2017 
2018 
67555 
2019 
67556 
2020 
67557 
2021 
67558 
2022 
67559 
2023 
67560 
2024 
67561 
2025 
67562 
2026 
67563 
2027 
67564 
2028 
67565 
2029 
67566 
2030 
67567 
2031 
67568 
2032 
67569 
2033 
67570 
2034 
67571 
2035 
67572 
2036 
67573 
2037 
67574 
2038 
67575 
2039 
67576 
2040 
67577 
2041 
67578 
2042 
67579 
2043 
67580 
2044 
67581 
2045 
67582 
2046 
67583 
2047 
67584 
2048 
67585 
2049 
67586 
2050 
67587 
2051 
67588 
2052 
2053 
2054 
2055 
2056 
2057 
2058 
2059 
2060 
2061 
2062 
2063 
2064 
2065 
2066 
2067 
2068 
2069 
2070 
2071 
2072 
2073 
2074 
2075 
2076 
2077 
2078 
2079 
2080 
2081 
2082 
2083 
2084 
2085 
2086 
2087 
2088 
2089 
2090 
2091 
2092 
2093 
2094 
2095 
2096 
2097 
2098 
2099 
2100 
2101 
67638 
2102 
67639 
2103 
67640 
2104 
67641 
2105 
67642 
2106 
67643 
2107 
67644 
2108 
67645 
2109 
67646 
2110 
67647 
2111 
67648 
2112 
67649 
2113 
67650 
2114 
67651 
2115 
67652 
2116 
67653 
2117 
67654 
2118 
67655 
2119 
67656 
2120 
67657 
2121 
67658 
2122 
67659 
2123 
67660 
2124 
67661 
2125 
67662 
2126 
67663 
2127 
67664 
2128 
67665 
2129 
67666 
2130 
67667 
2131 
67668 
2132 
67669 
2133 
67670 
2134 
67671 
2135 
67672 
2136 
67673 
2137 
67674 
2138 
67675 
2139 
67676 
2140 
67677 
2141 
67678 
2142 
67679 
2143 
67680 
2144 
67681 
2145 
67682 
2146 
67683 
2147 
67684 
2148 
67685 
2149 
67686 
2150 
67687 
2151 
67688 
2152 
67689 
2153 
67690 
2154 
67691 
2155 
67692 
2156 
2157 
2158 
2159 
2160 
2161 
2162 
2163 
2164 
2165 
2166 
2167 
2168 
2169 
2170 
2171 
2172 
2173 
2174 
2175 
2176 
2177 
2178 
2179 
2180 
2181 
2182 
2183 
2184 
2185 
2186 
2187 
2188 
2189 
2190 
2191 
2192 
2193 
2194 
2195 
2196 
2197 
2198 
2199 
2200 
2201 
2202 
2203 
2204 
2205 
2206 
2207 
2208 
2209 
2210 
67747 
2211 
67748 
2212 
67749 
2213 
67750 
2214 
67751 
2215 
67752 
2216 
67753 
2217 
67754 
2218 
67755 
2219 
67756 
2220 
67757 
2221 
67758 
2222 
67759 
2223 
67760 
2224 
67761 
2225 
67762 
2226 
67763 
2227 
67764 
2228 
2229 
2230 
2231 
2232 
2233 
2234 
2235 
2236 
2237 
2238 
2239 
2240 
2241 
2242 
2243 
2244 
2245 
2246 
2247 
2248 
2249 
2250 
2251 
2252 
2253 
2254 
2255 
2256 
2257 
2258 
2259 
2260 
2261 
2262 
2263 
2264 
2265 
2266 
2267 
2268 
2269 
2270 
2271 
2272 
2273 
2274 
2275 
2276 
2277 
2278 
2279 
2280 
2281 
2282 
2283 
2284 
2285 
67822 
2286 
67823 
2287 
67824 
2288 
67825 
2289 
67826 
2290 
67827 
2291 
67828 
2292 
67829 
2293 
67830 
2294 
67831 
2295 
67832 
2296 
67833 
2297 
67834 
2298 
67835 
2299 
67836 
2300 
67837 
2301 
67838 
2302 
67839 
2303 
67840 
2304 
67841 
2305 
67842 
2306 
67843 
2307 
67844 
2308 
67845 
2309 
67846 
2310 
67847 
2311 
67848 
2312 
67849 
2313 
67850 
2314 
67851 
2315 
67852 
2316 
67853 
2317 
67854 
2318 
67855 
2319 
67856 
2320 
67857 
2321 
2322 
2323 
2324 
2325 
2326 
2327 
2328 
2329 
2330 
2331 
2332 
2333 
2334 
2335 
2336 
2337 
2338 
2339 
2340 
2341 
2342 
2343 
2344 
2345 
2346 
2347 
2348 
2349 
2350 
2351 
2352 
2353 
2354 
2355 
2356 
2357 
2358 
2359 
2360 
2361 
2362 
2363 
2364 
2365 
2366 
2367 
2368 
2369 
2370 
2371 
2372 
2373 
2374 
2375 
2376 
2377 
2378 
67915 
2379 
67916 
2380 
67917 
2381 
67918 
2382 
67919 
2383 
67920 
2384 
67921 
2385 
67922 
2386 
67923 
2387 
67924 
2388 
67925 
2389 
67926 
2390 
67927 
2391 
67928 
2392 
67929 
2393 
67930 
2394 
67931 
2395 
67932 
2396 
67933 
2397 
67934 
2398 
67935 
2399 
67936 
2400 
67937 
2401 
67938 
2402 
67939 
2403 
67940 
2404 
67941 
2405 
67942 
2406 
67943 
2407 
67944 
2408 
67945 
2409 
67946 
2410 
67947 
2411 
2412 
2413 
2414 
2415 
2416 
2417 
2418 
2419 
2420 
2421 
2422 
2423 
2424 
2425 
2426 
2427 
2428 
2429 
2430 
2431 
2432 
2433 
2434 
2435 
2436 
2437 
2438 
2439 
2440 
2441 
2442 
2443 
2444 
2445 
2446 
2447 
2448 
2449 
2450 
2451 
2452 
2453 
2454 
2455 
2456 
2457 
2458 
2459 
2460 
2461 
67998 
2462 
67999 
2463 
68000 
2464 
68001 
2465 
68002 
2466 
68003 
2467 
68004 
2468 
68005 
2469 
68006 
2470 
68007 
2471 
68008 
2472 
68009 
2473 
68010 
2474 
68011 
2475 
68012 
2476 
68013 
2477 
68014 
2478 
68015 
2479 
68016 
2480 
68017 
2481 
68018 
2482 
68019 
2483 
68020 
2484 
68021 
2485 
68022 
2486 
68023 
2487 
68024 
2488 
68025 
2489 
68026 
2490 
68027 
2491 
68028 
2492 
68029 
2493 
68030 
2494 
68031 
2495 
68032 
2496 
68033 
2497 
68034 
2498 
68035 
2499 
68036 
2500 
68037 
2501 
68038 
2502 
68039 
2503 
68040 
2504 
68041 
2505 
68042 
2506 
68043 
2507 
68044 
2508 
68045 
2509 
68046 
2510 
68047 
2511 
68048 
2512 
68049 
2513 
68050 
2514 
68051 
2515 
68052 
2516 
2517 
2518 
2519 
2520 
2521 
2522 
2523 
2524 
2525 
2526 
2527 
2528 
2529 
2530 
2531 
2532 
2533 
2534 
2535 
2536 
2537 
2538 
2539 
2540 
2541 
2542 
2543 
2544 
2545 
2546 
2547 
2548 
2549 
2550 
2551 
2552 
2553 
2554 
2555 
2556 
2557 
2558 
2559 
2560 
2561 
2562 
2563 
2564 
2565 
2566 
2567 
2568 
2569 
2570 
68107 
2571 
68108 
2572 
68109 
2573 
68110 
2574 
68111 
2575 
68112 
2576 
68113 
2577 
68114 
2578 
68115 
2579 
68116 
2580 
68117 
2581 
68118 
2582 
68119 
2583 
68120 
2584 
68121 
2585 
68122 
2586 
68123 
2587 
2588 
2589 
2590 
2591 
2592 
2593 
2594 
2595 
2596 
2597 
2598 
2599 
2600 
2601 
2602 
2603 
2604 
2605 
2606 
2607 
2608 
2609 
2610 
2611 
2612 
2613 
2614 
2615 
2616 
2617 
2618 
2619 
2620 
2621 
2622 
2623 
2624 
2625 
2626 
2627 
2628 
2629 
2630 
2631 
2632 
2633 
2634 
2635 
2636 
2637 
2638 
2639 
2640 
2641 
2642 
2643 
2644 
2645 
2646 
68183 
2647 
68184 
2648 
68185 
2649 
68186 
2650 
68187 
2651 
68188 
2652 
68189 
2653 
68190 
2654 
68191 
2655 
68192 
2656 
68193 
2657 
68194 
2658 
68195 
2659 
68196 
2660 
68197 
2661 
68198 
2662 
68199 
2663 
68200 
2664 
68201 
2665 
68202 
2666 
68203 
2667 
68204 
2668 
68205 
2669 
68206 
2670 
68207 
2671 
68208 
2672 
68209 
2673 
68210 
2674 
68211 
2675 
68212 
2676 
68213 
2677 
68214 
2678 
68215 
2679 
68216 
2680 
2681 
2682 
2683 
2684 
2685 
2686 
2687 
2688 
2689 
2690 
2691 
2692 
2693 
2694 
2695 
2696 
2697 
2698 
2699 
2700 
2701 
2702 
2703 
2704 
2705 
2706 
2707 
2708 
2709 
2710 
2711 
2712 
2713 
2714 
2715 
2716 
2717 
2718 
2719 
2720 
2721 
2722 
2723 
2724 
2725 
2726 
2727 
2728 
2729 
2730 
2731 
2732 
2733 
2734 
2735 
2736 
2737 
2738 
2739 
68276 
2740 
68277 
2741 
68278 
2742 
68279 
2743 
68280 
2744 
68281 
2745 
68282 
2746 
68283 
2747 
68284 
2748 
68285 
2749 
68286 
2750 
68287 
2751 
68288 
2752 
68289 
2753 
68290 
2754 
68291 
2755 
68292 
2756 
68293 
2757 
68294 
2758 
68295 
2759 
68296 
2760 
68297 
2761 
68298 
2762 
68299 
2763 
68300 
2764 
68301 
2765 
68302 
2766 
68303 
2767 
68304 
2768 
68305 
2769 
68306 
2770 
68307 
2771 
2772 
2773 
2774 
2775 
2776 
2777 
2778 
2779 
2780 
2781 
2782 
2783 
2784 
2785 
2786 
2787 
2788 
2789 
2790 
2791 
2792 
2793 
2794 
2795 
2796 
2797 
2798 
2799 
2800 
2801 
2802 
2803 
2804 
2805 
2806 
2807 
2808 
2809 
2810 
2811 
2812 
2813 
2814 
2815 
2816 
2817 
2818 
2819 
2820 
2821 
2822 
68359 
2823 
68360 
2824 
68361 
2825 
68362 
2826 
68363 
2827 
68364 
2828 
68365 
2829 
68366 
2830 
68367 
2831 
68368 
2832 
68369 
2833 
68370 
2834 
68371 
2835 
68372 
2836 
68373 
2837 
68374 
2838 
68375 
2839 
68376 
2840 
68377 
2841 
68378 
2842 
68379 
2843 
68380 
2844 
68381 
2845 
68382 
2846 
68383 
2847 
68384 
2848 
68385 
2849 
68386 
2850 
68387 
2851 
68388 
2852 
68389 
2853 
68390 
2854 
68391 
2855 
68392 
2856 
68393 
2857 
68394 
2858 
68395 
2859 
68396 
2860 
68397 
2861 
68398 
2862 
68399 
2863 
68400 
2864 
68401 
2865 
68402 
2866 
68403 
2867 
68404 
2868 
68405 
2869 
68406 
2870 
68407 
2871 
68408 
2872 
68409 
2873 
68410 
2874 
68411 
2875 
68412 
2876 
2877 
2878 
2879 
2880 
2881 
2882 
2883 
2884 
2885 
2886 
2887 
2888 
2889 
2890 
2891 
2892 
2893 
2894 
2895 
2896 
2897 
2898 
2899 
2900 
2901 
2902 
2903 
2904 
2905 
2906 
2907 
2908 
2909 
2910 
2911 
2912 
2913 
2914 
2915 
2916 
2917 
2918 
2919 
2920 
2921 
2922 
2923 
2924 
2925 
2926 
2927 
2928 
2929 
2930 
68467 
2931 
68468 
2932 
68469 
2933 
68470 
2934 
68471 
2935 
68472 
2936 
68473 
2937 
68474 
2938 
68475 
2939 
68476 
2940 
68477 
2941 
68478 
2942 
68479 
2943 
68480 
2944 
68481 
2945 
68482 
2946 
2947 
2948 
2949 
2950 
2951 
2952 
2953 
2954 
2955 
2956 
2957 
2958 
2959 
2960 
2961 
2962 
2963 
2964 
2965 
2966 
2967 
2968 
2969 
2970 
2971 
2972 
2973 
2974 
2975 
2976 
2977 
2978 
2979 
2980 
2981 
2982 
2983 
2984 
2985 
2986 
2987 
2988 
2989 
2990 
2991 
2992 
2993 
2994 
2995 
2996 
2997 
2998 
2999 
3000 
3001 
3002 
3003 
3004 
3005 
3006 
68543 
3007 
68544 
3008 
68545 
3009 
68546 
3010 
68547 
3011 
68548 
3012 
68549 
3013 
68550 
3014 
68551 
3015 
68552 
3016 
68553 
3017 
68554 
3018 
68555 
3019 
68556 
3020 
68557 
3021 
68558 
3022 
68559 
3023 
68560 
3024 
68561 
3025 
68562 
3026 
68563 
3027 
68564 
3028 
68565 
3029 
68566 
3030 
68567 
3031 
68568 
3032 
68569 
3033 
68570 
3034 
68571 
3035 
68572 
3036 
68573 
3037 
68574 
3038 
68575 
3039 
68576 
3040 
3041 
3042 
3043 
3044 
3045 
3046 
3047 
3048 
3049 
3050 
3051 
3052 
3053 
3054 
3055 
3056 
3057 
3058 
3059 
3060 
3061 
3062 
3063 
3064 
3065 
3066 
3067 
3068 
3069 
3070 
3071 
3072 
3073 
3074 
3075 
3076 
3077 
3078 
3079 
3080 
3081 
3082 
3083 
3084 
3085 
3086 
3087 
3088 
3089 
3090 
3091 
3092 
3093 
3094 
3095 
3096 
3097 
3098 
3099 
3100 
68637 
3101 
68638 
3102 
68639 
3103 
68640 
3104 
68641 
3105 
68642 
3106 
68643 
3107 
68644 
3108 
68645 
3109 
68646 
3110 
68647 
3111 
68648 
3112 
68649 
3113 
68650 
3114 
68651 
3115 
68652 
3116 
68653 
3117 
68654 
3118 
68655 
3119 
68656 
3120 
68657 
3121 
68658 
3122 
68659 
3123 
68660 
3124 
68661 
3125 
68662 
3126 
68663 
3127 
68664 
3128 
68665 
3129 
68666 
3130 
68667 
3131 
3132 
3133 
3134 
3135 
3136 
3137 
3138 
3139 
3140 
3141 
3142 
3143 
3144 
3145 
3146 
3147 
3148 
3149 
3150 
3151 
3152 
3153 
3154 
3155 
3156 
3157 
3158 
3159 
3160 
3161 
3162 
3163 
3164 
3165 
3166 
3167 
3168 
3169 
3170 
3171 
3172 
3173 
3174 
3175 
3176 
3177 
3178 
3179 
3180 
3181 
3182 
68719 
3183 
68720 
3184 
68721 
3185 
68722 
3186 
68723 
3187 
68724 
3188 
68725 
3189 
68726 
3190 
68727 
3191 
68728 
3192 
68729 
3193 
68730 
3194 
68731 
3195 
68732 
3196 
68733 
3197 
68734 
3198 
68735 
3199 
68736 
3200 
68737 
3201 
68738 
3202 
68739 
3203 
68740 
3204 
68741 
3205 
68742 
3206 
68743 
3207 
68744 
3208 
68745 
3209 
68746 
3210 
68747 
3211 
68748 
3212 
68749 
3213 
68750 
3214 
68751 
3215 
68752 
3216 
68753 
3217 
68754 
3218 
68755 
3219 
68756 
3220 
68757 
3221 
68758 
3222 
68759 
3223 
68760 
3224 
68761 
3225 
68762 
3226 
68763 
3227 
68764 
3228 
68765 
3229 
68766 
3230 
68767 
3231 
68768 
3232 
68769 
3233 
68770 
3234 
68771 
3235 
68772 
3236 
3237 
3238 
3239 
3240 
3241 
3242 
3243 
3244 
3245 
3246 
3247 
3248 
3249 
3250 
3251 
3252 
3253 
3254 
3255 
3256 
3257 
3258 
3259 
3260 
3261 
3262 
3263 
3264 
3265 
3266 
3267 
3268 
3269 
3270 
3271 
3272 
3273 
3274 
3275 
3276 
3277 
3278 
3279 
3280 
3281 
3282 
3283 
3284 
3285 
3286 
3287 
3288 
3289 
3290 
68827 
3291 
68828 
3292 
68829 
3293 
68830 
3294 
68831 
3295 
68832 
3296 
68833 
3297 
68834 
3298 
68835 
3299 
68836 
3300 
68837 
3301 
68838 
3302 
68839 
3303 
68840 
3304 
68841 
3305 
68842 
3306 
3307 
3308 
3309 
3310 
3311 
3312 
3313 
3314 
3315 
3316 
3317 
3318 
3319 
3320 
3321 
3322 
3323 
3324 
3325 
3326 
3327 
3328 
3329 
3330 
3331 
3332 
3333 
3334 
3335 
3336 
3337 
3338 
3339 
3340 
3341 
3342 
3343 
3344 
3345 
3346 
3347 
3348 
3349 
3350 
3351 
3352 
3353 
3354 
3355 
3356 
3357 
3358 
3359 
3360 
3361 
3362 
3363 
3364 
3365 
3366 
3367 
68904 
3368 
68905 
3369 
68906 
3370 
68907 
3371 
68908 
3372 
68909 
3373 
68910 
3374 
68911 
3375 
68912 
3376 
68913 
3377 
68914 
3378 
68915 
3379 
68916 
3380 
68917 
3381 
68918 
3382 
68919 
3383 
68920 
3384 
68921 
3385 
68922 
3386 
68923 
3387 
68924 
3388 
68925 
3389 
68926 
3390 
68927 
3391 
68928 
3392 
68929 
3393 
68930 
3394 
68931 
3395 
68932 
3396 
68933 
3397 
68934 
3398 
68935 
3399 
3400 
3401 
3402 
3403 
3404 
3405 
3406 
3407 
3408 
3409 
3410 
3411 
3412 
3413 
3414 
3415 
3416 
3417 
3418 
3419 
3420 
3421 
3422 
3423 
3424 
3425 
3426 
3427 
3428 
3429 
3430 
3431 
3432 
3433 
3434 
3435 
3436 
3437 
3438 
3439 
3440 
3441 
3442 
3443 
3444 
3445 
3446 
3447 
3448 
3449 
3450 
3451 
3452 
3453 
3454 
3455 
3456 
3457 
3458 
3459 
3460 
68997 
3461 
68998 
3462 
68999 
3463 
69000 
3464 
69001 
3465 
69002 
3466 
69003 
3467 
69004 
3468 
69005 
3469 
69006 
3470 
69007 
3471 
69008 
3472 
69009 
3473 
69010 
3474 
69011 
3475 
69012 
3476 
69013 
3477 
69014 
3478 
69015 
3479 
69016 
3480 
69017 
3481 
69018 
3482 
69019 
3483 
69020 
3484 
69021 
3485 
69022 
3486 
69023 
3487 
69024 
3488 
69025 
3489 
69026 
3490 
3491 
3492 
3493 
3494 
3495 
3496 
3497 
3498 
3499 
3500 
3501 
3502 
3503 
3504 
3505 
3506 
3507 
3508 
3509 
3510 
3511 
3512 
3513 
3514 
3515 
3516 
3517 
3518 
3519 
3520 
3521 
3522 
3523 
3524 
3525 
3526 
3527 
3528 
3529 
3530 
3531 
3532 
3533 
3534 
3535 
3536 
3537 
3538 
3539 
3540 
3541 
3542 
69079 
3543 
69080 
3544 
69081 
3545 
69082 
3546 
69083 
3547 
69084 
3548 
69085 
3549 
69086 
3550 
69087 
3551 
69088 
3552 
69089 
3553 
69090 
3554 
69091 
3555 
69092 
3556 
69093 
3557 
69094 
3558 
69095 
3559 
69096 
3560 
69097 
3561 
69098 
3562 
69099 
3563 
69100 
3564 
69101 
3565 
69102 
3566 
69103 
3567 
69104 
3568 
69105 
3569 
69106 
3570 
69107 
3571 
69108 
3572 
69109 
3573 
69110 
3574 
69111 
3575 
69112 
3576 
69113 
3577 
69114 
3578 
69115 
3579 
69116 
3580 
69117 
3581 
69118 
3582 
69119 
3583 
69120 
3584 
69121 
3585 
69122 
3586 
69123 
3587 
69124 
3588 
69125 
3589 
69126 
3590 
69127 
3591 
69128 
3592 
69129 
3593 
69130 
3594 
69131 
3595 
69132 
3596 
69133 
3597 
3598 
3599 
3600 
3601 
3602 
3603 
3604 
3605 
3606 
3607 
3608 
3609 
3610 
3611 
3612 
3613 
3614 
3615 
3616 
3617 
3618 
3619 
3620 
3621 
3622 
3623 
3624 
3625 
3626 
3627 
3628 
3629 
3630 
3631 
3632 
3633 
3634 
3635 
3636 
3637 
3638 
3639 
3640 
3641 
3642 
3643 
3644 
3645 
3646 
3647 
3648 
3649 
69186 
3650 
69187 
3651 
69188 
3652 
69189 
3653 
69190 
3654 
69191 
3655 
69192 
3656 
69193 
3657 
69194 
3658 
69195 
3659 
69196 
3660 
69197 
3661 
69198 
3662 
69199 
3663 
69200 
3664 
69201 
3665 
3666 
3667 
3668 
3669 
3670 
3671 
3672 
3673 
3674 
3675 
3676 
3677 
3678 
3679 
3680 
3681 
3682 
3683 
3684 
3685 
3686 
3687 
3688 
3689 
3690 
3691 
3692 
3693 
3694 
3695 
3696 
3697 
3698 
3699 
3700 
3701 
3702 
3703 
3704 
3705 
3706 
3707 
3708 
3709 
3710 
3711 
3712 
3713 
3714 
3715 
3716 
3717 
3718 
3719 
3720 
3721 
3722 
3723 
3724 
3725 
3726 
3727 
69264 
3728 
69265 
3729 
69266 
3730 
69267 
3731 
69268 
3732 
69269 
3733 
69270 
3734 
69271 
3735 
69272 
3736 
69273 
3737 
69274 
3738 
69275 
3739 
69276 
3740 
69277 
3741 
69278 
3742 
69279 
3743 
69280 
3744 
69281 
3745 
69282 
3746 
69283 
3747 
69284 
3748 
69285 
3749 
69286 
3750 
69287 
3751 
69288 
3752 
69289 
3753 
69290 
3754 
69291 
3755 
69292 
3756 
69293 
3757 
69294 
3758 
69295 
3759 
3760 
3761 
3762 
3763 
3764 
3765 
3766 
3767 
3768 
3769 
3770 
3771 
3772 
3773 
3774 
3775 
3776 
3777 
3778 
3779 
3780 
3781 
3782 
3783 
3784 
3785 
3786 
3787 
3788 
3789 
3790 
3791 
3792 
3793 
3794 
3795 
3796 
3797 
3798 
3799 
3800 
3801 
3802 
3803 
3804 
3805 
3806 
3807 
3808 
3809 
3810 
3811 
3812 
3813 
3814 
3815 
3816 
3817 
3818 
3819 
3820 
3821 
69358 
3822 
69359 
3823 
69360 
3824 
69361 
3825 
69362 
3826 
69363 
3827 
69364 
3828 
69365 
3829 
69366 
3830 
69367 
3831 
69368 
3832 
69369 
3833 
69370 
3834 
69371 
3835 
69372 
3836 
69373 
3837 
69374 
3838 
69375 
3839 
69376 
3840 
69377 
3841 
69378 
3842 
69379 
3843 
69380 
3844 
69381 
3845 
69382 
3846 
69383 
3847 
69384 
3848 
69385 
3849 
69386 
3850 
3851 
3852 
3853 
3854 
3855 
3856 
3857 
3858 
3859 
3860 
3861 
3862 
3863 
3864 
3865 
3866 
3867 
3868 
3869 
3870 
3871 
3872 
3873 
3874 
3875 
3876 
3877 
3878 
3879 
3880 
3881 
3882 
3883 
3884 
3885 
3886 
3887 
3888 
3889 
3890 
3891 
3892 
3893 
3894 
3895 
3896 
3897 
3898 
3899 
3900 
3901 
3902 
3903 
69440 
3904 
69441 
3905 
69442 
3906 
69443 
3907 
69444 
3908 
69445 
3909 
69446 
3910 
69447 
3911 
69448 
3912 
69449 
3913 
69450 
3914 
69451 
3915 
69452 
3916 
69453 
3917 
69454 
3918 
69455 
3919 
69456 
3920 
69457 
3921 
69458 
3922 
69459 
3923 
69460 
3924 
69461 
3925 
69462 
3926 
69463 
3927 
69464 
3928 
69465 
3929 
69466 
3930 
69467 
3931 
69468 
3932 
69469 
3933 
69470 
3934 
69471 
3935 
69472 
3936 
69473 
3937 
69474 
3938 
69475 
3939 
69476 
3940 
69477 
3941 
69478 
3942 
69479 
3943 
69480 
3944 
69481 
3945 
69482 
3946 
69483 
3947 
69484 
3948 
69485 
3949 
69486 
3950 
69487 
3951 
69488 
3952 
69489 
3953 
69490 
3954 
69491 
3955 
69492 
3956 
69493 
3957 
3958 
3959 
3960 
3961 
3962 
3963 
3964 
3965 
3966 
3967 
3968 
3969 
3970 
3971 
3972 
3973 
3974 
3975 
3976 
3977 
3978 
3979 
3980 
3981 
3982 
3983 
3984 
3985 
3986 
3987 
3988 
3989 
3990 
3991 
3992 
3993 
3994 
3995 
3996 
3997 
3998 
3999 
4000 
4001 
4002 
4003 
4004 
4005 
4006 
4007 
4008 
4009 
69546 
4010 
69547 
4011 
69548 
4012 
69549 
4013 
69550 
4014 
69551 
4015 
69552 
4016 
69553 
4017 
69554 
4018 
69555 
4019 
69556 
4020 
69557 
4021 
69558 
4022 
69559 
4023 
69560 
4024 
69561 
4025 
4026 
4027 
4028 
4029 
4030 
4031 
4032 
4033 
4034 
4035 
4036 
4037 
4038 
4039 
4040 
4041 
4042 
4043 
4044 
4045 
4046 
4047 
4048 
4049 
4050 
4051 
4052 
4053 
4054 
4055 
4056 
4057 
4058 
4059 
4060 
4061 
4062 
4063 
4064 
4065 
4066 
4067 
4068 
4069 
4070 
4071 
4072 
4073 
4074 
4075 
4076 
4077 
4078 
4079 
4080 
4081 
4082 
4083 
4084 
4085 
4086 
4087 
4088 
69625 
4089 
69626 
4090 
69627 
4091 
69628 
4092 
69629 
4093 
69630 
4094 
69631 
4095 
69632 
4096 
69633 
4097 
69634 
4098 
69635 
4099 
69636 
4100 
69637 
4101 
69638 
4102 
69639 
4103 
69640 
4104 
69641 
4105 
69642 
4106 
69643 
4107 
69644 
4108 
69645 
4109 
69646 
4110 
69647 
4111 
69648 
4112 
69649 
4113 
69650 
4114 
69651 
4115 
69652 
4116 
69653 
4117 
69654 
4118 
4119 
4120 
4121 
4122 
4123 
4124 
4125 
4126 
4127 
4128 
4129 
4130 
4131 
4132 
4133 
4134 
4135 
4136 
4137 
4138 
4139 
4140 
4141 
4142 
4143 
4144 
4145 
4146 
4147 
4148 
4149 
4150 
4151 
4152 
4153 
4154 
4155 
4156 
4157 
4158 
4159 
4160 
4161 
4162 
4163 
4164 
4165 
4166 
4167 
4168 
4169 
4170 
4171 
4172 
4173 
4174 
4175 
4176 
4177 
4178 
4179 
4180 
4181 
69718 
4182 
69719 
4183 
69720 
4184 
69721 
4185 
69722 
4186 
69723 
4187 
69724 
4188 
69725 
4189 
69726 
4190 
69727 
4191 
69728 
4192 
69729 
4193 
69730 
4194 
69731 
4195 
69732 
4196 
69733 
4197 
69734 
4198 
69735 
4199 
69736 
4200 
69737 
4201 
69738 
4202 
69739 
4203 
69740 
4204 
69741 
4205 
69742 
4206 
69743 
4207 
69744 
4208 
69745 
4209 
69746 
4210 
4211 
4212 
4213 
4214 
4215 
4216 
4217 
4218 
4219 
4220 
4221 
4222 
4223 
4224 
4225 
4226 
4227 
4228 
4229 
4230 
4231 
4232 
4233 
4234 
4235 
4236 
4237 
4238 
4239 
4240 
4241 
4242 
4243 
4244 
4245 
4246 
4247 
4248 
4249 
4250 
4251 
4252 
4253 
4254 
4255 
4256 
4257 
4258 
4259 
4260 
4261 
4262 
4263 
69800 
4264 
69801 
4265 
69802 
4266 
69803 
4267 
69804 
4268 
69805 
4269 
69806 
4270 
69807 
4271 
69808 
4272 
69809 
4273 
69810 
4274 
69811 
4275 
69812 
4276 
69813 
4277 
69814 
4278 
69815 
4279 
69816 
4280 
69817 
4281 
69818 
4282 
69819 
4283 
69820 
4284 
69821 
4285 
69822 
4286 
69823 
4287 
69824 
4288 
69825 
4289 
69826 
4290 
69827 
4291 
69828 
4292 
69829 
4293 
69830 
4294 
69831 
4295 
69832 
4296 
69833 
4297 
69834 
4298 
69835 
4299 
69836 
4300 
69837 
4301 
69838 
4302 
69839 
4303 
69840 
4304 
69841 
4305 
69842 
4306 
69843 
4307 
69844 
4308 
69845 
4309 
69846 
4310 
69847 
4311 
69848 
4312 
69849 
4313 
69850 
4314 
69851 
4315 
69852 
4316 
69853 
4317 
4318 
4319 
4320 
4321 
4322 
4323 
4324 
4325 
4326 
4327 
4328 
4329 
4330 
4331 
4332 
4333 
4334 
4335 
4336 
4337 
4338 
4339 
4340 
4341 
4342 
4343 
4344 
4345 
4346 
4347 
4348 
4349 
4350 
4351 
4352 
4353 
4354 
4355 
4356 
4357 
4358 
4359 
4360 
4361 
4362 
4363 
4364 
4365 
4366 
4367 
4368 
4369 
69906 
4370 
69907 
4371 
69908 
4372 
69909 
4373 
69910 
4374 
69911 
4375 
69912 
4376 
69913 
4377 
69914 
4378 
69915 
4379 
69916 
4380 
69917 
4381 
69918 
4382 
69919 
4383 
69920 
4384 
69921 
4385 
4386 
4387 
4388 
4389 
4390 
4391 
4392 
4393 
4394 
4395 
4396 
4397 
4398 
4399 
4400 
4401 
4402 
4403 
4404 
4405 
4406 
4407 
4408 
4409 
4410 
4411 
4412 
4413 
4414 
4415 
4416 
4417 
4418 
4419 
4420 
4421 
4422 
4423 
4424 
4425 
4426 
4427 
4428 
4429 
4430 
4431 
4432 
4433 
4434 
4435 
4436 
4437 
4438 
4439 
4440 
4441 
4442 
4443 
4444 
4445 
4446 
4447 
4448 
69985 
4449 
69986 
4450 
69987 
4451 
69988 
4452 
69989 
4453 
69990 
4454 
69991 
4455 
69992 
4456 
69993 
4457 
69994 
4458 
69995 
4459 
69996 
4460 
69997 
4461 
69998 
4462 
69999 
4463 
70000 
4464 
70001 
4465 
70002 
4466 
70003 
4467 
70004 
4468 
70005 
4469 
70006 
4470 
70007 
4471 
70008 
4472 
70009 
4473 
70010 
4474 
70011 
4475 
70012 
4476 
70013 
4477 
70014 
4478 
4479 
4480 
4481 
4482 
4483 
4484 
4485 
4486 
4487 
4488 
4489 
4490 
4491 
4492 
4493 
4494 
4495 
4496 
4497 
4498 
4499 
4500 
4501 
4502 
4503 
4504 
4505 
4506 
4507 
4508 
4509 
4510 
4511 
4512 
4513 
4514 
4515 
4516 
4517 
4518 
4519 
4520 
4521 
4522 
4523 
4524 
4525 
4526 
4527 
4528 
4529 
4530 
4531 
4532 
4533 
4534 
4535 
4536 
4537 
4538 
4539 
4540 
4541 
70078 
4542 
70079 
4543 
70080 
4544 
70081 
4545 
70082 
4546 
70083 
4547 
70084 
4548 
70085 
4549 
70086 
4550 
70087 
4551 
70088 
4552 
70089 
4553 
70090 
4554 
70091 
4555 
70092 
4556 
70093 
4557 
70094 
4558 
70095 
4559 
70096 
4560 
70097 
4561 
70098 
4562 
70099 
4563 
70100 
4564 
70101 
4565 
70102 
4566 
70103 
4567 
70104 
4568 
70105 
4569 
70106 
4570 
4571 
4572 
4573 
4574 
4575 
4576 
4577 
4578 
4579 
4580 
4581 
4582 
4583 
4584 
4585 
4586 
4587 
4588 
4589 
4590 
4591 
4592 
4593 
4594 
4595 
4596 
4597 
4598 
4599 
4600 
4601 
4602 
4603 
4604 
4605 
4606 
4607 
4608 
4609 
4610 
4611 
4612 
4613 
4614 
4615 
4616 
4617 
4618 
4619 
4620 
4621 
4622 
4623 
70160 
4624 
70161 
4625 
70162 
4626 
70163 
4627 
70164 
4628 
70165 
4629 
70166 
4630 
70167 
4631 
70168 
4632 
70169 
4633 
70170 
4634 
70171 
4635 
70172 
4636 
70173 
4637 
70174 
4638 
70175 
4639 
70176 
4640 
70177 
4641 
70178 
4642 
70179 
4643 
70180 
4644 
70181 
4645 
70182 
4646 
70183 
4647 
70184 
4648 
70185 
4649 
70186 
4650 
70187 
4651 
70188 
4652 
70189 
4653 
70190 
4654 
70191 
4655 
70192 
4656 
70193 
4657 
70194 
4658 
70195 
4659 
70196 
4660 
70197 
4661 
70198 
4662 
70199 
4663 
70200 
4664 
70201 
4665 
70202 
4666 
70203 
4667 
70204 
4668 
70205 
4669 
70206 
4670 
70207 
4671 
70208 
4672 
70209 
4673 
70210 
4674 
70211 
4675 
70212 
4676 
70213 
4677 
4678 
4679 
4680 
4681 
4682 
4683 
4684 
4685 
4686 
4687 
4688 
4689 
4690 
4691 
4692 
4693 
4694 
4695 
4696 
4697 
4698 
4699 
4700 
4701 
4702 
4703 
4704 
4705 
4706 
4707 
4708 
4709 
4710 
4711 
4712 
4713 
4714 
4715 
4716 
4717 
4718 
4719 
4720 
4721 
4722 
4723 
4724 
4725 
4726 
4727 
4728 
4729 
70266 
4730 
70267 
4731 
70268 
4732 
70269 
4733 
70270 
4734 
70271 
4735 
70272 
4736 
70273 
4737 
70274 
4738 
70275 
4739 
70276 
4740 
70277 
4741 
70278 
4742 
70279 
4743 
70280 
4744 
4745 
4746 
4747 
4748 
4749 
4750 
4751 
4752 
4753 
4754 
4755 
4756 
4757 
4758 
4759 
4760 
4761 
4762 
4763 
4764 
4765 
4766 
4767 
4768 
4769 
4770 
4771 
4772 
4773 
4774 
4775 
4776 
4777 
4778 
4779 
4780 
4781 
4782 
4783 
4784 
4785 
4786 
4787 
4788 
4789 
4790 
4791 
4792 
4793 
4794 
4795 
4796 
4797 
4798 
4799 
4800 
4801 
4802 
4803 
4804 
4805 
4806 
4807 
4808 
70345 
4809 
70346 
4810 
70347 
4811 
70348 
4812 
70349 
4813 
70350 
4814 
70351 
4815 
70352 
4816 
70353 
4817 
70354 
4818 
70355 
4819 
70356 
4820 
70357 
4821 
70358 
4822 
70359 
4823 
70360 
4824 
70361 
4825 
70362 
4826 
70363 
4827 
70364 
70365 
70366 
70367 
70368 
70369 
70370 
70371 
70372 
70373 
70374 
4839 
4840 
4841 
4842 
4843 
4844 
4845 
4846 
4847 
4848 
4849 
4850 
4851 
4852 
4853 
4854 
4855 
4856 
4857 
4858 
4859 
4860 
4861 
4862 
4863 
4864 
4865 
4866 
4867 
4868 
4869 
4870 
4871 
4872 
4873 
4874 
4875 
4876 
4877 
4878 
4879 
4880 
4881 
4882 
4883 
4884 
4885 
4886 
4887 
4899 
4900 
4901 
4902 
70439 
4903 
70440 
4904 
70441 
4905 
70442 
4906 
70443 
4907 
70444 
4908 
70445 
4909 
70446 
4910 
70447 
4911 
70448 
4912 
70449 
4913 
70450 
4914 
70451 
4915 
70452 
4916 
70453 
4917 
70454 
4918 
70455 
4919 
70456 
4920 
70457 
4921 
70458 
4922 
70459 
4923 
70460 
4924 
70461 
4925 
70462 
4926 
70463 
4927 
70464 
4928 
70465 
4929 
4930 
4931 
4932 
4933 
4934 
4935 
4936 
4937 
4938 
4939 
4940 
4941 
4942 
4943 
4944 
4945 
4946 
4947 
4948 
4949 
4950 
4951 
4952 
4953 
4954 
4955 
4956 
4957 
4958 
4959 
4960 
4961 
4962 
4963 
4964 
4965 
4966 
4967 
4968 
4969 
4970 
4971 
4972 
4973 
4974 
4975 
4976 
4977 
4978 
4979 
4980 
4981 
4982 
4983 
70520 
4984 
70521 
4985 
70522 
70523 
70524 
70525 
70526 
70527 
70528 
70529 
70530 
70531 
70532 
70533 
70534 
70535 
70536 
70537 
5001 
70538 
5002 
70539 
5003 
70540 
5004 
70541 
5005 
70542 
5006 
70543 
5007 
70544 
5008 
70545 
5009 
70546 
5010 
70547 
5011 
70548 
5012 
70549 
5013 
70550 
5014 
70551 
5015 
70552 
5016 
70553 
5017 
70554 
5018 
70555 
5019 
70556 
5020 
70557 
5021 
70558 
5022 
70559 
5023 
70560 
5024 
70561 
5025 
70562 
5026 
70563 
5027 
70564 
5028 
70565 
5029 
70566 
5030 
70567 
5031 
70568 
5032 
70569 
5033 
70570 
5034 
70571 
5035 
70572 
5036 
70573 
5037 
70574 
5038 
5039 
5040 
5041 
5042 
5043 
5044 
5045 
5046 
5047 
5048 
5049 
5050 
5051 
5052 
5053 
5054 
5055 
5056 
5057 
5058 
5059 
5060 
5061 
5062 
5063 
5064 
5065 
5066 
5067 
5068 
5069 
5070 
5071 
5072 
5073 
5074 
5075 
5076 
5077 
5078 
5079 
5080 
5081 
5082 
5083 
5084 
5085 
5086 
5087 
5088 
70625 
5089 
70626 
5090 
70627 
5091 
70628 
5092 
70629 
5093 
70630 
5094 
70631 
5095 
70632 
5096 
70633 
5097 
70634 
5098 
70635 
5099 
70636 
5100 
70637 
5101 
70638 
5102 
70639 
5103 
70640 
5104 
5105 
5106 
5107 
5108 
5109 
5110 
5111 
5112 
5113 
5114 
5115 
5116 
5117 
5118 
5119 
5120 
5121 
5122 
5123 
5124 
5125 
5126 
5127 
5128 
5129 
5130 
5131 
5132 
5133 
5134 
5135 
5136 
5137 
5138 
5139 
5140 
5141 
5142 
5143 
5144 
5145 
5146 
5147 
5148 
5149 
5150 
5151 
5152 
5153 
5154 
5155 
5156 
5157 
5158 
5159 
5160 
5161 
5162 
5163 
5164 
5165 
5166 
5167 
5168 
5169 
70706 
5170 
70707 
5171 
70708 
5172 
70709 
5173 
70710 
5174 
70711 
5175 
70712 
5176 
70713 
5177 
70714 
5178 
70715 
5179 
70716 
5180 
70717 
5181 
70718 
5182 
70719 
5183 
70720 
5184 
70721 
70722 
70723 
70724 
70725 
70726 
70727 
70728 
70729 
70730 
70731 
70732 
70733 
5202 
5203 
5204 
5205 
5206 
5207 
5208 
5209 
5210 
5211 
5212 
5213 
5214 
5215 
5216 
5217 
5218 
5219 
5220 
5221 
5222 
5223 
5224 
5225 
5226 
5227 
5228 
5229 
5230 
5231 
5232 
5233 
5234 
5235 
5236 
5237 
5238 
5239 
5240 
5241 
5242 
5243 
70799 
5263 
70800 
5264 
70801 
5265 
70802 
5266 
70803 
5267 
70804 
5268 
70805 
5269 
70806 
5270 
70807 
5271 
70808 
5272 
70809 
5273 
70810 
5274 
70811 
5275 
70812 
5276 
70813 
5277 
70814 
5278 
70815 
5279 
70816 
5280 
70817 
5281 
70818 
5282 
70819 
5283 
70820 
5284 
70821 
5285 
70822 
5286 
70823 
5287 
70824 
5288 
70825 
5289 
5290 
5291 
5292 
5293 
5294 
5295 
5296 
5297 
5298 
5299 
5300 
5301 
5302 
5303 
5304 
5305 
5306 
5307 
5308 
5309 
5310 
5311 
5312 
5313 
5314 
5315 
5316 
5317 
5318 
5319 
5320 
5321 
5322 
5323 
5324 
5325 
5326 
5327 
5328 
5329 
5330 
5331 
5332 
5333 
5334 
5335 
5336 
5337 
5338 
5339 
5340 
5341 
70880 
70881 
70882 
70883 
70884 
70885 
70886 
70887 
70888 
70889 
70890 
70891 
70892 
70893 
70894 
70895 
70896 
70897 
70898 
70899 
70900 
5364 
70901 
5365 
70902 
5366 
70903 
5367 
70904 
5368 
70905 
5369 
70906 
5370 
70907 
5371 
70908 
5372 
70909 
5373 
70910 
5374 
70911 
5375 
70912 
5376 
70913 
5377 
70914 
5378 
70915 
5379 
70916 
5380 
70917 
5381 
70918 
5382 
70919 
5383 
70920 
5384 
70921 
5385 
70922 
5386 
70923 
5387 
70924 
5388 
70925 
5389 
70926 
5390 
70927 
5391 
70928 
5392 
70929 
5393 
70930 
5394 
70931 
5395 
70932 
5396 
70933 
5397 
70934 
5398 
5399 
5400 
5401 
5402 
5403 
5404 
5405 
5406 
5407 
5408 
5409 
5410 
5411 
5412 
5413 
5414 
5415 
5416 
5417 
5418 
5419 
5420 
5421 
5422 
5423 
5424 
5425 
5426 
5427 
5428 
5429 
5430 
5431 
5432 
5433 
5434 
5435 
5436 
5437 
5438 
5439 
5440 
5441 
5442 
5443 
5444 
5445 
5446 
5447 
5448 
70985 
5449 
70986 
5450 
70987 
5451 
70988 
5452 
70989 
5453 
70990 
5454 
70991 
5455 
70992 
5456 
70993 
5457 
70994 
5458 
70995 
5459 
70996 
5460 
70997 
5461 
70998 
5462 
70999 
5463 
71000 
5464 
5465 
5466 
5467 
5468 
5469 
5470 
5471 
5472 
5473 
5474 
5475 
5476 
5477 
5478 
5479 
5480 
5481 
5482 
5483 
5484 
5485 
5486 
5487 
5488 
5489 
5490 
5491 
5492 
5493 
5494 
5495 
5496 
5497 
5498 
5499 
5500 
5501 
5502 
5503 
5504 
5505 
5506 
5507 
5508 
5509 
5510 
5511 
5512 
5513 
5514 
5515 
5516 
5517 
5518 
5519 
5520 
5521 
5522 
5523 
5524 
5525 
5526 
5527 
5528 
5529 
71066 
5530 
71067 
5531 
71068 
5532 
71069 
5533 
71070 
5534 
71071 
5535 
71072 
5536 
71073 
5537 
71074 
5538 
71075 
5539 
71076 
5540 
71077 
5541 
71078 
5542 
71079 
71080 
71081 
71082 
71083 
71084 
71085 
71086 
71087 
71088 
71089 
71090 
71091 
71092 
71093 
5564 
5565 
5566 
5567 
5568 
5569 
5570 
5571 
5572 
5573 
5574 
5575 
5576 
5577 
5578 
5579 
5580 
5581 
5582 
5583 
5584 
5585 
5586 
5587 
5588 
5589 
5590 
5591 
5592 
5593 
5594 
5595 
5596 
5597 
5598 
5599 
5600 
5601 
71159 
71160 
71161 
5625 
71162 
5626 
71163 
5627 
71164 
5628 
71165 
5629 
71166 
5630 
71167 
5631 
71168 
5632 
71169 
5633 
71170 
5634 
71171 
5635 
71172 
5636 
71173 
5637 
71174 
5638 
71175 
5639 
71176 
5640 
71177 
5641 
71178 
5642 
71179 
5643 
71180 
5644 
71181 
5645 
71182 
5646 
71183 
5647 
71184 
5648 
71185 
5649 
5650 
5651 
5652 
5653 
5654 
5655 
5656 
5657 
5658 
5659 
5660 
5661 
5662 
5663 
5664 
5665 
5666 
5667 
5668 
5669 
5670 
5671 
5672 
5673 
5674 
5675 
5676 
5677 
5678 
5679 
5680 
5681 
5682 
5683 
5684 
5685 
5686 
5687 
5688 
5689 
5690 
5691 
5692 
5693 
5694 
5695 
5696 
5697 
5698 
5699 
71240 
71241 
71242 
71243 
71244 
71245 
71246 
71247 
71248 
71249 
71250 
71251 
71252 
71253 
71254 
71255 
71256 
71257 
71258 
71259 
71260 
71261 
71262 
71263 
5727 
71264 
5728 
71265 
5729 
71266 
5730 
71267 
5731 
71268 
5732 
71269 
5733 
71270 
5734 
71271 
5735 
71272 
5736 
71273 
5737 
71274 
5738 
71275 
5739 
71276 
5740 
71277 
5741 
71278 
5742 
71279 
5743 
71280 
5744 
71281 
5745 
71282 
5746 
71283 
5747 
71284 
5748 
71285 
5749 
71286 
5750 
71287 
5751 
71288 
5752 
71289 
5753 
71290 
5754 
71291 
5755 
71292 
5756 
71293 
5757 
71294 
5758 
71295 
5759 
5760 
5761 
5762 
5763 
5764 
5765 
5766 
5767 
5768 
5769 
5770 
5771 
5772 
5773 
5774 
5775 
5776 
5777 
5778 
5779 
5780 
5781 
5782 
5783 
5784 
5785 
5786 
5787 
5788 
5789 
5790 
5791 
5792 
5793 
5794 
5795 
5796 
5797 
5798 
5799 
5800 
5801 
5802 
5803 
5804 
5805 
5806 
5807 
71344 
5808 
71345 
5809 
71346 
5810 
71347 
5811 
71348 
5812 
71349 
5813 
71350 
5814 
71351 
5815 
71352 
5816 
71353 
5817 
71354 
5818 
71355 
5819 
71356 
5820 
71357 
5821 
71358 
5822 
71359 
5823 
5824 
5825 
5826 
5827 
5828 
5829 
5830 
5831 
5832 
5833 
5834 
5835 
5836 
5837 
5838 
5839 
5840 
5841 
5842 
5843 
5844 
5845 
5846 
5847 
5848 
5849 
5850 
5851 
5852 
5853 
5854 
5855 
5856 
5857 
5858 
5859 
5860 
5861 
5862 
5863 
5864 
5865 
5866 
5867 
5868 
5869 
5870 
5871 
5872 
5873 
5874 
5875 
5876 
5877 
5878 
5879 
5880 
5881 
5882 
5883 
5884 
5885 
5886 
5887 
5888 
5889 
71426 
5890 
71427 
5891 
71428 
5892 
71429 
5893 
71430 
5894 
71431 
5895 
71432 
5896 
71433 
5897 
71434 
5898 
71435 
5899 
71436 
5900 
71437 
71438 
71439 
71440 
71441 
71442 
71443 
71444 
71445 
71446 
71447 
71448 
71449 
71450 
71451 
71452 
71453 
5925 
5926 
5927 
5928 
5929 
5930 
5931 
5932 
5933 
5934 
5935 
5936 
5937 
5938 
5939 
5940 
5941 
5942 
5943 
5944 
5945 
5946 
5947 
5948 
5949 
5950 
5951 
5952 
5953 
5954 
5955 
5956 
5957 
5958 
5959 
71520 
71521 
71522 
71523 
5987 
71524 
5988 
71525 
5989 
71526 
5990 
71527 
5991 
71528 
5992 
71529 
5993 
71530 
5994 
71531 
5995 
71532 
5996 
71533 
5997 
71534 
5998 
71535 
5999 
71536 
6000 
71537 
6001 
71538 
6002 
71539 
6003 
71540 
6004 
71541 
6005 
71542 
6006 
71543 
6007 
71544 
6008 
71545 
6009 
6010 
6011 
6012 
6013 
6014 
6015 
6016 
6017 
6018 
6019 
6020 
6021 
6022 
6023 
6024 
6025 
6026 
6027 
6028 
6029 
6030 
6031 
6032 
6033 
6034 
6035 
6036 
6037 
6038 
6039 
6040 
6041 
6042 
6043 
6044 
6045 
6046 
6047 
6048 
6049 
6050 
6051 
6052 
6053 
6054 
6055 
6056 
6057 
71600 
71601 
71602 
71603 
71604 
71605 
71606 
71607 
71608 
71609 
71610 
71611 
71612 
71613 
71614 
71615 
71616 
71617 
71618 
71619 
71620 
71621 
71622 
71623 
71624 
71625 
6089 
71626 
6090 
71627 
6091 
71628 
6092 
71629 
6093 
71630 
6094 
71631 
6095 
71632 
6096 
71633 
6097 
71634 
6098 
71635 
6099 
71636 
6100 
71637 
6101 
71638 
6102 
71639 
6103 
71640 
6104 
71641 
6105 
71642 
6106 
71643 
6107 
71644 
6108 
71645 
6109 
71646 
6110 
71647 
6111 
71648 
6112 
71649 
6113 
71650 
6114 
71651 
6115 
71652 
6116 
71653 
6117 
71654 
6118 
71655 
6119 
6120 
6121 
6122 
6123 
6124 
6125 
6126 
6127 
6128 
6129 
6130 
6131 
6132 
6133 
6134 
6135 
6136 
6137 
6138 
6139 
6140 
6141 
6142 
6143 
6144 
6145 
6146 
6147 
6148 
6149 
6150 
6151 
6152 
6153 
6154 
6155 
6156 
6157 
6158 
6159 
6160 
6161 
6162 
6163 
6164 
6165 
6166 
6167 
71704 
6168 
71705 
6169 
71706 
6170 
71707 
6171 
71708 
6172 
71709 
6173 
71710 
6174 
71711 
6175 
71712 
6176 
71713 
6177 
71714 
6178 
71715 
6179 
71716 
6180 
71717 
6181 
71718 
6182 
71719 
6183 
6184 
6185 
6186 
6187 
6188 
6189 
6190 
6191 
6192 
6193 
6194 
6195 
6196 
6197 
6198 
6199 
6200 
6201 
6202 
6203 
6204 
6205 
6206 
6207 
6208 
6209 
6210 
6211 
6212 
6213 
6214 
6215 
6216 
6217 
6218 
6219 
6220 
6221 
6222 
6223 
6224 
6225 
6226 
6227 
6228 
6229 
6230 
6231 
6232 
6233 
6234 
6235 
6236 
6237 
6238 
6239 
6240 
6241 
6242 
6243 
6244 
6245 
6246 
6247 
6248 
6249 
71786 
6250 
71787 
6251 
71788 
6252 
71789 
6253 
71790 
6254 
71791 
6255 
71792 
6256 
71793 
6257 
71794 
6258 
71795 
6259 
71796 
71797 
71798 
71799 
71800 
71801 
71802 
71803 
71804 
71805 
71806 
71807 
71808 
71809 
71810 
71811 
71812 
6286 
6287 
6288 
6289 
6290 
6291 
6292 
6293 
6294 
6295 
6296 
6297 
6298 
6299 
6300 
6301 
6302 
6303 
6304 
6305 
6306 
6307 
6308 
6309 
6310 
6311 
6312 
6313 
6314 
6315 
6316 
6317 
71880 
71881 
71882 
71883 
71884 
71885 
6349 
71886 
6350 
71887 
6351 
71888 
6352 
71889 
6353 
71890 
6354 
71891 
6355 
71892 
6356 
71893 
6357 
71894 
6358 
71895 
6359 
71896 
6360 
71897 
6361 
71898 
6362 
71899 
6363 
71900 
6364 
71901 
6365 
71902 
6366 
71903 
6367 
71904 
6368 
71905 
6369 
6370 
6371 
6372 
6373 
6374 
6375 
6376 
6377 
6378 
6379 
6380 
6381 
6382 
6383 
6384 
6385 
6386 
6387 
6388 
6389 
6390 
6391 
6392 
6393 
6394 
6395 
6396 
6397 
6398 
6399 
6400 
6401 
6402 
6403 
6404 
6405 
6406 
6407 
6408 
6409 
6410 
6411 
6412 
6413 
6414 
6415 
71961 
71962 
71963 
71964 
71965 
71966 
71967 
71968 
71969 
71970 
71971 
71972 
71973 
71974 
71975 
71976 
71977 
71978 
71979 
71980 
71981 
71982 
71983 
71984 
71985 
71986 
71987 
6451 
71988 
6452 
71989 
6453 
71990 
6454 
71991 
6455 
71992 
6456 
71993 
6457 
71994 
6458 
71995 
6459 
71996 
6460 
71997 
6461 
71998 
6462 
71999 
6463 
72000 
6464 
72001 
6465 
72002 
6466 
72003 
6467 
72004 
6468 
72005 
6469 
72006 
6470 
72007 
6471 
72008 
6472 
72009 
6473 
72010 
6474 
72011 
6475 
72012 
6476 
72013 
6477 
72014 
6478 
72015 
6479 
72016 
6480 
6481 
6482 
6483 
6484 
6485 
6486 
6487 
6488 
6489 
6490 
6491 
6492 
6493 
6494 
6495 
6496 
6497 
6498 
6499 
6500 
6501 
6502 
6503 
6504 
6505 
6506 
6507 
6508 
6509 
6510 
6511 
6512 
6513 
6514 
6515 
6516 
6517 
6518 
6519 
6520 
6521 
6522 
6523 
6524 
6525 
6526 
72063 
6527 
72064 
6528 
72065 
6529 
72066 
6530 
72067 
6531 
72068 
6532 
72069 
6533 
72070 
6534 
72071 
6535 
72072 
6536 
72073 
6537 
72074 
6538 
72075 
6539 
72076 
6540 
72077 
6541 
72078 
6542 
72079 
6543 
6544 
6545 
6546 
6547 
6548 
6549 
6550 
6551 
6552 
6553 
6554 
6555 
6556 
6557 
6558 
6559 
6560 
6561 
6562 
6563 
6564 
6565 
6566 
6567 
6568 
6569 
6570 
6571 
6572 
6573 
6574 
6575 
6576 
6577 
6578 
6579 
6580 
6581 
6582 
6583 
6584 
6585 
6586 
6587 
6588 
6589 
6590 
6591 
6592 
6593 
6594 
6595 
6596 
6597 
6598 
6599 
6600 
6601 
6602 
6603 
6604 
6605 
6606 
6607 
6608 
6609 
6610 
72147 
6611 
72148 
6612 
72149 
6613 
72150 
6614 
72151 
6615 
72152 
6616 
72153 
6617 
72154 
6618 
72155 
72156 
72157 
72158 
72159 
72160 
72161 
72162 
72163 
72164 
72165 
72166 
72167 
72168 
72169 
72170 
72171 
72172 
6648 
6649 
6650 
6651 
6652 
6653 
6654 
6655 
6656 
6657 
6658 
6659 
6660 
6661 
6662 
6663 
6664 
6665 
6666 
6667 
6668 
6669 
6670 
6671 
6672 
6673 
6674 
6675 
6676 
72240 
72241 
72242 
72243 
72244 
72245 
72246 
6710 
72247 
6711 
72248 
6712 
72249 
6713 
72250 
6714 
72251 
6715 
72252 
6716 
72253 
6717 
72254 
6718 
72255 
6719 
72256 
6720 
72257 
6721 
72258 
6722 
72259 
6723 
72260 
6724 
72261 
6725 
72262 
6726 
72263 
6727 
72264 
6728 
72265 
6729 
6730 
6731 
6732 
6733 
6734 
6735 
6736 
6737 
6738 
6739 
6740 
6741 
6742 
6743 
6744 
6745 
6746 
6747 
6748 
6749 
6750 
6751 
6752 
6753 
6754 
6755 
6756 
6757 
6758 
6759 
6760 
6761 
6762 
6763 
6764 
6765 
6766 
6767 
6768 
6769 
6770 
6771 
6772 
6773 
72321 
72322 
72323 
72324 
72325 
72326 
72327 
72328 
72329 
72330 
72331 
72332 
72333 
72334 
72335 
72336 
72337 
72338 
72339 
72340 
72341 
72342 
72343 
72344 
72345 
72346 
72347 
72348 
6812 
72349 
6813 
72350 
6814 
72351 
6815 
72352 
6816 
72353 
6817 
72354 
6818 
72355 
6819 
72356 
6820 
72357 
6821 
72358 
6822 
72359 
6823 
72360 
6824 
72361 
6825 
72362 
6826 
72363 
6827 
72364 
6828 
72365 
6829 
72366 
6830 
72367 
6831 
72368 
6832 
72369 
6833 
72370 
6834 
72371 
6835 
72372 
6836 
72373 
6837 
72374 
6838 
72375 
6839 
72376 
6840 
6841 
6842 
6843 
6844 
6845 
6846 
6847 
6848 
6849 
6850 
6851 
6852 
6853 
6854 
6855 
6856 
6857 
6858 
6859 
6860 
6861 
6862 
6863 
6864 
6865 
6866 
6867 
6868 
6869 
6870 
6871 
6872 
6873 
6874 
6875 
6876 
6877 
6878 
6879 
6880 
6881 
6882 
6883 
6884 
6885 
6886 
72423 
6887 
72424 
6888 
72425 
6889 
72426 
6890 
72427 
6891 
72428 
6892 
72429 
6893 
72430 
6894 
72431 
6895 
72432 
6896 
72433 
6897 
72434 
6898 
72435 
6899 
72436 
6900 
72437 
6901 
72438 
6902 
72439 
6903 
6904 
6905 
6906 
6907 
6908 
6909 
6910 
6911 
6912 
6913 
6914 
6915 
6916 
6917 
6918 
6919 
6920 
6921 
6922 
6923 
6924 
6925 
6926 
6927 
6928 
6929 
6930 
6931 
6932 
6933 
6934 
6935 
6936 
6937 
6938 
6939 
6940 
6941 
6942 
6943 
6944 
6945 
6946 
6947 
6948 
6949 
6950 
6951 
6952 
6953 
6954 
6955 
6956 
6957 
6958 
6959 
6960 
6961 
6962 
6963 
6964 
6965 
6966 
6967 
6968 
6969 
6970 
72507 
6971 
72508 
6972 
72509 
6973 
72510 
6974 
72511 
6975 
72512 
6976 
72513 
6977 
72514 
72515 
72516 
72517 
72518 
72519 
72520 
72521 
72522 
72523 
72524 
72525 
72526 
72527 
72528 
72529 
72530 
72531 
72532 
7009 
7010 
7011 
7012 
7013 
7014 
7015 
7016 
7017 
7018 
7019 
7020 
7021 
7022 
7023 
7024 
7025 
7026 
7027 
7028 
7029 
7030 
7031 
7032 
7033 
7034 
72600 
72601 
72602 
72603 
72604 
72605 
72606 
72607 
7071 
72608 
7072 
72609 
7073 
72610 
7074 
72611 
7075 
72612 
7076 
72613 
7077 
72614 
7078 
72615 
7079 
72616 
7080 
72617 
7081 
72618 
7082 
72619 
7083 
72620 
7084 
72621 
7085 
72622 
7086 
72623 
7087 
72624 
7088 
72625 
7089 
7090 
7091 
7092 
7093 
7094 
7095 
7096 
7097 
7098 
7099 
7100 
7101 
7102 
7103 
7104 
7105 
7106 
7107 
7108 
7109 
7110 
7111 
7112 
7113 
7114 
7115 
7116 
7117 
7118 
7119 
7120 
7121 
7122 
7123 
7124 
7125 
7126 
7127 
7128 
7129 
7130 
7131 
7132 
72680 
72681 
72682 
72683 
72684 
72685 
72686 
72687 
72688 
72689 
72690 
72691 
72692 
72693 
72694 
72695 
72696 
72697 
72698 
72699 
72700 
72701 
72702 
72703 
72704 
72705 
72706 
72707 
72708 
72709 
72710 
7174 
72711 
7175 
72712 
7176 
72713 
7177 
72714 
7178 
72715 
7179 
72716 
7180 
72717 
7181 
72718 
7182 
72719 
7183 
72720 
7184 
72721 
7185 
72722 
7186 
72723 
7187 
72724 
7188 
72725 
7189 
72726 
7190 
72727 
7191 
72728 
7192 
72729 
7193 
72730 
7194 
72731 
7195 
72732 
7196 
72733 
7197 
72734 
7198 
72735 
7199 
72736 
7200 
72737 
7201 
7202 
7203 
7204 
7205 
7206 
7207 
7208 
7209 
7210 
7211 
7212 
7213 
7214 
7215 
7216 
7217 
7218 
7219 
7220 
7221 
7222 
7223 
7224 
7225 
7226 
7227 
7228 
7229 
7230 
7231 
7232 
7233 
7234 
7235 
7236 
7237 
7238 
7239 
7240 
7241 
7242 
7243 
7244 
7245 
72782 
7246 
72783 
7247 
72784 
7248 
72785 
7249 
72786 
7250 
72787 
7251 
72788 
7252 
72789 
7253 
72790 
7254 
72791 
7255 
72792 
7256 
72793 
7257 
72794 
7258 
72795 
7259 
72796 
7260 
72797 
7261 
72798 
7262 
72799 
7263 
7264 
7265 
7266 
7267 
7268 
7269 
7270 
7271 
7272 
7273 
7274 
7275 
7276 
7277 
7278 
7279 
7280 
7281 
7282 
7283 
7284 
7285 
7286 
7287 
7288 
7289 
7290 
7291 
7292 
7293 
7294 
7295 
7296 
7297 
7298 
7299 
7300 
7301 
7302 
7303 
7304 
7305 
7306 
7307 
7308 
7309 
7310 
7311 
7312 
7313 
7314 
7315 
7316 
7317 
7318 
7319 
7320 
7321 
7322 
7323 
7324 
7325 
7326 
7327 
7328 
7329 
7330 
72867 
7331 
72868 
7332 
72869 
7333 
72870 
7334 
72871 
7335 
72872 
7336 
72873 
72874 
72875 
72876 
72877 
72878 
72879 
72880 
72881 
72882 
72883 
72884 
72885 
72886 
72887 
72888 
72889 
72890 
72891 
72892 
7369 
7370 
7371 
7372 
7373 
7374 
7375 
7376 
7377 
7378 
7379 
7380 
7381 
7382 
7383 
7384 
7385 
7386 
7387 
7388 
7389 
7390 
7391 
7392 
7393 
72960 
72961 
72962 
72963 
72964 
72965 
72966 
72967 
72968 
7432 
72969 
7433 
72970 
7434 
72971 
7435 
72972 
7436 
72973 
7437 
72974 
7438 
72975 
7439 
72976 
7440 
72977 
7441 
72978 
7442 
72979 
7443 
72980 
7444 
72981 
7445 
72982 
7446 
72983 
7447 
72984 
7448 
72985 
7449 
7450 
7451 
7452 
7453 
7454 
7455 
7456 
7457 
7458 
7459 
7460 
7461 
7462 
7463 
7464 
7465 
7466 
7467 
7468 
7469 
7470 
7471 
7472 
7473 
7474 
7475 
7476 
7477 
7478 
7479 
7480 
7481 
7482 
7483 
7484 
7485 
7486 
7487 
7488 
7489 
7490 
7491 
73040 
73041 
73042 
73043 
73044 
73045 
73046 
73047 
73048 
73049 
73050 
73051 
73052 
73053 
73054 
73055 
73056 
73057 
73058 
73059 
73060 
73061 
73062 
73063 
73064 
73065 
73066 
73067 
73068 
73069 
73070 
73071 
7535 
73072 
7536 
73073 
7537 
73074 
7538 
73075 
7539 
73076 
7540 
73077 
7541 
73078 
7542 
73079 
7543 
73080 
7544 
73081 
7545 
73082 
7546 
73083 
7547 
73084 
7548 
73085 
7549 
73086 
7550 
73087 
7551 
73088 
7552 
73089 
7553 
73090 
7554 
73091 
7555 
73092 
7556 
73093 
7557 
73094 
7558 
73095 
7559 
73096 
7560 
73097 
7561 
73098 
7562 
7563 
7564 
7565 
7566 
7567 
7568 
7569 
7570 
7571 
7572 
7573 
7574 
7575 
7576 
7577 
7578 
7579 
7580 
7581 
7582 
7583 
7584 
7585 
7586 
7587 
7588 
7589 
7590 
7591 
7592 
7593 
7594 
7595 
7596 
7597 
7598 
7599 
7600 
7601 
7602 
7603 
7604 
73141 
7605 
73142 
7606 
73143 
7607 
73144 
7608 
73145 
7609 
73146 
7610 
73147 
7611 
73148 
7612 
73149 
7613 
73150 
7614 
73151 
7615 
73152 
7616 
73153 
7617 
73154 
7618 
73155 
7619 
73156 
7620 
73157 
7621 
73158 
7622 
73159 
7623 
7624 
7625 
7626 
7627 
7628 
7629 
7630 
7631 
7632 
7633 
7634 
7635 
7636 
7637 
7638 
7639 
7640 
7641 
7642 
7643 
7644 
7645 
7646 
7647 
7648 
7649 
7650 
7651 
7652 
7653 
7654 
7655 
7656 
7657 
7658 
7659 
7660 
7661 
7662 
7663 
7664 
7665 
7666 
7667 
7668 
7669 
7670 
7671 
7672 
7673 
7674 
7675 
7676 
7677 
7678 
7679 
7680 
7681 
7682 
7683 
7684 
7685 
7686 
7687 
7688 
7689 
7690 
73227 
7691 
73228 
7692 
73229 
7693 
73230 
7694 
73231 
7695 
73232 
73233 
73234 
73235 
73236 
73237 
73238 
73239 
73240 
73241 
73242 
73243 
73244 
73245 
73246 
73247 
73248 
73249 
73250 
73251 
73252 
7730 
7731 
7732 
7733 
7734 
7735 
7736 
7737 
7738 
7739 
7740 
7741 
7742 
7743 
7744 
7745 
7746 
7747 
7748 
7749 
7750 
7751 
7752 
73320 
73321 
73322 
73323 
73324 
73325 
73326 
73327 
73328 
73329 
7793 
73330 
7794 
73331 
7795 
73332 
7796 
73333 
7797 
73334 
7798 
73335 
7799 
73336 
7800 
73337 
7801 
73338 
7802 
73339 
7803 
73340 
7804 
73341 
7805 
73342 
7806 
73343 
7807 
73344 
7808 
73345 
7809 
7810 
7811 
7812 
7813 
7814 
7815 
7816 
7817 
7818 
7819 
7820 
7821 
7822 
7823 
7824 
7825 
7826 
7827 
7828 
7829 
7830 
7831 
7832 
7833 
7834 
7835 
7836 
7837 
7838 
7839 
7840 
7841 
7842 
7843 
7844 
7845 
7846 
7847 
7848 
7849 
73400 
73401 
73402 
73403 
73404 
73405 
73406 
73407 
73408 
73409 
73410 
73411 
73412 
73413 
73414 
73415 
73416 
73417 
73418 
73419 
73420 
73421 
73422 
73423 
73424 
73425 
73426 
73427 
73428 
73429 
73430 
73431 
73432 
7896 
73433 
7897 
73434 
7898 
73435 
7899 
73436 
7900 
73437 
7901 
73438 
7902 
73439 
7903 
73440 
7904 
73441 
7905 
73442 
7906 
73443 
7907 
73444 
7908 
73445 
7909 
73446 
7910 
73447 
7911 
73448 
7912 
73449 
7913 
73450 
7914 
73451 
7915 
73452 
7916 
73453 
7917 
73454 
7918 
73455 
7919 
73456 
7920 
73457 
7921 
73458 
7922 
73459 
7923 
7924 
7925 
7926 
7927 
7928 
7929 
7930 
7931 
7932 
7933 
7934 
7935 
7936 
7937 
7938 
7939 
7940 
7941 
7942 
7943 
7944 
7945 
7946 
7947 
7948 
7949 
7950 
7951 
7952 
7953 
7954 
7955 
7956 
7957 
7958 
7959 
7960 
7961 
7962 
7963 
73500 
7964 
73501 
7965 
73502 
7966 
73503 
7967 
73504 
7968 
73505 
7969 
73506 
7970 
73507 
7971 
73508 
7972 
73509 
7973 
73510 
7974 
73511 
7975 
73512 
7976 
73513 
7977 
73514 
7978 
73515 
7979 
73516 
7980 
73517 
7981 
73518 
7982 
73519 
7983 
7984 
7985 
7986 
7987 
7988 
7989 
7990 
7991 
7992 
7993 
7994 
7995 
7996 
7997 
7998 
7999 
8000 
8001 
8002 
8003 
8004 
8005 
8006 
8007 
8008 
8009 
8010 
8011 
8012 
8013 
8014 
8015 
8016 
8017 
8018 
8019 
8020 
8021 
8022 
8023 
8024 
8025 
8026 
8027 
8028 
8029 
8030 
8031 
8032 
8033 
8034 
8035 
8036 
8037 
8038 
8039 
8040 
8041 
8042 
8043 
8044 
8045 
8046 
8047 
8048 
8049 
8050 
73587 
8051 
73588 
8052 
73589 
8053 
73590 
8054 
73591 
8055 
73592 
73593 
73594 
73595 
73596 
73597 
73598 
73599 
73600 
73601 
73602 
73603 
73604 
73605 
73606 
73607 
73608 
73609 
73610 
73611 
73612 
8091 
8092 
8093 
8094 
8095 
8096 
8097 
8098 
8099 
8100 
8101 
8102 
8103 
8104 
8105 
8106 
8107 
8108 
8109 
8110 
8111 
8112 
73680 
73681 
73682 
73683 
73684 
73685 
73686 
73687 
73688 
73689 
73690 
8154 
73691 
8155 
73692 
8156 
73693 
8157 
73694 
8158 
73695 
8159 
73696 
8160 
73697 
8161 
73698 
8162 
73699 
8163 
73700 
8164 
73701 
8165 
73702 
8166 
73703 
8167 
73704 
8168 
73705 
8169 
73706 
8170 
8171 
8172 
8173 
8174 
8175 
8176 
8177 
8178 
8179 
8180 
8181 
8182 
8183 
8184 
8185 
8186 
8187 
8188 
8189 
8190 
8191 
8192 
8193 
8194 
8195 
8196 
8197 
8198 
8199 
8200 
8201 
8202 
8203 
8204 
8205 
8206 
8207 
8208 
73760 
73761 
73762 
73763 
73764 
73765 
73766 
73767 
73768 
73769 
73770 
73771 
73772 
73773 
73774 
73775 
73776 
73777 
73778 
73779 
73780 
73781 
73782 
73783 
73784 
73785 
73786 
73787 
73788 
73789 
73790 
73791 
73792 
73793 
8257 
73794 
8258 
73795 
8259 
73796 
8260 
73797 
8261 
73798 
8262 
73799 
8263 
73800 
8264 
73801 
8265 
73802 
8266 
73803 
8267 
73804 
8268 
73805 
8269 
73806 
8270 
73807 
8271 
73808 
8272 
73809 
8273 
73810 
8274 
73811 
8275 
73812 
8276 
73813 
8277 
73814 
8278 
73815 
8279 
73816 
8280 
73817 
8281 
73818 
8282 
73819 
8283 
73820 
8284 
8285 
8286 
8287 
8288 
8289 
8290 
8291 
8292 
8293 
8294 
8295 
8296 
8297 
8298 
8299 
8300 
8301 
8302 
8303 
8304 
8305 
8306 
8307 
8308 
8309 
8310 
8311 
8312 
8313 
8314 
8315 
8316 
8317 
8318 
8319 
8320 
8321 
8322 
73859 
8323 
73860 
8324 
73861 
8325 
73862 
8326 
73863 
8327 
73864 
8328 
73865 
8329 
73866 
8330 
73867 
8331 
73868 
8332 
73869 
8333 
73870 
8334 
73871 
8335 
73872 
8336 
73873 
8337 
73874 
8338 
73875 
8339 
73876 
8340 
73877 
8341 
73878 
8342 
73879 
8343 
8344 
8345 
8346 
8347 
8348 
8349 
8350 
8351 
8352 
8353 
8354 
8355 
8356 
8357 
8358 
8359 
8360 
8361 
8362 
8363 
8364 
8365 
8366 
8367 
8368 
8369 
8370 
8371 
8372 
8373 
8374 
8375 
8376 
8377 
8378 
8379 
8380 
8381 
8382 
8383 
8384 
8385 
8386 
8387 
8388 
8389 
8390 
8391 
8392 
8393 
8394 
8395 
8396 
8397 
8398 
8399 
8400 
8401 
8402 
8403 
8404 
8405 
8406 
8407 
8408 
8409 
8410 
73947 
8411 
73948 
8412 
73949 
8413 
73950 
8414 
73951 
73952 
73953 
73954 
73955 
73956 
73957 
73958 
73959 
73960 
73961 
73962 
73963 
73964 
73965 
73966 
73967 
73968 
73969 
73970 
73971 
73972 
8451 
8452 
8453 
8454 
8455 
8456 
8457 
8458 
8459 
8460 
8461 
8462 
8463 
8464 
8465 
8466 
8467 
8468 
8469 
8470 
8471 
74040 
74041 
74042 
74043 
74044 
74045 
74046 
74047 
74048 
74049 
74050 
74051 
8515 
74052 
8516 
74053 
8517 
74054 
8518 
74055 
8519 
74056 
8520 
74057 
8521 
74058 
8522 
74059 
8523 
74060 
8524 
74061 
8525 
74062 
8526 
74063 
8527 
74064 
8528 
74065 
8529 
74066 
8530 
8531 
8532 
8533 
8534 
8535 
8536 
8537 
8538 
8539 
8540 
8541 
8542 
8543 
8544 
8545 
8546 
8547 
8548 
8549 
8550 
8551 
8552 
8553 
8554 
8555 
8556 
8557 
8558 
8559 
8560 
8561 
8562 
8563 
8564 
8565 
8566 
8567 
74120 
74121 
74122 
74123 
74124 
74125 
74126 
74127 
74128 
74129 
74130 
74131 
74132 
74133 
74134 
74135 
74136 
74137 
74138 
74139 
74140 
74141 
74142 
74143 
74144 
74145 
74146 
74147 
74148 
74149 
74150 
74151 
74152 
74153 
74154 
8618 
74155 
8619 
74156 
8620 
74157 
8621 
74158 
8622 
74159 
8623 
74160 
8624 
74161 
8625 
74162 
8626 
74163 
8627 
74164 
8628 
74165 
8629 
74166 
8630 
74167 
8631 
74168 
8632 
74169 
8633 
74170 
8634 
74171 
8635 
74172 
8636 
74173 
8637 
74174 
8638 
74175 
8639 
74176 
8640 
74177 
8641 
74178 
8642 
74179 
8643 
74180 
8644 
74181 
8645 
8646 
8647 
8648 
8649 
8650 
8651 
8652 
8653 
8654 
8655 
8656 
8657 
8658 
8659 
8660 
8661 
8662 
8663 
8664 
8665 
8666 
8667 
8668 
8669 
8670 
8671 
8672 
8673 
8674 
8675 
8676 
8677 
8678 
8679 
8680 
8681 
74218 
8682 
74219 
8683 
74220 
8684 
74221 
8685 
74222 
8686 
74223 
8687 
74224 
8688 
74225 
8689 
74226 
8690 
74227 
8691 
74228 
8692 
74229 
8693 
74230 
8694 
74231 
8695 
74232 
8696 
74233 
8697 
74234 
8698 
74235 
8699 
74236 
8700 
74237 
8701 
74238 
8702 
74239 
8703 
8704 
8705 
8706 
8707 
8708 
8709 
8710 
8711 
8712 
8713 
8714 
8715 
8716 
8717 
8718 
8719 
8720 
8721 
8722 
8723 
8724 
8725 
8726 
8727 
8728 
8729 
8730 
8731 
8732 
8733 
8734 
8735 
8736 
8737 
8738 
8739 
8740 
8741 
8742 
8743 
8744 
8745 
8746 
8747 
8748 
8749 
8750 
8751 
8752 
8753 
8754 
8755 
8756 
8757 
8758 
8759 
8760 
8761 
8762 
8763 
8764 
8765 
8766 
8767 
8768 
8769 
8770 
74307 
8771 
74308 
8772 
74309 
8773 
74310 
8774 
74311 
74312 
74313 
74314 
74315 
74316 
74317 
74318 
74319 
74320 
74321 
74322 
74323 
74324 
74325 
74326 
74327 
74328 
74329 
74330 
74331 
74332 
8812 
8813 
8814 
8815 
8816 
8817 
8818 
8819 
8820 
8821 
8822 
8823 
8824 
8825 
8826 
8827 
8828 
8829 
8830 
74400 
74401 
74402 
74403 
74404 
74405 
74406 
74407 
74408 
74409 
74410 
74411 
74412 
8876 
74413 
8877 
74414 
8878 
74415 
8879 
74416 
8880 
74417 
8881 
74418 
8882 
74419 
8883 
74420 
8884 
74421 
8885 
74422 
8886 
74423 
8887 
74424 
8888 
74425 
8889 
74426 
8890 
8891 
8892 
8893 
8894 
8895 
8896 
8897 
8898 
8899 
8900 
8901 
8902 
8903 
8904 
8905 
8906 
8907 
8908 
8909 
8910 
8911 
8912 
8913 
8914 
8915 
8916 
8917 
8918 
8919 
8920 
8921 
8922 
8923 
8924 
8925 
8926 
8927 
74480 
74481 
74482 
74483 
74484 
74485 
74486 
74487 
74488 
74489 
74490 
74491 
74492 
74493 
74494 
74495 
74496 
74497 
74498 
74499 
74500 
74501 
74502 
74503 
74504 
74505 
74506 
74507 
74508 
74509 
74510 
74511 
74512 
74513 
74514 
74515 
8979 
74516 
8980 
74517 
8981 
74518 
8982 
74519 
8983 
74520 
8984 
74521 
8985 
74522 
8986 
74523 
8987 
74524 
8988 
74525 
8989 
74526 
8990 
74527 
8991 
74528 
8992 
74529 
8993 
74530 
8994 
74531 
8995 
74532 
8996 
74533 
8997 
74534 
8998 
74535 
8999 
74536 
9000 
74537 
9001 
74538 
9002 
74539 
9003 
74540 
9004 
74541 
9005 
74542 
9006 
9007 
9008 
9009 
9010 
9011 
9012 
9013 
9014 
9015 
9016 
9017 
9018 
9019 
9020 
9021 
9022 
9023 
9024 
9025 
9026 
9027 
9028 
9029 
9030 
9031 
9032 
9033 
9034 
9035 
9036 
9037 
9038 
9039 
9040 
74577 
9041 
74578 
9042 
74579 
9043 
74580 
9044 
74581 
9045 
74582 
9046 
74583 
9047 
74584 
9048 
74585 
9049 
74586 
9050 
74587 
9051 
74588 
9052 
74589 
9053 
74590 
9054 
74591 
9055 
74592 
9056 
74593 
9057 
74594 
9058 
74595 
9059 
74596 
9060 
74597 
9061 
74598 
9062 
74599 
9063 
9064 
9065 
9066 
9067 
9068 
9069 
9070 
9071 
9072 
9073 
9074 
9075 
9076 
9077 
9078 
9079 
9080 
9081 
9082 
9083 
9084 
9085 
9086 
9087 
9088 
9089 
9090 
9091 
9092 
9093 
9094 
9095 
9096 
9097 
9098 
9099 
9100 
9101 
9102 
9103 
9104 
9105 
9106 
9107 
9108 
9109 
9110 
9111 
9112 
9113 
9114 
9115 
9116 
9117 
9118 
9119 
9120 
9121 
9122 
9123 
9124 
9125 
9126 
9127 
9128 
9129 
9130 
74667 
9131 
74668 
9132 
74669 
9133 
74670 
74671 
74672 
74673 
74674 
74675 
74676 
74677 
74678 
74679 
74680 
74681 
74682 
74683 
74684 
74685 
74686 
74687 
74688 
74689 
74690 
74691 
74692 
9172 
9173 
9174 
9175 
9176 
9177 
9178 
9179 
9180 
9181 
9182 
9183 
9184 
9185 
9186 
9187 
9188 
9189 
74760 
74761 
74762 
74763 
74764 
74765 
74766 
74767 
74768 
74769 
74770 
74771 
74772 
9236 
74773 
9237 
74774 
9238 
74775 
9239 
74776 
9240 
74777 
9241 
74778 
9242 
74779 
9243 
74780 
9244 
74781 
9245 
74782 
9246 
74783 
9247 
74784 
9248 
74785 
9249 
74786 
9250 
9251 
9252 
9253 
9254 
9255 
9256 
9257 
9258 
9259 
9260 
9261 
9262 
9263 
9264 
9265 
9266 
9267 
9268 
9269 
9270 
9271 
9272 
9273 
9274 
9275 
9276 
9277 
9278 
9279 
9280 
9281 
9282 
9283 
9284 
9285 
9286 
74839 
74840 
74841 
74842 
74843 
74844 
74845 
74846 
74847 
74848 
74849 
74850 
74851 
74852 
74853 
74854 
74855 
74856 
74857 
74858 
74859 
74860 
74861 
74862 
74863 
74864 
74865 
74866 
74867 
74868 
74869 
74870 
74871 
74872 
74873 
74874 
74875 
74876 
9340 
74877 
9341 
74878 
9342 
74879 
9343 
74880 
9344 
74881 
9345 
74882 
9346 
74883 
9347 
74884 
9348 
74885 
9349 
74886 
9350 
74887 
9351 
74888 
9352 
74889 
9353 
74890 
9354 
74891 
9355 
74892 
9356 
74893 
9357 
74894 
9358 
74895 
9359 
74896 
9360 
74897 
9361 
74898 
9362 
74899 
9363 
74900 
9364 
74901 
9365 
74902 
9366 
74903 
9367 
9368 
9369 
9370 
9371 
9372 
9373 
9374 
9375 
9376 
9377 
9378 
9379 
9380 
9381 
9382 
9383 
9384 
9385 
9386 
9387 
9388 
9389 
9390 
9391 
9392 
9393 
9394 
9395 
9396 
9397 
9398 
9399 
74936 
9400 
74937 
9401 
74938 
9402 
74939 
9403 
74940 
9404 
74941 
9405 
74942 
9406 
74943 
9407 
74944 
9408 
74945 
9409 
74946 
9410 
74947 
9411 
74948 
9412 
74949 
9413 
74950 
9414 
74951 
9415 
74952 
9416 
74953 
9417 
74954 
9418 
74955 
9419 
74956 
9420 
74957 
9421 
74958 
9422 
74959 
9423 
9424 
9425 
9426 
9427 
9428 
9429 
9430 
9431 
9432 
9433 
9434 
9435 
9436 
9437 
9438 
9439 
9440 
9441 
9442 
9443 
9444 
9445 
9446 
9447 
9448 
9449 
9450 
9451 
9452 
9453 
9454 
9455 
9456 
9457 
9458 
9459 
9460 
9461 
9462 
9463 
9464 
9465 
9466 
9467 
9468 
9469 
9470 
9471 
9472 
9473 
9474 
9475 
9476 
9477 
9478 
9479 
9480 
9481 
9482 
9483 
9484 
9485 
9486 
9487 
9488 
9489 
9490 
75027 
9491 
75028 
9492 
75029 
9493 
75030 
75031 
75032 
75033 
75034 
75035 
75036 
75037 
75038 
75039 
75040 
75041 
75042 
75043 
75044 
75045 
75046 
75047 
75048 
75049 
75050 
75051 
75052 
9533 
9534 
9535 
9536 
9537 
9538 
9539 
9540 
9541 
9542 
9543 
9544 
9545 
9546 
9547 
9548 
9549 
75120 
75121 
75122 
75123 
75124 
75125 
75126 
75127 
75128 
75129 
75130 
75131 
75132 
75133 
9597 
75134 
9598 
75135 
9599 
75136 
9600 
75137 
9601 
75138 
9602 
75139 
9603 
75140 
9604 
75141 
9605 
75142 
9606 
75143 
9607 
75144 
9608 
75145 
9609 
75146 
9610 
75147 
9611 
9612 
9613 
9614 
9615 
9616 
9617 
9618 
9619 
9620 
9621 
9622 
9623 
9624 
9625 
9626 
9627 
9628 
9629 
9630 
9631 
9632 
9633 
9634 
9635 
9636 
9637 
9638 
9639 
9640 
9641 
9642 
9643 
9644 
9645 
75199 
75200 
75201 
75202 
75203 
75204 
75205 
75206 
75207 
75208 
75209 
75210 
75211 
75212 
75213 
75214 
75215 
75216 
75217 
75218 
75219 
75220 
75221 
75222 
75223 
75224 
75225 
75226 
75227 
75228 
75229 
75230 
75231 
75232 
75233 
75234 
75235 
75236 
75237 
9701 
75238 
9702 
75239 
9703 
75240 
9704 
75241 
9705 
75242 
9706 
75243 
9707 
75244 
9708 
75245 
9709 
75246 
9710 
75247 
9711 
75248 
9712 
75249 
9713 
75250 
9714 
75251 
9715 
75252 
9716 
75253 
9717 
75254 
9718 
75255 
9719 
75256 
9720 
75257 
9721 
75258 
9722 
75259 
9723 
75260 
9724 
75261 
9725 
75262 
9726 
75263 
9727 
75264 
9728 
75265 
9729 
9730 
9731 
9732 
9733 
9734 
9735 
9736 
9737 
9738 
9739 
9740 
9741 
9742 
9743 
9744 
9745 
9746 
9747 
9748 
9749 
9750 
9751 
9752 
9753 
9754 
9755 
9756 
9757 
75294 
9758 
75295 
9759 
75296 
9760 
75297 
9761 
75298 
9762 
75299 
9763 
75300 
9764 
75301 
9765 
75302 
9766 
75303 
9767 
75304 
9768 
75305 
9769 
75306 
9770 
75307 
9771 
75308 
9772 
75309 
9773 
75310 
9774 
75311 
9775 
75312 
9776 
75313 
9777 
75314 
9778 
75315 
9779 
75316 
9780 
75317 
9781 
75318 
9782 
75319 
9783 
9784 
9785 
9786 
9787 
9788 
9789 
9790 
9791 
9792 
9793 
9794 
9795 
9796 
9797 
9798 
9799 
9800 
9801 
9802 
9803 
9804 
9805 
9806 
9807 
9808 
9809 
9810 
9811 
9812 
9813 
9814 
9815 
9816 
9817 
9818 
9819 
9820 
9821 
9822 
9823 
9824 
9825 
9826 
9827 
9828 
9829 
9830 
9831 
9832 
9833 
9834 
9835 
9836 
9837 
9838 
9839 
9840 
9841 
9842 
9843 
9844 
9845 
9846 
9847 
9848 
9849 
9850 
75387 
9851 
75388 
9852 
75389 
9853 
75390 
75391 
75392 
75393 
75394 
75395 
75396 
75397 
75398 
75399 
75400 
75401 
75402 
75403 
75404 
75405 
75406 
75407 
75408 
75409 
75410 
75411 
75412 
9893 
9894 
9895 
9896 
9897 
9898 
9899 
9900 
9901 
9902 
9903 
9904 
9905 
9906 
9907 
9908 
75480 
75481 
75482 
75483 
75484 
75485 
75486 
75487 
75488 
75489 
75490 
75491 
75492 
75493 
9957 
75494 
9958 
75495 
9959 
75496 
9960 
75497 
9961 
75498 
9962 
75499 
9963 
75500 
9964 
75501 
9965 
75502 
9966 
75503 
9967 
75504 
9968 
75505 
9969 
75506 
9970 
75507 
9971 
9972 
9973 
9974 
9975 
9976 
9977 
9978 
9979 
9980 
9981 
9982 
9983 
9984 
9985 
9986 
9987 
9988 
9989 
9990 
9991 
9992 
9993 
9994 
9995 
9996 
9997 
9998 
9999 
10000 
10001 
10002 
10003 
10004 
75559 
75560 
75561 
75562 
75563 
75564 
75565 
75566 
75567 
75568 
75569 
75570 
75571 
75572 
75573 
75574 
75575 
75576 
75577 
75578 
75579 
75580 
75581 
75582 
75583 
75584 
75585 
75586 
75587 
75588 
75589 
75590 
75591 
75592 
75593 
75594 
75595 
75596 
75597 
10061 
75598 
10062 
75599 
10063 
75600 
10064 
75601 
10065 
75602 
10066 
75603 
10067 
75604 
10068 
75605 
10069 
75606 
10070 
75607 
10071 
75608 
10072 
75609 
10073 
75610 
10074 
75611 
10075 
75612 
10076 
75613 
10077 
75614 
10078 
75615 
10079 
75616 
10080 
75617 
10081 
75618 
10082 
75619 
10083 
75620 
10084 
75621 
10085 
75622 
10086 
75623 
10087 
75624 
10088 
75625 
10089 
75626 
10090 
10091 
10092 
10093 
10094 
10095 
10096 
10097 
10098 
10099 
10100 
10101 
10102 
10103 
10104 
10105 
10106 
10107 
10108 
10109 
10110 
10111 
10112 
10113 
10114 
10115 
10116 
75653 
10117 
75654 
10118 
75655 
10119 
75656 
10120 
75657 
10121 
75658 
10122 
75659 
10123 
75660 
10124 
75661 
10125 
75662 
10126 
75663 
10127 
75664 
10128 
75665 
10129 
75666 
10130 
75667 
10131 
75668 
10132 
75669 
10133 
75670 
10134 
75671 
10135 
75672 
10136 
75673 
10137 
75674 
10138 
75675 
10139 
75676 
10140 
75677 
10141 
75678 
10142 
75679 
10143 
10144 
10145 
10146 
10147 
10148 
10149 
10150 
10151 
10152 
10153 
10154 
10155 
10156 
10157 
10158 
10159 
10160 
10161 
10162 
10163 
10164 
10165 
10166 
10167 
10168 
10169 
10170 
10171 
10172 
10173 
10174 
10175 
10176 
10177 
10178 
10179 
10180 
10181 
10182 
10183 
10184 
10185 
10186 
10187 
10188 
10189 
10190 
10191 
10192 
10193 
10194 
10195 
10196 
10197 
10198 
10199 
10200 
10201 
10202 
10203 
10204 
10205 
10206 
10207 
10208 
10209 
10210 
75747 
10211 
75748 
10212 
75749 
75750 
75751 
75752 
75753 
75754 
75755 
75756 
75757 
75758 
75759 
75760 
75761 
75762 
75763 
75764 
75765 
75766 
75767 
75768 
75769 
75770 
75771 
75772 
10253 
10254 
10255 
10256 
10257 
10258 
10259 
10260 
10261 
10262 
10263 
10264 
10265 
10266 
10267 
10268 
75840 
75841 
75842 
75843 
75844 
75845 
75846 
75847 
75848 
75849 
75850 
75851 
75852 
75853 
75854 
10318 
75855 
10319 
75856 
10320 
75857 
10321 
75858 
10322 
75859 
10323 
75860 
10324 
75861 
10325 
75862 
10326 
75863 
10327 
75864 
10328 
75865 
10329 
75866 
10330 
75867 
10331 
10332 
10333 
10334 
10335 
10336 
10337 
10338 
10339 
10340 
10341 
10342 
10343 
10344 
10345 
10346 
10347 
10348 
10349 
10350 
10351 
10352 
10353 
10354 
10355 
10356 
10357 
10358 
10359 
10360 
10361 
10362 
10363 
10364 
75918 
75919 
75920 
75921 
75922 
75923 
75924 
75925 
75926 
75927 
75928 
75929 
75930 
75931 
75932 
75933 
75934 
75935 
75936 
75937 
75938 
75939 
75940 
75941 
75942 
75943 
75944 
75945 
75946 
75947 
75948 
75949 
75950 
75951 
75952 
75953 
75954 
75955 
75956 
75957 
75958 
10422 
75959 
10423 
75960 
10424 
75961 
10425 
75962 
10426 
75963 
10427 
75964 
10428 
75965 
10429 
75966 
10430 
75967 
10431 
75968 
10432 
75969 
10433 
75970 
10434 
75971 
10435 
75972 
10436 
75973 
10437 
75974 
10438 
75975 
10439 
75976 
10440 
75977 
10441 
75978 
10442 
75979 
10443 
75980 
10444 
75981 
10445 
75982 
10446 
75983 
10447 
75984 
10448 
75985 
10449 
75986 
10450 
75987 
10451 
75988 
10452 
75989 
10453 
10454 
10455 
10456 
10457 
10458 
10459 
10460 
10461 
10462 
10463 
10464 
10465 
10466 
10467 
10468 
10469 
10470 
10471 
10472 
10473 
76010 
10474 
76011 
10475 
76012 
10476 
76013 
10477 
76014 
10478 
76015 
10479 
76016 
10480 
76017 
10481 
76018 
10482 
76019 
10483 
76020 
10484 
76021 
10485 
76022 
10486 
76023 
10487 
76024 
10488 
76025 
10489 
76026 
10490 
76027 
10491 
76028 
10492 
76029 
10493 
76030 
10494 
76031 
10495 
76032 
10496 
76033 
10497 
76034 
10498 
76035 
10499 
76036 
10500 
76037 
10501 
76038 
10502 
76039 
10503 
10504 
10505 
10506 
10507 
10508 
10509 
10510 
10511 
10512 
10513 
10514 
10515 
10516 
10517 
10518 
10519 
10520 
10521 
10522 
10523 
10524 
10525 
10526 
10527 
10528 
10529 
10530 
10531 
10532 
10533 
10534 
10535 
10536 
10537 
10538 
10539 
10540 
10541 
10542 
10543 
10544 
10545 
10546 
10547 
10548 
10549 
10550 
10551 
10552 
10553 
10554 
10555 
10556 
10557 
10558 
10559 
10560 
10561 
10562 
10563 
10564 
10565 
10566 
10567 
10568 
10569 
10570 
76107 
10571 
76108 
10572 
76109 
76110 
76111 
76112 
76113 
76114 
76115 
76116 
76117 
76118 
76119 
76120 
76121 
76122 
76123 
76124 
76125 
76126 
76127 
76128 
76129 
76130 
76131 
76132 
10613 
10614 
10615 
10616 
10617 
10618 
10619 
10620 
10621 
10622 
10623 
10624 
10625 
10626 
10627 
76200 
76201 
76202 
76203 
76204 
76205 
76206 
76207 
76208 
76209 
76210 
76211 
76212 
76213 
76214 
10678 
76215 
10679 
76216 
10680 
76217 
10681 
76218 
10682 
76219 
10683 
76220 
10684 
76221 
10685 
76222 
10686 
76223 
10687 
76224 
10688 
76225 
10689 
76226 
10690 
76227 
10691 
76228 
10692 
10693 
10694 
10695 
10696 
10697 
10698 
10699 
10700 
10701 
10702 
10703 
10704 
10705 
10706 
10707 
10708 
10709 
10710 
10711 
10712 
10713 
10714 
10715 
10716 
10717 
10718 
10719 
10720 
10721 
10722 
10723 
76278 
76279 
76280 
76281 
76282 
76283 
76284 
76285 
76286 
76287 
76288 
76289 
76290 
76291 
76292 
76293 
76294 
76295 
76296 
76297 
76298 
76299 
76300 
76301 
76302 
76303 
76304 
76305 
76306 
76307 
76308 
76309 
76310 
76311 
76312 
76313 
76314 
76315 
76316 
76317 
76318 
76319 
10783 
76320 
10784 
76321 
10785 
76322 
10786 
76323 
10787 
76324 
10788 
76325 
10789 
76326 
10790 
76327 
10791 
76328 
10792 
76329 
10793 
76330 
10794 
76331 
10795 
76332 
10796 
76333 
10797 
76334 
10798 
76335 
10799 
76336 
10800 
76337 
10801 
76338 
10802 
76339 
10803 
76340 
10804 
76341 
10805 
76342 
10806 
76343 
10807 
76344 
10808 
76345 
10809 
76346 
10810 
76347 
10811 
76348 
10812 
76349 
10813 
76350 
10814 
76351 
10815 
76352 
10816 
10817 
10818 
10819 
10820 
10821 
10822 
10823 
10824 
10825 
10826 
10827 
10828 
10829 
10830 
76367 
10831 
76368 
10832 
76369 
10833 
76370 
10834 
76371 
10835 
76372 
10836 
76373 
10837 
76374 
10838 
76375 
10839 
76376 
10840 
76377 
10841 
76378 
10842 
76379 
10843 
76380 
10844 
76381 
10845 
76382 
10846 
76383 
10847 
76384 
10848 
76385 
10849 
76386 
10850 
76387 
10851 
76388 
10852 
76389 
10853 
76390 
10854 
76391 
10855 
76392 
10856 
76393 
10857 
76394 
10858 
76395 
10859 
76396 
10860 
76397 
10861 
76398 
10862 
76399 
10863 
10864 
10865 
10866 
10867 
10868 
10869 
10870 
10871 
10872 
10873 
10874 
10875 
10876 
10877 
10878 
10879 
10880 
10881 
10882 
10883 
10884 
10885 
10886 
10887 
10888 
10889 
10890 
10891 
10892 
10893 
10894 
10895 
10896 
10897 
10898 
10899 
10900 
10901 
10902 
10903 
10904 
10905 
10906 
10907 
10908 
10909 
10910 
10911 
10912 
10913 
10914 
10915 
10916 
10917 
10918 
10919 
10920 
10921 
10922 
10923 
10924 
10925 
10926 
10927 
10928 
10929 
10930 
76467 
10931 
76468 
10932 
76469 
76470 
76471 
76472 
76473 
76474 
76475 
76476 
76477 
76478 
76479 
76480 
76481 
76482 
76483 
76484 
76485 
76486 
76487 
76488 
76489 
76490 
76491 
76492 
10974 
10975 
10976 
10977 
10978 
10979 
10980 
10981 
10982 
10983 
10984 
10985 
10986 
10987 
76560 
76561 
76562 
76563 
76564 
76565 
76566 
76567 
76568 
76569 
76570 
76571 
76572 
76573 
76574 
76575 
11039 
76576 
11040 
76577 
11041 
76578 
11042 
76579 
11043 
76580 
11044 
76581 
11045 
76582 
11046 
76583 
11047 
76584 
11048 
76585 
11049 
76586 
11050 
76587 
11051 
76588 
11052 
11053 
11054 
11055 
11056 
11057 
11058 
11059 
11060 
11061 
11062 
11063 
11064 
11065 
11066 
11067 
11068 
11069 
11070 
11071 
11072 
11073 
11074 
11075 
11076 
11077 
11078 
11079 
11080 
11081 
11082 
76637 
76638 
76639 
76640 
76641 
76642 
76643 
76644 
76645 
76646 
76647 
76648 
76649 
76650 
76651 
76652 
76653 
76654 
76655 
76656 
76657 
76658 
76659 
76660 
76661 
76662 
76663 
76664 
76665 
76666 
76667 
76668 
76669 
76670 
76671 
76672 
76673 
76674 
76675 
76676 
76677 
76678 
76679 
11143 
76680 
11144 
76681 
11145 
76682 
11146 
76683 
11147 
76684 
11148 
76685 
11149 
76686 
11150 
76687 
11151 
76688 
11152 
76689 
11153 
76690 
11154 
76691 
11155 
76692 
11156 
76693 
11157 
76694 
11158 
76695 
11159 
76696 
11160 
76697 
11161 
76698 
11162 
76699 
11163 
76700 
11164 
76701 
11165 
76702 
11166 
76703 
11167 
76704 
11168 
76705 
11169 
76706 
11170 
76707 
11171 
76708 
11172 
76709 
11173 
76710 
11174 
76711 
11175 
76712 
11176 
76713 
11177 
76714 
11178 
76715 
11179 
76716 
11180 
76717 
11181 
76718 
11182 
76719 
11183 
76720 
11184 
76721 
11185 
76722 
11186 
76723 
11187 
76724 
11188 
76725 
11189 
76726 
11190 
76727 
11191 
76728 
11192 
76729 
11193 
76730 
11194 
76731 
11195 
76732 
11196 
76733 
11197 
76734 
11198 
76735 
11199 
76736 
11200 
76737 
11201 
76738 
11202 
76739 
11203 
76740 
11204 
76741 
11205 
76742 
11206 
76743 
11207 
76744 
11208 
76745 
11209 
76746 
11210 
76747 
11211 
76748 
11212 
76749 
11213 
76750 
11214 
76751 
11215 
76752 
11216 
76753 
11217 
76754 
11218 
76755 
11219 
76756 
11220 
76757 
11221 
76758 
11222 
76759 
11223 
11224 
11225 
11226 
11227 
11228 
11229 
11230 
11231 
11232 
11233 
11234 
11235 
11236 
11237 
11238 
11239 
11240 
11241 
11242 
11243 
11244 
11245 
11246 
11247 
11248 
11249 
11250 
11251 
11252 
11253 
11254 
11255 
11256 
11257 
11258 
11259 
11260 
11261 
11262 
11263 
11264 
11265 
11266 
11267 
11268 
11269 
11270 
11271 
11272 
11273 
11274 
11275 
11276 
11277 
11278 
11279 
11280 
11281 
11282 
11283 
11284 
11285 
11286 
11287 
11288 
11289 
76826 
11290 
76827 
11291 
76828 
11292 
76829 
76830 
76831 
76832 
76833 
76834 
76835 
76836 
76837 
76838 
76839 
76840 
76841 
76842 
76843 
76844 
76845 
76846 
76847 
76848 
76849 
76850 
76851 
76852 
76853 
11334 
11335 
11336 
11337 
11338 
11339 
11340 
11341 
11342 
11343 
11344 
11345 
11346 
11347 
76920 
76921 
76922 
76923 
76924 
76925 
76926 
76927 
76928 
76929 
76930 
76931 
76932 
76933 
76934 
76935 
11399 
76936 
11400 
76937 
11401 
76938 
11402 
76939 
11403 
76940 
11404 
76941 
11405 
76942 
11406 
76943 
11407 
76944 
11408 
76945 
11409 
76946 
11410 
76947 
11411 
76948 
11412 
76949 
11413 
11414 
11415 
11416 
11417 
11418 
11419 
11420 
11421 
11422 
11423 
11424 
11425 
11426 
11427 
11428 
11429 
11430 
11431 
11432 
11433 
11434 
11435 
11436 
11437 
11438 
11439 
11440 
11441 
11442 
76997 
76998 
76999 
77000 
77001 
77002 
77003 
77004 
77005 
77006 
77007 
77008 
77009 
77010 
77011 
77012 
77013 
77014 
77015 
77016 
77017 
77018 
77019 
77020 
77021 
77022 
77023 
77024 
77025 
77026 
77027 
77028 
77029 
77030 
77031 
77032 
77033 
77034 
77035 
77036 
77037 
77038 
77039 
77040 
11504 
77041 
11505 
77042 
11506 
77043 
11507 
77044 
11508 
77045 
11509 
77046 
11510 
77047 
11511 
77048 
11512 
77049 
11513 
77050 
11514 
77051 
11515 
77052 
11516 
77053 
11517 
77054 
11518 
77055 
11519 
77056 
11520 
77057 
11521 
77058 
11522 
77059 
11523 
77060 
11524 
77061 
11525 
77062 
11526 
77063 
11527 
77064 
11528 
77065 
11529 
77066 
11530 
77067 
11531 
77068 
11532 
77069 
11533 
77070 
11534 
77071 
11535 
77072 
11536 
77073 
11537 
77074 
11538 
77075 
11539 
77076 
11540 
77077 
11541 
77078 
11542 
77079 
11543 
77080 
11544 
77081 
11545 
77082 
11546 
77083 
11547 
77084 
11548 
77085 
11549 
77086 
11550 
77087 
11551 
77088 
11552 
77089 
11553 
77090 
11554 
77091 
11555 
77092 
11556 
77093 
11557 
77094 
11558 
77095 
11559 
77096 
11560 
77097 
11561 
77098 
11562 
77099 
11563 
77100 
11564 
77101 
11565 
77102 
11566 
77103 
11567 
77104 
11568 
77105 
11569 
77106 
11570 
77107 
11571 
77108 
11572 
77109 
11573 
77110 
11574 
77111 
11575 
77112 
11576 
77113 
11577 
77114 
11578 
77115 
11579 
77116 
11580 
77117 
11581 
77118 
11582 
77119 
11583 
11584 
11585 
11586 
11587 
11588 
11589 
11590 
11591 
11592 
11593 
11594 
11595 
11596 
11597 
11598 
11599 
11600 
11601 
11602 
11603 
11604 
11605 
11606 
11607 
11608 
11609 
11610 
11611 
11612 
11613 
11614 
11615 
11616 
11617 
11618 
11619 
11620 
11621 
11622 
11623 
11624 
11625 
11626 
11627 
11628 
11629 
11630 
11631 
11632 
11633 
11634 
11635 
11636 
11637 
11638 
11639 
11640 
11641 
11642 
11643 
11644 
11645 
11646 
11647 
11648 
11649 
77186 
11650 
77187 
11651 
77188 
11652 
77189 
77190 
77191 
77192 
77193 
77194 
77195 
77196 
77197 
77198 
77199 
77200 
77201 
77202 
77203 
77204 
77205 
77206 
77207 
77208 
77209 
77210 
77211 
77212 
77213 
11694 
11695 
11696 
11697 
11698 
11699 
11700 
11701 
11702 
11703 
11704 
11705 
11706 
77280 
77281 
77282 
77283 
77284 
77285 
77286 
77287 
77288 
77289 
77290 
77291 
77292 
77293 
77294 
77295 
11759 
77296 
11760 
77297 
11761 
77298 
11762 
77299 
11763 
77300 
11764 
77301 
11765 
77302 
11766 
77303 
11767 
77304 
11768 
77305 
11769 
77306 
11770 
77307 
11771 
77308 
11772 
77309 
11773 
11774 
11775 
11776 
11777 
11778 
11779 
11780 
11781 
11782 
11783 
11784 
11785 
11786 
11787 
11788 
11789 
11790 
11791 
11792 
11793 
11794 
11795 
11796 
11797 
11798 
11799 
11800 
11801 
77356 
77357 
77358 
77359 
77360 
77361 
77362 
77363 
77364 
77365 
77366 
77367 
77368 
77369 
77370 
77371 
77372 
77373 
77374 
77375 
77376 
77377 
77378 
77379 
77380 
77381 
77382 
77383 
77384 
77385 
77386 
77387 
77388 
77389 
77390 
77391 
77392 
77393 
77394 
77395 
77396 
77397 
77398 
77399 
77400 
11864 
77401 
11865 
77402 
11866 
77403 
11867 
77404 
11868 
77405 
11869 
77406 
11870 
77407 
11871 
77408 
11872 
77409 
11873 
77410 
11874 
77411 
11875 
77412 
11876 
77413 
11877 
77414 
11878 
77415 
11879 
77416 
11880 
77417 
11881 
77418 
11882 
77419 
11883 
77420 
11884 
77421 
11885 
77422 
11886 
77423 
11887 
77424 
11888 
77425 
11889 
77426 
11890 
77427 
11891 
77428 
11892 
77429 
11893 
77430 
11894 
77431 
11895 
77432 
11896 
77433 
11897 
77434 
11898 
77435 
11899 
77436 
11900 
77437 
11901 
77438 
11902 
77439 
11903 
77440 
11904 
77441 
11905 
77442 
11906 
77443 
11907 
77444 
11908 
77445 
11909 
77446 
11910 
77447 
11911 
77448 
11912 
77449 
11913 
77450 
11914 
77451 
11915 
77452 
11916 
77453 
11917 
77454 
11918 
77455 
11919 
77456 
11920 
77457 
11921 
77458 
11922 
77459 
11923 
77460 
11924 
77461 
11925 
77462 
11926 
77463 
11927 
77464 
11928 
77465 
11929 
77466 
11930 
77467 
11931 
77468 
11932 
77469 
11933 
77470 
11934 
77471 
11935 
77472 
11936 
77473 
11937 
77474 
11938 
77475 
11939 
77476 
11940 
77477 
11941 
77478 
11942 
77479 
11943 
77480 
11944 
11945 
11946 
11947 
11948 
11949 
11950 
11951 
11952 
11953 
11954 
11955 
11956 
11957 
11958 
11959 
11960 
11961 
11962 
11963 
11964 
11965 
11966 
11967 
11968 
11969 
11970 
11971 
11972 
11973 
11974 
11975 
11976 
11977 
11978 
11979 
11980 
11981 
11982 
11983 
11984 
11985 
11986 
11987 
11988 
11989 
11990 
11991 
11992 
11993 
11994 
11995 
11996 
11997 
11998 
11999 
12000 
12001 
12002 
12003 
12004 
12005 
12006 
12007 
12008 
12009 
77546 
12010 
77547 
12011 
77548 
12012 
77549 
77550 
77551 
77552 
77553 
77554 
77555 
77556 
77557 
77558 
77559 
77560 
77561 
77562 
77563 
77564 
77565 
77566 
77567 
77568 
77569 
77570 
77571 
77572 
77573 
12054 
12055 
12056 
12057 
12058 
12059 
12060 
12061 
12062 
12063 
12064 
12065 
12066 
77639 
77640 
77641 
77642 
77643 
77644 
77645 
77646 
77647 
77648 
77649 
77650 
77651 
77652 
77653 
77654 
77655 
77656 
12120 
77657 
12121 
77658 
12122 
77659 
12123 
77660 
12124 
77661 
12125 
77662 
12126 
77663 
12127 
77664 
12128 
77665 
12129 
77666 
12130 
77667 
12131 
77668 
12132 
77669 
12133 
77670 
12134 
12135 
12136 
12137 
12138 
12139 
12140 
12141 
12142 
12143 
12144 
12145 
12146 
12147 
12148 
12149 
12150 
12151 
12152 
12153 
12154 
12155 
12156 
12157 
12158 
12159 
12160 
12161 
77716 
77717 
77718 
77719 
77720 
77721 
77722 
77723 
77724 
77725 
77726 
77727 
77728 
77729 
77730 
77731 
77732 
77733 
77734 
77735 
77736 
77737 
77738 
77739 
77740 
77741 
77742 
77743 
77744 
77745 
77746 
77747 
77748 
77749 
77750 
77751 
77752 
77753 
77754 
77755 
77756 
77757 
77758 
77759 
77760 
77761 
12225 
77762 
12226 
77763 
12227 
77764 
12228 
77765 
12229 
77766 
12230 
77767 
12231 
77768 
12232 
77769 
12233 
77770 
12234 
77771 
12235 
77772 
12236 
77773 
12237 
77774 
12238 
77775 
12239 
77776 
12240 
77777 
12241 
77778 
12242 
77779 
12243 
77780 
12244 
77781 
12245 
77782 
12246 
77783 
12247 
77784 
12248 
77785 
12249 
77786 
12250 
77787 
12251 
77788 
12252 
77789 
12253 
77790 
12254 
77791 
12255 
77792 
12256 
77793 
12257 
77794 
12258 
77795 
12259 
77796 
12260 
77797 
12261 
77798 
12262 
77799 
12263 
77800 
12264 
77801 
12265 
77802 
12266 
77803 
12267 
77804 
12268 
77805 
12269 
77806 
12270 
77807 
12271 
77808 
12272 
77809 
12273 
77810 
12274 
77811 
12275 
77812 
12276 
77813 
12277 
77814 
12278 
77815 
12279 
77816 
12280 
77817 
12281 
77818 
12282 
77819 
12283 
77820 
12284 
77821 
12285 
77822 
12286 
77823 
12287 
77824 
12288 
77825 
12289 
77826 
12290 
77827 
12291 
77828 
12292 
77829 
12293 
77830 
12294 
77831 
12295 
77832 
12296 
77833 
12297 
77834 
12298 
77835 
12299 
77836 
12300 
77837 
12301 
77838 
12302 
77839 
12303 
77840 
12304 
12305 
12306 
12307 
12308 
12309 
12310 
12311 
12312 
12313 
12314 
12315 
12316 
12317 
12318 
12319 
12320 
12321 
12322 
12323 
12324 
12325 
12326 
12327 
12328 
12329 
12330 
12331 
12332 
12333 
12334 
12335 
12336 
12337 
12338 
12339 
12340 
12341 
12342 
12343 
12344 
12345 
12346 
12347 
12348 
12349 
12350 
12351 
12352 
12353 
12354 
12355 
12356 
12357 
12358 
12359 
12360 
12361 
12362 
12363 
12364 
12365 
12366 
12367 
12368 
12369 
77906 
12370 
77907 
12371 
77908 
12372 
77909 
77910 
77911 
77912 
77913 
77914 
77915 
77916 
77917 
77918 
77919 
77920 
77921 
77922 
77923 
77924 
77925 
77926 
77927 
77928 
77929 
77930 
77931 
77932 
77933 
12414 
12415 
12416 
12417 
12418 
12419 
12420 
12421 
12422 
12423 
12424 
12425 
12426 
77999 
78000 
78001 
78002 
78003 
78004 
78005 
78006 
78007 
78008 
78009 
78010 
78011 
78012 
78013 
78014 
78015 
78016 
12480 
78017 
12481 
78018 
12482 
78019 
12483 
78020 
12484 
78021 
12485 
78022 
12486 
78023 
12487 
78024 
12488 
78025 
12489 
78026 
12490 
78027 
12491 
78028 
12492 
78029 
12493 
78030 
12494 
78031 
12495 
12496 
12497 
12498 
12499 
12500 
12501 
12502 
12503 
12504 
12505 
12506 
12507 
12508 
12509 
12510 
12511 
12512 
12513 
12514 
12515 
12516 
12517 
12518 
12519 
12520 
12521 
78075 
78076 
78077 
78078 
78079 
78080 
78081 
78082 
78083 
78084 
78085 
78086 
78087 
78088 
78089 
78090 
78091 
78092 
78093 
78094 
78095 
78096 
78097 
78098 
78099 
78100 
78101 
78102 
78103 
78104 
78105 
78106 
78107 
78108 
78109 
78110 
78111 
78112 
78113 
78114 
78115 
78116 
78117 
78118 
78119 
78120 
78121 
12585 
78122 
12586 
78123 
12587 
78124 
12588 
78125 
12589 
78126 
12590 
78127 
12591 
78128 
12592 
78129 
12593 
78130 
12594 
78131 
12595 
78132 
12596 
78133 
12597 
78134 
12598 
78135 
12599 
78136 
12600 
78137 
12601 
78138 
12602 
78139 
12603 
78140 
12604 
78141 
12605 
78142 
12606 
78143 
12607 
78144 
12608 
78145 
12609 
78146 
12610 
78147 
12611 
78148 
12612 
78149 
12613 
78150 
12614 
78151 
12615 
78152 
12616 
78153 
12617 
78154 
12618 
78155 
12619 
78156 
12620 
78157 
12621 
78158 
12622 
78159 
12623 
78160 
12624 
78161 
12625 
78162 
12626 
78163 
12627 
78164 
12628 
78165 
12629 
78166 
12630 
78167 
12631 
78168 
12632 
78169 
12633 
78170 
12634 
78171 
12635 
78172 
12636 
78173 
12637 
78174 
12638 
78175 
12639 
78176 
12640 
78177 
12641 
78178 
12642 
78179 
12643 
78180 
12644 
78181 
12645 
78182 
12646 
78183 
12647 
78184 
12648 
78185 
12649 
78186 
12650 
78187 
12651 
78188 
12652 
78189 
12653 
78190 
12654 
78191 
12655 
78192 
12656 
78193 
12657 
78194 
12658 
78195 
12659 
78196 
12660 
78197 
12661 
78198 
12662 
78199 
12663 
78200 
12664 
12665 
12666 
12667 
12668 
12669 
12670 
12671 
12672 
12673 
12674 
12675 
12676 
12677 
12678 
12679 
12680 
12681 
12682 
12683 
12684 
12685 
12686 
12687 
12688 
12689 
12690 
12691 
12692 
12693 
12694 
12695 
12696 
12697 
12698 
12699 
12700 
12701 
12702 
12703 
12704 
12705 
12706 
12707 
12708 
12709 
12710 
12711 
12712 
12713 
12714 
12715 
12716 
12717 
12718 
12719 
12720 
12721 
12722 
12723 
12724 
12725 
12726 
12727 
12728 
78265 
12729 
78266 
12730 
78267 
12731 
78268 
12732 
78269 
78270 
78271 
78272 
78273 
78274 
78275 
78276 
78277 
78278 
78279 
78280 
78281 
78282 
78283 
78284 
78285 
78286 
78287 
78288 
78289 
78290 
78291 
78292 
78293 
78294 
12774 
12775 
12776 
12777 
12778 
12779 
12780 
12781 
12782 
12783 
12784 
12785 
12786 
78359 
78360 
78361 
78362 
78363 
78364 
78365 
78366 
78367 
78368 
78369 
78370 
78371 
78372 
78373 
78374 
78375 
78376 
12840 
78377 
12841 
78378 
12842 
78379 
12843 
78380 
12844 
78381 
12845 
78382 
12846 
78383 
12847 
78384 
12848 
78385 
12849 
78386 
12850 
78387 
12851 
78388 
12852 
78389 
12853 
78390 
12854 
78391 
12855 
78392 
12856 
12857 
12858 
12859 
12860 
12861 
12862 
12863 
12864 
12865 
12866 
12867 
12868 
12869 
12870 
12871 
12872 
12873 
12874 
12875 
12876 
12877 
12878 
12879 
12880 
78434 
78435 
78436 
78437 
78438 
78439 
78440 
78441 
78442 
78443 
78444 
78445 
78446 
78447 
78448 
78449 
78450 
78451 
78452 
78453 
78454 
78455 
78456 
78457 
78458 
78459 
78460 
78461 
78462 
78463 
78464 
78465 
78466 
78467 
78468 
78469 
78470 
78471 
78472 
78473 
78474 
78475 
78476 
78477 
78478 
78479 
78480 
78481 
12945 
78482 
12946 
78483 
12947 
78484 
12948 
78485 
12949 
78486 
12950 
78487 
12951 
78488 
12952 
78489 
12953 
78490 
12954 
78491 
12955 
78492 
12956 
78493 
12957 
78494 
12958 
78495 
12959 
78496 
12960 
78497 
12961 
78498 
12962 
78499 
12963 
78500 
12964 
78501 
12965 
78502 
12966 
78503 
12967 
78504 
12968 
78505 
12969 
78506 
12970 
78507 
12971 
78508 
12972 
78509 
12973 
78510 
12974 
78511 
12975 
78512 
12976 
78513 
12977 
78514 
12978 
78515 
12979 
78516 
12980 
78517 
12981 
78518 
12982 
78519 
12983 
78520 
12984 
78521 
12985 
78522 
12986 
78523 
12987 
78524 
12988 
78525 
12989 
78526 
12990 
78527 
12991 
78528 
12992 
78529 
12993 
78530 
12994 
78531 
12995 
78532 
12996 
78533 
12997 
78534 
12998 
78535 
12999 
78536 
13000 
78537 
13001 
78538 
13002 
78539 
13003 
78540 
13004 
78541 
13005 
78542 
13006 
78543 
13007 
78544 
13008 
78545 
13009 
78546 
13010 
78547 
13011 
78548 
13012 
78549 
13013 
78550 
13014 
78551 
13015 
78552 
13016 
78553 
13017 
78554 
13018 
78555 
13019 
78556 
13020 
78557 
13021 
78558 
13022 
78559 
13023 
78560 
13024 
78561 
13025 
13026 
13027 
13028 
13029 
13030 
13031 
13032 
13033 
13034 
13035 
13036 
13037 
13038 
13039 
13040 
13041 
13042 
13043 
13044 
13045 
13046 
13047 
13048 
13049 
13050 
13051 
13052 
13053 
13054 
13055 
13056 
13057 
13058 
13059 
13060 
13061 
13062 
13063 
13064 
13065 
13066 
13067 
13068 
13069 
13070 
13071 
13072 
13073 
13074 
13075 
13076 
13077 
13078 
13079 
13080 
13081 
13082 
13083 
13084 
13085 
13086 
13087 
13088 
78625 
13089 
78626 
13090 
78627 
13091 
78628 
13092 
78629 
78630 
78631 
78632 
78633 
78634 
78635 
78636 
78637 
78638 
78639 
78640 
78641 
78642 
78643 
78644 
78645 
78646 
78647 
78648 
78649 
78650 
78651 
78652 
78653 
78654 
13134 
13135 
13136 
13137 
13138 
13139 
13140 
13141 
13142 
13143 
13144 
13145 
78718 
78719 
78720 
78721 
78722 
78723 
78724 
78725 
78726 
78727 
78728 
78729 
78730 
78731 
78732 
78733 
78734 
78735 
78736 
13200 
78737 
13201 
78738 
13202 
78739 
13203 
78740 
13204 
78741 
13205 
78742 
13206 
78743 
13207 
78744 
13208 
78745 
13209 
78746 
13210 
78747 
13211 
78748 
13212 
78749 
13213 
78750 
13214 
78751 
13215 
78752 
13216 
13217 
13218 
13219 
13220 
13221 
13222 
13223 
13224 
13225 
13226 
13227 
13228 
13229 
13230 
13231 
13232 
13233 
13234 
13235 
13236 
13237 
13238 
13239 
13240 
78793 
78794 
78795 
78796 
78797 
78798 
78799 
78800 
78801 
78802 
78803 
78804 
78805 
78806 
78807 
78808 
78809 
78810 
78811 
78812 
78813 
78814 
78815 
78816 
78817 
78818 
78819 
78820 
78821 
78822 
78823 
78824 
78825 
78826 
78827 
78828 
78829 
78830 
78831 
78832 
78833 
78834 
78835 
78836 
78837 
78838 
78839 
78840 
78841 
78842 
13306 
78843 
13307 
78844 
13308 
78845 
13309 
78846 
13310 
78847 
13311 
78848 
13312 
78849 
13313 
78850 
13314 
78851 
13315 
78852 
13316 
78853 
13317 
78854 
13318 
78855 
13319 
78856 
13320 
78857 
13321 
78858 
13322 
78859 
13323 
78860 
13324 
78861 
13325 
78862 
13326 
78863 
13327 
78864 
13328 
78865 
13329 
78866 
13330 
78867 
13331 
78868 
13332 
78869 
13333 
78870 
13334 
78871 
13335 
78872 
13336 
78873 
13337 
78874 
13338 
78875 
13339 
78876 
13340 
78877 
13341 
78878 
13342 
78879 
13343 
78880 
13344 
78881 
13345 
78882 
13346 
78883 
13347 
78884 
13348 
78885 
13349 
78886 
13350 
78887 
13351 
78888 
13352 
78889 
13353 
78890 
13354 
78891 
13355 
78892 
13356 
78893 
13357 
78894 
13358 
78895 
13359 
78896 
13360 
78897 
13361 
78898 
13362 
78899 
13363 
78900 
13364 
78901 
13365 
78902 
13366 
78903 
13367 
78904 
13368 
78905 
13369 
78906 
13370 
78907 
13371 
78908 
13372 
78909 
13373 
78910 
13374 
78911 
13375 
78912 
13376 
78913 
13377 
78914 
13378 
78915 
13379 
78916 
13380 
78917 
13381 
78918 
13382 
78919 
13383 
78920 
13384 
78921 
13385 
13386 
13387 
13388 
13389 
13390 
13391 
13392 
13393 
13394 
13395 
13396 
13397 
13398 
13399 
13400 
13401 
13402 
13403 
13404 
13405 
13406 
13407 
13408 
13409 
13410 
13411 
13412 
13413 
13414 
13415 
13416 
13417 
13418 
13419 
13420 
13421 
13422 
13423 
13424 
13425 
13426 
13427 
13428 
13429 
13430 
13431 
13432 
13433 
13434 
13435 
13436 
13437 
13438 
13439 
13440 
13441 
13442 
13443 
13444 
13445 
13446 
13447 
13448 
78985 
13449 
78986 
13450 
78987 
13451 
78988 
13452 
78989 
78990 
78991 
78992 
78993 
78994 
78995 
78996 
78997 
78998 
78999 
79000 
79001 
79002 
79003 
79004 
79005 
79006 
79007 
79008 
79009 
79010 
79011 
79012 
79013 
79014 
13493 
13494 
13495 
13496 
13497 
13498 
13499 
13500 
13501 
13502 
13503 
13504 
13505 
79078 
79079 
79080 
79081 
79082 
79083 
79084 
79085 
79086 
79087 
79088 
79089 
79090 
79091 
79092 
79093 
79094 
79095 
79096 
13560 
79097 
13561 
79098 
13562 
79099 
13563 
79100 
13564 
79101 
13565 
79102 
13566 
79103 
13567 
79104 
13568 
79105 
13569 
79106 
13570 
79107 
13571 
79108 
13572 
79109 
13573 
79110 
13574 
79111 
13575 
79112 
13576 
79113 
13577 
79114 
13578 
13579 
13580 
13581 
13582 
13583 
13584 
13585 
13586 
13587 
13588 
13589 
13590 
13591 
13592 
13593 
13594 
13595 
13596 
13597 
13598 
13599 
13600 
79152 
79153 
79154 
79155 
79156 
79157 
79158 
79159 
79160 
79161 
79162 
79163 
79164 
79165 
79166 
79167 
79168 
79169 
79170 
79171 
79172 
79173 
79174 
79175 
79176 
79177 
79178 
79179 
79180 
79181 
79182 
79183 
79184 
79185 
79186 
79187 
79188 
79189 
79190 
79191 
79192 
79193 
79194 
79195 
79196 
79197 
79198 
79199 
79200 
79201 
79202 
13666 
79203 
13667 
79204 
13668 
79205 
13669 
79206 
13670 
79207 
13671 
79208 
13672 
79209 
13673 
79210 
13674 
79211 
13675 
79212 
13676 
79213 
13677 
79214 
13678 
79215 
13679 
79216 
13680 
79217 
13681 
79218 
13682 
79219 
13683 
79220 
13684 
79221 
13685 
79222 
13686 
79223 
13687 
79224 
13688 
79225 
13689 
79226 
13690 
79227 
13691 
79228 
13692 
79229 
13693 
79230 
13694 
79231 
13695 
79232 
13696 
79233 
13697 
79234 
13698 
79235 
13699 
79236 
13700 
79237 
13701 
79238 
13702 
79239 
13703 
79240 
13704 
79241 
13705 
79242 
13706 
79243 
13707 
79244 
13708 
79245 
13709 
79246 
13710 
79247 
13711 
79248 
13712 
79249 
13713 
79250 
13714 
79251 
13715 
79252 
13716 
79253 
13717 
79254 
13718 
79255 
13719 
79256 
13720 
79257 
13721 
79258 
13722 
79259 
13723 
79260 
13724 
79261 
13725 
79262 
13726 
79263 
13727 
79264 
13728 
79265 
13729 
79266 
13730 
79267 
13731 
79268 
13732 
79269 
13733 
79270 
13734 
79271 
13735 
79272 
13736 
79273 
13737 
79274 
13738 
79275 
13739 
79276 
13740 
79277 
13741 
79278 
13742 
79279 
13743 
79280 
13744 
79281 
13745 
79282 
13746 
13747 
13748 
13749 
13750 
13751 
13752 
13753 
13754 
13755 
13756 
13757 
13758 
13759 
13760 
13761 
13762 
13763 
13764 
13765 
13766 
13767 
13768 
13769 
13770 
13771 
13772 
13773 
13774 
13775 
13776 
13777 
13778 
13779 
13780 
13781 
13782 
13783 
13784 
13785 
13786 
13787 
13788 
13789 
13790 
13791 
13792 
13793 
13794 
13795 
13796 
13797 
13798 
13799 
13800 
13801 
13802 
13803 
13804 
13805 
13806 
13807 
79344 
13808 
79345 
13809 
79346 
13810 
79347 
13811 
79348 
13812 
79349 
13813 
79350 
79351 
79352 
79353 
79354 
79355 
79356 
79357 
79358 
79359 
79360 
79361 
79362 
79363 
79364 
79365 
79366 
79367 
79368 
79369 
79370 
79371 
79372 
79373 
79374 
79375 
13853 
13854 
13855 
13856 
13857 
13858 
13859 
13860 
13861 
13862 
13863 
13864 
13865 
79437 
79438 
79439 
79440 
79441 
79442 
79443 
79444 
79445 
79446 
79447 
79448 
79449 
79450 
79451 
79452 
79453 
79454 
79455 
79456 
13920 
79457 
13921 
79458 
13922 
79459 
13923 
79460 
13924 
79461 
13925 
79462 
13926 
79463 
13927 
79464 
13928 
79465 
13929 
79466 
13930 
79467 
13931 
79468 
13932 
79469 
13933 
79470 
13934 
79471 
13935 
79472 
13936 
79473 
13937 
79474 
13938 
79475 
13939 
13940 
13941 
13942 
13943 
13944 
13945 
13946 
13947 
13948 
13949 
13950 
13951 
13952 
13953 
13954 
13955 
13956 
13957 
13958 
13959 
79511 
79512 
79513 
79514 
79515 
79516 
79517 
79518 
79519 
79520 
79521 
79522 
79523 
79524 
79525 
79526 
79527 
79528 
79529 
79530 
79531 
79532 
79533 
79534 
79535 
79536 
79537 
79538 
79539 
79540 
79541 
79542 
79543 
79544 
79545 
79546 
79547 
79548 
79549 
79550 
79551 
79552 
79553 
79554 
79555 
79556 
79557 
79558 
79559 
79560 
79561 
79562 
14026 
79563 
14027 
79564 
14028 
79565 
14029 
79566 
14030 
79567 
14031 
79568 
14032 
79569 
14033 
79570 
14034 
79571 
14035 
79572 
14036 
79573 
14037 
79574 
14038 
79575 
14039 
79576 
14040 
79577 
14041 
79578 
14042 
79579 
14043 
79580 
14044 
79581 
14045 
79582 
14046 
79583 
14047 
79584 
14048 
79585 
14049 
79586 
14050 
79587 
14051 
79588 
14052 
79589 
14053 
79590 
14054 
79591 
14055 
79592 
14056 
79593 
14057 
79594 
14058 
79595 
14059 
79596 
14060 
79597 
14061 
79598 
14062 
79599 
14063 
79600 
14064 
79601 
14065 
79602 
14066 
79603 
14067 
79604 
14068 
79605 
14069 
79606 
14070 
79607 
14071 
79608 
14072 
79609 
14073 
79610 
14074 
79611 
14075 
79612 
14076 
79613 
14077 
79614 
14078 
79615 
14079 
79616 
14080 
79617 
14081 
79618 
14082 
79619 
14083 
79620 
14084 
79621 
14085 
79622 
14086 
79623 
14087 
79624 
14088 
79625 
14089 
79626 
14090 
79627 
14091 
79628 
14092 
79629 
14093 
79630 
14094 
79631 
14095 
79632 
14096 
79633 
14097 
79634 
14098 
79635 
79636 
79637 
14101 
79638 
14102 
79639 
14103 
79640 
14104 
79641 
14105 
79642 
14106 
14107 
14108 
14109 
14110 
14111 
14112 
14113 
14114 
14115 
14116 
14117 
14118 
14119 
14120 
14121 
14122 
14123 
14124 
14125 
14126 
14127 
14128 
14129 
14130 
14131 
14132 
14133 
14134 
14135 
14136 
14137 
14138 
14139 
14140 
14141 
14142 
14143 
14144 
14145 
14146 
14147 
14148 
14149 
14150 
14151 
14152 
14153 
14154 
14155 
14156 
14157 
14158 
14159 
14160 
14161 
14162 
14163 
14164 
14165 
14166 
14167 
79704 
14168 
79705 
14169 
79706 
14170 
79707 
14171 
79708 
14172 
79709 
14173 
79710 
79711 
79712 
79713 
79714 
79715 
79716 
79717 
79718 
79719 
79720 
79721 
79722 
79723 
79724 
79725 
79726 
79727 
79728 
79729 
79730 
79731 
79732 
79733 
79734 
79735 
14213 
14214 
14215 
14216 
14217 
14218 
14219 
14220 
14221 
14222 
14223 
14224 
14225 
79797 
79798 
79799 
79800 
79801 
79802 
79803 
79804 
79805 
79806 
79807 
79808 
79809 
79810 
79811 
79812 
79813 
79814 
79815 
79816 
14280 
79817 
14281 
79818 
14282 
79819 
14283 
79820 
14284 
79821 
14285 
79822 
14286 
79823 
14287 
79824 
14288 
79825 
14289 
79826 
14290 
79827 
14291 
79828 
14292 
79829 
14293 
79830 
14294 
79831 
14295 
79832 
14296 
79833 
14297 
79834 
14298 
79835 
14299 
79836 
14300 
14301 
14302 
14303 
14304 
14305 
14306 
14307 
14308 
14309 
14310 
14311 
14312 
14313 
14314 
14315 
14316 
14317 
14318 
14319 
79870 
79871 
79872 
79873 
79874 
79875 
79876 
79877 
79878 
79879 
79880 
79881 
79882 
79883 
79884 
79885 
79886 
79887 
79888 
79889 
79890 
79891 
79892 
79893 
79894 
79895 
79896 
79897 
79898 
79899 
79900 
79901 
79902 
79903 
79904 
79905 
79906 
79907 
79908 
79909 
79910 
79911 
79912 
79913 
79914 
79915 
79916 
79917 
79918 
79919 
79920 
79921 
79922 
79923 
14387 
79924 
14388 
79925 
14389 
79926 
14390 
79927 
14391 
79928 
14392 
79929 
14393 
79930 
14394 
79931 
14395 
79932 
14396 
79933 
14397 
79934 
14398 
79935 
14399 
79936 
14400 
79937 
14401 
79938 
14402 
79939 
14403 
79940 
14404 
79941 
14405 
79942 
14406 
79943 
14407 
79944 
14408 
79945 
14409 
79946 
14410 
79947 
14411 
79948 
14412 
79949 
14413 
79950 
14414 
79951 
14415 
79952 
14416 
79953 
14417 
79954 
14418 
79955 
14419 
79956 
14420 
79957 
14421 
79958 
14422 
79959 
14423 
79960 
14424 
79961 
14425 
79962 
14426 
79963 
14427 
79964 
14428 
79965 
14429 
79966 
14430 
79967 
14431 
79968 
14432 
79969 
14433 
79970 
14434 
79971 
14435 
79972 
14436 
79973 
14437 
79974 
14438 
79975 
14439 
79976 
14440 
79977 
14441 
79978 
14442 
79979 
14443 
79980 
14444 
79981 
14445 
79982 
14446 
79983 
14447 
79984 
14448 
79985 
14449 
79986 
14450 
79987 
14451 
79988 
14452 
79989 
79990 
79991 
79992 
79993 
79994 
79995 
79996 
79997 
79998 
79999 
80000 
80001 
80002 
14467 
14468 
14469 
14470 
14471 
14472 
14473 
14474 
14475 
14476 
14477 
14478 
14479 
14480 
14481 
14482 
14483 
14484 
14485 
14486 
14487 
14488 
14489 
14490 
14491 
14492 
14493 
14494 
14495 
14496 
14497 
14498 
14499 
14500 
14501 
14502 
14503 
14504 
14505 
14506 
14507 
14508 
14509 
14510 
14511 
14512 
14513 
14514 
14515 
14516 
14517 
14518 
14519 
14520 
14521 
14522 
14523 
14524 
14525 
14526 
80063 
14527 
80064 
14528 
80065 
14529 
80066 
14530 
80067 
14531 
80068 
14532 
80069 
14533 
80070 
80071 
80072 
80073 
80074 
80075 
80076 
80077 
80078 
80079 
80080 
80081 
80082 
80083 
80084 
80085 
80086 
80087 
80088 
80089 
80090 
80091 
80092 
80093 
80094 
80095 
80096 
14573 
14574 
14575 
14576 
14577 
14578 
14579 
14580 
14581 
14582 
14583 
14584 
14585 
80157 
80158 
80159 
80160 
80161 
80162 
80163 
80164 
80165 
80166 
80167 
80168 
80169 
80170 
80171 
80172 
80173 
80174 
80175 
80176 
14640 
80177 
14641 
80178 
14642 
80179 
14643 
80180 
14644 
80181 
14645 
80182 
14646 
80183 
14647 
80184 
14648 
80185 
14649 
80186 
14650 
80187 
14651 
80188 
14652 
80189 
14653 
80190 
14654 
80191 
14655 
80192 
14656 
80193 
14657 
80194 
14658 
80195 
14659 
80196 
14660 
80197 
14661 
14662 
14663 
14664 
14665 
14666 
14667 
14668 
14669 
14670 
14671 
14672 
14673 
14674 
14675 
14676 
14677 
14678 
14679 
80228 
80229 
80230 
80231 
80232 
80233 
80234 
80235 
80236 
80237 
80238 
80239 
80240 
80241 
80242 
80243 
80244 
80245 
80246 
80247 
80248 
80249 
80250 
80251 
80252 
80253 
80254 
80255 
80256 
80257 
80258 
80259 
80260 
80261 
80262 
80263 
80264 
80265 
80266 
80267 
80268 
80269 
80270 
80271 
80272 
80273 
80274 
80275 
80276 
80277 
80278 
80279 
80280 
80281 
80282 
80283 
14747 
80284 
14748 
80285 
14749 
80286 
14750 
80287 
14751 
80288 
14752 
80289 
14753 
80290 
14754 
80291 
14755 
80292 
14756 
80293 
14757 
80294 
14758 
80295 
14759 
80296 
14760 
80297 
14761 
80298 
14762 
80299 
14763 
80300 
14764 
80301 
14765 
80302 
14766 
80303 
14767 
80304 
14768 
80305 
14769 
80306 
14770 
80307 
14771 
80308 
14772 
80309 
14773 
80310 
14774 
80311 
14775 
80312 
14776 
80313 
14777 
80314 
14778 
80315 
14779 
80316 
14780 
80317 
14781 
80318 
14782 
80319 
14783 
80320 
14784 
80321 
14785 
80322 
14786 
80323 
14787 
80324 
14788 
80325 
14789 
80326 
14790 
80327 
14791 
80328 
14792 
80329 
14793 
80330 
14794 
80331 
14795 
80332 
14796 
80333 
14797 
80334 
14798 
80335 
14799 
80336 
14800 
80337 
14801 
80338 
14802 
80339 
14803 
80340 
14804 
80341 
14805 
80342 
14806 
80343 
14807 
80344 
14808 
80345 
14809 
80346 
14810 
80347 
80348 
80349 
80350 
80351 
80352 
80353 
80354 
80355 
80356 
80357 
80358 
80359 
80360 
80361 
80362 
80363 
14829 
14830 
14831 
14832 
14833 
14834 
14835 
14836 
14837 
14838 
14839 
14840 
14841 
14842 
14843 
14844 
14845 
14846 
14847 
14848 
14849 
14850 
14851 
14852 
14853 
14854 
14855 
14856 
14857 
14858 
14859 
14860 
14861 
14862 
14863 
14864 
14865 
14866 
14867 
14868 
14869 
14870 
14871 
14872 
14873 
14874 
14875 
14876 
14877 
14878 
14879 
14880 
14881 
14882 
14883 
14884 
14885 
14886 
80423 
14887 
80424 
14888 
80425 
14889 
80426 
14890 
80427 
14891 
80428 
14892 
80429 
14893 
80430 
14894 
80431 
80432 
80433 
80434 
80435 
80436 
80437 
80438 
80439 
80440 
80441 
80442 
80443 
80444 
80445 
80446 
80447 
80448 
80449 
80450 
80451 
80452 
80453 
80454 
80455 
80456 
14932 
14933 
14934 
14935 
14936 
14937 
14938 
14939 
14940 
14941 
14942 
14943 
14944 
14945 
80516 
80517 
80518 
80519 
80520 
80521 
80522 
80523 
80524 
80525 
80526 
80527 
80528 
80529 
80530 
80531 
80532 
80533 
80534 
80535 
80536 
15000 
80537 
15001 
80538 
15002 
80539 
15003 
80540 
15004 
80541 
15005 
80542 
15006 
80543 
15007 
80544 
15008 
80545 
15009 
80546 
15010 
80547 
15011 
80548 
15012 
80549 
15013 
80550 
15014 
80551 
15015 
80552 
15016 
80553 
15017 
80554 
15018 
80555 
15019 
80556 
15020 
80557 
15021 
80558 
15022 
80559 
15023 
15024 
15025 
15026 
15027 
15028 
15029 
15030 
15031 
15032 
15033 
15034 
15035 
15036 
15037 
15038 
15039 
80587 
80588 
80589 
80590 
80591 
80592 
80593 
80594 
80595 
80596 
80597 
80598 
80599 
80600 
80601 
80602 
80603 
80604 
80605 
80606 
80607 
80608 
80609 
80610 
80611 
80612 
80613 
80614 
80615 
80616 
80617 
80618 
80619 
80620 
80621 
80622 
80623 
80624 
80625 
80626 
80627 
80628 
80629 
80630 
80631 
80632 
80633 
80634 
80635 
80636 
80637 
80638 
80639 
80640 
80641 
80642 
80643 
15107 
80644 
15108 
80645 
15109 
80646 
15110 
80647 
15111 
80648 
15112 
80649 
15113 
80650 
15114 
80651 
15115 
80652 
15116 
80653 
15117 
80654 
15118 
80655 
15119 
80656 
15120 
80657 
15121 
80658 
15122 
80659 
15123 
80660 
15124 
80661 
15125 
80662 
15126 
80663 
15127 
80664 
15128 
80665 
15129 
80666 
15130 
80667 
15131 
80668 
15132 
80669 
15133 
80670 
15134 
80671 
15135 
80672 
15136 
80673 
15137 
80674 
15138 
80675 
15139 
80676 
15140 
80677 
15141 
80678 
15142 
80679 
15143 
80680 
15144 
80681 
15145 
80682 
15146 
80683 
15147 
80684 
15148 
80685 
15149 
80686 
15150 
80687 
15151 
80688 
15152 
80689 
15153 
80690 
15154 
80691 
15155 
80692 
15156 
80693 
15157 
80694 
15158 
80695 
15159 
80696 
15160 
80697 
15161 
80698 
15162 
80699 
15163 
80700 
15164 
80701 
15165 
80702 
15166 
80703 
15167 
80704 
15168 
80705 
80706 
80707 
80708 
80709 
80710 
80711 
80712 
80713 
80714 
80715 
80716 
80717 
80718 
80719 
80720 
80721 
80722 
80723 
80724 
15191 
15192 
15193 
15194 
15195 
15196 
15197 
15198 
15199 
15200 
15201 
15202 
15203 
15204 
15205 
15206 
15207 
15208 
15209 
15210 
15211 
15212 
15213 
15214 
15215 
15216 
15217 
15218 
15219 
15220 
15221 
15222 
15223 
15224 
15225 
15226 
15227 
15228 
15229 
15230 
15231 
15232 
15233 
15234 
15235 
15236 
15237 
15238 
15239 
15240 
15241 
15242 
15243 
15244 
15245 
80782 
15246 
80783 
15247 
80784 
15248 
80785 
15249 
80786 
15250 
80787 
15251 
80788 
15252 
80789 
15253 
80790 
15254 
80791 
80792 
80793 
80794 
80795 
80796 
80797 
80798 
80799 
80800 
80801 
80802 
80803 
80804 
80805 
80806 
80807 
80808 
80809 
80810 
80811 
80812 
80813 
80814 
80815 
80816 
80817 
15292 
15293 
15294 
15295 
15296 
15297 
15298 
15299 
15300 
15301 
15302 
15303 
15304 
15305 
80875 
80876 
80877 
80878 
80879 
80880 
80881 
80882 
80883 
80884 
80885 
80886 
80887 
80888 
80889 
80890 
80891 
80892 
80893 
80894 
80895 
80896 
15360 
80897 
15361 
80898 
15362 
80899 
15363 
80900 
15364 
80901 
15365 
80902 
15366 
80903 
15367 
80904 
15368 
80905 
15369 
80906 
15370 
80907 
15371 
80908 
15372 
80909 
15373 
80910 
15374 
80911 
15375 
80912 
15376 
80913 
15377 
80914 
15378 
80915 
15379 
80916 
15380 
80917 
15381 
80918 
15382 
80919 
15383 
80920 
15384 
80921 
15385 
15386 
15387 
15388 
15389 
15390 
15391 
15392 
15393 
15394 
15395 
15396 
15397 
15398 
15399 
80945 
80946 
80947 
80948 
80949 
80950 
80951 
80952 
80953 
80954 
80955 
80956 
80957 
80958 
80959 
80960 
80961 
80962 
80963 
80964 
80965 
80966 
80967 
80968 
80969 
80970 
80971 
80972 
80973 
80974 
80975 
80976 
80977 
80978 
80979 
80980 
80981 
80982 
80983 
80984 
80985 
80986 
80987 
80988 
80989 
80990 
80991 
80992 
80993 
80994 
80995 
80996 
80997 
80998 
80999 
81000 
81001 
81002 
81003 
15467 
81004 
15468 
81005 
15469 
81006 
15470 
81007 
15471 
81008 
15472 
81009 
15473 
81010 
15474 
81011 
15475 
81012 
15476 
81013 
15477 
81014 
15478 
81015 
15479 
81016 
15480 
81017 
15481 
81018 
15482 
81019 
15483 
81020 
15484 
81021 
15485 
81022 
15486 
81023 
15487 
81024 
15488 
81025 
15489 
81026 
15490 
81027 
15491 
81028 
15492 
81029 
15493 
81030 
15494 
81031 
15495 
81032 
15496 
81033 
15497 
81034 
15498 
81035 
15499 
81036 
15500 
81037 
15501 
81038 
15502 
81039 
15503 
81040 
15504 
81041 
15505 
81042 
15506 
81043 
15507 
81044 
15508 
81045 
15509 
81046 
15510 
81047 
15511 
81048 
15512 
81049 
15513 
81050 
15514 
81051 
15515 
81052 
15516 
81053 
15517 
81054 
15518 
81055 
15519 
81056 
15520 
81057 
15521 
81058 
15522 
81059 
15523 
81060 
15524 
81061 
15525 
81062 
15526 
81063 
15527 
81064 
81065 
81066 
81067 
81068 
81069 
81070 
81071 
81072 
81073 
81074 
81075 
81076 
81077 
81078 
81079 
81080 
81081 
81082 
81083 
81084 
15552 
15553 
15554 
15555 
15556 
15557 
15558 
15559 
15560 
15561 
15562 
15563 
15564 
15565 
15566 
15567 
15568 
15569 
15570 
15571 
15572 
15573 
15574 
15575 
15576 
15577 
15578 
15579 
15580 
15581 
15582 
15583 
15584 
15585 
15586 
15587 
15588 
15589 
15590 
15591 
15592 
15593 
15594 
15595 
15596 
15597 
15598 
15599 
15600 
15601 
15602 
15603 
15604 
81141 
15605 
81142 
15606 
81143 
15607 
81144 
15608 
81145 
15609 
81146 
15610 
81147 
15611 
81148 
15612 
81149 
15613 
81150 
15614 
81151 
15615 
81152 
81153 
81154 
81155 
81156 
81157 
81158 
81159 
81160 
81161 
81162 
81163 
81164 
81165 
81166 
81167 
81168 
81169 
81170 
81171 
81172 
81173 
81174 
81175 
81176 
81177 
81178 
15651 
15652 
15653 
15654 
15655 
15656 
15657 
15658 
15659 
15660 
15661 
15662 
15663 
15664 
15665 
81235 
81236 
81237 
81238 
81239 
81240 
81241 
81242 
81243 
81244 
81245 
81246 
81247 
81248 
81249 
81250 
81251 
81252 
81253 
81254 
81255 
81256 
15720 
81257 
15721 
81258 
15722 
81259 
15723 
81260 
15724 
81261 
15725 
81262 
15726 
81263 
15727 
81264 
15728 
81265 
15729 
81266 
15730 
81267 
15731 
81268 
15732 
81269 
15733 
81270 
15734 
81271 
15735 
81272 
15736 
81273 
15737 
81274 
15738 
81275 
15739 
81276 
15740 
81277 
15741 
81278 
15742 
81279 
15743 
81280 
15744 
81281 
15745 
81282 
15746 
81283 
15747 
15748 
15749 
15750 
15751 
15752 
15753 
15754 
15755 
15756 
15757 
15758 
15759 
81302 
81303 
81304 
81305 
81306 
81307 
81308 
81309 
81310 
81311 
81312 
81313 
81314 
81315 
81316 
81317 
81318 
81319 
81320 
81321 
81322 
81323 
81324 
81325 
81326 
81327 
81328 
81329 
81330 
81331 
81332 
81333 
81334 
81335 
81336 
81337 
81338 
81339 
81340 
81341 
81342 
81343 
81344 
81345 
81346 
81347 
81348 
81349 
81350 
81351 
81352 
81353 
81354 
81355 
81356 
81357 
81358 
81359 
81360 
81361 
81362 
81363 
15827 
81364 
15828 
81365 
15829 
81366 
15830 
81367 
15831 
81368 
15832 
81369 
15833 
81370 
15834 
81371 
15835 
81372 
15836 
81373 
15837 
81374 
15838 
81375 
15839 
81376 
15840 
81377 
15841 
81378 
15842 
81379 
15843 
81380 
15844 
81381 
15845 
81382 
15846 
81383 
15847 
81384 
15848 
81385 
15849 
81386 
15850 
81387 
15851 
81388 
15852 
81389 
15853 
81390 
15854 
81391 
15855 
81392 
15856 
81393 
15857 
81394 
15858 
81395 
15859 
81396 
15860 
81397 
15861 
81398 
15862 
81399 
15863 
81400 
15864 
81401 
15865 
81402 
15866 
81403 
15867 
81404 
15868 
81405 
15869 
81406 
15870 
81407 
15871 
81408 
15872 
81409 
15873 
81410 
15874 
81411 
15875 
81412 
15876 
81413 
15877 
81414 
15878 
81415 
15879 
81416 
15880 
81417 
15881 
81418 
15882 
81419 
15883 
81420 
15884 
81421 
15885 
81422 
81423 
81424 
81425 
81426 
81427 
81428 
81429 
81430 
81431 
81432 
81433 
81434 
81435 
81436 
81437 
81438 
81439 
81440 
81441 
81442 
81443 
81444 
81445 
15914 
15915 
15916 
15917 
15918 
15919 
15920 
15921 
15922 
15923 
15924 
15925 
15926 
15927 
15928 
15929 
15930 
15931 
15932 
15933 
15934 
15935 
15936 
15937 
15938 
15939 
15940 
15941 
15942 
15943 
15944 
15945 
15946 
15947 
15948 
15949 
15950 
15951 
15952 
15953 
15954 
15955 
15956 
15957 
15958 
15959 
15960 
15961 
15962 
15963 
15964 
81501 
15965 
81502 
15966 
81503 
15967 
81504 
15968 
81505 
15969 
81506 
15970 
81507 
15971 
81508 
15972 
81509 
15973 
81510 
15974 
81511 
15975 
81512 
81513 
81514 
81515 
81516 
81517 
81518 
81519 
81520 
81521 
81522 
81523 
81524 
81525 
81526 
81527 
81528 
81529 
81530 
81531 
81532 
81533 
81534 
81535 
81536 
81537 
81538 
16011 
16012 
16013 
16014 
16015 
16016 
16017 
16018 
16019 
16020 
16021 
16022 
16023 
16024 
16025 
16026 
81594 
81595 
81596 
81597 
81598 
81599 
81600 
81601 
81602 
81603 
81604 
81605 
81606 
81607 
81608 
81609 
81610 
81611 
81612 
81613 
81614 
81615 
81616 
16080 
81617 
16081 
81618 
16082 
81619 
16083 
81620 
16084 
81621 
16085 
81622 
16086 
81623 
16087 
81624 
16088 
81625 
16089 
81626 
16090 
81627 
16091 
81628 
16092 
81629 
16093 
81630 
16094 
81631 
16095 
81632 
16096 
81633 
16097 
81634 
16098 
81635 
16099 
81636 
16100 
81637 
16101 
81638 
16102 
81639 
16103 
81640 
16104 
81641 
16105 
81642 
16106 
81643 
16107 
81644 
16108 
81645 
16109 
81646 
16110 
81647 
16111 
81648 
16112 
16113 
16114 
16115 
16116 
16117 
16118 
16119 
81658 
81659 
81660 
81661 
81662 
81663 
81664 
81665 
81666 
81667 
81668 
81669 
81670 
81671 
81672 
81673 
81674 
81675 
81676 
81677 
81678 
81679 
81680 
81681 
81682 
81683 
81684 
81685 
81686 
81687 
81688 
81689 
81690 
81691 
81692 
81693 
81694 
81695 
81696 
81697 
81698 
81699 
81700 
81701 
81702 
81703 
81704 
81705 
81706 
81707 
81708 
81709 
81710 
81711 
81712 
81713 
81714 
81715 
81716 
81717 
81718 
81719 
81720 
81721 
81722 
81723 
16187 
81724 
16188 
81725 
16189 
81726 
16190 
81727 
16191 
81728 
16192 
81729 
16193 
81730 
16194 
81731 
16195 
81732 
16196 
81733 
16197 
81734 
16198 
81735 
16199 
81736 
16200 
81737 
16201 
81738 
16202 
81739 
16203 
81740 
16204 
81741 
16205 
81742 
16206 
81743 
16207 
81744 
16208 
81745 
16209 
81746 
16210 
81747 
16211 
81748 
16212 
81749 
16213 
81750 
16214 
81751 
16215 
81752 
16216 
81753 
16217 
81754 
16218 
81755 
16219 
81756 
16220 
81757 
16221 
81758 
16222 
81759 
16223 
81760 
16224 
81761 
16225 
81762 
16226 
81763 
16227 
81764 
16228 
81765 
16229 
81766 
16230 
81767 
16231 
81768 
16232 
81769 
16233 
81770 
16234 
81771 
16235 
81772 
16236 
81773 
16237 
81774 
16238 
81775 
16239 
81776 
16240 
81777 
16241 
81778 
16242 
81779 
16243 
81780 
16244 
81781 
81782 
81783 
81784 
81785 
81786 
81787 
81788 
81789 
81790 
81791 
81792 
81793 
81794 
81795 
81796 
81797 
81798 
81799 
81800 
81801 
81802 
81803 
81804 
81805 
81806 
16275 
16276 
16277 
16278 
16279 
16280 
16281 
16282 
16283 
16284 
16285 
16286 
16287 
16288 
16289 
16290 
16291 
16292 
16293 
16294 
16295 
16296 
16297 
16298 
16299 
16300 
16301 
16302 
16303 
16304 
16305 
16306 
16307 
16308 
16309 
16310 
16311 
16312 
16313 
16314 
16315 
16316 
16317 
16318 
16319 
16320 
16321 
16322 
16323 
81860 
16324 
81861 
16325 
81862 
16326 
81863 
16327 
81864 
16328 
81865 
16329 
81866 
16330 
81867 
16331 
81868 
16332 
81869 
16333 
81870 
16334 
81871 
16335 
81872 
16336 
81873 
81874 
81875 
81876 
81877 
81878 
81879 
81880 
81881 
81882 
81883 
81884 
81885 
81886 
81887 
81888 
81889 
81890 
81891 
81892 
81893 
81894 
81895 
81896 
81897 
81898 
81899 
16370 
16371 
16372 
16373 
16374 
16375 
16376 
16377 
16378 
16379 
16380 
16381 
16382 
16383 
16384 
16385 
16386 
81953 
81954 
81955 
81956 
81957 
81958 
81959 
81960 
81961 
81962 
81963 
81964 
81965 
81966 
81967 
81968 
81969 
81970 
81971 
81972 
81973 
81974 
81975 
81976 
16440 
81977 
16441 
81978 
16442 
81979 
16443 
81980 
16444 
81981 
16445 
81982 
16446 
81983 
16447 
81984 
16448 
81985 
16449 
81986 
16450 
81987 
16451 
81988 
16452 
81989 
16453 
81990 
16454 
81991 
16455 
81992 
16456 
81993 
16457 
81994 
16458 
81995 
16459 
81996 
16460 
81997 
16461 
81998 
16462 
81999 
16463 
82000 
16464 
82001 
16465 
82002 
16466 
82003 
16467 
82004 
16468 
82005 
16469 
82006 
16470 
82007 
16471 
82008 
16472 
82009 
16473 
82010 
16474 
82011 
16475 
82012 
16476 
82013 
16477 
82014 
16478 
82015 
82016 
82017 
82018 
82019 
82020 
82021 
82022 
82023 
82024 
82025 
82026 
82027 
82028 
82029 
82030 
82031 
82032 
82033 
82034 
82035 
82036 
82037 
82038 
82039 
82040 
82041 
82042 
82043 
82044 
82045 
82046 
82047 
82048 
82049 
82050 
82051 
82052 
82053 
82054 
82055 
82056 
82057 
82058 
82059 
82060 
82061 
82062 
82063 
82064 
82065 
82066 
82067 
82068 
82069 
82070 
82071 
82072 
82073 
82074 
82075 
82076 
82077 
82078 
82079 
82080 
82081 
82082 
82083 
16547 
82084 
16548 
82085 
16549 
82086 
16550 
82087 
16551 
82088 
16552 
82089 
16553 
82090 
16554 
82091 
16555 
82092 
16556 
82093 
16557 
82094 
16558 
82095 
16559 
82096 
16560 
82097 
16561 
82098 
16562 
82099 
16563 
82100 
16564 
82101 
16565 
82102 
16566 
82103 
16567 
82104 
16568 
82105 
16569 
82106 
16570 
82107 
16571 
82108 
16572 
82109 
16573 
82110 
16574 
82111 
16575 
82112 
16576 
82113 
16577 
82114 
16578 
82115 
16579 
82116 
16580 
82117 
16581 
82118 
16582 
82119 
16583 
82120 
16584 
82121 
16585 
82122 
16586 
82123 
16587 
82124 
16588 
82125 
16589 
82126 
16590 
82127 
16591 
82128 
16592 
82129 
16593 
82130 
16594 
82131 
16595 
82132 
16596 
82133 
16597 
82134 
16598 
82135 
16599 
82136 
16600 
82137 
16601 
82138 
16602 
82139 
16603 
82140 
82141 
82142 
82143 
82144 
82145 
82146 
82147 
82148 
82149 
82150 
82151 
82152 
82153 
82154 
82155 
82156 
82157 
82158 
82159 
82160 
82161 
82162 
82163 
82164 
82165 
82166 
82167 
16636 
16637 
16638 
16639 
16640 
16641 
16642 
16643 
16644 
16645 
16646 
16647 
16648 
16649 
16650 
16651 
16652 
16653 
16654 
16655 
16656 
16657 
16658 
16659 
16660 
16661 
16662 
16663 
16664 
16665 
16666 
16667 
16668 
16669 
16670 
16671 
16672 
16673 
16674 
16675 
16676 
16677 
16678 
16679 
16680 
16681 
16682 
82219 
16683 
82220 
16684 
82221 
16685 
82222 
16686 
82223 
16687 
82224 
16688 
82225 
16689 
82226 
16690 
82227 
16691 
82228 
16692 
82229 
16693 
82230 
16694 
82231 
16695 
82232 
16696 
82233 
16697 
82234 
82235 
82236 
82237 
82238 
82239 
82240 
82241 
82242 
82243 
82244 
82245 
82246 
82247 
82248 
82249 
82250 
82251 
82252 
82253 
82254 
82255 
82256 
82257 
82258 
82259 
82260 
16729 
16730 
16731 
16732 
16733 
16734 
16735 
16736 
16737 
16738 
16739 
16740 
16741 
16742 
16743 
16744 
16745 
16746 
82312 
82313 
82314 
82315 
82316 
82317 
82318 
82319 
82320 
82321 
82322 
82323 
82324 
82325 
82326 
82327 
82328 
82329 
82330 
82331 
82332 
82333 
82334 
82335 
82336 
16800 
82337 
16801 
82338 
16802 
82339 
16803 
82340 
16804 
82341 
16805 
82342 
16806 
82343 
16807 
82344 
16808 
82345 
16809 
82346 
16810 
82347 
16811 
82348 
16812 
82349 
16813 
82350 
16814 
82351 
16815 
82352 
16816 
82353 
16817 
82354 
16818 
82355 
16819 
82356 
16820 
82357 
16821 
82358 
16822 
82359 
16823 
82360 
16824 
82361 
16825 
82362 
16826 
82363 
16827 
82364 
16828 
82365 
16829 
82366 
16830 
82367 
16831 
82368 
16832 
82369 
16833 
82370 
16834 
82371 
16835 
82372 
16836 
82373 
16837 
82374 
16838 
82375 
82376 
82377 
82378 
82379 
82380 
82381 
82382 
82383 
82384 
82385 
82386 
82387 
82388 
82389 
82390 
82391 
82392 
82393 
82394 
82395 
82396 
82397 
82398 
82399 
82400 
82401 
82402 
82403 
82404 
82405 
82406 
82407 
82408 
82409 
82410 
82411 
82412 
82413 
82414 
82415 
82416 
82417 
82418 
82419 
82420 
82421 
82422 
82423 
82424 
82425 
82426 
82427 
82428 
82429 
82430 
82431 
82432 
82433 
82434 
82435 
82436 
82437 
82438 
82439 
82440 
82441 
82442 
82443 
16907 
82444 
16908 
82445 
16909 
82446 
16910 
82447 
16911 
82448 
16912 
82449 
16913 
82450 
16914 
82451 
16915 
82452 
16916 
82453 
16917 
82454 
16918 
82455 
16919 
82456 
16920 
82457 
16921 
82458 
16922 
82459 
16923 
82460 
16924 
82461 
16925 
82462 
16926 
82463 
16927 
82464 
16928 
82465 
16929 
82466 
16930 
82467 
16931 
82468 
16932 
82469 
16933 
82470 
16934 
82471 
16935 
82472 
16936 
82473 
16937 
82474 
16938 
82475 
16939 
82476 
16940 
82477 
16941 
82478 
16942 
82479 
16943 
82480 
16944 
82481 
16945 
82482 
16946 
82483 
16947 
82484 
16948 
82485 
16949 
82486 
16950 
82487 
16951 
82488 
16952 
82489 
16953 
82490 
16954 
82491 
16955 
82492 
16956 
82493 
16957 
82494 
16958 
82495 
16959 
82496 
16960 
82497 
16961 
82498 
16962 
82499 
16963 
82500 
82501 
82502 
82503 
82504 
82505 
82506 
82507 
82508 
82509 
82510 
82511 
82512 
82513 
82514 
82515 
82516 
82517 
82518 
82519 
82520 
82521 
82522 
82523 
82524 
82525 
82526 
82527 
82528 
16996 
16997 
16998 
16999 
17000 
17001 
17002 
17003 
17004 
17005 
17006 
17007 
17008 
17009 
17010 
17011 
17012 
17013 
17014 
17015 
17016 
17017 
17018 
17019 
17020 
17021 
17022 
17023 
17024 
17025 
17026 
17027 
17028 
17029 
17030 
17031 
17032 
17033 
17034 
17035 
17036 
17037 
17038 
17039 
17040 
17041 
82578 
17042 
82579 
17043 
82580 
17044 
82581 
17045 
82582 
17046 
82583 
17047 
82584 
17048 
82585 
17049 
82586 
17050 
82587 
17051 
82588 
17052 
82589 
17053 
82590 
17054 
82591 
17055 
82592 
17056 
82593 
17057 
82594 
82595 
82596 
82597 
82598 
82599 
82600 
82601 
82602 
82603 
82604 
82605 
82606 
82607 
82608 
82609 
82610 
82611 
82612 
82613 
82614 
82615 
82616 
82617 
82618 
82619 
82620 
82621 
17088 
17089 
17090 
17091 
17092 
17093 
17094 
17095 
17096 
17097 
17098 
17099 
17100 
17101 
17102 
17103 
17104 
17105 
17106 
82671 
82672 
82673 
82674 
82675 
82676 
82677 
82678 
82679 
82680 
82681 
82682 
82683 
82684 
82685 
82686 
82687 
82688 
82689 
82690 
82691 
82692 
82693 
82694 
82695 
17159 
82696 
17160 
82697 
17161 
82698 
17162 
82699 
17163 
82700 
17164 
82701 
17165 
82702 
17166 
82703 
17167 
82704 
17168 
82705 
17169 
82706 
17170 
82707 
17171 
82708 
17172 
82709 
17173 
82710 
17174 
82711 
17175 
82712 
17176 
82713 
17177 
82714 
17178 
82715 
17179 
82716 
17180 
82717 
17181 
82718 
17182 
82719 
17183 
82720 
17184 
82721 
17185 
82722 
17186 
82723 
17187 
82724 
17188 
82725 
17189 
82726 
17190 
82727 
17191 
82728 
17192 
82729 
17193 
82730 
17194 
82731 
17195 
82732 
17196 
82733 
17197 
82734 
17198 
82735 
82736 
82737 
82738 
82739 
82740 
82741 
82742 
82743 
82744 
82745 
82746 
82747 
82748 
82749 
82750 
82751 
82752 
82753 
82754 
82755 
82756 
82757 
82758 
82759 
82760 
82761 
82762 
82763 
82764 
82765 
82766 
82767 
82768 
82769 
82770 
82771 
82772 
82773 
82774 
82775 
82776 
82777 
82778 
82779 
82780 
82781 
82782 
82783 
82784 
82785 
82786 
82787 
82788 
82789 
82790 
82791 
82792 
82793 
82794 
82795 
82796 
82797 
82798 
82799 
82800 
82801 
82802 
82803 
17267 
82804 
17268 
82805 
17269 
82806 
17270 
82807 
17271 
82808 
17272 
82809 
17273 
82810 
17274 
82811 
17275 
82812 
17276 
82813 
17277 
82814 
17278 
82815 
17279 
82816 
17280 
82817 
17281 
82818 
17282 
82819 
17283 
82820 
17284 
82821 
17285 
82822 
17286 
82823 
17287 
82824 
17288 
82825 
17289 
82826 
17290 
82827 
17291 
82828 
17292 
82829 
17293 
82830 
17294 
82831 
17295 
82832 
17296 
82833 
17297 
82834 
17298 
82835 
17299 
82836 
17300 
82837 
17301 
82838 
17302 
82839 
17303 
82840 
17304 
82841 
17305 
82842 
17306 
82843 
17307 
82844 
17308 
82845 
17309 
82846 
17310 
82847 
17311 
82848 
17312 
82849 
17313 
82850 
17314 
82851 
17315 
82852 
17316 
82853 
17317 
82854 
17318 
82855 
17319 
82856 
17320 
82857 
17321 
82858 
17322 
82859 
82860 
82861 
82862 
82863 
82864 
82865 
82866 
82867 
82868 
82869 
82870 
82871 
82872 
82873 
82874 
82875 
82876 
82877 
82878 
82879 
82880 
82881 
82882 
82883 
82884 
82885 
82886 
82887 
82888 
17357 
17358 
17359 
17360 
17361 
17362 
17363 
17364 
17365 
17366 
17367 
17368 
17369 
17370 
17371 
17372 
17373 
17374 
17375 
17376 
17377 
17378 
17379 
17380 
17381 
17382 
17383 
17384 
17385 
17386 
17387 
17388 
17389 
17390 
17391 
17392 
17393 
17394 
17395 
17396 
17397 
17398 
17399 
17400 
82937 
17401 
82938 
17402 
82939 
17403 
82940 
17404 
82941 
17405 
82942 
17406 
82943 
17407 
82944 
17408 
82945 
17409 
82946 
17410 
82947 
17411 
82948 
17412 
82949 
17413 
82950 
17414 
82951 
17415 
82952 
17416 
82953 
17417 
82954 
17418 
82955 
17419 
82956 
82957 
82958 
82959 
82960 
82961 
82962 
82963 
82964 
82965 
82966 
82967 
82968 
82969 
82970 
82971 
82972 
82973 
82974 
82975 
82976 
82977 
82978 
82979 
82980 
82981 
82982 
17447 
17448 
17449 
17450 
17451 
17452 
17453 
17454 
17455 
17456 
17457 
17458 
17459 
17460 
17461 
17462 
17463 
17464 
17465 
17466 
17467 
83031 
83032 
83033 
83034 
83035 
83036 
83037 
83038 
83039 
83040 
83041 
83042 
83043 
83044 
83045 
83046 
83047 
83048 
83049 
83050 
83051 
83052 
83053 
83054 
83055 
17519 
83056 
17520 
83057 
17521 
83058 
17522 
83059 
17523 
83060 
17524 
83061 
17525 
83062 
17526 
83063 
17527 
83064 
17528 
83065 
17529 
83066 
17530 
83067 
17531 
83068 
17532 
83069 
17533 
83070 
17534 
83071 
17535 
83072 
17536 
83073 
17537 
83074 
17538 
83075 
17539 
83076 
17540 
83077 
17541 
83078 
17542 
83079 
17543 
83080 
17544 
83081 
17545 
83082 
17546 
83083 
17547 
83084 
17548 
83085 
17549 
83086 
17550 
83087 
17551 
83088 
17552 
83089 
17553 
83090 
17554 
83091 
17555 
83092 
17556 
83093 
17557 
83094 
17558 
83095 
17559 
83096 
83097 
83098 
83099 
83100 
83101 
83102 
83103 
83104 
83105 
83106 
83107 
83108 
83109 
83110 
83111 
83112 
83113 
83114 
83115 
83116 
83117 
83118 
83119 
83120 
83121 
83122 
83123 
83124 
83125 
83126 
83127 
83128 
83129 
83130 
83131 
83132 
83133 
83134 
83135 
83136 
83137 
83138 
83139 
83140 
83141 
83142 
83143 
83144 
83145 
83146 
83147 
83148 
83149 
83150 
83151 
83152 
83153 
83154 
83155 
83156 
83157 
83158 
83159 
83160 
83161 
83162 
83163 
17627 
83164 
17628 
83165 
17629 
83166 
17630 
83167 
17631 
83168 
17632 
83169 
17633 
83170 
17634 
83171 
17635 
83172 
17636 
83173 
17637 
83174 
17638 
83175 
17639 
83176 
17640 
83177 
17641 
83178 
17642 
83179 
17643 
83180 
17644 
83181 
17645 
83182 
17646 
83183 
17647 
83184 
17648 
83185 
17649 
83186 
17650 
83187 
17651 
83188 
17652 
83189 
17653 
83190 
17654 
83191 
17655 
83192 
17656 
83193 
17657 
83194 
17658 
83195 
17659 
83196 
17660 
83197 
17661 
83198 
17662 
83199 
17663 
83200 
17664 
83201 
17665 
83202 
17666 
83203 
17667 
83204 
17668 
83205 
17669 
83206 
17670 
83207 
17671 
83208 
17672 
83209 
17673 
83210 
17674 
83211 
17675 
83212 
17676 
83213 
17677 
83214 
17678 
83215 
17679 
83216 
17680 
83217 
17681 
83218 
83219 
83220 
83221 
83222 
83223 
83224 
83225 
83226 
83227 
83228 
83229 
83230 
83231 
83232 
83233 
83234 
83235 
83236 
83237 
83238 
83239 
83240 
83241 
83242 
83243 
83244 
83245 
83246 
83247 
83248 
83249 
83250 
17718 
17719 
17720 
17721 
17722 
17723 
17724 
17725 
17726 
17727 
17728 
17729 
17730 
17731 
17732 
17733 
17734 
17735 
17736 
17737 
17738 
17739 
17740 
17741 
17742 
17743 
17744 
17745 
17746 
17747 
17748 
17749 
17750 
17751 
17752 
17753 
17754 
17755 
17756 
17757 
17758 
17759 
83296 
17760 
83297 
17761 
83298 
17762 
83299 
17763 
83300 
17764 
83301 
17765 
83302 
17766 
83303 
17767 
83304 
17768 
83305 
17769 
83306 
17770 
83307 
17771 
83308 
17772 
83309 
17773 
83310 
17774 
83311 
17775 
83312 
17776 
83313 
17777 
83314 
17778 
83315 
17779 
83316 
17780 
83317 
83318 
83319 
83320 
83321 
83322 
83323 
83324 
83325 
83326 
83327 
83328 
83329 
83330 
83331 
83332 
83333 
83334 
83335 
83336 
83337 
83338 
83339 
83340 
83341 
83342 
17806 
83343 
17807 
17808 
17809 
17810 
17811 
17812 
17813 
17814 
17815 
17816 
17817 
17818 
17819 
17820 
17821 
17822 
17823 
17824 
17825 
17826 
17827 
83389 
83390 
83391 
83392 
83393 
83394 
83395 
83396 
83397 
83398 
83399 
83400 
83401 
83402 
83403 
83404 
83405 
83406 
83407 
83408 
83409 
83410 
83411 
83412 
83413 
83414 
83415 
17879 
83416 
17880 
83417 
17881 
83418 
17882 
83419 
17883 
83420 
17884 
83421 
17885 
83422 
17886 
83423 
17887 
83424 
17888 
83425 
17889 
83426 
17890 
83427 
17891 
83428 
17892 
83429 
17893 
83430 
17894 
83431 
17895 
83432 
17896 
83433 
17897 
83434 
17898 
83435 
17899 
83436 
17900 
83437 
17901 
83438 
17902 
83439 
17903 
83440 
17904 
83441 
17905 
83442 
17906 
83443 
17907 
83444 
17908 
83445 
17909 
83446 
17910 
83447 
17911 
83448 
17912 
83449 
17913 
83450 
17914 
83451 
17915 
83452 
17916 
83453 
17917 
83454 
17918 
83455 
17919 
83456 
83457 
83458 
83459 
83460 
83461 
83462 
83463 
83464 
83465 
83466 
83467 
83468 
83469 
83470 
83471 
83472 
83473 
83474 
83475 
83476 
83477 
83478 
83479 
83480 
83481 
83482 
83483 
83484 
83485 
83486 
83487 
83488 
83489 
83490 
83491 
83492 
83493 
83494 
83495 
83496 
83497 
83498 
83499 
83500 
83501 
83502 
83503 
83504 
83505 
83506 
83507 
83508 
83509 
83510 
83511 
83512 
83513 
83514 
83515 
83516 
83517 
83518 
83519 
83520 
83521 
83522 
83523 
17987 
83524 
17988 
83525 
17989 
83526 
17990 
83527 
17991 
83528 
17992 
83529 
17993 
83530 
17994 
83531 
17995 
83532 
17996 
83533 
17997 
83534 
17998 
83535 
17999 
83536 
18000 
83537 
18001 
83538 
18002 
83539 
18003 
83540 
18004 
83541 
18005 
83542 
18006 
83543 
18007 
83544 
18008 
83545 
18009 
83546 
18010 
83547 
18011 
83548 
18012 
83549 
18013 
83550 
18014 
83551 
18015 
83552 
18016 
83553 
18017 
83554 
18018 
83555 
18019 
83556 
18020 
83557 
18021 
83558 
18022 
83559 
18023 
83560 
18024 
83561 
18025 
83562 
18026 
83563 
18027 
83564 
18028 
83565 
18029 
83566 
18030 
83567 
18031 
83568 
18032 
83569 
18033 
83570 
18034 
83571 
18035 
83572 
18036 
83573 
18037 
83574 
18038 
83575 
18039 
83576 
18040 
83577 
18041 
83578 
83579 
83580 
83581 
83582 
83583 
83584 
83585 
83586 
83587 
83588 
83589 
83590 
83591 
83592 
83593 
83594 
83595 
83596 
83597 
83598 
83599 
83600 
83601 
83602 
83603 
83604 
83605 
83606 
83607 
83608 
83609 
83610 
83611 
18078 
18079 
18080 
18081 
18082 
18083 
18084 
18085 
18086 
18087 
18088 
18089 
18090 
18091 
18092 
18093 
18094 
18095 
18096 
18097 
18098 
18099 
18100 
18101 
18102 
18103 
18104 
18105 
18106 
18107 
18108 
18109 
18110 
18111 
18112 
18113 
18114 
18115 
18116 
18117 
18118 
83655 
18119 
83656 
18120 
83657 
18121 
83658 
18122 
83659 
18123 
83660 
18124 
83661 
18125 
83662 
18126 
83663 
18127 
83664 
18128 
83665 
18129 
83666 
18130 
83667 
18131 
83668 
18132 
83669 
18133 
83670 
18134 
83671 
18135 
83672 
18136 
83673 
18137 
83674 
18138 
83675 
18139 
83676 
18140 
83677 
18141 
83678 
83679 
83680 
83681 
83682 
83683 
83684 
83685 
83686 
83687 
83688 
83689 
83690 
83691 
83692 
83693 
83694 
83695 
83696 
83697 
83698 
83699 
83700 
83701 
18165 
83702 
18166 
83703 
18167 
83704 
18168 
18169 
18170 
18171 
18172 
18173 
18174 
18175 
18176 
18177 
18178 
18179 
18180 
18181 
18182 
18183 
18184 
18185 
18186 
18187 
83748 
83749 
83750 
83751 
83752 
83753 
83754 
83755 
83756 
83757 
83758 
83759 
83760 
83761 
83762 
83763 
83764 
83765 
83766 
83767 
83768 
83769 
83770 
83771 
83772 
83773 
83774 
18238 
83775 
18239 
83776 
18240 
83777 
18241 
83778 
18242 
83779 
18243 
83780 
18244 
83781 
18245 
83782 
18246 
83783 
18247 
83784 
18248 
83785 
18249 
83786 
18250 
83787 
18251 
83788 
18252 
83789 
18253 
83790 
18254 
83791 
18255 
83792 
18256 
83793 
18257 
83794 
18258 
83795 
18259 
83796 
18260 
83797 
18261 
83798 
18262 
83799 
18263 
83800 
18264 
83801 
18265 
83802 
18266 
83803 
18267 
83804 
18268 
83805 
18269 
83806 
18270 
83807 
18271 
83808 
18272 
83809 
18273 
83810 
18274 
83811 
18275 
83812 
18276 
83813 
18277 
83814 
18278 
83815 
18279 
83816 
83817 
83818 
83819 
83820 
83821 
83822 
83823 
83824 
83825 
83826 
83827 
83828 
83829 
83830 
83831 
83832 
83833 
83834 
83835 
83836 
83837 
83838 
83839 
83840 
83841 
83842 
83843 
83844 
83845 
83846 
83847 
83848 
83849 
83850 
83851 
83852 
83853 
83854 
83855 
83856 
83857 
83858 
83859 
83860 
83861 
83862 
83863 
83864 
83865 
83866 
83867 
83868 
83869 
83870 
83871 
83872 
83873 
83874 
83875 
83876 
83877 
83878 
83879 
83880 
83881 
83882 
83883 
18347 
83884 
18348 
83885 
18349 
83886 
18350 
83887 
18351 
83888 
18352 
83889 
18353 
83890 
18354 
83891 
18355 
83892 
18356 
83893 
18357 
83894 
18358 
83895 
18359 
83896 
18360 
83897 
18361 
83898 
18362 
83899 
18363 
83900 
18364 
83901 
18365 
83902 
18366 
83903 
18367 
83904 
18368 
83905 
18369 
83906 
18370 
83907 
18371 
83908 
18372 
83909 
18373 
83910 
18374 
83911 
18375 
83912 
18376 
83913 
18377 
83914 
18378 
83915 
18379 
83916 
18380 
83917 
18381 
83918 
18382 
83919 
18383 
83920 
18384 
83921 
18385 
83922 
18386 
83923 
18387 
83924 
18388 
83925 
18389 
83926 
18390 
83927 
18391 
83928 
18392 
83929 
18393 
83930 
18394 
83931 
18395 
83932 
18396 
83933 
18397 
83934 
18398 
83935 
18399 
83936 
18400 
83937 
83938 
83939 
83940 
83941 
83942 
83943 
83944 
83945 
83946 
83947 
83948 
83949 
83950 
83951 
83952 
83953 
83954 
83955 
83956 
83957 
83958 
83959 
83960 
83961 
83962 
83963 
83964 
83965 
83966 
83967 
83968 
83969 
83970 
83971 
83972 
18439 
18440 
18441 
18442 
18443 
18444 
18445 
18446 
18447 
18448 
18449 
18450 
18451 
18452 
18453 
18454 
18455 
18456 
18457 
18458 
18459 
18460 
18461 
18462 
18463 
18464 
18465 
18466 
18467 
18468 
18469 
18470 
18471 
18472 
18473 
18474 
18475 
18476 
18477 
84014 
18478 
84015 
18479 
84016 
18480 
84017 
18481 
84018 
18482 
84019 
18483 
84020 
18484 
84021 
18485 
84022 
18486 
84023 
18487 
84024 
18488 
84025 
18489 
84026 
18490 
84027 
18491 
84028 
18492 
84029 
18493 
84030 
18494 
84031 
18495 
84032 
18496 
84033 
18497 
84034 
18498 
84035 
18499 
84036 
18500 
84037 
18501 
84038 
18502 
84039 
18503 
84040 
84041 
84042 
84043 
84044 
84045 
84046 
84047 
84048 
84049 
84050 
84051 
84052 
84053 
84054 
84055 
84056 
84057 
84058 
84059 
18523 
84060 
18524 
84061 
18525 
84062 
18526 
84063 
18527 
84064 
18528 
84065 
18529 
18530 
18531 
18532 
18533 
18534 
18535 
18536 
18537 
18538 
18539 
18540 
18541 
18542 
18543 
18544 
18545 
18546 
18547 
18548 
84107 
84108 
84109 
84110 
84111 
84112 
84113 
84114 
84115 
84116 
84117 
84118 
84119 
84120 
84121 
84122 
84123 
84124 
84125 
84126 
84127 
84128 
84129 
84130 
84131 
84132 
84133 
84134 
18598 
84135 
18599 
84136 
18600 
84137 
18601 
84138 
18602 
84139 
18603 
84140 
18604 
84141 
18605 
84142 
18606 
84143 
18607 
84144 
18608 
84145 
18609 
84146 
18610 
84147 
18611 
84148 
18612 
84149 
18613 
84150 
18614 
84151 
18615 
84152 
18616 
84153 
18617 
84154 
18618 
84155 
18619 
84156 
18620 
84157 
18621 
84158 
18622 
84159 
18623 
84160 
18624 
84161 
18625 
84162 
18626 
84163 
18627 
84164 
18628 
84165 
18629 
84166 
18630 
84167 
18631 
84168 
18632 
84169 
18633 
84170 
18634 
84171 
18635 
84172 
18636 
84173 
18637 
84174 
18638 
84175 
18639 
84176 
84177 
84178 
84179 
84180 
84181 
84182 
84183 
84184 
84185 
84186 
84187 
84188 
84189 
84190 
84191 
84192 
84193 
84194 
84195 
84196 
84197 
84198 
84199 
84200 
84201 
84202 
84203 
84204 
84205 
84206 
84207 
84208 
84209 
84210 
84211 
84212 
84213 
84214 
84215 
84216 
84217 
84218 
84219 
84220 
84221 
84222 
84223 
84224 
84225 
84226 
84227 
84228 
84229 
84230 
84231 
84232 
84233 
84234 
84235 
84236 
84237 
84238 
84239 
84240 
84241 
84242 
84243 
18707 
84244 
18708 
84245 
18709 
84246 
18710 
84247 
18711 
84248 
18712 
84249 
18713 
84250 
18714 
84251 
18715 
84252 
18716 
84253 
18717 
84254 
18718 
84255 
18719 
84256 
18720 
84257 
18721 
84258 
18722 
84259 
18723 
84260 
18724 
84261 
18725 
84262 
18726 
84263 
18727 
84264 
18728 
84265 
18729 
84266 
18730 
84267 
18731 
84268 
18732 
84269 
18733 
84270 
18734 
84271 
18735 
84272 
18736 
84273 
18737 
84274 
18738 
84275 
18739 
84276 
18740 
84277 
18741 
84278 
18742 
84279 
18743 
84280 
18744 
84281 
18745 
84282 
18746 
84283 
18747 
84284 
18748 
84285 
18749 
84286 
18750 
84287 
18751 
84288 
18752 
84289 
18753 
84290 
18754 
84291 
18755 
84292 
18756 
84293 
18757 
84294 
18758 
84295 
18759 
84296 
18760 
84297 
84298 
84299 
84300 
84301 
84302 
84303 
84304 
84305 
84306 
84307 
84308 
84309 
84310 
84311 
84312 
84313 
84314 
84315 
84316 
84317 
84318 
84319 
84320 
84321 
84322 
84323 
84324 
84325 
84326 
84327 
84328 
84329 
84330 
84331 
84332 
84333 
18799 
18800 
18801 
18802 
18803 
18804 
18805 
18806 
18807 
18808 
18809 
18810 
18811 
18812 
18813 
18814 
18815 
18816 
18817 
18818 
18819 
18820 
18821 
18822 
18823 
18824 
18825 
18826 
18827 
18828 
18829 
18830 
18831 
18832 
18833 
18834 
18835 
84372 
18836 
84373 
18837 
84374 
18838 
84375 
18839 
84376 
18840 
84377 
18841 
84378 
18842 
84379 
18843 
84380 
18844 
84381 
18845 
84382 
18846 
84383 
18847 
84384 
18848 
84385 
18849 
84386 
18850 
84387 
18851 
84388 
18852 
84389 
18853 
84390 
18854 
84391 
18855 
84392 
18856 
84393 
18857 
84394 
18858 
84395 
18859 
84396 
18860 
84397 
18861 
84398 
18862 
84399 
18863 
84400 
18864 
84401 
18865 
84402 
84403 
84404 
84405 
84406 
84407 
84408 
84409 
84410 
84411 
84412 
84413 
84414 
84415 
84416 
18880 
84417 
18881 
84418 
18882 
84419 
18883 
84420 
18884 
84421 
18885 
84422 
18886 
84423 
18887 
84424 
18888 
84425 
18889 
84426 
18890 
84427 
18891 
18892 
18893 
18894 
18895 
18896 
18897 
18898 
18899 
18900 
18901 
18902 
18903 
18904 
18905 
18906 
18907 
18908 
84466 
84467 
84468 
84469 
84470 
84471 
84472 
84473 
84474 
84475 
84476 
84477 
84478 
84479 
84480 
84481 
84482 
84483 
84484 
84485 
84486 
84487 
84488 
84489 
84490 
84491 
84492 
84493 
18957 
84494 
18958 
84495 
18959 
84496 
18960 
84497 
18961 
84498 
18962 
84499 
18963 
84500 
18964 
84501 
18965 
84502 
18966 
84503 
18967 
84504 
18968 
84505 
18969 
84506 
18970 
84507 
18971 
84508 
18972 
84509 
18973 
84510 
18974 
84511 
18975 
84512 
18976 
84513 
18977 
84514 
18978 
84515 
18979 
84516 
18980 
84517 
18981 
84518 
18982 
84519 
18983 
84520 
18984 
84521 
18985 
84522 
18986 
84523 
18987 
84524 
18988 
84525 
18989 
84526 
18990 
84527 
18991 
84528 
18992 
84529 
18993 
84530 
18994 
84531 
18995 
84532 
18996 
84533 
18997 
84534 
18998 
84535 
18999 
84536 
84537 
84538 
84539 
84540 
84541 
84542 
84543 
84544 
84545 
84546 
84547 
84548 
84549 
84550 
84551 
84552 
84553 
84554 
84555 
84556 
84557 
84558 
84559 
84560 
84561 
84562 
84563 
84564 
84565 
84566 
84567 
84568 
84569 
84570 
84571 
84572 
84573 
84574 
84575 
84576 
84577 
84578 
84579 
84580 
84581 
84582 
84583 
84584 
84585 
84586 
84587 
84588 
84589 
84590 
84591 
84592 
84593 
84594 
84595 
84596 
84597 
84598 
84599 
84600 
84601 
84602 
84603 
19067 
84604 
19068 
84605 
19069 
84606 
19070 
84607 
19071 
84608 
19072 
84609 
19073 
84610 
19074 
84611 
19075 
84612 
19076 
84613 
19077 
84614 
19078 
84615 
19079 
84616 
19080 
84617 
19081 
84618 
19082 
84619 
19083 
84620 
19084 
84621 
19085 
84622 
19086 
84623 
19087 
84624 
19088 
84625 
19089 
84626 
19090 
84627 
19091 
84628 
19092 
84629 
19093 
84630 
19094 
84631 
19095 
84632 
19096 
84633 
19097 
84634 
19098 
84635 
19099 
84636 
19100 
84637 
19101 
84638 
19102 
84639 
19103 
84640 
19104 
84641 
19105 
84642 
19106 
84643 
19107 
84644 
19108 
84645 
19109 
84646 
19110 
84647 
19111 
84648 
19112 
84649 
19113 
84650 
19114 
84651 
19115 
84652 
19116 
84653 
19117 
84654 
19118 
84655 
19119 
84656 
84657 
84658 
84659 
84660 
84661 
84662 
84663 
84664 
84665 
84666 
84667 
84668 
84669 
84670 
84671 
84672 
84673 
84674 
84675 
84676 
84677 
84678 
84679 
84680 
84681 
84682 
84683 
84684 
84685 
84686 
84687 
84688 
84689 
84690 
84691 
84692 
84693 
84694 
84695 
19160 
19161 
19162 
19163 
19164 
19165 
19166 
19167 
19168 
19169 
19170 
19171 
19172 
19173 
19174 
19175 
19176 
19177 
19178 
19179 
19180 
19181 
19182 
19183 
19184 
19185 
19186 
19187 
19188 
19189 
19190 
19191 
19192 
19193 
19194 
84731 
19195 
84732 
19196 
84733 
19197 
84734 
19198 
84735 
84736 
84737 
84738 
84739 
84740 
84741 
84742 
84743 
84744 
84745 
84746 
84747 
84748 
84749 
84750 
19214 
84751 
19215 
84752 
19216 
84753 
19217 
84754 
19218 
84755 
19219 
84756 
19220 
84757 
19221 
84758 
19222 
84759 
19223 
84760 
19224 
84761 
19225 
84762 
19226 
84763 
19227 
84764 
19228 
84765 
19229 
84766 
84767 
84768 
84769 
84770 
84771 
84772 
19236 
84773 
19237 
84774 
19238 
84775 
19239 
84776 
19240 
84777 
19241 
84778 
19242 
84779 
19243 
84780 
19244 
84781 
19245 
84782 
19246 
84783 
19247 
84784 
19248 
84785 
19249 
84786 
19250 
84787 
19251 
84788 
19252 
19253 
19254 
19255 
19256 
19257 
19258 
19259 
19260 
19261 
19262 
19263 
19264 
19265 
19266 
19267 
19268 
19269 
84824 
84825 
84826 
84827 
84828 
84829 
84830 
84831 
84832 
84833 
84834 
84835 
84836 
84837 
84838 
84839 
84840 
84841 
84842 
84843 
84844 
84845 
84846 
84847 
84848 
84849 
84850 
84851 
84852 
84853 
19317 
84854 
19318 
84855 
19319 
84856 
19320 
84857 
19321 
84858 
19322 
84859 
19323 
84860 
19324 
84861 
19325 
84862 
19326 
84863 
19327 
84864 
19328 
84865 
19329 
84866 
19330 
84867 
19331 
84868 
19332 
84869 
19333 
84870 
19334 
84871 
19335 
84872 
19336 
84873 
19337 
84874 
19338 
84875 
19339 
84876 
19340 
84877 
19341 
84878 
19342 
84879 
19343 
84880 
19344 
84881 
19345 
84882 
19346 
84883 
19347 
84884 
19348 
84885 
19349 
84886 
19350 
84887 
19351 
84888 
19352 
84889 
19353 
84890 
19354 
84891 
19355 
84892 
19356 
84893 
19357 
84894 
19358 
84895 
19359 
84896 
84897 
84898 
84899 
84900 
84901 
84902 
84903 
84904 
84905 
84906 
84907 
84908 
84909 
84910 
84911 
84912 
84913 
84914 
84915 
84916 
84917 
84918 
84919 
84920 
84921 
84922 
84923 
84924 
84925 
84926 
84927 
84928 
84929 
84930 
84931 
84932 
84933 
84934 
84935 
84936 
84937 
84938 
84939 
84940 
84941 
84942 
84943 
84944 
84945 
84946 
84947 
84948 
84949 
84950 
84951 
84952 
84953 
84954 
84955 
84956 
84957 
84958 
84959 
84960 
84961 
84962 
84963 
19427 
84964 
19428 
84965 
19429 
84966 
19430 
84967 
19431 
84968 
19432 
84969 
19433 
84970 
19434 
84971 
19435 
84972 
19436 
84973 
19437 
84974 
19438 
84975 
19439 
84976 
19440 
84977 
19441 
84978 
19442 
84979 
19443 
84980 
19444 
84981 
19445 
84982 
19446 
84983 
19447 
84984 
19448 
84985 
19449 
84986 
19450 
84987 
19451 
84988 
19452 
84989 
19453 
84990 
19454 
84991 
19455 
84992 
19456 
84993 
19457 
84994 
19458 
84995 
19459 
84996 
19460 
84997 
19461 
84998 
19462 
84999 
19463 
85000 
19464 
85001 
19465 
85002 
19466 
85003 
19467 
85004 
19468 
85005 
19469 
85006 
19470 
85007 
19471 
85008 
19472 
85009 
19473 
85010 
19474 
85011 
19475 
85012 
19476 
85013 
19477 
85014 
19478 
85015 
19479 
85016 
85017 
85018 
85019 
85020 
85021 
85022 
85023 
85024 
85025 
85026 
85027 
85028 
85029 
85030 
85031 
85032 
85033 
85034 
85035 
85036 
85037 
85038 
85039 
85040 
85041 
85042 
85043 
85044 
85045 
85046 
85047 
85048 
85049 
85050 
85051 
85052 
85053 
85054 
85055 
85056 
19520 
85057 
19521 
19522 
19523 
19524 
19525 
19526 
19527 
19528 
19529 
19530 
19531 
19532 
19533 
19534 
19535 
19536 
19537 
19538 
19539 
19540 
19541 
19542 
19543 
19544 
19545 
19546 
19547 
19548 
19549 
19550 
19551 
19552 
85089 
19553 
85090 
19554 
85091 
19555 
85092 
85093 
85094 
85095 
85096 
85097 
85098 
85099 
85100 
85101 
85102 
85103 
85104 
85105 
85106 
85107 
85108 
85109 
85110 
85111 
85112 
85113 
85114 
19578 
85115 
19579 
85116 
19580 
85117 
19581 
85118 
19582 
85119 
19583 
85120 
19584 
85121 
19585 
85122 
19586 
85123 
19587 
85124 
19588 
85125 
19589 
85126 
19590 
85127 
19591 
85128 
19592 
85129 
19593 
85130 
19594 
85131 
19595 
85132 
19596 
85133 
19597 
85134 
19598 
85135 
19599 
85136 
19600 
85137 
19601 
85138 
19602 
85139 
19603 
85140 
19604 
85141 
19605 
85142 
19606 
85143 
19607 
85144 
19608 
85145 
19609 
85146 
19610 
85147 
19611 
85148 
19612 
85149 
19613 
85150 
19614 
19615 
19616 
19617 
19618 
19619 
19620 
19621 
19622 
19623 
19624 
19625 
19626 
19627 
19628 
19629 
85182 
85183 
85184 
85185 
85186 
85187 
85188 
85189 
85190 
85191 
85192 
85193 
85194 
85195 
85196 
85197 
85198 
85199 
85200 
85201 
85202 
85203 
85204 
85205 
85206 
85207 
85208 
85209 
85210 
85211 
85212 
19676 
85213 
19677 
85214 
19678 
85215 
19679 
85216 
19680 
85217 
19681 
85218 
19682 
85219 
19683 
85220 
19684 
85221 
19685 
85222 
19686 
85223 
19687 
85224 
19688 
85225 
19689 
85226 
19690 
85227 
19691 
85228 
19692 
85229 
19693 
85230 
19694 
85231 
19695 
85232 
19696 
85233 
19697 
85234 
19698 
85235 
19699 
85236 
19700 
85237 
19701 
85238 
19702 
85239 
19703 
85240 
19704 
85241 
19705 
85242 
19706 
85243 
19707 
85244 
19708 
85245 
19709 
85246 
19710 
85247 
19711 
85248 
19712 
85249 
19713 
85250 
19714 
85251 
19715 
85252 
19716 
85253 
19717 
85254 
19718 
85255 
19719 
85256 
85257 
85258 
85259 
85260 
85261 
85262 
85263 
85264 
85265 
85266 
85267 
85268 
85269 
85270 
85271 
85272 
85273 
85274 
85275 
85276 
85277 
85278 
85279 
85280 
85281 
85282 
85283 
85284 
85285 
85286 
85287 
85288 
85289 
85290 
85291 
85292 
85293 
85294 
85295 
85296 
85297 
85298 
85299 
85300 
85301 
85302 
85303 
85304 
85305 
85306 
85307 
85308 
85309 
85310 
85311 
85312 
85313 
85314 
85315 
85316 
85317 
85318 
85319 
85320 
85321 
85322 
19786 
85323 
19787 
85324 
19788 
85325 
19789 
85326 
19790 
85327 
19791 
85328 
19792 
85329 
19793 
85330 
19794 
85331 
19795 
85332 
19796 
85333 
19797 
85334 
19798 
85335 
19799 
85336 
19800 
85337 
19801 
85338 
19802 
85339 
19803 
85340 
19804 
85341 
19805 
85342 
19806 
85343 
19807 
85344 
19808 
85345 
19809 
85346 
19810 
85347 
19811 
85348 
19812 
85349 
19813 
85350 
19814 
85351 
19815 
85352 
19816 
85353 
19817 
85354 
19818 
85355 
19819 
85356 
19820 
85357 
19821 
85358 
19822 
85359 
19823 
85360 
19824 
85361 
19825 
85362 
19826 
85363 
19827 
85364 
19828 
85365 
19829 
85366 
19830 
85367 
19831 
85368 
19832 
85369 
19833 
85370 
19834 
85371 
19835 
85372 
19836 
85373 
19837 
85374 
19838 
85375 
19839 
85376 
85377 
85378 
85379 
85380 
85381 
85382 
85383 
85384 
85385 
85386 
85387 
85388 
85389 
85390 
85391 
85392 
85393 
85394 
85395 
85396 
85397 
85398 
85399 
85400 
85401 
85402 
85403 
85404 
85405 
85406 
85407 
85408 
85409 
85410 
85411 
85412 
85413 
85414 
85415 
85416 
19880 
85417 
19881 
85418 
19882 
85419 
19883 
19884 
19885 
19886 
19887 
19888 
19889 
19890 
19891 
19892 
19893 
19894 
19895 
19896 
19897 
19898 
19899 
19900 
19901 
19902 
19903 
19904 
19905 
19906 
19907 
19908 
19909 
19910 
85447 
19911 
85448 
19912 
85449 
85450 
85451 
85452 
85453 
85454 
85455 
85456 
85457 
85458 
85459 
85460 
85461 
85462 
85463 
85464 
85465 
85466 
85467 
85468 
85469 
85470 
85471 
85472 
85473 
85474 
85475 
85476 
19940 
85477 
19941 
85478 
19942 
85479 
19943 
85480 
19944 
85481 
19945 
85482 
19946 
85483 
19947 
85484 
19948 
85485 
19949 
85486 
19950 
85487 
19951 
85488 
19952 
85489 
19953 
85490 
19954 
85491 
19955 
85492 
19956 
85493 
19957 
85494 
19958 
85495 
19959 
85496 
19960 
85497 
19961 
85498 
19962 
85499 
19963 
85500 
19964 
85501 
19965 
85502 
19966 
85503 
19967 
85504 
19968 
85505 
19969 
85506 
19970 
85507 
19971 
85508 
19972 
85509 
19973 
85510 
19974 
85511 
19975 
85512 
19976 
19977 
19978 
19979 
19980 
19981 
19982 
19983 
19984 
19985 
19986 
19987 
19988 
19989 
19990 
85540 
85541 
85542 
85543 
85544 
85545 
85546 
85547 
85548 
85549 
85550 
85551 
85552 
85553 
85554 
85555 
85556 
85557 
85558 
85559 
85560 
85561 
85562 
85563 
85564 
85565 
85566 
85567 
85568 
85569 
85570 
85571 
85572 
20036 
85573 
20037 
85574 
20038 
85575 
20039 
85576 
20040 
85577 
20041 
85578 
20042 
85579 
20043 
85580 
20044 
85581 
20045 
85582 
20046 
85583 
20047 
85584 
20048 
85585 
20049 
85586 
20050 
85587 
20051 
85588 
20052 
85589 
20053 
85590 
20054 
85591 
20055 
85592 
20056 
85593 
20057 
85594 
20058 
85595 
20059 
85596 
20060 
85597 
20061 
85598 
20062 
85599 
20063 
85600 
20064 
85601 
20065 
85602 
20066 
85603 
20067 
85604 
20068 
85605 
20069 
85606 
20070 
85607 
20071 
85608 
20072 
85609 
20073 
85610 
20074 
85611 
20075 
85612 
20076 
85613 
20077 
85614 
20078 
85615 
20079 
85616 
20080 
85617 
85618 
85619 
85620 
85621 
85622 
85623 
85624 
85625 
85626 
85627 
85628 
85629 
85630 
85631 
85632 
85633 
85634 
85635 
85636 
85637 
85638 
85639 
85640 
85641 
85642 
85643 
85644 
85645 
85646 
85647 
85648 
85649 
85650 
85651 
85652 
85653 
85654 
85655 
85656 
85657 
85658 
85659 
85660 
85661 
85662 
85663 
85664 
85665 
85666 
85667 
85668 
85669 
85670 
85671 
85672 
85673 
85674 
85675 
85676 
85677 
85678 
85679 
85680 
85681 
85682 
20146 
85683 
20147 
85684 
20148 
85685 
20149 
85686 
20150 
85687 
20151 
85688 
20152 
85689 
20153 
85690 
20154 
85691 
20155 
85692 
20156 
85693 
20157 
85694 
20158 
85695 
20159 
85696 
20160 
85697 
20161 
85698 
20162 
85699 
20163 
85700 
20164 
85701 
20165 
85702 
20166 
85703 
20167 
85704 
20168 
85705 
20169 
85706 
20170 
85707 
20171 
85708 
20172 
85709 
20173 
85710 
20174 
85711 
20175 
85712 
20176 
85713 
20177 
85714 
20178 
85715 
20179 
85716 
20180 
85717 
20181 
85718 
20182 
85719 
20183 
85720 
20184 
85721 
20185 
85722 
20186 
85723 
20187 
85724 
20188 
85725 
20189 
85726 
20190 
85727 
20191 
85728 
20192 
85729 
20193 
85730 
20194 
85731 
20195 
85732 
20196 
85733 
20197 
85734 
20198 
85735 
20199 
85736 
85737 
85738 
85739 
85740 
85741 
85742 
85743 
85744 
85745 
85746 
85747 
85748 
85749 
85750 
85751 
85752 
85753 
85754 
85755 
85756 
85757 
85758 
85759 
85760 
85761 
85762 
85763 
85764 
85765 
85766 
85767 
85768 
85769 
85770 
85771 
85772 
85773 
85774 
85775 
85776 
20240 
85777 
20241 
85778 
20242 
85779 
20243 
85780 
20244 
85781 
20245 
85782 
20246 
20247 
20248 
20249 
20250 
20251 
20252 
20253 
20254 
20255 
20256 
20257 
20258 
20259 
20260 
20261 
20262 
20263 
20264 
20265 
20266 
20267 
85804 
20268 
85805 
20269 
85806 
20270 
85807 
85808 
85809 
85810 
85811 
85812 
85813 
85814 
85815 
85816 
85817 
85818 
85819 
85820 
85821 
85822 
85823 
85824 
85825 
85826 
85827 
85828 
85829 
85830 
85831 
85832 
85833 
85834 
85835 
85836 
85837 
85838 
20302 
85839 
20303 
85840 
20304 
85841 
20305 
85842 
20306 
85843 
20307 
85844 
20308 
85845 
20309 
85846 
20310 
85847 
20311 
85848 
20312 
85849 
20313 
85850 
20314 
85851 
20315 
85852 
20316 
85853 
20317 
85854 
20318 
85855 
20319 
85856 
20320 
85857 
20321 
85858 
20322 
85859 
20323 
85860 
20324 
85861 
20325 
85862 
20326 
85863 
20327 
85864 
20328 
85865 
20329 
85866 
20330 
85867 
20331 
85868 
20332 
85869 
20333 
85870 
20334 
85871 
20335 
85872 
20336 
85873 
20337 
85874 
20338 
85875 
20339 
20340 
20341 
20342 
20343 
20344 
20345 
20346 
20347 
20348 
20349 
20350 
20351 
85897 
85898 
85899 
85900 
85901 
85902 
85903 
85904 
85905 
85906 
85907 
85908 
85909 
85910 
85911 
85912 
85913 
85914 
85915 
85916 
85917 
85918 
85919 
85920 
85921 
85922 
85923 
85924 
85925 
85926 
85927 
85928 
85929 
85930 
85931 
20395 
85932 
20396 
85933 
20397 
85934 
20398 
85935 
20399 
85936 
20400 
85937 
20401 
85938 
20402 
85939 
20403 
85940 
20404 
85941 
20405 
85942 
20406 
85943 
20407 
85944 
20408 
85945 
20409 
85946 
20410 
85947 
20411 
85948 
20412 
85949 
20413 
85950 
20414 
85951 
20415 
85952 
20416 
85953 
20417 
85954 
20418 
85955 
20419 
85956 
20420 
85957 
20421 
85958 
20422 
85959 
20423 
85960 
20424 
85961 
20425 
85962 
20426 
85963 
20427 
85964 
20428 
85965 
20429 
85966 
20430 
85967 
20431 
85968 
20432 
85969 
20433 
85970 
20434 
85971 
20435 
85972 
20436 
85973 
20437 
85974 
20438 
85975 
20439 
85976 
20440 
85977 
85978 
85979 
85980 
85981 
85982 
85983 
85984 
85985 
85986 
85987 
85988 
85989 
85990 
85991 
85992 
85993 
85994 
85995 
85996 
85997 
85998 
85999 
86000 
86001 
86002 
86003 
86004 
86005 
86006 
86007 
86008 
86009 
86010 
86011 
86012 
86013 
86014 
86015 
86016 
86017 
86018 
86019 
86020 
86021 
86022 
86023 
86024 
86025 
86026 
86027 
86028 
86029 
86030 
86031 
86032 
86033 
86034 
86035 
86036 
86037 
86038 
86039 
86040 
86041 
86042 
20506 
86043 
20507 
86044 
20508 
86045 
20509 
86046 
20510 
86047 
20511 
86048 
20512 
86049 
20513 
86050 
20514 
86051 
20515 
86052 
20516 
86053 
20517 
86054 
20518 
86055 
20519 
86056 
20520 
86057 
20521 
86058 
20522 
86059 
20523 
86060 
20524 
86061 
20525 
86062 
20526 
86063 
20527 
86064 
20528 
86065 
20529 
86066 
20530 
86067 
20531 
86068 
20532 
86069 
20533 
86070 
20534 
86071 
20535 
86072 
20536 
86073 
20537 
86074 
20538 
86075 
20539 
86076 
20540 
86077 
20541 
86078 
20542 
86079 
20543 
86080 
20544 
86081 
20545 
86082 
20546 
86083 
20547 
86084 
20548 
86085 
20549 
86086 
20550 
86087 
20551 
86088 
20552 
86089 
20553 
86090 
20554 
86091 
20555 
86092 
20556 
86093 
20557 
86094 
20558 
86095 
20559 
86096 
86097 
86098 
86099 
86100 
86101 
86102 
86103 
86104 
86105 
86106 
86107 
86108 
86109 
86110 
86111 
86112 
86113 
86114 
86115 
86116 
86117 
86118 
86119 
86120 
86121 
86122 
86123 
86124 
86125 
86126 
86127 
86128 
86129 
86130 
86131 
86132 
86133 
86134 
86135 
86136 
20600 
86137 
20601 
86138 
20602 
86139 
20603 
86140 
20604 
86141 
20605 
86142 
20606 
86143 
20607 
86144 
20608 
86145 
20609 
20610 
20611 
20612 
20613 
20614 
20615 
20616 
20617 
20618 
20619 
20620 
20621 
20622 
20623 
86160 
20624 
86161 
20625 
86162 
20626 
86163 
20627 
86164 
20628 
86165 
86166 
86167 
86168 
86169 
86170 
86171 
86172 
86173 
86174 
86175 
86176 
86177 
86178 
86179 
86180 
86181 
86182 
86183 
86184 
86185 
86186 
86187 
86188 
86189 
86190 
86191 
86192 
86193 
86194 
86195 
86196 
86197 
86198 
86199 
86200 
20664 
86201 
20665 
86202 
20666 
86203 
20667 
86204 
20668 
86205 
20669 
86206 
20670 
86207 
20671 
86208 
20672 
86209 
20673 
86210 
20674 
86211 
20675 
86212 
20676 
86213 
20677 
86214 
20678 
86215 
20679 
86216 
20680 
86217 
20681 
86218 
20682 
86219 
20683 
86220 
20684 
86221 
20685 
86222 
20686 
86223 
20687 
86224 
20688 
86225 
20689 
86226 
20690 
86227 
20691 
86228 
20692 
86229 
20693 
86230 
20694 
86231 
20695 
86232 
20696 
86233 
20697 
86234 
20698 
86235 
20699 
86236 
20700 
86237 
20701 
86238 
20702 
86239 
20703 
20704 
20705 
20706 
20707 
20708 
20709 
20710 
20711 
20712 
86254 
86255 
86256 
86257 
86258 
86259 
86260 
86261 
86262 
86263 
86264 
86265 
86266 
86267 
86268 
86269 
86270 
86271 
86272 
86273 
86274 
86275 
86276 
86277 
86278 
86279 
86280 
86281 
86282 
86283 
86284 
86285 
86286 
86287 
86288 
86289 
86290 
20754 
86291 
20755 
86292 
20756 
86293 
20757 
86294 
20758 
86295 
20759 
86296 
20760 
86297 
20761 
86298 
20762 
86299 
20763 
86300 
20764 
86301 
20765 
86302 
20766 
86303 
20767 
86304 
20768 
86305 
20769 
86306 
20770 
86307 
20771 
86308 
20772 
86309 
20773 
86310 
20774 
86311 
20775 
86312 
20776 
86313 
20777 
86314 
20778 
86315 
20779 
86316 
20780 
86317 
20781 
86318 
20782 
86319 
20783 
86320 
20784 
86321 
20785 
86322 
20786 
86323 
20787 
86324 
20788 
86325 
20789 
86326 
20790 
86327 
20791 
86328 
20792 
86329 
20793 
86330 
20794 
86331 
20795 
86332 
20796 
86333 
20797 
86334 
20798 
86335 
20799 
86336 
20800 
86337 
86338 
86339 
86340 
86341 
86342 
86343 
86344 
86345 
86346 
86347 
86348 
86349 
86350 
86351 
86352 
86353 
86354 
86355 
86356 
86357 
86358 
86359 
86360 
86361 
86362 
86363 
86364 
86365 
86366 
86367 
86368 
86369 
86370 
86371 
86372 
86373 
86374 
86375 
86376 
86377 
86378 
86379 
86380 
86381 
86382 
86383 
86384 
86385 
86386 
86387 
86388 
86389 
86390 
86391 
86392 
86393 
86394 
86395 
86396 
86397 
86398 
86399 
86400 
86401 
20865 
86402 
20866 
86403 
20867 
86404 
20868 
86405 
20869 
86406 
20870 
86407 
20871 
86408 
20872 
86409 
20873 
86410 
20874 
86411 
20875 
86412 
20876 
86413 
20877 
86414 
20878 
86415 
20879 
86416 
20880 
86417 
20881 
86418 
20882 
86419 
20883 
86420 
20884 
86421 
20885 
86422 
20886 
86423 
20887 
86424 
20888 
86425 
20889 
86426 
20890 
86427 
20891 
86428 
20892 
86429 
20893 
86430 
20894 
86431 
20895 
86432 
20896 
86433 
20897 
86434 
20898 
86435 
20899 
86436 
20900 
86437 
20901 
86438 
20902 
86439 
20903 
86440 
20904 
86441 
20905 
86442 
20906 
86443 
20907 
86444 
20908 
86445 
20909 
86446 
20910 
86447 
20911 
86448 
20912 
86449 
20913 
86450 
20914 
86451 
20915 
86452 
20916 
86453 
20917 
86454 
20918 
86455 
20919 
86456 
86457 
86458 
86459 
86460 
86461 
86462 
86463 
86464 
86465 
86466 
86467 
86468 
86469 
86470 
86471 
86472 
86473 
86474 
86475 
86476 
86477 
86478 
86479 
86480 
86481 
86482 
86483 
86484 
86485 
86486 
86487 
86488 
86489 
86490 
86491 
86492 
86493 
86494 
86495 
86496 
20960 
86497 
20961 
86498 
20962 
86499 
20963 
86500 
20964 
86501 
20965 
86502 
20966 
86503 
20967 
86504 
20968 
86505 
20969 
86506 
20970 
86507 
20971 
86508 
20972 
86509 
20973 
86510 
20974 
86511 
20975 
86512 
20976 
86513 
20977 
86514 
20978 
86515 
20979 
86516 
20980 
86517 
20981 
86518 
20982 
86519 
20983 
86520 
20984 
86521 
20985 
86522 
20986 
86523 
20987 
86524 
86525 
86526 
86527 
86528 
86529 
86530 
86531 
86532 
86533 
86534 
86535 
86536 
86537 
86538 
86539 
86540 
86541 
86542 
86543 
86544 
86545 
86546 
86547 
86548 
86549 
86550 
86551 
86552 
86553 
86554 
86555 
86556 
86557 
86558 
86559 
86560 
86561 
86562 
21026 
86563 
21027 
86564 
21028 
86565 
21029 
86566 
21030 
86567 
21031 
86568 
21032 
86569 
21033 
86570 
21034 
86571 
21035 
86572 
21036 
86573 
21037 
86574 
21038 
86575 
21039 
86576 
21040 
86577 
21041 
86578 
21042 
86579 
21043 
86580 
21044 
86581 
21045 
86582 
21046 
86583 
21047 
86584 
21048 
86585 
21049 
86586 
21050 
86587 
21051 
86588 
21052 
86589 
21053 
86590 
21054 
86591 
21055 
86592 
21056 
86593 
21057 
86594 
21058 
86595 
21059 
86596 
21060 
86597 
21061 
86598 
21062 
86599 
21063 
86600 
21064 
86601 
21065 
86602 
21066 
86603 
21067 
86604 
21068 
86605 
21069 
86606 
21070 
86607 
21071 
86608 
21072 
86609 
21073 
86610 
86611 
86612 
86613 
86614 
86615 
86616 
86617 
86618 
86619 
86620 
86621 
86622 
86623 
86624 
86625 
86626 
86627 
86628 
86629 
86630 
86631 
86632 
86633 
86634 
86635 
86636 
86637 
86638 
86639 
86640 
86641 
86642 
86643 
86644 
86645 
86646 
86647 
86648 
86649 
21113 
86650 
21114 
86651 
21115 
86652 
21116 
86653 
21117 
86654 
21118 
86655 
21119 
86656 
21120 
86657 
21121 
86658 
21122 
86659 
21123 
86660 
21124 
86661 
21125 
86662 
21126 
86663 
21127 
86664 
21128 
86665 
21129 
86666 
21130 
86667 
21131 
86668 
21132 
86669 
21133 
86670 
21134 
86671 
21135 
86672 
21136 
86673 
21137 
86674 
21138 
86675 
21139 
86676 
21140 
86677 
21141 
86678 
21142 
86679 
21143 
86680 
21144 
86681 
21145 
86682 
21146 
86683 
21147 
86684 
21148 
86685 
21149 
86686 
21150 
86687 
21151 
86688 
21152 
86689 
21153 
86690 
21154 
86691 
21155 
86692 
21156 
86693 
21157 
86694 
21158 
86695 
21159 
86696 
21160 
86697 
21161 
86698 
86699 
86700 
86701 
86702 
86703 
86704 
86705 
86706 
86707 
86708 
86709 
86710 
86711 
86712 
86713 
86714 
86715 
86716 
86717 
86718 
86719 
86720 
86721 
86722 
86723 
86724 
86725 
86726 
86727 
86728 
86729 
86730 
86731 
86732 
86733 
86734 
86735 
86736 
86737 
86738 
86739 
86740 
86741 
86742 
86743 
86744 
86745 
86746 
86747 
86748 
86749 
86750 
86751 
86752 
86753 
86754 
86755 
86756 
86757 
86758 
86759 
86760 
86761 
21225 
86762 
21226 
86763 
21227 
86764 
21228 
86765 
21229 
86766 
21230 
86767 
21231 
86768 
21232 
86769 
21233 
86770 
21234 
86771 
21235 
86772 
21236 
86773 
21237 
86774 
21238 
86775 
21239 
86776 
21240 
86777 
21241 
86778 
21242 
86779 
21243 
86780 
21244 
86781 
21245 
86782 
21246 
86783 
21247 
86784 
21248 
86785 
21249 
86786 
21250 
86787 
21251 
86788 
21252 
86789 
21253 
86790 
21254 
86791 
21255 
86792 
21256 
86793 
21257 
86794 
21258 
86795 
21259 
86796 
21260 
86797 
21261 
86798 
21262 
86799 
21263 
86800 
21264 
86801 
21265 
86802 
21266 
86803 
21267 
86804 
21268 
86805 
21269 
86806 
21270 
86807 
21271 
86808 
21272 
86809 
21273 
86810 
21274 
86811 
21275 
86812 
21276 
86813 
21277 
86814 
21278 
86815 
21279 
86816 
86817 
86818 
86819 
86820 
86821 
86822 
86823 
86824 
86825 
86826 
86827 
86828 
86829 
86830 
86831 
86832 
86833 
86834 
86835 
86836 
86837 
86838 
86839 
86840 
86841 
86842 
86843 
86844 
86845 
86846 
86847 
86848 
86849 
86850 
86851 
86852 
86853 
86854 
86855 
86856 
21320 
86857 
21321 
86858 
21322 
86859 
21323 
86860 
21324 
86861 
21325 
86862 
21326 
86863 
21327 
86864 
21328 
86865 
21329 
86866 
21330 
86867 
21331 
86868 
21332 
86869 
21333 
86870 
21334 
86871 
21335 
86872 
21336 
86873 
21337 
86874 
21338 
86875 
21339 
86876 
21340 
86877 
21341 
86878 
21342 
86879 
21343 
86880 
21344 
86881 
21345 
86882 
86883 
86884 
86885 
86886 
86887 
86888 
86889 
86890 
86891 
86892 
86893 
86894 
86895 
86896 
86897 
86898 
86899 
86900 
86901 
86902 
86903 
86904 
86905 
86906 
86907 
86908 
86909 
86910 
86911 
86912 
86913 
86914 
86915 
86916 
86917 
86918 
86919 
86920 
86921 
86922 
86923 
21387 
86924 
21388 
86925 
21389 
86926 
21390 
86927 
21391 
86928 
21392 
86929 
21393 
86930 
21394 
86931 
21395 
86932 
21396 
86933 
21397 
86934 
21398 
86935 
21399 
86936 
21400 
86937 
21401 
86938 
21402 
86939 
21403 
86940 
21404 
86941 
21405 
86942 
21406 
86943 
21407 
86944 
21408 
86945 
21409 
86946 
21410 
86947 
21411 
86948 
21412 
86949 
21413 
86950 
21414 
86951 
21415 
86952 
21416 
86953 
21417 
86954 
21418 
86955 
21419 
86956 
21420 
86957 
21421 
86958 
21422 
86959 
21423 
86960 
21424 
86961 
21425 
86962 
21426 
86963 
21427 
86964 
21428 
86965 
21429 
86966 
21430 
86967 
21431 
86968 
21432 
86969 
21433 
86970 
21434 
86971 
86972 
86973 
86974 
86975 
86976 
86977 
86978 
86979 
86980 
86981 
86982 
86983 
86984 
86985 
86986 
86987 
86988 
86989 
86990 
86991 
86992 
86993 
86994 
86995 
86996 
86997 
86998 
86999 
87000 
87001 
87002 
87003 
87004 
87005 
87006 
87007 
87008 
21472 
87009 
21473 
87010 
21474 
87011 
21475 
87012 
21476 
87013 
21477 
87014 
21478 
87015 
21479 
87016 
21480 
87017 
21481 
87018 
21482 
87019 
21483 
87020 
21484 
87021 
21485 
87022 
21486 
87023 
21487 
87024 
21488 
87025 
21489 
87026 
21490 
87027 
21491 
87028 
21492 
87029 
21493 
87030 
21494 
87031 
21495 
87032 
21496 
87033 
21497 
87034 
21498 
87035 
21499 
87036 
21500 
87037 
21501 
87038 
21502 
87039 
21503 
87040 
21504 
87041 
21505 
87042 
21506 
87043 
21507 
87044 
21508 
87045 
21509 
87046 
21510 
87047 
21511 
87048 
21512 
87049 
21513 
87050 
21514 
87051 
21515 
87052 
21516 
87053 
21517 
87054 
21518 
87055 
21519 
87056 
21520 
87057 
21521 
87058 
87059 
87060 
87061 
87062 
87063 
87064 
87065 
87066 
87067 
87068 
87069 
87070 
87071 
87072 
87073 
87074 
87075 
87076 
87077 
87078 
87079 
87080 
87081 
87082 
87083 
87084 
87085 
87086 
87087 
87088 
87089 
87090 
87091 
87092 
87093 
87094 
87095 
87096 
87097 
87098 
87099 
87100 
87101 
87102 
87103 
87104 
87105 
87106 
87107 
87108 
87109 
87110 
87111 
87112 
87113 
87114 
87115 
87116 
87117 
87118 
87119 
87120 
87121 
21585 
87122 
21586 
87123 
21587 
87124 
21588 
87125 
21589 
87126 
21590 
87127 
21591 
87128 
21592 
87129 
21593 
87130 
21594 
87131 
21595 
87132 
21596 
87133 
21597 
87134 
21598 
87135 
21599 
87136 
21600 
87137 
21601 
87138 
21602 
87139 
21603 
87140 
21604 
87141 
21605 
87142 
21606 
87143 
21607 
87144 
21608 
87145 
21609 
87146 
21610 
87147 
21611 
87148 
21612 
87149 
21613 
87150 
21614 
87151 
21615 
87152 
21616 
87153 
21617 
87154 
21618 
87155 
21619 
87156 
21620 
87157 
21621 
87158 
21622 
87159 
21623 
87160 
21624 
87161 
21625 
87162 
21626 
87163 
21627 
87164 
21628 
87165 
21629 
87166 
21630 
87167 
21631 
87168 
21632 
87169 
21633 
87170 
21634 
87171 
21635 
87172 
21636 
87173 
21637 
87174 
21638 
87175 
21639 
87176 
87177 
87178 
87179 
87180 
87181 
87182 
87183 
87184 
87185 
87186 
87187 
87188 
87189 
87190 
87191 
87192 
87193 
87194 
87195 
87196 
87197 
87198 
87199 
87200 
87201 
87202 
87203 
87204 
87205 
87206 
87207 
87208 
87209 
87210 
87211 
87212 
87213 
87214 
87215 
87216 
21680 
87217 
21681 
87218 
21682 
87219 
21683 
87220 
21684 
87221 
21685 
87222 
21686 
87223 
21687 
87224 
21688 
87225 
21689 
87226 
21690 
87227 
21691 
87228 
21692 
87229 
21693 
87230 
21694 
87231 
21695 
87232 
21696 
87233 
21697 
87234 
21698 
87235 
21699 
87236 
21700 
87237 
21701 
87238 
21702 
87239 
21703 
87240 
21704 
87241 
87242 
87243 
87244 
87245 
87246 
87247 
87248 
87249 
87250 
87251 
87252 
87253 
87254 
87255 
87256 
87257 
87258 
87259 
87260 
87261 
87262 
87263 
87264 
87265 
87266 
87267 
87268 
87269 
87270 
87271 
87272 
87273 
87274 
87275 
87276 
87277 
87278 
87279 
87280 
87281 
87282 
87283 
87284 
21748 
87285 
21749 
87286 
21750 
87287 
21751 
87288 
21752 
87289 
21753 
87290 
21754 
87291 
21755 
87292 
21756 
87293 
21757 
87294 
21758 
87295 
21759 
87296 
21760 
87297 
21761 
87298 
21762 
87299 
21763 
87300 
21764 
87301 
21765 
87302 
21766 
87303 
21767 
87304 
21768 
87305 
21769 
87306 
21770 
87307 
21771 
87308 
21772 
87309 
21773 
87310 
21774 
87311 
21775 
87312 
21776 
87313 
21777 
87314 
21778 
87315 
21779 
87316 
21780 
87317 
21781 
87318 
21782 
87319 
21783 
87320 
21784 
87321 
21785 
87322 
21786 
87323 
21787 
87324 
21788 
87325 
21789 
87326 
21790 
87327 
21791 
87328 
21792 
87329 
21793 
87330 
21794 
87331 
21795 
87332 
87333 
87334 
87335 
87336 
87337 
87338 
87339 
87340 
87341 
87342 
87343 
87344 
87345 
87346 
87347 
87348 
87349 
87350 
87351 
87352 
87353 
87354 
87355 
87356 
87357 
87358 
87359 
87360 
87361 
87362 
87363 
87364 
87365 
87366 
87367 
21831 
87368 
21832 
87369 
21833 
87370 
21834 
87371 
21835 
87372 
21836 
87373 
21837 
87374 
21838 
87375 
21839 
87376 
21840 
87377 
21841 
87378 
21842 
87379 
21843 
87380 
21844 
87381 
21845 
87382 
21846 
87383 
21847 
87384 
21848 
87385 
21849 
87386 
21850 
87387 
21851 
87388 
21852 
87389 
21853 
87390 
21854 
87391 
21855 
87392 
21856 
87393 
21857 
87394 
21858 
87395 
21859 
87396 
21860 
87397 
21861 
87398 
21862 
87399 
21863 
87400 
21864 
87401 
21865 
87402 
21866 
87403 
21867 
87404 
21868 
87405 
21869 
87406 
21870 
87407 
21871 
87408 
21872 
87409 
21873 
87410 
21874 
87411 
21875 
87412 
21876 
87413 
21877 
87414 
21878 
87415 
21879 
87416 
21880 
87417 
21881 
87418 
87419 
87420 
87421 
87422 
87423 
87424 
87425 
87426 
87427 
87428 
87429 
87430 
87431 
87432 
87433 
87434 
87435 
87436 
87437 
87438 
87439 
87440 
87441 
87442 
87443 
87444 
87445 
87446 
87447 
87448 
87449 
87450 
87451 
87452 
87453 
87454 
87455 
87456 
87457 
87458 
87459 
87460 
87461 
87462 
87463 
87464 
87465 
87466 
87467 
87468 
87469 
87470 
87471 
87472 
87473 
87474 
87475 
87476 
87477 
87478 
87479 
87480 
21944 
87481 
21945 
87482 
21946 
87483 
21947 
87484 
21948 
87485 
21949 
87486 
21950 
87487 
21951 
87488 
21952 
87489 
21953 
87490 
21954 
87491 
21955 
87492 
21956 
87493 
21957 
87494 
21958 
87495 
21959 
87496 
21960 
87497 
21961 
87498 
21962 
87499 
21963 
87500 
21964 
87501 
21965 
87502 
21966 
87503 
21967 
87504 
21968 
87505 
21969 
87506 
21970 
87507 
21971 
87508 
21972 
87509 
21973 
87510 
21974 
87511 
21975 
87512 
21976 
87513 
21977 
87514 
21978 
87515 
21979 
87516 
21980 
87517 
21981 
87518 
21982 
87519 
21983 
87520 
21984 
87521 
21985 
87522 
21986 
87523 
21987 
87524 
21988 
87525 
21989 
87526 
21990 
87527 
21991 
87528 
21992 
87529 
21993 
87530 
21994 
87531 
21995 
87532 
21996 
87533 
21997 
87534 
21998 
87535 
21999 
87536 
87537 
87538 
87539 
87540 
87541 
87542 
87543 
87544 
87545 
87546 
87547 
87548 
87549 
87550 
87551 
87552 
87553 
87554 
87555 
87556 
87557 
87558 
87559 
87560 
87561 
87562 
87563 
87564 
87565 
87566 
87567 
87568 
87569 
87570 
87571 
87572 
87573 
87574 
87575 
87576 
22040 
87577 
22041 
87578 
22042 
87579 
22043 
87580 
22044 
87581 
22045 
87582 
22046 
87583 
22047 
87584 
22048 
87585 
22049 
87586 
22050 
87587 
22051 
87588 
22052 
87589 
22053 
87590 
22054 
87591 
22055 
87592 
22056 
87593 
22057 
87594 
22058 
87595 
22059 
87596 
22060 
87597 
22061 
87598 
22062 
87599 
22063 
87600 
87601 
87602 
87603 
87604 
87605 
87606 
87607 
87608 
87609 
87610 
87611 
87612 
87613 
87614 
87615 
87616 
87617 
87618 
87619 
87620 
87621 
87622 
87623 
87624 
87625 
87626 
87627 
87628 
87629 
87630 
87631 
87632 
87633 
87634 
87635 
87636 
87637 
87638 
87639 
87640 
87641 
87642 
87643 
87644 
87645 
22109 
87646 
22110 
87647 
22111 
87648 
22112 
87649 
22113 
87650 
22114 
87651 
22115 
87652 
22116 
87653 
22117 
87654 
22118 
87655 
22119 
87656 
22120 
87657 
22121 
87658 
22122 
87659 
22123 
87660 
22124 
87661 
22125 
87662 
22126 
87663 
22127 
87664 
22128 
87665 
22129 
87666 
22130 
87667 
22131 
87668 
22132 
87669 
22133 
87670 
22134 
87671 
22135 
87672 
22136 
87673 
22137 
87674 
22138 
87675 
22139 
87676 
22140 
87677 
22141 
87678 
22142 
87679 
22143 
87680 
22144 
87681 
22145 
87682 
22146 
87683 
22147 
87684 
22148 
87685 
22149 
87686 
22150 
87687 
22151 
87688 
22152 
87689 
22153 
87690 
22154 
87691 
22155 
87692 
22156 
87693 
87694 
87695 
87696 
87697 
87698 
87699 
87700 
87701 
87702 
87703 
87704 
87705 
87706 
87707 
87708 
87709 
87710 
87711 
87712 
87713 
87714 
87715 
87716 
87717 
87718 
87719 
87720 
87721 
87722 
87723 
87724 
87725 
87726 
22190 
87727 
22191 
87728 
22192 
87729 
22193 
87730 
22194 
87731 
22195 
87732 
22196 
87733 
22197 
87734 
22198 
87735 
22199 
87736 
22200 
87737 
22201 
87738 
22202 
87739 
22203 
87740 
22204 
87741 
22205 
87742 
22206 
87743 
22207 
87744 
22208 
87745 
22209 
87746 
22210 
87747 
22211 
87748 
22212 
87749 
22213 
87750 
22214 
87751 
22215 
87752 
22216 
87753 
22217 
87754 
22218 
87755 
22219 
87756 
22220 
87757 
22221 
87758 
22222 
87759 
22223 
87760 
22224 
87761 
22225 
87762 
22226 
87763 
22227 
87764 
22228 
87765 
22229 
87766 
22230 
87767 
22231 
87768 
22232 
87769 
22233 
87770 
22234 
87771 
22235 
87772 
22236 
87773 
22237 
87774 
22238 
87775 
22239 
87776 
22240 
87777 
22241 
87778 
22242 
87779 
87780 
87781 
87782 
87783 
87784 
87785 
87786 
87787 
87788 
87789 
87790 
87791 
87792 
87793 
87794 
87795 
87796 
87797 
87798 
87799 
87800 
87801 
87802 
87803 
87804 
87805 
87806 
87807 
87808 
87809 
87810 
87811 
87812 
87813 
87814 
87815 
87816 
87817 
87818 
87819 
87820 
87821 
87822 
87823 
87824 
87825 
87826 
87827 
87828 
87829 
87830 
87831 
87832 
87833 
87834 
87835 
87836 
87837 
87838 
87839 
87840 
22304 
87841 
22305 
87842 
22306 
87843 
22307 
87844 
22308 
87845 
22309 
87846 
22310 
87847 
22311 
87848 
22312 
87849 
22313 
87850 
22314 
87851 
22315 
87852 
22316 
87853 
22317 
87854 
22318 
87855 
22319 
87856 
22320 
87857 
22321 
87858 
22322 
87859 
22323 
87860 
22324 
87861 
22325 
87862 
22326 
87863 
22327 
87864 
22328 
87865 
22329 
87866 
22330 
87867 
22331 
87868 
22332 
87869 
22333 
87870 
22334 
87871 
22335 
87872 
22336 
87873 
22337 
87874 
22338 
87875 
22339 
87876 
22340 
87877 
22341 
87878 
22342 
87879 
22343 
87880 
22344 
87881 
22345 
87882 
22346 
87883 
22347 
87884 
22348 
87885 
22349 
87886 
22350 
87887 
22351 
87888 
22352 
87889 
22353 
87890 
22354 
87891 
22355 
87892 
22356 
87893 
22357 
87894 
22358 
87895 
22359 
87896 
87897 
87898 
87899 
87900 
87901 
87902 
87903 
87904 
87905 
87906 
87907 
87908 
87909 
87910 
87911 
87912 
87913 
87914 
87915 
87916 
87917 
87918 
87919 
87920 
87921 
87922 
87923 
87924 
87925 
87926 
87927 
87928 
87929 
87930 
87931 
87932 
87933 
87934 
87935 
87936 
22400 
87937 
22401 
87938 
22402 
87939 
22403 
87940 
22404 
87941 
22405 
87942 
22406 
87943 
22407 
87944 
22408 
87945 
22409 
87946 
22410 
87947 
22411 
87948 
22412 
87949 
22413 
87950 
22414 
87951 
22415 
87952 
22416 
87953 
22417 
87954 
22418 
87955 
22419 
87956 
22420 
87957 
22421 
87958 
22422 
87959 
87960 
87961 
87962 
87963 
87964 
87965 
87966 
87967 
87968 
87969 
87970 
87971 
87972 
87973 
87974 
87975 
87976 
87977 
87978 
87979 
87980 
87981 
87982 
87983 
87984 
87985 
87986 
87987 
87988 
87989 
87990 
87991 
87992 
87993 
87994 
87995 
87996 
87997 
87998 
87999 
88000 
88001 
88002 
88003 
88004 
88005 
88006 
88007 
22471 
88008 
22472 
88009 
22473 
88010 
22474 
88011 
22475 
88012 
22476 
88013 
22477 
88014 
22478 
88015 
22479 
88016 
22480 
88017 
22481 
88018 
22482 
88019 
22483 
88020 
22484 
88021 
22485 
88022 
22486 
88023 
22487 
88024 
22488 
88025 
22489 
88026 
22490 
88027 
22491 
88028 
22492 
88029 
22493 
88030 
22494 
88031 
22495 
88032 
22496 
88033 
22497 
88034 
22498 
88035 
22499 
88036 
22500 
88037 
22501 
88038 
22502 
88039 
22503 
88040 
22504 
88041 
22505 
88042 
22506 
88043 
22507 
88044 
22508 
88045 
22509 
88046 
22510 
88047 
22511 
88048 
22512 
88049 
22513 
88050 
22514 
88051 
22515 
88052 
22516 
88053 
22517 
88054 
88055 
88056 
88057 
88058 
88059 
88060 
88061 
88062 
88063 
88064 
88065 
88066 
88067 
88068 
88069 
88070 
88071 
88072 
88073 
88074 
88075 
88076 
88077 
88078 
88079 
88080 
88081 
88082 
88083 
88084 
22548 
88085 
22549 
88086 
22550 
88087 
22551 
88088 
22552 
88089 
22553 
88090 
22554 
88091 
22555 
88092 
22556 
88093 
22557 
88094 
22558 
88095 
22559 
88096 
22560 
88097 
22561 
88098 
22562 
88099 
22563 
88100 
22564 
88101 
22565 
88102 
22566 
88103 
22567 
88104 
22568 
88105 
22569 
88106 
22570 
88107 
22571 
88108 
22572 
88109 
22573 
88110 
22574 
88111 
22575 
88112 
22576 
88113 
22577 
88114 
22578 
88115 
22579 
88116 
22580 
88117 
22581 
88118 
22582 
88119 
22583 
88120 
22584 
88121 
22585 
88122 
22586 
88123 
22587 
88124 
22588 
88125 
22589 
88126 
22590 
88127 
22591 
88128 
22592 
88129 
22593 
88130 
22594 
88131 
22595 
88132 
22596 
88133 
22597 
88134 
22598 
88135 
22599 
88136 
22600 
88137 
22601 
88138 
22602 
88139 
88140 
88141 
88142 
88143 
88144 
88145 
88146 
88147 
88148 
88149 
88150 
88151 
88152 
88153 
88154 
88155 
88156 
88157 
88158 
88159 
88160 
88161 
88162 
88163 
88164 
88165 
88166 
88167 
88168 
88169 
88170 
88171 
88172 
88173 
88174 
88175 
88176 
88177 
88178 
88179 
88180 
88181 
88182 
88183 
88184 
88185 
88186 
88187 
88188 
88189 
88190 
88191 
88192 
88193 
88194 
88195 
88196 
88197 
88198 
88199 
22663 
88200 
22664 
88201 
22665 
88202 
22666 
88203 
22667 
88204 
22668 
88205 
22669 
88206 
22670 
88207 
22671 
88208 
22672 
88209 
22673 
88210 
22674 
88211 
22675 
88212 
22676 
88213 
22677 
88214 
22678 
88215 
22679 
88216 
22680 
88217 
22681 
88218 
22682 
88219 
22683 
88220 
22684 
88221 
22685 
88222 
22686 
88223 
22687 
88224 
22688 
88225 
22689 
88226 
22690 
88227 
22691 
88228 
22692 
88229 
22693 
88230 
22694 
88231 
22695 
88232 
22696 
88233 
22697 
88234 
22698 
88235 
22699 
88236 
22700 
88237 
22701 
88238 
22702 
88239 
22703 
88240 
22704 
88241 
22705 
88242 
22706 
88243 
22707 
88244 
22708 
88245 
22709 
88246 
22710 
88247 
22711 
88248 
22712 
88249 
22713 
88250 
22714 
88251 
22715 
88252 
22716 
88253 
22717 
88254 
22718 
88255 
22719 
88256 
88257 
88258 
88259 
88260 
88261 
88262 
88263 
88264 
88265 
88266 
88267 
88268 
88269 
88270 
88271 
88272 
88273 
88274 
88275 
88276 
88277 
88278 
88279 
88280 
88281 
88282 
88283 
88284 
88285 
88286 
88287 
88288 
88289 
88290 
88291 
88292 
88293 
88294 
88295 
88296 
22760 
88297 
22761 
88298 
22762 
88299 
22763 
88300 
22764 
88301 
22765 
88302 
22766 
88303 
22767 
88304 
22768 
88305 
22769 
88306 
22770 
88307 
22771 
88308 
22772 
88309 
22773 
88310 
22774 
88311 
22775 
88312 
22776 
88313 
22777 
88314 
22778 
88315 
22779 
88316 
22780 
88317 
22781 
88318 
88319 
88320 
88321 
88322 
88323 
88324 
88325 
88326 
88327 
88328 
88329 
88330 
88331 
88332 
88333 
88334 
88335 
88336 
88337 
88338 
88339 
88340 
88341 
88342 
88343 
88344 
88345 
88346 
88347 
88348 
88349 
88350 
88351 
88352 
88353 
88354 
88355 
88356 
88357 
88358 
88359 
88360 
88361 
88362 
88363 
88364 
88365 
88366 
88367 
88368 
22832 
88369 
22833 
88370 
22834 
88371 
22835 
88372 
22836 
88373 
22837 
88374 
22838 
88375 
22839 
88376 
22840 
88377 
22841 
88378 
22842 
88379 
22843 
88380 
22844 
88381 
22845 
88382 
22846 
88383 
22847 
88384 
22848 
88385 
22849 
88386 
22850 
88387 
22851 
88388 
22852 
88389 
22853 
88390 
22854 
88391 
22855 
88392 
22856 
88393 
22857 
88394 
22858 
88395 
22859 
88396 
22860 
88397 
22861 
88398 
22862 
88399 
22863 
88400 
22864 
88401 
22865 
88402 
22866 
88403 
22867 
88404 
22868 
88405 
22869 
88406 
22870 
88407 
22871 
88408 
22872 
88409 
22873 
88410 
22874 
88411 
22875 
88412 
22876 
88413 
22877 
88414 
22878 
88415 
22879 
88416 
88417 
88418 
88419 
88420 
88421 
88422 
88423 
88424 
88425 
88426 
88427 
88428 
88429 
88430 
88431 
88432 
88433 
88434 
88435 
88436 
88437 
88438 
88439 
88440 
88441 
88442 
88443 
22907 
88444 
22908 
88445 
22909 
88446 
22910 
88447 
22911 
88448 
22912 
88449 
22913 
88450 
22914 
88451 
22915 
88452 
22916 
88453 
22917 
88454 
22918 
88455 
22919 
88456 
22920 
88457 
22921 
88458 
22922 
88459 
22923 
88460 
22924 
88461 
22925 
88462 
22926 
88463 
22927 
88464 
22928 
88465 
22929 
88466 
22930 
88467 
22931 
88468 
22932 
88469 
22933 
88470 
22934 
88471 
22935 
88472 
22936 
88473 
22937 
88474 
22938 
88475 
22939 
88476 
22940 
88477 
22941 
88478 
22942 
88479 
22943 
88480 
22944 
88481 
22945 
88482 
22946 
88483 
22947 
88484 
22948 
88485 
22949 
88486 
22950 
88487 
22951 
88488 
22952 
88489 
22953 
88490 
22954 
88491 
22955 
88492 
22956 
88493 
22957 
88494 
22958 
88495 
22959 
88496 
22960 
88497 
22961 
88498 
22962 
88499 
22963 
88500 
88501 
88502 
88503 
88504 
88505 
88506 
88507 
88508 
88509 
88510 
88511 
88512 
88513 
88514 
88515 
88516 
88517 
88518 
88519 
88520 
88521 
88522 
88523 
88524 
88525 
88526 
88527 
88528 
88529 
88530 
88531 
88532 
88533 
88534 
88535 
88536 
88537 
88538 
88539 
88540 
88541 
88542 
88543 
88544 
88545 
88546 
88547 
88548 
88549 
88550 
88551 
88552 
88553 
88554 
88555 
88556 
88557 
88558 
88559 
23023 
88560 
23024 
88561 
23025 
88562 
23026 
88563 
23027 
88564 
23028 
88565 
23029 
88566 
23030 
88567 
23031 
88568 
23032 
88569 
23033 
88570 
23034 
88571 
23035 
88572 
23036 
88573 
23037 
88574 
23038 
88575 
23039 
88576 
23040 
88577 
23041 
88578 
23042 
88579 
23043 
88580 
23044 
88581 
23045 
88582 
23046 
88583 
23047 
88584 
23048 
88585 
23049 
88586 
23050 
88587 
23051 
88588 
23052 
88589 
23053 
88590 
23054 
88591 
23055 
88592 
23056 
88593 
23057 
88594 
23058 
88595 
23059 
88596 
23060 
88597 
23061 
88598 
23062 
88599 
23063 
88600 
23064 
88601 
23065 
88602 
23066 
88603 
23067 
88604 
23068 
88605 
23069 
88606 
23070 
88607 
23071 
88608 
23072 
88609 
23073 
88610 
23074 
88611 
23075 
88612 
23076 
88613 
23077 
88614 
23078 
88615 
23079 
88616 
88617 
88618 
88619 
88620 
88621 
88622 
88623 
88624 
88625 
88626 
88627 
88628 
88629 
88630 
88631 
88632 
88633 
88634 
88635 
88636 
88637 
88638 
88639 
88640 
88641 
88642 
88643 
88644 
88645 
88646 
88647 
88648 
88649 
88650 
88651 
88652 
88653 
88654 
88655 
88656 
23120 
88657 
23121 
88658 
23122 
88659 
23123 
88660 
23124 
88661 
23125 
88662 
23126 
88663 
23127 
88664 
23128 
88665 
23129 
88666 
23130 
88667 
23131 
88668 
23132 
88669 
23133 
88670 
23134 
88671 
23135 
88672 
23136 
88673 
23137 
88674 
23138 
88675 
23139 
88676 
23140 
88677 
88678 
88679 
88680 
88681 
88682 
88683 
88684 
88685 
88686 
88687 
88688 
88689 
88690 
88691 
88692 
88693 
88694 
88695 
88696 
88697 
88698 
88699 
88700 
88701 
88702 
88703 
88704 
88705 
88706 
88707 
88708 
88709 
88710 
88711 
88712 
88713 
88714 
88715 
88716 
88717 
88718 
88719 
88720 
88721 
88722 
88723 
88724 
88725 
88726 
88727 
88728 
23192 
88729 
23193 
88730 
23194 
88731 
23195 
88732 
23196 
88733 
23197 
88734 
23198 
88735 
23199 
88736 
23200 
88737 
23201 
88738 
23202 
88739 
23203 
88740 
23204 
88741 
23205 
88742 
23206 
88743 
23207 
88744 
23208 
88745 
23209 
88746 
23210 
88747 
23211 
88748 
23212 
88749 
23213 
88750 
23214 
88751 
23215 
88752 
23216 
88753 
23217 
88754 
23218 
88755 
23219 
88756 
23220 
88757 
23221 
88758 
23222 
88759 
23223 
88760 
23224 
88761 
23225 
88762 
23226 
88763 
23227 
88764 
23228 
88765 
23229 
88766 
23230 
88767 
23231 
88768 
23232 
88769 
23233 
88770 
23234 
88771 
23235 
88772 
23236 
88773 
23237 
88774 
23238 
88775 
23239 
88776 
23240 
88777 
23241 
88778 
88779 
88780 
88781 
88782 
88783 
88784 
88785 
88786 
88787 
88788 
88789 
88790 
88791 
88792 
88793 
88794 
88795 
88796 
88797 
88798 
88799 
88800 
88801 
23265 
88802 
23266 
88803 
23267 
88804 
23268 
88805 
23269 
88806 
23270 
88807 
23271 
88808 
23272 
88809 
23273 
88810 
23274 
88811 
23275 
88812 
23276 
88813 
23277 
88814 
23278 
88815 
23279 
88816 
23280 
88817 
23281 
88818 
23282 
88819 
23283 
88820 
23284 
88821 
23285 
88822 
23286 
88823 
23287 
88824 
23288 
88825 
23289 
88826 
23290 
88827 
23291 
88828 
23292 
88829 
23293 
88830 
23294 
88831 
23295 
88832 
23296 
88833 
23297 
88834 
23298 
88835 
23299 
88836 
23300 
88837 
23301 
88838 
23302 
88839 
23303 
88840 
23304 
88841 
23305 
88842 
23306 
88843 
23307 
88844 
23308 
88845 
23309 
88846 
23310 
88847 
23311 
88848 
23312 
88849 
23313 
88850 
23314 
88851 
23315 
88852 
23316 
88853 
23317 
88854 
23318 
88855 
23319 
88856 
23320 
88857 
23321 
88858 
23322 
88859 
23323 
88860 
88861 
88862 
88863 
88864 
88865 
88866 
88867 
88868 
88869 
88870 
88871 
88872 
88873 
88874 
88875 
88876 
88877 
88878 
88879 
88880 
88881 
88882 
88883 
88884 
88885 
88886 
88887 
88888 
88889 
88890 
88891 
88892 
88893 
88894 
88895 
88896 
88897 
88898 
88899 
88900 
88901 
88902 
88903 
88904 
88905 
88906 
88907 
88908 
88909 
88910 
88911 
88912 
88913 
88914 
88915 
88916 
88917 
88918 
23382 
88919 
23383 
88920 
23384 
88921 
23385 
88922 
23386 
88923 
23387 
88924 
23388 
88925 
23389 
88926 
23390 
88927 
23391 
88928 
23392 
88929 
23393 
88930 
23394 
88931 
23395 
88932 
23396 
88933 
23397 
88934 
23398 
88935 
23399 
88936 
23400 
88937 
23401 
88938 
23402 
88939 
23403 
88940 
23404 
88941 
23405 
88942 
23406 
88943 
23407 
88944 
23408 
88945 
23409 
88946 
23410 
88947 
23411 
88948 
23412 
88949 
23413 
88950 
23414 
88951 
23415 
88952 
23416 
88953 
23417 
88954 
23418 
88955 
23419 
88956 
23420 
88957 
23421 
88958 
23422 
88959 
23423 
88960 
23424 
88961 
23425 
88962 
23426 
88963 
23427 
88964 
23428 
88965 
23429 
88966 
23430 
88967 
23431 
88968 
23432 
88969 
23433 
88970 
23434 
88971 
23435 
88972 
23436 
88973 
23437 
88974 
23438 
88975 
23439 
88976 
88977 
88978 
88979 
88980 
88981 
88982 
88983 
88984 
88985 
88986 
88987 
88988 
88989 
88990 
88991 
88992 
88993 
88994 
88995 
88996 
88997 
88998 
88999 
89000 
89001 
89002 
89003 
89004 
89005 
89006 
89007 
89008 
89009 
89010 
89011 
89012 
89013 
89014 
89015 
89016 
23480 
89017 
23481 
89018 
23482 
89019 
23483 
89020 
23484 
89021 
23485 
89022 
23486 
89023 
23487 
89024 
23488 
89025 
23489 
89026 
23490 
89027 
23491 
89028 
23492 
89029 
23493 
89030 
23494 
89031 
23495 
89032 
23496 
89033 
23497 
89034 
23498 
89035 
23499 
89036 
89037 
89038 
89039 
89040 
89041 
89042 
89043 
89044 
89045 
89046 
89047 
89048 
89049 
89050 
89051 
89052 
89053 
89054 
89055 
89056 
89057 
89058 
89059 
89060 
89061 
89062 
89063 
89064 
89065 
89066 
89067 
89068 
89069 
89070 
89071 
89072 
89073 
89074 
89075 
89076 
89077 
89078 
89079 
89080 
89081 
89082 
89083 
89084 
89085 
89086 
89087 
89088 
89089 
23553 
89090 
23554 
89091 
23555 
89092 
23556 
89093 
23557 
89094 
23558 
89095 
23559 
89096 
23560 
89097 
23561 
89098 
23562 
89099 
23563 
89100 
23564 
89101 
23565 
89102 
23566 
89103 
23567 
89104 
23568 
89105 
23569 
89106 
23570 
89107 
23571 
89108 
23572 
89109 
23573 
89110 
23574 
89111 
23575 
89112 
23576 
89113 
23577 
89114 
23578 
89115 
23579 
89116 
23580 
89117 
23581 
89118 
23582 
89119 
23583 
89120 
23584 
89121 
23585 
89122 
23586 
89123 
23587 
89124 
23588 
89125 
23589 
89126 
23590 
89127 
23591 
89128 
23592 
89129 
23593 
89130 
23594 
89131 
23595 
89132 
23596 
89133 
23597 
89134 
23598 
89135 
23599 
89136 
23600 
89137 
23601 
89138 
23602 
89139 
23603 
89140 
89141 
89142 
89143 
89144 
89145 
89146 
89147 
89148 
89149 
89150 
89151 
89152 
89153 
89154 
89155 
89156 
89157 
89158 
23622 
89159 
23623 
89160 
23624 
89161 
23625 
89162 
23626 
89163 
23627 
89164 
23628 
89165 
23629 
89166 
23630 
89167 
23631 
89168 
23632 
89169 
23633 
89170 
23634 
89171 
23635 
89172 
23636 
89173 
23637 
89174 
23638 
89175 
23639 
89176 
23640 
89177 
23641 
89178 
23642 
89179 
23643 
89180 
23644 
89181 
23645 
89182 
23646 
89183 
23647 
89184 
23648 
89185 
23649 
89186 
23650 
89187 
23651 
89188 
23652 
89189 
23653 
89190 
23654 
89191 
23655 
89192 
23656 
89193 
23657 
89194 
23658 
89195 
23659 
89196 
23660 
89197 
23661 
89198 
23662 
89199 
23663 
89200 
23664 
89201 
23665 
89202 
23666 
89203 
23667 
89204 
23668 
89205 
23669 
89206 
23670 
89207 
23671 
89208 
23672 
89209 
23673 
89210 
23674 
89211 
23675 
89212 
23676 
89213 
23677 
89214 
23678 
89215 
23679 
89216 
23680 
89217 
23681 
89218 
23682 
89219 
23683 
89220 
23684 
89221 
89222 
89223 
89224 
89225 
89226 
89227 
89228 
89229 
89230 
89231 
89232 
89233 
89234 
89235 
89236 
89237 
89238 
89239 
89240 
89241 
89242 
89243 
89244 
89245 
89246 
89247 
89248 
89249 
89250 
89251 
89252 
89253 
89254 
89255 
89256 
89257 
89258 
89259 
89260 
89261 
89262 
89263 
89264 
89265 
89266 
89267 
89268 
89269 
89270 
89271 
89272 
89273 
89274 
89275 
89276 
89277 
89278 
23742 
89279 
23743 
89280 
23744 
89281 
23745 
89282 
23746 
89283 
23747 
89284 
23748 
89285 
23749 
89286 
23750 
89287 
23751 
89288 
23752 
89289 
23753 
89290 
23754 
89291 
23755 
89292 
23756 
89293 
23757 
89294 
23758 
89295 
23759 
89296 
23760 
89297 
23761 
89298 
23762 
89299 
23763 
89300 
23764 
89301 
23765 
89302 
23766 
89303 
23767 
89304 
23768 
89305 
23769 
89306 
23770 
89307 
23771 
89308 
23772 
89309 
23773 
89310 
23774 
89311 
23775 
89312 
23776 
89313 
23777 
89314 
23778 
89315 
23779 
89316 
23780 
89317 
23781 
89318 
23782 
89319 
23783 
89320 
23784 
89321 
23785 
89322 
23786 
89323 
23787 
89324 
23788 
89325 
23789 
89326 
23790 
89327 
23791 
89328 
23792 
89329 
23793 
89330 
23794 
89331 
23795 
89332 
23796 
89333 
23797 
89334 
23798 
89335 
23799 
89336 
23800 
89337 
89338 
89339 
89340 
89341 
89342 
89343 
89344 
89345 
89346 
89347 
89348 
89349 
89350 
89351 
89352 
89353 
89354 
89355 
89356 
89357 
89358 
89359 
89360 
89361 
89362 
89363 
89364 
89365 
89366 
89367 
89368 
89369 
89370 
89371 
89372 
89373 
89374 
89375 
23839 
89376 
23840 
89377 
23841 
89378 
23842 
89379 
23843 
89380 
23844 
89381 
23845 
89382 
23846 
89383 
23847 
89384 
23848 
89385 
23849 
89386 
23850 
89387 
23851 
89388 
23852 
89389 
23853 
89390 
23854 
89391 
23855 
89392 
23856 
89393 
23857 
89394 
23858 
89395 
89396 
89397 
89398 
89399 
89400 
89401 
89402 
89403 
89404 
89405 
89406 
89407 
89408 
89409 
89410 
89411 
89412 
89413 
89414 
89415 
89416 
89417 
89418 
89419 
89420 
89421 
89422 
89423 
89424 
89425 
89426 
89427 
89428 
89429 
89430 
89431 
89432 
89433 
89434 
89435 
89436 
89437 
89438 
89439 
89440 
89441 
89442 
89443 
89444 
89445 
89446 
89447 
89448 
89449 
89450 
23914 
89451 
23915 
89452 
23916 
89453 
23917 
89454 
23918 
89455 
23919 
89456 
23920 
89457 
23921 
89458 
23922 
89459 
23923 
89460 
23924 
89461 
23925 
89462 
23926 
89463 
23927 
89464 
23928 
89465 
23929 
89466 
23930 
89467 
23931 
89468 
23932 
89469 
23933 
89470 
23934 
89471 
23935 
89472 
23936 
89473 
23937 
89474 
23938 
89475 
23939 
89476 
23940 
89477 
23941 
89478 
23942 
89479 
23943 
89480 
23944 
89481 
23945 
89482 
23946 
89483 
23947 
89484 
23948 
89485 
23949 
89486 
23950 
89487 
23951 
89488 
23952 
89489 
23953 
89490 
23954 
89491 
23955 
89492 
23956 
89493 
23957 
89494 
23958 
89495 
23959 
89496 
23960 
89497 
23961 
89498 
23962 
89499 
23963 
89500 
23964 
89501 
23965 
89502 
23966 
89503 
23967 
89504 
89505 
89506 
89507 
89508 
89509 
89510 
89511 
89512 
89513 
89514 
23978 
89515 
23979 
89516 
23980 
89517 
23981 
89518 
23982 
89519 
23983 
89520 
23984 
89521 
23985 
89522 
23986 
89523 
23987 
89524 
23988 
89525 
23989 
89526 
23990 
89527 
23991 
89528 
23992 
89529 
23993 
89530 
23994 
89531 
23995 
89532 
23996 
89533 
23997 
89534 
23998 
89535 
23999 
89536 
24000 
89537 
24001 
89538 
24002 
89539 
24003 
89540 
24004 
89541 
24005 
89542 
24006 
89543 
24007 
89544 
24008 
89545 
24009 
89546 
24010 
89547 
24011 
89548 
24012 
89549 
24013 
89550 
24014 
89551 
24015 
89552 
24016 
89553 
24017 
89554 
24018 
89555 
24019 
89556 
24020 
89557 
24021 
89558 
24022 
89559 
24023 
89560 
24024 
89561 
24025 
89562 
24026 
89563 
24027 
89564 
24028 
89565 
24029 
89566 
24030 
89567 
24031 
89568 
24032 
89569 
24033 
89570 
24034 
89571 
24035 
89572 
24036 
89573 
24037 
89574 
24038 
89575 
24039 
89576 
24040 
89577 
24041 
89578 
24042 
89579 
24043 
89580 
24044 
89581 
24045 
89582 
89583 
89584 
89585 
89586 
89587 
89588 
89589 
89590 
89591 
89592 
89593 
89594 
89595 
89596 
89597 
89598 
89599 
89600 
89601 
89602 
89603 
89604 
89605 
89606 
89607 
89608 
89609 
89610 
89611 
89612 
89613 
89614 
89615 
89616 
89617 
89618 
89619 
89620 
89621 
89622 
89623 
89624 
89625 
89626 
89627 
89628 
89629 
89630 
89631 
89632 
89633 
89634 
89635 
89636 
89637 
24101 
89638 
24102 
89639 
24103 
89640 
24104 
89641 
24105 
89642 
24106 
89643 
24107 
89644 
24108 
89645 
24109 
89646 
24110 
89647 
24111 
89648 
24112 
89649 
24113 
24114 
24115 
24116 
24117 
24118 
24119 
24120 
24121 
24122 
24123 
24124 
24125 
24126 
24127 
24128 
24129 
24130 
24131 
24132 
24133 
24134 
24135 
24136 
24137 
24138 
24139 
24140 
24141 
24142 
24143 
24144 
24145 
24146 
24147 
24148 
24149 
24150 
24151 
24152 
24153 
24154 
24155 
24156 
24157 
24158 
24159 
24160 
24199 
24200 
24201 
24202 
24203 
24204 
24205 
24206 
24207 
24208 
24209 
24210 
24211 
24212 
24213 
24214 
24215 
24216 
24217 
24218 
24275 
24276 
24277 
24278 
24279 
24280 
24281 
24282 
24283 
24284 
24285 
24286 
24287 
24288 
24289 
24290 
24291 
24292 
24293 
24294 
24295 
24296 
24297 
24298 
24299 
24300 
24301 
24302 
24303 
24304 
24305 
24306 
24307 
24308 
24309 
24310 
24311 
24312 
24313 
24314 
24315 
24316 
24317 
24318 
24319 
24320 
24321 
24322 
24323 
24324 
24325 
24326 
24327 
24328 
24329 
24330 
24331 
24332 
24333 
24334 
24335 
24336 
24337 
24338 
24339 
24340 
24341 
24342 
24343 
24344 
24345 
24346 
24347 
24348 
24349 
24350 
24351 
24352 
24353 
24354 
24355 
24356 
24357 
24358 
24359 
24360 
24361 
24362 
24363 
24364 
24365 
24366 
24367 
24368 
24369 
24370 
24371 
24372 
24373 
24374 
24375 
24376 
24377 
24378 
24379 
24380 
24381 
24382 
24383 
24384 
24385 
24386 
24387 
24388 
24389 
24390 
24391 
24392 
24393 
24394 
24395 
24396 
24397 
24398 
24399 
24400 
24401 
24402 
24403 
24404 
24405 
24406 
89992 
89993 
89994 
89995 
89996 
24460 
89997 
24461 
89998 
24462 
89999 
24463 
90000 
24464 
90001 
24465 
90002 
24466 
90003 
24467 
90004 
24468 
90005 
24469 
90006 
24470 
90007 
24471 
90008 
24472 
90009 
24473 
24474 
24475 
24476 
24477 
24478 
24479 
24480 
24481 
24482 
24483 
24484 
24485 
24486 
24487 
24488 
24489 
24490 
24491 
24492 
24493 
24494 
24495 
24496 
24497 
24498 
24499 
24500 
24501 
24502 
24503 
24504 
24505 
24506 
24507 
24508 
24509 
24510 
24511 
24512 
24513 
24514 
24515 
24516 
24517 
24518 
24519 
24520 
24559 
24560 
24561 
24562 
24563 
24564 
24565 
24566 
24567 
24568 
24569 
24570 
24571 
24572 
24573 
24574 
24575 
24576 
24577 
24635 
24636 
24637 
24638 
24639 
24640 
24641 
24642 
24643 
24644 
24645 
24646 
24647 
24648 
24649 
24650 
24651 
24652 
24653 
24654 
24655 
24656 
24657 
24658 
24659 
24660 
24661 
24662 
24663 
24664 
24665 
24666 
24667 
24668 
24669 
24670 
24671 
24672 
24673 
24674 
24675 
24676 
24677 
24678 
24679 
24680 
24681 
24682 
24683 
24684 
24685 
24686 
24687 
24688 
24689 
24690 
24691 
24692 
24693 
24694 
24695 
24696 
24697 
24698 
24699 
24700 
24701 
24702 
24703 
24704 
24705 
24706 
24707 
24708 
24709 
24710 
24711 
24712 
24713 
24714 
24715 
24716 
24717 
24718 
24719 
24720 
24721 
24722 
24723 
24724 
24725 
24726 
24727 
24728 
24729 
24730 
24731 
24732 
24733 
24734 
24735 
24736 
24737 
24738 
24739 
24740 
24741 
24742 
24743 
24744 
24745 
24746 
24747 
24748 
24749 
24750 
24751 
24752 
24753 
24754 
24755 
24756 
24757 
24758 
24759 
24760 
24761 
24762 
24763 
24764 
24765 
24766 
90352 
90353 
90354 
90355 
24819 
90356 
24820 
90357 
24821 
90358 
24822 
90359 
24823 
90360 
24824 
90361 
24825 
90362 
24826 
90363 
24827 
90364 
24828 
90365 
24829 
90366 
24830 
90367 
24831 
90368 
24832 
90369 
24833 
24834 
24835 
24836 
24837 
24838 
24839 
24840 
24841 
24842 
24843 
24844 
24845 
24846 
24847 
24848 
24849 
24850 
24851 
24852 
24853 
24854 
24855 
24856 
24857 
24858 
24859 
24860 
24861 
24862 
24863 
24864 
24865 
24866 
24867 
24868 
24869 
24870 
24871 
24872 
24873 
24874 
24875 
24876 
24877 
24878 
24879 
24880 
24881 
24918 
24919 
24920 
24921 
24922 
24923 
24924 
24925 
24926 
24927 
24928 
24929 
24930 
24931 
24932 
24933 
24934 
24935 
24936 
24996 
24997 
24998 
24999 
25000 
25001 
25002 
25003 
25004 
25005 
25006 
25007 
25008 
25009 
25010 
25011 
25012 
25013 
25014 
25015 
25016 
25017 
25018 
25019 
25020 
25021 
25022 
25023 
25024 
25025 
25026 
25027 
25028 
25029 
25030 
25031 
25032 
25033 
25034 
25035 
25036 
25037 
25038 
25039 
25040 
25041 
25042 
25043 
25044 
25045 
25046 
25047 
25048 
25049 
25050 
25051 
25052 
25053 
25054 
25055 
25056 
25057 
25058 
25059 
25060 
25061 
25062 
25063 
25064 
25065 
25066 
25067 
25068 
25069 
25070 
25071 
25072 
25073 
25074 
25075 
25076 
25077 
25078 
25079 
25080 
25081 
25082 
25083 
25084 
25085 
25086 
25087 
25088 
25089 
25090 
25091 
25092 
25093 
25094 
25095 
25096 
25097 
25098 
25099 
25100 
25101 
25102 
25103 
25104 
25105 
25106 
25107 
25108 
25109 
25110 
25111 
25112 
25113 
25114 
25115 
25116 
25117 
25118 
25119 
25120 
25121 
25122 
25123 
25124 
25125 
25126 
25127 
90712 
90713 
90714 
25178 
90715 
25179 
90716 
25180 
90717 
25181 
90718 
25182 
90719 
25183 
90720 
25184 
90721 
25185 
90722 
25186 
90723 
25187 
90724 
25188 
90725 
25189 
90726 
25190 
90727 
25191 
90728 
25192 
90729 
25193 
25194 
25195 
25196 
25197 
25198 
25199 
25200 
25201 
25202 
25203 
25204 
25205 
25206 
25207 
25208 
25209 
25210 
25211 
25212 
25213 
25214 
25215 
25216 
25217 
25218 
25219 
25220 
25221 
25222 
25223 
25224 
25225 
25226 
25227 
25228 
25229 
25230 
25231 
25232 
25233 
25234 
25235 
25236 
25237 
25238 
25239 
25240 
25241 
25278 
25279 
25280 
25281 
25282 
25283 
25284 
25285 
25286 
25287 
25288 
25289 
25290 
25291 
25292 
25293 
25294 
25295 
25296 
25357 
25358 
25359 
25360 
25361 
25362 
25363 
25364 
25365 
25366 
25367 
25368 
25369 
25370 
25371 
25372 
25373 
25374 
25375 
25376 
25377 
25378 
25379 
25380 
25381 
25382 
25383 
25384 
25385 
25386 
25387 
25388 
25389 
25390 
25391 
25392 
25393 
25394 
25395 
25396 
25397 
25398 
25399 
25400 
25401 
25402 
25403 
25404 
25405 
25406 
25407 
25408 
25409 
25410 
25411 
25412 
25413 
25414 
25415 
25416 
25417 
25418 
25419 
25420 
25421 
25422 
25423 
25424 
25425 
25426 
25427 
25428 
25429 
25430 
25431 
25432 
25433 
25434 
25435 
25436 
25437 
25438 
25439 
25440 
25441 
25442 
25443 
25444 
25445 
25446 
25447 
25448 
25449 
25450 
25451 
25452 
25453 
25454 
25455 
25456 
25457 
25458 
25459 
25460 
25461 
25462 
25463 
25464 
25465 
25466 
25467 
25468 
25469 
25470 
25471 
25472 
25473 
25474 
25475 
25476 
25477 
25478 
25479 
25480 
25481 
25482 
25483 
25484 
25485 
25486 
25487 
25488 
91072 
91073 
91074 
25538 
91075 
25539 
91076 
25540 
91077 
25541 
91078 
25542 
91079 
25543 
25544 
25545 
25546 
25547 
25548 
25549 
25550 
25551 
25552 
25553 
25554 
25555 
25556 
25557 
25558 
25559 
25560 
25561 
25562 
25563 
25564 
25565 
25566 
25567 
25568 
25569 
25570 
25571 
25572 
25573 
25574 
25575 
25576 
25577 
25578 
25579 
25580 
25581 
25582 
25583 
25584 
25585 
25586 
25587 
25588 
25589 
25590 
25591 
25592 
25593 
25594 
25595 
25596 
25597 
25598 
25599 
25600 
25601 
25602 
25637 
25638 
25639 
25640 
25641 
25642 
25643 
25644 
25645 
25646 
25647 
25648 
25649 
25650 
25651 
25652 
25653 
25654 
25655 
25717 
25718 
25719 
25720 
25721 
25722 
25723 
25724 
25725 
25726 
25727 
25728 
25729 
25730 
25731 
25732 
25733 
25734 
25735 
25736 
25737 
25738 
25739 
25740 
25741 
25742 
25743 
25744 
25745 
25746 
25747 
25748 
25749 
25750 
25751 
25752 
25753 
25754 
25755 
25756 
25757 
25758 
25759 
25760 
25761 
25762 
25763 
25764 
25765 
25766 
25767 
25768 
25769 
25770 
25771 
25772 
25773 
25774 
25775 
25776 
25777 
25778 
25779 
25780 
25781 
25782 
25783 
25784 
25785 
25786 
25787 
25788 
25789 
25790 
25791 
25792 
25793 
25794 
25795 
25796 
25797 
25798 
25799 
25800 
25801 
25802 
25803 
25804 
25805 
25806 
25807 
25808 
25809 
25810 
25811 
25812 
25813 
25814 
25815 
25816 
25817 
25818 
25819 
25820 
25821 
25822 
25823 
25824 
25825 
25826 
25827 
25828 
25829 
25830 
25831 
25832 
25833 
25834 
25835 
25836 
25837 
25838 
25839 
25840 
25841 
25842 
25843 
25844 
25845 
25846 
25847 
25848 
25849 
25896 
25897 
25898 
25899 
25900 
25901 
25902 
25903 
25904 
25905 
25906 
25907 
25908 
25909 
25910 
25911 
25912 
25913 
25914 
25915 
25916 
25917 
25918 
25919 
25920 
25921 
25922 
25923 
25924 
25925 
25926 
25927 
25928 
25929 
25930 
25931 
25932 
25933 
25934 
25935 
25936 
25937 
25938 
25939 
25940 
25941 
25942 
25943 
25944 
25945 
25946 
25947 
25948 
25949 
25950 
25951 
25952 
25953 
25954 
25955 
25956 
25957 
25958 
25959 
25960 
25961 
25962 
25963 
25996 
25997 
25998 
25999 
26000 
26001 
26002 
26003 
26004 
26005 
26006 
26007 
26008 
26009 
26010 
26011 
26012 
26013 
26014 
26015 
26077 
26078 
26079 
26080 
26081 
26082 
26083 
26084 
26085 
26086 
26087 
26088 
26089 
26090 
26091 
26092 
26093 
26094 
26095 
26096 
26097 
26098 
26099 
26100 
26101 
26102 
26103 
26104 
26105 
26106 
26107 
26108 
26109 
26110 
26111 
26112 
26113 
26114 
26115 
26116 
26117 
26118 
26119 
26120 
26121 
26122 
26123 
26124 
26125 
26126 
26127 
26128 
26129 
26130 
26131 
26132 
26133 
26134 
26135 
26136 
26137 
26138 
26139 
26140 
26141 
26142 
26143 
26144 
26145 
26146 
26147 
26148 
26149 
26150 
26151 
26152 
26153 
26154 
26155 
26156 
26157 
26158 
26159 
26160 
26161 
26162 
26163 
26164 
26165 
26166 
26167 
26168 
26169 
26170 
26171 
26172 
26173 
26174 
26175 
26176 
26177 
26178 
26179 
26180 
26181 
26182 
26183 
26184 
26185 
26186 
26187 
26188 
26189 
26190 
26191 
26192 
26193 
26194 
26195 
26196 
26197 
26198 
26199 
26200 
26201 
26202 
26203 
26204 
26205 
26206 
26207 
26208 
26209 
26210 
26255 
26256 
26257 
26258 
26259 
26260 
26261 
26262 
26263 
26264 
26265 
26266 
26267 
26268 
26269 
26270 
26271 
26272 
26273 
26274 
26275 
26276 
26277 
26278 
26279 
26280 
26281 
26282 
26283 
26284 
26285 
26286 
26287 
26288 
26289 
26290 
26291 
26292 
26293 
26294 
26295 
26296 
26297 
26298 
26299 
26300 
26301 
26302 
26303 
26304 
26305 
26306 
26307 
26308 
26309 
26310 
26311 
26312 
26313 
26314 
26315 
26316 
26317 
26318 
26319 
26320 
26321 
26322 
26323 
26324 
26355 
26356 
26357 
26358 
26359 
26360 
26361 
26362 
26363 
26364 
26365 
26366 
26367 
26368 
26369 
26370 
26371 
26372 
26373 
26374 
26438 
26439 
26440 
26441 
26442 
26443 
26444 
26445 
26446 
26447 
26448 
26449 
26450 
26451 
26452 
26453 
26454 
26455 
26456 
26457 
26458 
26459 
26460 
26461 
26462 
26463 
26464 
26465 
26466 
26467 
26468 
26469 
26470 
26471 
26472 
26473 
26474 
26475 
26476 
26477 
26478 
26479 
26480 
26481 
26482 
26483 
26484 
26485 
26486 
26487 
26488 
26489 
26490 
26491 
26492 
26493 
26494 
26495 
26496 
26497 
26498 
26499 
26500 
26501 
26502 
26503 
26504 
26505 
26506 
26507 
26508 
26509 
26510 
26511 
26512 
26513 
26514 
26515 
26516 
26517 
26518 
26519 
26520 
26521 
26522 
26523 
26524 
26525 
26526 
26527 
26528 
26529 
26530 
26531 
26532 
26533 
26534 
26535 
26536 
26537 
26538 
26539 
26540 
26541 
26542 
26543 
26544 
26545 
26546 
26547 
26548 
26549 
26550 
26551 
26552 
26553 
26554 
26555 
26556 
26557 
26558 
26559 
26560 
26561 
26562 
26563 
26564 
26565 
26566 
26567 
26568 
26569 
26570 
26571 
26572 
26614 
26615 
26616 
26617 
26618 
26619 
26620 
26621 
26622 
26623 
26624 
26625 
26626 
26627 
26628 
26629 
26630 
26631 
26632 
26633 
26634 
26635 
26636 
26637 
26638 
26639 
26640 
26641 
26642 
26643 
26644 
26645 
26646 
26647 
26648 
26649 
26650 
26651 
26652 
26653 
26654 
26655 
26656 
26657 
26658 
26659 
26660 
26661 
26662 
26663 
26664 
26665 
26666 
26667 
26668 
26669 
26670 
26671 
26672 
26673 
26674 
26675 
26676 
26677 
26678 
26679 
26680 
26681 
26682 
26683 
26684 
26715 
26716 
26717 
26718 
26719 
26720 
26721 
26722 
26723 
26724 
26725 
26726 
26727 
26728 
26729 
26730 
26731 
26732 
26733 
26734 
26798 
26799 
26800 
26801 
26802 
26803 
26804 
26805 
26806 
26807 
26808 
26809 
26810 
26811 
26812 
26813 
26814 
26815 
26816 
26817 
26818 
26819 
26820 
26821 
26822 
26823 
26824 
26825 
26826 
26827 
26828 
26829 
26830 
26831 
26832 
26833 
26834 
26835 
26836 
26837 
26838 
26839 
26840 
26841 
26842 
26843 
26844 
26845 
26846 
26847 
26848 
26849 
26850 
26851 
26852 
26853 
26854 
26855 
26856 
26857 
26858 
26859 
26860 
26861 
26862 
26863 
26864 
26865 
26866 
26867 
26868 
26869 
26870 
26871 
26872 
26873 
26874 
26875 
26876 
26877 
26878 
26879 
26880 
26881 
26882 
26883 
26884 
26885 
26886 
26887 
26888 
26889 
26890 
26891 
26892 
26893 
26894 
26895 
26896 
26897 
26898 
26899 
26900 
26901 
26902 
26903 
26904 
26905 
26906 
26907 
26908 
26909 
26910 
26911 
26912 
26913 
26914 
26915 
26916 
26917 
26918 
26919 
26920 
26921 
26922 
26923 
26924 
26925 
26926 
26927 
26928 
26929 
26930 
26931 
26932 
26933 
26973 
26974 
26975 
26976 
26977 
26978 
26979 
26980 
26981 
26982 
26983 
26984 
26985 
26986 
26987 
26988 
26989 
26990 
26991 
26992 
26993 
26994 
26995 
26996 
26997 
26998 
26999 
27000 
27001 
27002 
27003 
27004 
27005 
27006 
27007 
27008 
27009 
27010 
27011 
27012 
27013 
27014 
27015 
27016 
27017 
27018 
27019 
27020 
27021 
27022 
27023 
27024 
27025 
27026 
27027 
27028 
27029 
27030 
27031 
27032 
27033 
27034 
27035 
27036 
27037 
27038 
27039 
27040 
27041 
27042 
27043 
27044 
27045 
27046 
27073 
27074 
27075 
27076 
27077 
27078 
27079 
27080 
27081 
27082 
27083 
27084 
27085 
27086 
27087 
27088 
27089 
27090 
27091 
27092 
27093 
27094 
27159 
27160 
27161 
27162 
27163 
27164 
27165 
27166 
27167 
27168 
27169 
27170 
27171 
27172 
27173 
27174 
27175 
27176 
27177 
27178 
27179 
27180 
27181 
27182 
27183 
27184 
27185 
27186 
27187 
27188 
27189 
27190 
27191 
27192 
27193 
27194 
27195 
27196 
27197 
27198 
27199 
27200 
27201 
27202 
27203 
27204 
27205 
27206 
27207 
27208 
27209 
27210 
27211 
27212 
27213 
27214 
27215 
27216 
27217 
27218 
27219 
27220 
27221 
27222 
27223 
27224 
27225 
27226 
27227 
27228 
27229 
27230 
27231 
27232 
27233 
27234 
27235 
27236 
27237 
27238 
27239 
27240 
27241 
27242 
27243 
27244 
27245 
27246 
27247 
27248 
27249 
27250 
27251 
27252 
27253 
27254 
27255 
27256 
27257 
27258 
27259 
27260 
27261 
27262 
27263 
27264 
27265 
27266 
27267 
27268 
27269 
27270 
27271 
27272 
27273 
27274 
27275 
27276 
27277 
27278 
27279 
27280 
27281 
27282 
27283 
27284 
27285 
27286 
27287 
27288 
27289 
27290 
27291 
27292 
27293 
27294 
27295 
27331 
27332 
27333 
27334 
27335 
27336 
27337 
27338 
27339 
27340 
27341 
27342 
27343 
27344 
27345 
27346 
27347 
27348 
27349 
27350 
27351 
27352 
27353 
27354 
27355 
27356 
27357 
27358 
27359 
27360 
27361 
27362 
27363 
27364 
27365 
27366 
27367 
27368 
27369 
27370 
27371 
27372 
27373 
27374 
27375 
27376 
27377 
27378 
27379 
27380 
27381 
27382 
27383 
27384 
27385 
27386 
27387 
27388 
27389 
27390 
27391 
27392 
27393 
27394 
27395 
27396 
27397 
27398 
27399 
27400 
27401 
27402 
27403 
27404 
27405 
27406 
27407 
27432 
27433 
27434 
27435 
27436 
27437 
27438 
27439 
27440 
27441 
27442 
27443 
27444 
27445 
27446 
27447 
27448 
27449 
27450 
27451 
27452 
27453 
27519 
27520 
27521 
27522 
27523 
27524 
27525 
27526 
27527 
27528 
27529 
27530 
27531 
27532 
27533 
27534 
27535 
27536 
27537 
27538 
27539 
27540 
27541 
27542 
27543 
27544 
27545 
27546 
27547 
27548 
27549 
27550 
27551 
27552 
27553 
27554 
27555 
27556 
27557 
27558 
27559 
27560 
27561 
27562 
27563 
27564 
27565 
27566 
27567 
27568 
27569 
27570 
27571 
27572 
27573 
27574 
27575 
27576 
27577 
27578 
27579 
27580 
27581 
27582 
27583 
27584 
27585 
27586 
27587 
27588 
27589 
27590 
27591 
27592 
27593 
27594 
27595 
27596 
27597 
27598 
27599 
27600 
27601 
27602 
27603 
27604 
27605 
27606 
27607 
27608 
27609 
27610 
27611 
27612 
27613 
27614 
27615 
27616 
27617 
27618 
27619 
27620 
27621 
27622 
27623 
27624 
27625 
27626 
27627 
27628 
27629 
27630 
27631 
27632 
27633 
27634 
27635 
27636 
27637 
27638 
27639 
27640 
27641 
27642 
27643 
27644 
27645 
27646 
27647 
27648 
27649 
27650 
27651 
27652 
27653 
27654 
27655 
27656 
27689 
27690 
27691 
27692 
27693 
27694 
27695 
27696 
27697 
27698 
27699 
27700 
27701 
27702 
27703 
27704 
27705 
27706 
27707 
27708 
27709 
27710 
27711 
27712 
27713 
27714 
27715 
27716 
27717 
27718 
27719 
27720 
27721 
27722 
27723 
27724 
27725 
27726 
27727 
27728 
27729 
27730 
27731 
27732 
27733 
27734 
27735 
27736 
27737 
27738 
27739 
27740 
27741 
27742 
27743 
27744 
27745 
27746 
27747 
27748 
27749 
27750 
27751 
27752 
27753 
27754 
27755 
27756 
27757 
27758 
27759 
27760 
27761 
27762 
27763 
27764 
27765 
27766 
27767 
27768 
27791 
27792 
27793 
27794 
27795 
27796 
27797 
27798 
27799 
27800 
27801 
27802 
27803 
27804 
27805 
27806 
27807 
27808 
27809 
27810 
27811 
27812 
27813 
27879 
27880 
27881 
27882 
27883 
27884 
27885 
27886 
27887 
27888 
27889 
27890 
27891 
27892 
27893 
27894 
27895 
27896 
27897 
27898 
27899 
27900 
27901 
27902 
27903 
27904 
27905 
27906 
27907 
27908 
27909 
27910 
27911 
27912 
27913 
27914 
27915 
27916 
27917 
27918 
27919 
27920 
27921 
27922 
27923 
27924 
27925 
27926 
27927 
27928 
27929 
27930 
27931 
27932 
27933 
27934 
27935 
27936 
27937 
27938 
27939 
27940 
27941 
27942 
27943 
27944 
27945 
27946 
27947 
27948 
27949 
27950 
27951 
27952 
27953 
27954 
27955 
27956 
27957 
27958 
27959 
27960 
27961 
27962 
27963 
27964 
27965 
27966 
27967 
27968 
27969 
27970 
27971 
27972 
27973 
27974 
27975 
27976 
27977 
27978 
27979 
27980 
27981 
27982 
27983 
27984 
27985 
27986 
27987 
27988 
27989 
27990 
27991 
27992 
27993 
27994 
27995 
27996 
27997 
27998 
27999 
28000 
28001 
28002 
28003 
28004 
28005 
28006 
28007 
28008 
28009 
28010 
28011 
28012 
28013 
28014 
28015 
28016 
28017 
28018 
28047 
28048 
28049 
28050 
28051 
28052 
28053 
28054 
28055 
28056 
28057 
28058 
28059 
28060 
28061 
28062 
28063 
28064 
28065 
28066 
28067 
28068 
28069 
28070 
28071 
28072 
28073 
28074 
28075 
28076 
28077 
28078 
28079 
28080 
28081 
28082 
28083 
28084 
28085 
28086 
28087 
28088 
28089 
28090 
28091 
28092 
28093 
28094 
28095 
28096 
28097 
28098 
28099 
28100 
28101 
28102 
28103 
28104 
28105 
28106 
28107 
28108 
28109 
28110 
28111 
28112 
28113 
28114 
28115 
28116 
28117 
28118 
28119 
28120 
28121 
28122 
28123 
28124 
28125 
28126 
28127 
28128 
28129 
28130 
28149 
28150 
28151 
28152 
28153 
28154 
28155 
28156 
28157 
28158 
28159 
28160 
28161 
28162 
28163 
28164 
28165 
28166 
28167 
28168 
28169 
28170 
28171 
28172 
28173 
28240 
28241 
28242 
28243 
28244 
28245 
28246 
28247 
28248 
28249 
28250 
28251 
28252 
28253 
28254 
28255 
28256 
28257 
28258 
28259 
28260 
28261 
28262 
28263 
28264 
28265 
28266 
28267 
28268 
28269 
28270 
28271 
28272 
28273 
28274 
28275 
28276 
28277 
28278 
28279 
28280 
28281 
28282 
28283 
28284 
28285 
28286 
28287 
28288 
28289 
28290 
28291 
28292 
28293 
28294 
28295 
28296 
28297 
28298 
28299 
28300 
28301 
28302 
28303 
28304 
28305 
28306 
28307 
28308 
28309 
28310 
28311 
28312 
28313 
28314 
28315 
28316 
28317 
28318 
28319 
28320 
28321 
28322 
28323 
28324 
28325 
28326 
28327 
28328 
28329 
28330 
28331 
28332 
28333 
28334 
28335 
28336 
28337 
28338 
28339 
28340 
28341 
28342 
28343 
28344 
28345 
28346 
28347 
28348 
28349 
28350 
28351 
28352 
28353 
28354 
28355 
28356 
28357 
28358 
28359 
28360 
28361 
28362 
28363 
28364 
28365 
28366 
28367 
28368 
28369 
28370 
28371 
28372 
28373 
28374 
28375 
28376 
28377 
28378 
28379 
28380 
28381 
28405 
28406 
28407 
28408 
28409 
28410 
28411 
28412 
28413 
28414 
28415 
28416 
28417 
28418 
28419 
28420 
28421 
28422 
28423 
28424 
28425 
28426 
28427 
28428 
28429 
28430 
28431 
28432 
28433 
28434 
28435 
28436 
28437 
28438 
28439 
28440 
28441 
28442 
28443 
28444 
28445 
28446 
28447 
28448 
28449 
28450 
28451 
28452 
28453 
28454 
28455 
28456 
28457 
28458 
28459 
28460 
28461 
28462 
28463 
28464 
28465 
28466 
28467 
28468 
28469 
28470 
28471 
28472 
28473 
28474 
28475 
28476 
28477 
28478 
28479 
28480 
28481 
28482 
28483 
28484 
28485 
28486 
28487 
28488 
28489 
28490 
28491 
28492 
28493 
28506 
28507 
28508 
28509 
28510 
28511 
28512 
28513 
28514 
28515 
28516 
28517 
28518 
28519 
28520 
28521 
28522 
28523 
28524 
28525 
28526 
28527 
28528 
28529 
28530 
28531 
28532 
28533 
28600 
28601 
28602 
28603 
28604 
28605 
28606 
28607 
28608 
28609 
28610 
28611 
28612 
28613 
28614 
28615 
28616 
28617 
28618 
28619 
28620 
28621 
28622 
28623 
28624 
28625 
28626 
28627 
28628 
28629 
28630 
28631 
28632 
28633 
28634 
28635 
28636 
28643 
28644 
28645 
28646 
28647 
28648 
28649 
28650 
28651 
28652 
28653 
28654 
28655 
28656 
28657 
28658 
28659 
28660 
28661 
28662 
28663 
28664 
28665 
28666 
28667 
28668 
28669 
28670 
28671 
28672 
28673 
28674 
28675 
28676 
28677 
28678 
28679 
28680 
28681 
28682 
28683 
28684 
28685 
28686 
28687 
28688 
28689 
28690 
28691 
28692 
28693 
28694 
28695 
28696 
28697 
28702 
28703 
28704 
28705 
28706 
28707 
28708 
28709 
28710 
28711 
28712 
28713 
28714 
28715 
28716 
28717 
28718 
28719 
28720 
28721 
28722 
28723 
28724 
28725 
28726 
28727 
28728 
28729 
28730 
28731 
28732 
28733 
28734 
28735 
28736 
28737 
28738 
28739 
28740 
28741 
28742 
28743 
28744 
28761 
28762 
28763 
28764 
28765 
28766 
28767 
28768 
28769 
28770 
28771 
28772 
28773 
28774 
28775 
28776 
28777 
28778 
28779 
28780 
28781 
28782 
28783 
28784 
28785 
28786 
28787 
28788 
28789 
28790 
28791 
28792 
28793 
28794 
28795 
28796 
28797 
28798 
28799 
28800 
28801 
28802 
28803 
28804 
28805 
28806 
28807 
28808 
28809 
28810 
28811 
28812 
28813 
28814 
28815 
28816 
28817 
28818 
28819 
28820 
28821 
28822 
28823 
28824 
28825 
28826 
28827 
28828 
28829 
28830 
28831 
28832 
28833 
28834 
28835 
28836 
28837 
28838 
28839 
28840 
28841 
28842 
28843 
28844 
28845 
28846 
28847 
28848 
28849 
28850 
28851 
28852 
28853 
28854 
28855 
28856 
28857 
28858 
28859 
28860 
28861 
28862 
28863 
28864 
28865 
28866 
28867 
28868 
28869 
28870 
28871 
28872 
28873 
28874 
28875 
28876 
28877 
28878 
28879 
28880 
28881 
28882 
28883 
28884 
28885 
28886 
28887 
28888 
28889 
28890 
28891 
28892 
28960 
28961 
28962 
28963 
28964 
28965 
28966 
28967 
28968 
28969 
28970 
28971 
28972 
28973 
28974 
28975 
28976 
28977 
28978 
28979 
28980 
28981 
28982 
28983 
28984 
28985 
28986 
28987 
28988 
28989 
28990 
28991 
29008 
29009 
29010 
29011 
29012 
29013 
29014 
29015 
29016 
29017 
29018 
29019 
29020 
29021 
29022 
29023 
29024 
29025 
29026 
29027 
29028 
29029 
29030 
29031 
29032 
29033 
29034 
29035 
29036 
29037 
29038 
29039 
29040 
29041 
29042 
29043 
29044 
29045 
29046 
29047 
29048 
29049 
29050 
29051 
29052 
29067 
29068 
29069 
29070 
29071 
29072 
29073 
29074 
29075 
29076 
29077 
29078 
29079 
29080 
29081 
29082 
29083 
29084 
29085 
29086 
29087 
29088 
29089 
29090 
29091 
29092 
29093 
29094 
29095 
29096 
29097 
29098 
29099 
29100 
29101 
29102 
29103 
29104 
29105 
29106 
29107 
29108 
29109 
29110 
29111 
29112 
29113 
29114 
29115 
29116 
29117 
29118 
29119 
29120 
29121 
29122 
29123 
29124 
29125 
29126 
29127 
29128 
29129 
29130 
29131 
29132 
29133 
29134 
29135 
29136 
29137 
29138 
29139 
29140 
29141 
29142 
29143 
29144 
29145 
29146 
29147 
29148 
29149 
29150 
29151 
29152 
29153 
29154 
29155 
29156 
29157 
29158 
29159 
29160 
29161 
29162 
29163 
29164 
29165 
29166 
29167 
29168 
29169 
29170 
29171 
29172 
29173 
29174 
29175 
29176 
29177 
29178 
29179 
29180 
29181 
29182 
29183 
29184 
29185 
29186 
29187 
29188 
29189 
29190 
29191 
29192 
29193 
29194 
29195 
29196 
29197 
29198 
29199 
29200 
29201 
29202 
29203 
29204 
29205 
29206 
29207 
29208 
29209 
29210 
29211 
29212 
29213 
29214 
29215 
29216 
29217 
29218 
29219 
29220 
29221 
29222 
29223 
29224 
29225 
29226 
29227 
29228 
29229 
29230 
29231 
29232 
29233 
29234 
29235 
29236 
29237 
29238 
29239 
29240 
29241 
29242 
29243 
29244 
29245 
29246 
29247 
29248 
29249 
29250 
29251 
29252 
29320 
29321 
29322 
29323 
29324 
29325 
29326 
29327 
29328 
29329 
29330 
29331 
29332 
29333 
29334 
29335 
29336 
29337 
29338 
29339 
29340 
29341 
29342 
29343 
29344 
29345 
29346 
29347 
29348 
29371 
29372 
29373 
29374 
29375 
29376 
29377 
29378 
29379 
29380 
29381 
29382 
29383 
29384 
29385 
29386 
29387 
29388 
29389 
29390 
29391 
29392 
29393 
29394 
29395 
29396 
29397 
29398 
29399 
29400 
29401 
29402 
29403 
29404 
29405 
29406 
29407 
29408 
29409 
29410 
29429 
29430 
29431 
29432 
29433 
29434 
29435 
29436 
29437 
29438 
29439 
29440 
29441 
29442 
29443 
29444 
29445 
29446 
29447 
29448 
29449 
29450 
29451 
29452 
29453 
29454 
29455 
29456 
29457 
29458 
29459 
29460 
29461 
29462 
29463 
29464 
29465 
29466 
29467 
29468 
29469 
29470 
29471 
29472 
29473 
29474 
29475 
29476 
29477 
29478 
29479 
29480 
29481 
29482 
29483 
29484 
29485 
29486 
29487 
29488 
29489 
29490 
29491 
29492 
29493 
29494 
29495 
29496 
29497 
29498 
29499 
29500 
29501 
29502 
29503 
29504 
29505 
29506 
29507 
29508 
29509 
29510 
29511 
29512 
29513 
29514 
29515 
29516 
29517 
29518 
29519 
29520 
29521 
29522 
29523 
29524 
29525 
29526 
29527 
29528 
29529 
29530 
29531 
29532 
29533 
29534 
29535 
29536 
29537 
29538 
29539 
29540 
29541 
29542 
29543 
29544 
29545 
29546 
29547 
29548 
29549 
29550 
29551 
29552 
29553 
29554 
29555 
29556 
29557 
29558 
29559 
29560 
29561 
29562 
29563 
29564 
29565 
29566 
29567 
29568 
29569 
29570 
29571 
29572 
29573 
29574 
29575 
29576 
29577 
29578 
29579 
29580 
29581 
29582 
29583 
29584 
29585 
29586 
29587 
29588 
29589 
29590 
29591 
29592 
29593 
29594 
29595 
29596 
29597 
29598 
29599 
29600 
29601 
29602 
29603 
29604 
29605 
29606 
29607 
29608 
29609 
29610 
29611 
29612 
29680 
29681 
29682 
29683 
29684 
29685 
29686 
29687 
29688 
29689 
29690 
29691 
29692 
29693 
29694 
29695 
29696 
29697 
29698 
29699 
29700 
29701 
29702 
29703 
29704 
29705 
29706 
29733 
29734 
29735 
29736 
29737 
29738 
29739 
29740 
29741 
29742 
29743 
29744 
29745 
29746 
29747 
29748 
29749 
29750 
29751 
29752 
29753 
29754 
29755 
29756 
29757 
29758 
29759 
29760 
29761 
29762 
29763 
29764 
29765 
29766 
29767 
29768 
29791 
29792 
29793 
29794 
29795 
29796 
29797 
29798 
29799 
29800 
29801 
29802 
29803 
29804 
29805 
29806 
29807 
29808 
29809 
29810 
29811 
29812 
29813 
29814 
29815 
29816 
29817 
29818 
29819 
29820 
29821 
29822 
29823 
29824 
29825 
29826 
29827 
29828 
29829 
29830 
29831 
29832 
29833 
29834 
29835 
29836 
29837 
29838 
29839 
29840 
29841 
29842 
29843 
29844 
29845 
29846 
29847 
29848 
29849 
29850 
29851 
29852 
29853 
29854 
29855 
29856 
29857 
29858 
29859 
29860 
29861 
29862 
29863 
29864 
29865 
29866 
29867 
29868 
29869 
29870 
29871 
29872 
29873 
29874 
29875 
29876 
29877 
29878 
29879 
29880 
29881 
29882 
29883 
29884 
29885 
29886 
29887 
29888 
29889 
29890 
29891 
29892 
29893 
29894 
29895 
29896 
29897 
29898 
29899 
29900 
29901 
29902 
29903 
29904 
29905 
29906 
29907 
29908 
29909 
29910 
29911 
29912 
29913 
29914 
29915 
29916 
29917 
29918 
29919 
29920 
29921 
29922 
29923 
29924 
29925 
29926 
29927 
29928 
29929 
29930 
29931 
29932 
29933 
29934 
29935 
29936 
29937 
29938 
29939 
29940 
29941 
29942 
29943 
29944 
29945 
29946 
29947 
29948 
29949 
29950 
29951 
29952 
29953 
29954 
29955 
29956 
29957 
29958 
29959 
29960 
29961 
29962 
29963 
29964 
29965 
29966 
29967 
29968 
29969 
29970 
29971 
29972 
30040 
30041 
30042 
30043 
30044 
30045 
30046 
30047 
30048 
30049 
30050 
30051 
30052 
30053 
30054 
30055 
30056 
30057 
30058 
30059 
30060 
30061 
30062 
30063 
30064 
30095 
30096 
30097 
30098 
30099 
30100 
30101 
30102 
30103 
30104 
30105 
30106 
30107 
30108 
30109 
30110 
30111 
30112 
30113 
30114 
30115 
30116 
30117 
30118 
30119 
30120 
30121 
30122 
30123 
30124 
30125 
30126 
30152 
30153 
30154 
30155 
30156 
30157 
30158 
30159 
30160 
30161 
30162 
30163 
30164 
30165 
30166 
30167 
30168 
30169 
30170 
30171 
30172 
30173 
30174 
30175 
30176 
30177 
30178 
30179 
30180 
30181 
30182 
30183 
30184 
30185 
30186 
30187 
30188 
30189 
30190 
30191 
30192 
30193 
30194 
30195 
30196 
30197 
30198 
30199 
30200 
30201 
30202 
30203 
30204 
30205 
30206 
30207 
30208 
30209 
30210 
30211 
30212 
30213 
30214 
30215 
30216 
30217 
30218 
30219 
30220 
30221 
30222 
30223 
30224 
30225 
30226 
30227 
30228 
30229 
30230 
30231 
30232 
30233 
30234 
30235 
30236 
30237 
30238 
30239 
30240 
30241 
30242 
30243 
30244 
30245 
30246 
30247 
30248 
30249 
30250 
30251 
30252 
30253 
30254 
30255 
30256 
30257 
30258 
30259 
30260 
30261 
30262 
30263 
30264 
30265 
30266 
30267 
30268 
30269 
30270 
30271 
30272 
30273 
30274 
30275 
30276 
30277 
30278 
30279 
30280 
30281 
30282 
30283 
30284 
30285 
30286 
30287 
30288 
30289 
30290 
30291 
30292 
30293 
30294 
30295 
30296 
30297 
30298 
30299 
30300 
30301 
30302 
30303 
30304 
30305 
30306 
30307 
30308 
30309 
30310 
30311 
30312 
30313 
30314 
30315 
30316 
30317 
30318 
30319 
30320 
30321 
30322 
30323 
30324 
30325 
30326 
30327 
30328 
30329 
30330 
30331 
30332 
30400 
30401 
30402 
30403 
30404 
30405 
30406 
30407 
30408 
30409 
30410 
30411 
30412 
30413 
30414 
30415 
30416 
30417 
30418 
30419 
30420 
30421 
30422 
30423 
30456 
30457 
30458 
30459 
30460 
30461 
30462 
30463 
30464 
30465 
30466 
30467 
30468 
30469 
30470 
30471 
30472 
30473 
30474 
30475 
30476 
30477 
30478 
30479 
30480 
30481 
30482 
30483 
30484 
30485 
30514 
30515 
30516 
30517 
30518 
30519 
30520 
30521 
30522 
30523 
30524 
30525 
30526 
30527 
30528 
30529 
30530 
30531 
30532 
30533 
30534 
30535 
30536 
30537 
30538 
30539 
30540 
30541 
30542 
30543 
30544 
30545 
30546 
30547 
30548 
30549 
30550 
30551 
30552 
30553 
30554 
30555 
30556 
30557 
30558 
30559 
30560 
30561 
30562 
30563 
30564 
30565 
30566 
30567 
30568 
30569 
30570 
30571 
30572 
30573 
30574 
30575 
30576 
30577 
30578 
30579 
30580 
30581 
30582 
30583 
30584 
30585 
30586 
30587 
30588 
30589 
30590 
30591 
30592 
30593 
30594 
30595 
30596 
30597 
30598 
30599 
30600 
30601 
30602 
30603 
30604 
30605 
30606 
30607 
30608 
30609 
30610 
30611 
30612 
30613 
30614 
30615 
30616 
30617 
30618 
30619 
30620 
30621 
30622 
30623 
30624 
30625 
30626 
30627 
30628 
30629 
30630 
30631 
30632 
30633 
30634 
30635 
30636 
30637 
30638 
30639 
30640 
30641 
30642 
30643 
30644 
30645 
30646 
30647 
30648 
30649 
30650 
30651 
30652 
30653 
30654 
30655 
30656 
30657 
30658 
30659 
30660 
30661 
30662 
30663 
30664 
30665 
30666 
30667 
30668 
30669 
30670 
30671 
30672 
30673 
30674 
30675 
30676 
30677 
30678 
30679 
30680 
30681 
30682 
30683 
30684 
30685 
30686 
30687 
30688 
30689 
30690 
30691 
30692 
30760 
30761 
30762 
30763 
30764 
30765 
30766 
30767 
30768 
30769 
30770 
30771 
30772 
30773 
30774 
30775 
30776 
30777 
30778 
30779 
30780 
30781 
30782 
30817 
30818 
30819 
30820 
30821 
30822 
30823 
30824 
30825 
30826 
30827 
30828 
30829 
30830 
30831 
30832 
30833 
30834 
30835 
30836 
30837 
30838 
30839 
30840 
30841 
30842 
30843 
30844 
30875 
30876 
30877 
30878 
30879 
30880 
30881 
30882 
30883 
30884 
30885 
30886 
30887 
30888 
30889 
30890 
30891 
30892 
30893 
30894 
30895 
30896 
30897 
30898 
30899 
30900 
30901 
30902 
30903 
30904 
30905 
30906 
30907 
30908 
30909 
30910 
30911 
30912 
30913 
30914 
30915 
30916 
30917 
30918 
30919 
30920 
30921 
30922 
30923 
30924 
30925 
30926 
30927 
30928 
30929 
30930 
30931 
30932 
30933 
30934 
30935 
30936 
30937 
30938 
30939 
30940 
30941 
30942 
30943 
30944 
30945 
30946 
30947 
30948 
30949 
30950 
30951 
30952 
30953 
30954 
30955 
30956 
30957 
30958 
30959 
30960 
30961 
30962 
30963 
30964 
30965 
30966 
30967 
30968 
30969 
30970 
30971 
30972 
30973 
30974 
30975 
30976 
30977 
30978 
30979 
30980 
30981 
30982 
30983 
30984 
30985 
30986 
30987 
30988 
30989 
30990 
30991 
30992 
30993 
30994 
30995 
30996 
30997 
30998 
30999 
31000 
31001 
31002 
31003 
31004 
31005 
31006 
31007 
31008 
31009 
31010 
31011 
31012 
31013 
31014 
31015 
31016 
31017 
31018 
31019 
31020 
31021 
31022 
31023 
31024 
31025 
31026 
31027 
31028 
31029 
31030 
31031 
31032 
31033 
31034 
31035 
31036 
31037 
31038 
31039 
31040 
31041 
31042 
31043 
31044 
31045 
31046 
31047 
31048 
31049 
31050 
31051 
31052 
31120 
31121 
31122 
31123 
31124 
31125 
31126 
31127 
31128 
31129 
31130 
31131 
31132 
31133 
31134 
31135 
31136 
31137 
31138 
31139 
31140 
31179 
31180 
31181 
31182 
31183 
31184 
31185 
31186 
31187 
31188 
31189 
31190 
31191 
31192 
31193 
31194 
31195 
31196 
31197 
31198 
31199 
31200 
31201 
31202 
31203 
31236 
31237 
31238 
31239 
31240 
31241 
31242 
31243 
31244 
31245 
31246 
31247 
31248 
31249 
31250 
31251 
31252 
31253 
31254 
31255 
31256 
31257 
31258 
31259 
31260 
31261 
31262 
31263 
31264 
31265 
31266 
31267 
31268 
31269 
31270 
31271 
31272 
31273 
31274 
31275 
31276 
31277 
31278 
31279 
31280 
31281 
31282 
31283 
31284 
31285 
31286 
31287 
31288 
31289 
31290 
31291 
31292 
31293 
31294 
31295 
31296 
31297 
31298 
31299 
31300 
31301 
31302 
31303 
31304 
31305 
31306 
31307 
31308 
31309 
31310 
31311 
31312 
31313 
31314 
31315 
31316 
31317 
31318 
31319 
31320 
31321 
31322 
31323 
31324 
31325 
31326 
31327 
31328 
31329 
31330 
31331 
31332 
31333 
31334 
31335 
31336 
31337 
31338 
31339 
31340 
31341 
31342 
31343 
31344 
31345 
31346 
31347 
31348 
31349 
31350 
31351 
31352 
31353 
31354 
31355 
31356 
31357 
31358 
31359 
31360 
31361 
31362 
31363 
31364 
31365 
31366 
31367 
31368 
31369 
31370 
31371 
31372 
31373 
31374 
31375 
31376 
31377 
31378 
31379 
31380 
31381 
31382 
31383 
31384 
31385 
31386 
31387 
31388 
31389 
31390 
31391 
31392 
31393 
31394 
31395 
31396 
31397 
31398 
31399 
31400 
31401 
31402 
31403 
31404 
31405 
31406 
31407 
31408 
31409 
31410 
31411 
31412 
31480 
31481 
31482 
31483 
31484 
31485 
31486 
31487 
31488 
31489 
31490 
31491 
31492 
31493 
31494 
31495 
31496 
31497 
31498 
31499 
31540 
31541 
31542 
31543 
31544 
31545 
31546 
31547 
31548 
31549 
31550 
31551 
31552 
31553 
31554 
31555 
31556 
31557 
31558 
31559 
31560 
31561 
31562 
31563 
31596 
31597 
31598 
31599 
31600 
31601 
31602 
31603 
31604 
31605 
31606 
31607 
31608 
31609 
31610 
31611 
31612 
31613 
31614 
31615 
31616 
31617 
31618 
31619 
31620 
31621 
31622 
31623 
31624 
31625 
31626 
31627 
31628 
31629 
31630 
31631 
31632 
31633 
31634 
31635 
31636 
31637 
31638 
31639 
31640 
31641 
31642 
31643 
31644 
31645 
31646 
31647 
31648 
31649 
31650 
31651 
31652 
31653 
31654 
31655 
31656 
31657 
31658 
31659 
31660 
31661 
31662 
31663 
31664 
31665 
31666 
31667 
31668 
31669 
31670 
31671 
31672 
31673 
31674 
31675 
31676 
31677 
31678 
31679 
31680 
31681 
31682 
31683 
31684 
31685 
31686 
31687 
31688 
31689 
31690 
31691 
31692 
31693 
31694 
31695 
31696 
31697 
31698 
31699 
31700 
31701 
31702 
31703 
31704 
31705 
31706 
31707 
31708 
31709 
31710 
31711 
31712 
31713 
31714 
31715 
31716 
31717 
31718 
31719 
31720 
31721 
31722 
31723 
31724 
31725 
31726 
31727 
31728 
31729 
31730 
31731 
31732 
31733 
31734 
31735 
31736 
31737 
31738 
31739 
31740 
31741 
31742 
31743 
31744 
31745 
31746 
31747 
31748 
31749 
31750 
31751 
31752 
31753 
31754 
31755 
31756 
31757 
31758 
31759 
31760 
31761 
31762 
31763 
31764 
31765 
31766 
31767 
31768 
31769 
31770 
31771 
31772 
31840 
31841 
31842 
31843 
31844 
31845 
31846 
31847 
31848 
31849 
31850 
31851 
31852 
31853 
31854 
31855 
31856 
31857 
31858 
31901 
31902 
31903 
31904 
31905 
31906 
31907 
31908 
31909 
31910 
31911 
31912 
31913 
31914 
31915 
31916 
31917 
31918 
31919 
31920 
31921 
31922 
31957 
31958 
31959 
31960 
31961 
31962 
31963 
31964 
31965 
31966 
31967 
31968 
31969 
31970 
31971 
31972 
31973 
31974 
31975 
31976 
31977 
31978 
31979 
31980 
31981 
31982 
31983 
31984 
31985 
31986 
31987 
31988 
31989 
31990 
31991 
31992 
31993 
31994 
31995 
31996 
31997 
31998 
31999 
32000 
32001 
32002 
32003 
32004 
32005 
32006 
32007 
32008 
32009 
32010 
32011 
32012 
32013 
32014 
32015 
32016 
32017 
32018 
32019 
32020 
32021 
32022 
32023 
32024 
32025 
32026 
32027 
32028 
32029 
32030 
32031 
32032 
32033 
32034 
32035 
32036 
32037 
32038 
32039 
32040 
32041 
32042 
32043 
32044 
32045 
32046 
32047 
32048 
32049 
32050 
32051 
32052 
32053 
32054 
32055 
32056 
32057 
32058 
32059 
32060 
32061 
32062 
32063 
32064 
32065 
32066 
32067 
32068 
32069 
32070 
32071 
32072 
32073 
32074 
32075 
32076 
32077 
32078 
32079 
32080 
32081 
32082 
32083 
32084 
32085 
32086 
32087 
32088 
32089 
32090 
32091 
32092 
32093 
32094 
32095 
32096 
32097 
32098 
32099 
32100 
32101 
32102 
32103 
32104 
32105 
32106 
32107 
32108 
32109 
32110 
32111 
32112 
32113 
32114 
32115 
32116 
32117 
32118 
32119 
32120 
32121 
32122 
32123 
32124 
32125 
32126 
32127 
32128 
32129 
32130 
32131 
32132 
32200 
32201 
32202 
32203 
32204 
32205 
32206 
32207 
32208 
32209 
32210 
32211 
32212 
32213 
32214 
32215 
32216 
32217 
32218 
32261 
32262 
32263 
32264 
32265 
32266 
32267 
32268 
32269 
32270 
32271 
32272 
32273 
32274 
32275 
32276 
32277 
32278 
32279 
32280 
32281 
32318 
32319 
32320 
32321 
32322 
32323 
32324 
32325 
32326 
32327 
32328 
32329 
32330 
32331 
32332 
32333 
32334 
32335 
32336 
32337 
32338 
32339 
32340 
32341 
32342 
32343 
32344 
32345 
32346 
32347 
32348 
32349 
32350 
32351 
32352 
32353 
32354 
32355 
32356 
32357 
32358 
32359 
32360 
32361 
32362 
32363 
32364 
32365 
32366 
32367 
32368 
32369 
32370 
32371 
32372 
32373 
32374 
32375 
32376 
32377 
32378 
32379 
32380 
32381 
32382 
32383 
32384 
32385 
32386 
32387 
32388 
32389 
32390 
32391 
32392 
32393 
32394 
32395 
32396 
32397 
32398 
32399 
32400 
32401 
32402 
32403 
32404 
32405 
32406 
32407 
32408 
32409 
32410 
32411 
32412 
32413 
32414 
32415 
32416 
32417 
32418 
32419 
32420 
32421 
32422 
32423 
32424 
32425 
32426 
32427 
32428 
32429 
32430 
32431 
32432 
32433 
32434 
32435 
32436 
32437 
32438 
32439 
32440 
32441 
32442 
32443 
32444 
32445 
32446 
32447 
32448 
32449 
32450 
32451 
32452 
32453 
32454 
32455 
32456 
32457 
32458 
32459 
32460 
32461 
32462 
32463 
32464 
32465 
32466 
32467 
32468 
32469 
32470 
32471 
32472 
32473 
32474 
32475 
32476 
32477 
32478 
32479 
32480 
32481 
32482 
32483 
32484 
32485 
32486 
32487 
32488 
32489 
32490 
32491 
32492 
32560 
32561 
32562 
32563 
32564 
32565 
32566 
32567 
32568 
32569 
32570 
32571 
32572 
32573 
32574 
32575 
32576 
32577 
32622 
32623 
32624 
32625 
32626 
32627 
32628 
32629 
32630 
32631 
32632 
32633 
32634 
32635 
32636 
32637 
32638 
32639 
32640 
32641 
32678 
32679 
32680 
32681 
32682 
32683 
32684 
32685 
32686 
32687 
32688 
32689 
32690 
32691 
32692 
32693 
32694 
32695 
32696 
32697 
32698 
32699 
32700 
32701 
32702 
32703 
32704 
32705 
32706 
32707 
32708 
32709 
32710 
32711 
32712 
32713 
32714 
32715 
32716 
32717 
32718 
32719 
32720 
32721 
32722 
32723 
32724 
32725 
32726 
32727 
32728 
32729 
32730 
32731 
32732 
32733 
32734 
32735 
32736 
32737 
32738 
32739 
32740 
32741 
32742 
32743 
32744 
32745 
32746 
32747 
32748 
32749 
32750 
32751 
32752 
32753 
32754 
32755 
32756 
32757 
32758 
32759 
32760 
32761 
32762 
32763 
32764 
32765 
32766 
32767 
32768 
32769 
32770 
32771 
32772 
32773 
32774 
32775 
32776 
32777 
32778 
32779 
32780 
32781 
32782 
32783 
32784 
32785 
32786 
32787 
32788 
32789 
32790 
32791 
32792 
32793 
32794 
32795 
32796 
32797 
32798 
32799 
32800 
32801 
32802 
32803 
32804 
32805 
32806 
32807 
32808 
32809 
32810 
32811 
32812 
32813 
32814 
32815 
32816 
32817 
32818 
32819 
32820 
32821 
32822 
32823 
32824 
32825 
32826 
32827 
32828 
32829 
32830 
32831 
32832 
32833 
32834 
32835 
32836 
32837 
32838 
32839 
32840 
32841 
32842 
32843 
32844 
32845 
32846 
32847 
32848 
32849 
32850 
32851 
32852 
32920 
32921 
32922 
32923 
32924 
32925 
32926 
32927 
32928 
32929 
32930 
32931 
32932 
32933 
32934 
32935 
32936 
32983 
32984 
32985 
32986 
32987 
32988 
32989 
32990 
32991 
32992 
32993 
32994 
32995 
32996 
32997 
32998 
32999 
33000 
33039 
33040 
33041 
33042 
33043 
33044 
33045 
33046 
33047 
33048 
33049 
33050 
33051 
33052 
33053 
33054 
33055 
33056 
33057 
33058 
33059 
33060 
33061 
33062 
33063 
33064 
33065 
33066 
33067 
33068 
33069 
33070 
33071 
33072 
33073 
33074 
33075 
33076 
33077 
33078 
33079 
33080 
33081 
33082 
33083 
33084 
33085 
33086 
33087 
33088 
33089 
33090 
33091 
33092 
33093 
33094 
33095 
33096 
33097 
33098 
33099 
33100 
33101 
33102 
33103 
33104 
33105 
33106 
33107 
33108 
33109 
33110 
33111 
33112 
33113 
33114 
33115 
33116 
33117 
33118 
33119 
33120 
33121 
33122 
33123 
33124 
33125 
33126 
33127 
33128 
33129 
33130 
33131 
33132 
33133 
33134 
33135 
33136 
33137 
33138 
33139 
33140 
33141 
33142 
33143 
33144 
33145 
33146 
33147 
33148 
33149 
33150 
33151 
33152 
33153 
33154 
33155 
33156 
33157 
33158 
33159 
33160 
33161 
33162 
33163 
33164 
33165 
33166 
33167 
33168 
33169 
33170 
33171 
33172 
33173 
33174 
33175 
33176 
33177 
33178 
33179 
33180 
33181 
33182 
33183 
33184 
33185 
33186 
33187 
33188 
33189 
33190 
33191 
33192 
33193 
33194 
33195 
33196 
33197 
33198 
33199 
33200 
33201 
33202 
33203 
33204 
33205 
33206 
33207 
33208 
33209 
33210 
33211 
33212 
33280 
33281 
33282 
33283 
33284 
33285 
33286 
33287 
33288 
33289 
33290 
33291 
33292 
33293 
33294 
33295 
33296 
33343 
33344 
33345 
33346 
33347 
33348 
33349 
33350 
33351 
33352 
33353 
33354 
33355 
33356 
33357 
33358 
33359 
33360 
33399 
33400 
33401 
33402 
33403 
33404 
33405 
33406 
33407 
33408 
33409 
33410 
33411 
33412 
33413 
33414 
33415 
33416 
33417 
33418 
33419 
33420 
33421 
33422 
33423 
33424 
33425 
33426 
33427 
33428 
33429 
33430 
33431 
33432 
33433 
33434 
33435 
33436 
33437 
33438 
33439 
33440 
33441 
33442 
33443 
33444 
33445 
33446 
33447 
33448 
33449 
33450 
33451 
33452 
33453 
33454 
33455 
33456 
33457 
33458 
33459 
33460 
33461 
33462 
33463 
33464 
33465 
33466 
33467 
33468 
33469 
33470 
33471 
33472 
33473 
33474 
33475 
33476 
33477 
33478 
33479 
33480 
33481 
33482 
33483 
33484 
33485 
33486 
33487 
33488 
33489 
33490 
33491 
33492 
33493 
33494 
33495 
33496 
33497 
33498 
33499 
33500 
33501 
33502 
33503 
33504 
33505 
33506 
33507 
33508 
33509 
33510 
33511 
33512 
33513 
33514 
33515 
33516 
33517 
33518 
33519 
33520 
33521 
33522 
33523 
33524 
33525 
33526 
33527 
33528 
33529 
33530 
33531 
33532 
33533 
33534 
33535 
33536 
33537 
33538 
33539 
33554 
33555 
33556 
33557 
33558 
33559 
33560 
33561 
33562 
33563 
33564 
33565 
33566 
33567 
33568 
33569 
33570 
33571 
33572 
33573 
33640 
33641 
33642 
33643 
33644 
33645 
33646 
33647 
33648 
33649 
33650 
33651 
33652 
33653 
33654 
33655 
33704 
33705 
33706 
33707 
33708 
33709 
33710 
33711 
33712 
33713 
33714 
33715 
33716 
33717 
33718 
33719 
33760 
33761 
33762 
33763 
33764 
33765 
33766 
33767 
33768 
33769 
33770 
33771 
33772 
33773 
33774 
33775 
33776 
33777 
33778 
33779 
33780 
33781 
33782 
33783 
33784 
33785 
33801 
33802 
33803 
33804 
33805 
33806 
33807 
33808 
33809 
33810 
33811 
33812 
33813 
33814 
33815 
33816 
33817 
33818 
33819 
33820 
33821 
33822 
33823 
33824 
33825 
33826 
33827 
33828 
33829 
33830 
33831 
33832 
33833 
33834 
33835 
33836 
33837 
33838 
33839 
33840 
33841 
33842 
33843 
33844 
33845 
33846 
33847 
33848 
33849 
33850 
33851 
33852 
33853 
33854 
33855 
33856 
33857 
33858 
33859 
33860 
33861 
33862 
33863 
33864 
33865 
33866 
33867 
33868 
33869 
33870 
33871 
33872 
33873 
33874 
33875 
33876 
33877 
33878 
33879 
33880 
33881 
33882 
33883 
33884 
33885 
33886 
33887 
33888 
33889 
33890 
33891 
33892 
33893 
33894 
33895 
33896 
33917 
33918 
33919 
33920 
33921 
33922 
33923 
33924 
33925 
33926 
33927 
33928 
33929 
33930 
33931 
33932 
33933 
34000 
34001 
34002 
34003 
34004 
34005 
34006 
34007 
34008 
34009 
34010 
34011 
34012 
34013 
34014 
34015 
34065 
34066 
34067 
34068 
34069 
34070 
34071 
34072 
34073 
34074 
34075 
34076 
34077 
34078 
34079 
34120 
34121 
34122 
34123 
34124 
34125 
34126 
34127 
34128 
34129 
34130 
34131 
34132 
34133 
34134 
34135 
34136 
34137 
34138 
34139 
34140 
34141 
34164 
34165 
34166 
34167 
34168 
34169 
34170 
34171 
34172 
34173 
34174 
34175 
34176 
34177 
34178 
34179 
34180 
34181 
34182 
34183 
34184 
34185 
34186 
34187 
34188 
34189 
34190 
34191 
34192 
34193 
34194 
34195 
34196 
34197 
34198 
34199 
34200 
34201 
34202 
34203 
34204 
34205 
34206 
34207 
34208 
34209 
34210 
34211 
34212 
34213 
34214 
34215 
34216 
34217 
34218 
34219 
34220 
34221 
34222 
34223 
34224 
34225 
34226 
34227 
34228 
34229 
34230 
34231 
34232 
34233 
34234 
34235 
34236 
34237 
34238 
34239 
34240 
34241 
34242 
34243 
34244 
34245 
34246 
34247 
34248 
34249 
34250 
34251 
34252 
34253 
34279 
34280 
34281 
34282 
34283 
34284 
34285 
34286 
34287 
34288 
34289 
34290 
34291 
34292 
34293 
34359 
34360 
34361 
34362 
34363 
34364 
34365 
34366 
34367 
34368 
34369 
34370 
34371 
34372 
34373 
34374 
34425 
34426 
34427 
34428 
34429 
34430 
34431 
34432 
34433 
34434 
34435 
34436 
34437 
34438 
34439 
34480 
34481 
34482 
34483 
34484 
34485 
34486 
34487 
34488 
34489 
34490 
34491 
34492 
34493 
34494 
34495 
34496 
34497 
34498 
34499 
34527 
34528 
34529 
34530 
34531 
34532 
34533 
34534 
34535 
34536 
34537 
34538 
34539 
34540 
34541 
34542 
34543 
34544 
34545 
34546 
34547 
34548 
34549 
34550 
34551 
34552 
34553 
34554 
34555 
34556 
34557 
34558 
34559 
34560 
34561 
34562 
34563 
34564 
34565 
34566 
34567 
34568 
34569 
34570 
34571 
34572 
34573 
34574 
34575 
34576 
34577 
34578 
34579 
34580 
34581 
34582 
34583 
34584 
34585 
34586 
34587 
34588 
34589 
34590 
34591 
34592 
34593 
34594 
34595 
34596 
34597 
34598 
34599 
34600 
34601 
34602 
34603 
34604 
34605 
34606 
34607 
34608 
34609 
34610 
34611 
34612 
34641 
34642 
34643 
34644 
34645 
34646 
34647 
34648 
34649 
34650 
34651 
34652 
34653 
34719 
34720 
34721 
34722 
34723 
34724 
34725 
34726 
34727 
34728 
34729 
34730 
34731 
34732 
34733 
34734 
34785 
34786 
34787 
34788 
34789 
34790 
34791 
34792 
34793 
34794 
34795 
34796 
34797 
34798 
34799 
34840 
34841 
34842 
34843 
34844 
34845 
34846 
34847 
34848 
34849 
34850 
34851 
34852 
34853 
34854 
34855 
34856 
34857 
34889 
34890 
34891 
34892 
34893 
34894 
34895 
34896 
34897 
34898 
34899 
34900 
34901 
34902 
34903 
34904 
34905 
34906 
34907 
34908 
34909 
34910 
34911 
34912 
34913 
34914 
34915 
34916 
34917 
34918 
34919 
34920 
34921 
34922 
34923 
34924 
34925 
34926 
34927 
34928 
34929 
34930 
34931 
34932 
34933 
34934 
34935 
34936 
34937 
34938 
34939 
34940 
34941 
34942 
34943 
34944 
34945 
34946 
34947 
34948 
34949 
34950 
34951 
34952 
34953 
34954 
34955 
34956 
34957 
34958 
34959 
34960 
34961 
34962 
34963 
34964 
34965 
34966 
34967 
34968 
34969 
34970 
35002 
35003 
35004 
35005 
35006 
35007 
35008 
35009 
35010 
35011 
35012 
35013 
35014 
35079 
35080 
35081 
35082 
35083 
35084 
35085 
35086 
35087 
35088 
35089 
35090 
35091 
35092 
35093 
35146 
35147 
35148 
35149 
35150 
35151 
35152 
35153 
35154 
35155 
35156 
35157 
35158 
35159 
35200 
35201 
35202 
35203 
35204 
35205 
35206 
35207 
35208 
35209 
35210 
35211 
35212 
35213 
35214 
35215 
35251 
35252 
35253 
35254 
35255 
35256 
35257 
35258 
35259 
35260 
35261 
35262 
35263 
35264 
35265 
35266 
35267 
35268 
35269 
35270 
35271 
35272 
35273 
35274 
35275 
35276 
35277 
35278 
35279 
35280 
35281 
35282 
35283 
35284 
35285 
35286 
35287 
35288 
35289 
35290 
35291 
35292 
35293 
35294 
35295 
35296 
35297 
35298 
35299 
35300 
35301 
35302 
35303 
35304 
35305 
35306 
35307 
35308 
35309 
35310 
35311 
35312 
35313 
35314 
35315 
35316 
35317 
35318 
35319 
35320 
35321 
35322 
35323 
35324 
35325 
35326 
35327 
35328 
35329 
35364 
35365 
35366 
35367 
35368 
35369 
35370 
35371 
35372 
35373 
35374 
35438 
35439 
35440 
35441 
35442 
35443 
35444 
35445 
35446 
35447 
35448 
35449 
35450 
35451 
35452 
35453 
35506 
35507 
35508 
35509 
35510 
35511 
35512 
35513 
35514 
35515 
35516 
35517 
35518 
35519 
35560 
35561 
35562 
35563 
35564 
35565 
35566 
35567 
35568 
35569 
35570 
35571 
35572 
35573 
35612 
35613 
35614 
35615 
35616 
35617 
35618 
35619 
35620 
35621 
35622 
35623 
35624 
35625 
35626 
35627 
35628 
35629 
35630 
35631 
35632 
35633 
35634 
35635 
35636 
35637 
35638 
35639 
35640 
35641 
35642 
35643 
35644 
35645 
35646 
35647 
35648 
35649 
35650 
35651 
35652 
35653 
35654 
35655 
35656 
35657 
35658 
35659 
35660 
35661 
35662 
35663 
35664 
35665 
35666 
35667 
35668 
35669 
35670 
35671 
35672 
35673 
35674 
35675 
35676 
35677 
35678 
35679 
35680 
35681 
35682 
35683 
35684 
35685 
35686 
35687 
35725 
35726 
35727 
35728 
35729 
35730 
35731 
35732 
35733 
35734 
35798 
35799 
35800 
35801 
35802 
35803 
35804 
35805 
35806 
35807 
35808 
35809 
35810 
35811 
35812 
35813 
35866 
35867 
35868 
35869 
35870 
35871 
35872 
35873 
35874 
35875 
35876 
35877 
35878 
35879 
35920 
35921 
35922 
35923 
35924 
35925 
35926 
35927 
35928 
35929 
35930 
35931 
35932 
35974 
35975 
35976 
35977 
35978 
35979 
35980 
35981 
35982 
35983 
35984 
35985 
35986 
35987 
35988 
35989 
35990 
35991 
35992 
35993 
35994 
35995 
35996 
35997 
35998 
35999 
36000 
36001 
36002 
36003 
36004 
36005 
36006 
36007 
36008 
36009 
36010 
36011 
36012 
36013 
36014 
36015 
36016 
36017 
36018 
36019 
36020 
36021 
36022 
36023 
36024 
36025 
36026 
36027 
36028 
36029 
36030 
36031 
36032 
36033 
36034 
36035 
36036 
36037 
36038 
36039 
36040 
36041 
36042 
36043 
36044 
36045 
36046 
36086 
36087 
36088 
36089 
36090 
36091 
36092 
36093 
36094 
36095 
36158 
36159 
36160 
36161 
36162 
36163 
36164 
36165 
36166 
36167 
36168 
36169 
36170 
36171 
36172 
36227 
36228 
36229 
36230 
36231 
36232 
36233 
36234 
36235 
36236 
36237 
36238 
36239 
36280 
36281 
36282 
36283 
36284 
36285 
36286 
36287 
36288 
36289 
36290 
36291 
36335 
36336 
36337 
36338 
36339 
36340 
36341 
36342 
36343 
36344 
36345 
36346 
36347 
36348 
36349 
36350 
36351 
36352 
36353 
36354 
36355 
36356 
36357 
36358 
36359 
36360 
36361 
36362 
36363 
36364 
36365 
36366 
36367 
36368 
36369 
36370 
36371 
36372 
36373 
36374 
36375 
36376 
36377 
36378 
36379 
36380 
36381 
36382 
36383 
36384 
36385 
36386 
36387 
36388 
36389 
36390 
36391 
36392 
36393 
36394 
36395 
36396 
36397 
36398 
36399 
36400 
36401 
36402 
36403 
36404 
36405 
36447 
36448 
36449 
36450 
36451 
36452 
36453 
36454 
36455 
36517 
36518 
36519 
36520 
36521 
36522 
36523 
36524 
36525 
36526 
36527 
36528 
36529 
36530 
36531 
36532 
36587 
36588 
36589 
36590 
36591 
36592 
36593 
36594 
36595 
36596 
36597 
36598 
36599 
36640 
36641 
36642 
36643 
36644 
36645 
36646 
36647 
36648 
36649 
36696 
36697 
36698 
36699 
36700 
36701 
36702 
36703 
36704 
36705 
36706 
36707 
36708 
36709 
36710 
36711 
36712 
36713 
36714 
36715 
36716 
36717 
36718 
36719 
36720 
36721 
36722 
36723 
36724 
36725 
36726 
36727 
36728 
36729 
36730 
36731 
36732 
36733 
36734 
36735 
36736 
36737 
36738 
36739 
36740 
36741 
36742 
36743 
36744 
36745 
36746 
36747 
36748 
36749 
36750 
36751 
36752 
36753 
36754 
36755 
36756 
36757 
36758 
36759 
36760 
36761 
36762 
36763 
36764 
36765 
36808 
36809 
36810 
36811 
36812 
36813 
36814 
36815 
36816 
36877 
36878 
36879 
36880 
36881 
36882 
36883 
36884 
36885 
36886 
36887 
36888 
36889 
36890 
36891 
36892 
36947 
36948 
36949 
36950 
36951 
36952 
36953 
36954 
36955 
36956 
36957 
36958 
36959 
37000 
37001 
37002 
37003 
37004 
37005 
37006 
37007 
37008 
37057 
37058 
37059 
37060 
37061 
37062 
37063 
37064 
37065 
37066 
37067 
37068 
37069 
37070 
37071 
37072 
37073 
37074 
37075 
37076 
37077 
37078 
37079 
37080 
37081 
37082 
37083 
37084 
37085 
37086 
37087 
37088 
37089 
37090 
37091 
37092 
37093 
37094 
37095 
37096 
37097 
37098 
37099 
37100 
37101 
37102 
37103 
37104 
37105 
37106 
37107 
37108 
37109 
37110 
37111 
37112 
37113 
37114 
37115 
37116 
37117 
37118 
37119 
37120 
37121 
37122 
37123 
37124 
37169 
37170 
37171 
37172 
37173 
37174 
37175 
37176 
37236 
37237 
37238 
37239 
37240 
37241 
37242 
37243 
37244 
37245 
37246 
37247 
37248 
37249 
37250 
37251 
37252 
37307 
37308 
37309 
37310 
37311 
37312 
37313 
37314 
37315 
37316 
37317 
37318 
37319 
37360 
37361 
37362 
37363 
37364 
37365 
37366 
37367 
37418 
37419 
37420 
37421 
37422 
37423 
37424 
37425 
37426 
37427 
37428 
37429 
37430 
37431 
37432 
37433 
37434 
37435 
37436 
37437 
37438 
37439 
37440 
37441 
37442 
37443 
37444 
37445 
37446 
37447 
37448 
37449 
37450 
37451 
37452 
37453 
37454 
37455 
37456 
37457 
37458 
37459 
37460 
37461 
37462 
37463 
37464 
37465 
37466 
37467 
37468 
37469 
37470 
37471 
37472 
37473 
37474 
37475 
37476 
37477 
37478 
37479 
37480 
37481 
37482 
37483 
37529 
37530 
37531 
37532 
37533 
37534 
37535 
37536 
37537 
37595 
37596 
37597 
37598 
37599 
37600 
37601 
37602 
37603 
37604 
37605 
37606 
37607 
37608 
37609 
37610 
37611 
37612 
37667 
37668 
37669 
37670 
37671 
37672 
37673 
37674 
37675 
37676 
37677 
37678 
37679 
37720 
37721 
37722 
37723 
37724 
37725 
37726 
37727 
37779 
37780 
37781 
37782 
37783 
37784 
37785 
37786 
37787 
37788 
37789 
37790 
37791 
37792 
37793 
37794 
37795 
37796 
37797 
37798 
37799 
37800 
37801 
37802 
37803 
37804 
37805 
37806 
37807 
37808 
37809 
37810 
37811 
37812 
37813 
37814 
37815 
37816 
37817 
37818 
37819 
37820 
37821 
37822 
37823 
37824 
37825 
37826 
37827 
37828 
37829 
37830 
37831 
37832 
37833 
37834 
37835 
37836 
37837 
37838 
37839 
37840 
37841 
37842 
37890 
37891 
37892 
37893 
37894 
37895 
37896 
37897 
37898 
37955 
37956 
37957 
37958 
37959 
37960 
37961 
37962 
37963 
37964 
37965 
37966 
37967 
37968 
37969 
37970 
37971 
37972 
38027 
38028 
38029 
38030 
38031 
38032 
38033 
38034 
38035 
38036 
38037 
38038 
38039 
38080 
38081 
38082 
38083 
38084 
38085 
38086 
38140 
38141 
38142 
38143 
38144 
38145 
38146 
38147 
38148 
38149 
38150 
38151 
38152 
38153 
38154 
38155 
38156 
38157 
38158 
38159 
38160 
38161 
38162 
38163 
38164 
38165 
38166 
38167 
38168 
38169 
38170 
38171 
38172 
38173 
38174 
38175 
38176 
38177 
38178 
38179 
38180 
38181 
38182 
38183 
38184 
38185 
38186 
38187 
38188 
38189 
38190 
38191 
38192 
38193 
38194 
38195 
38196 
38197 
38198 
38199 
38200 
38201 
38202 
38251 
38252 
38253 
38254 
38255 
38256 
38257 
38258 
38314 
38315 
38316 
38317 
38318 
38319 
38320 
38321 
38322 
38323 
38324 
38325 
38326 
38327 
38328 
38329 
38330 
38331 
38332 
38387 
38388 
38389 
38390 
38391 
38392 
38393 
38394 
38395 
38396 
38397 
38398 
38399 
38400 
38439 
38440 
38441 
38442 
38443 
38444 
38445 
38501 
38502 
38503 
38504 
38505 
38506 
38507 
38508 
38509 
38510 
38511 
38512 
38513 
38514 
38515 
38516 
38517 
38518 
38519 
38520 
38521 
38522 
38523 
38524 
38525 
38526 
38527 
38528 
38529 
38530 
38531 
38532 
38533 
38534 
38535 
38536 
38537 
38538 
38539 
38540 
38541 
38542 
38543 
38544 
38545 
38546 
38547 
38548 
38549 
38550 
38551 
38552 
38553 
38554 
38555 
38556 
38557 
38558 
38559 
38560 
38561 
38611 
38612 
38613 
38614 
38615 
38616 
38617 
38618 
38619 
38673 
38674 
38675 
38676 
38677 
38678 
38679 
38680 
38681 
38682 
38683 
38684 
38685 
38686 
38687 
38688 
38689 
38690 
38691 
38692 
38747 
38748 
38749 
38750 
38751 
38752 
38753 
38754 
38755 
38756 
38757 
38758 
38759 
38760 
38799 
38800 
38801 
38802 
38803 
38804 
38861 
38862 
38863 
38864 
38865 
38866 
38867 
38868 
38869 
38870 
38871 
38872 
38873 
38874 
38875 
38876 
38877 
38878 
38879 
38880 
38881 
38882 
38883 
38884 
38885 
38886 
38887 
38888 
38889 
38890 
38891 
38892 
38893 
38894 
38895 
38896 
38897 
38898 
38899 
38900 
38901 
38902 
38903 
38904 
38905 
38906 
38907 
38908 
38909 
38910 
38911 
38912 
38913 
38914 
38915 
38916 
38917 
38918 
38919 
38920 
38921 
38972 
38973 
38974 
38975 
38976 
38977 
38978 
38979 
38980 
39033 
39034 
39035 
39036 
39037 
39038 
39039 
39040 
39041 
39042 
39043 
39044 
39045 
39046 
39047 
39048 
39049 
39050 
39051 
39052 
39107 
39108 
39109 
39110 
39111 
39112 
39113 
39114 
39115 
39116 
39117 
39118 
39119 
39120 
39159 
39160 
39161 
39162 
39163 
39164 
39222 
39223 
39224 
39225 
39226 
39227 
39228 
39229 
39230 
39231 
39232 
39233 
39234 
39235 
39236 
39237 
39238 
39239 
39240 
39241 
39242 
39243 
39244 
39245 
39246 
39247 
39248 
39249 
39250 
39251 
39252 
39253 
39254 
39255 
39256 
39257 
39258 
39259 
39260 
39261 
39262 
39263 
39264 
39265 
39266 
39267 
39268 
39269 
39270 
39271 
39272 
39273 
39274 
39275 
39276 
39277 
39278 
39279 
39280 
39332 
39333 
39334 
39335 
39336 
39337 
39338 
39339 
39340 
39341 
39392 
39393 
39394 
39395 
39396 
39397 
39398 
39399 
39400 
39401 
39402 
39403 
39404 
39405 
39406 
39407 
39408 
39409 
39410 
39411 
39412 
39467 
39468 
39469 
39470 
39471 
39472 
39473 
39474 
39475 
39476 
39477 
39478 
39479 
39480 
39481 
39518 
39519 
39520 
39521 
39522 
39523 
39583 
39584 
39585 
39586 
39587 
39588 
39589 
39590 
39591 
39592 
39593 
39594 
39595 
39596 
39597 
39598 
39599 
39600 
39601 
39602 
39603 
39604 
39605 
39606 
39607 
39608 
39609 
39610 
39611 
39612 
39613 
39614 
39615 
39616 
39617 
39618 
39619 
39620 
39621 
39622 
39623 
39624 
39625 
39626 
39627 
39628 
39629 
39630 
39631 
39632 
39633 
39634 
39635 
39636 
39637 
39638 
39639 
39640 
39692 
39693 
39694 
39695 
39696 
39697 
39698 
39699 
39700 
39701 
39702 
39751 
39752 
39753 
39754 
39755 
39756 
39757 
39758 
39759 
39760 
39761 
39762 
39763 
39764 
39765 
39766 
39767 
39768 
39769 
39770 
39771 
39772 
39827 
39828 
39829 
39830 
39831 
39832 
39833 
39834 
39835 
39836 
39837 
39838 
39839 
39840 
39841 
39878 
39879 
39880 
39881 
39882 
39943 
39944 
39945 
39946 
39947 
39948 
39949 
39950 
39951 
39952 
39953 
39954 
39955 
39956 
39957 
39958 
39959 
39960 
39961 
39962 
39963 
39964 
39965 
39966 
39967 
39968 
39969 
39970 
39971 
39972 
39973 
39974 
39975 
39976 
39977 
39978 
39979 
39980 
39981 
39982 
39983 
39984 
39985 
39986 
39987 
39988 
39989 
39990 
39991 
39992 
39993 
39994 
39995 
39996 
39997 
39998 
39999 
40000 
40053 
40054 
40055 
40056 
40057 
40058 
40059 
40060 
40061 
40062 
40063 
40110 
40111 
40112 
40113 
40114 
40115 
40116 
40117 
40118 
40119 
40120 
40121 
40122 
40123 
40124 
40125 
40126 
40127 
40128 
40129 
40130 
40131 
40132 
40187 
40188 
40189 
40190 
40191 
40192 
40193 
40194 
40195 
40196 
40197 
40198 
40199 
40200 
40201 
40202 
40237 
40238 
40239 
40240 
40241 
40242 
40304 
40305 
40306 
40307 
40308 
40309 
40310 
40311 
40312 
40313 
40314 
40315 
40316 
40317 
40318 
40319 
40320 
40321 
40322 
40323 
40324 
40325 
40326 
40327 
40328 
40329 
40330 
40331 
40332 
40333 
40334 
40335 
40336 
40337 
40338 
40339 
40340 
40341 
40342 
40343 
40344 
40345 
40346 
40347 
40348 
40349 
40350 
40351 
40352 
40353 
40354 
40355 
40356 
40357 
40358 
40359 
40413 
40414 
40415 
40416 
40417 
40418 
40419 
40420 
40421 
40422 
40423 
40424 
40468 
40469 
40470 
40471 
40472 
40473 
40474 
40475 
40476 
40477 
40478 
40479 
40480 
40481 
40482 
40483 
40484 
40485 
40486 
40487 
40488 
40489 
40490 
40491 
40492 
40547 
40548 
40549 
40550 
40551 
40552 
40553 
40554 
40555 
40556 
40557 
40558 
40559 
40560 
40561 
40562 
40563 
40596 
40597 
40598 
40599 
40600 
40601 
40664 
40665 
40666 
40667 
40668 
40669 
40670 
40671 
40672 
40673 
40674 
40675 
40676 
40677 
40678 
40679 
40680 
40681 
40682 
40683 
40684 
40685 
40686 
40687 
40688 
40689 
40690 
40691 
40692 
40693 
40694 
40695 
40696 
40697 
40698 
40699 
40700 
40701 
40702 
40703 
40704 
40705 
40706 
40707 
40708 
40709 
40710 
40711 
40712 
40713 
40714 
40715 
40716 
40717 
40718 
40719 
40773 
40774 
40775 
40776 
40777 
40778 
40779 
40780 
40781 
40782 
40783 
40784 
40785 
40827 
40828 
40829 
40830 
40831 
40832 
40833 
40834 
40835 
40836 
40837 
40838 
40839 
40840 
40841 
40842 
40843 
40844 
40845 
40846 
40847 
40848 
40849 
40850 
40851 
40852 
40853 
40906 
40907 
40908 
40909 
40910 
40911 
40912 
40913 
40914 
40915 
40916 
40917 
40918 
40919 
40920 
40921 
40922 
40923 
40924 
40955 
40956 
40957 
40958 
40959 
40960 
40961 
41025 
41026 
41027 
41028 
41029 
41030 
41031 
41032 
41033 
41034 
41035 
41036 
41037 
41038 
41039 
41040 
41041 
41042 
41043 
41044 
41045 
41046 
41047 
41048 
41049 
41050 
41051 
41052 
41053 
41054 
41055 
41056 
41057 
41058 
41059 
41060 
41061 
41062 
41063 
41064 
41065 
41066 
41067 
41068 
41069 
41070 
41071 
41072 
41073 
41074 
41075 
41076 
41077 
41078 
41079 
41133 
41134 
41135 
41136 
41137 
41138 
41139 
41140 
41141 
41142 
41143 
41144 
41145 
41146 
41186 
41187 
41188 
41189 
41190 
41191 
41192 
41193 
41194 
41195 
41196 
41197 
41198 
41199 
41200 
41201 
41202 
41203 
41204 
41205 
41206 
41207 
41208 
41209 
41210 
41211 
41212 
41213 
41266 
41267 
41268 
41269 
41270 
41271 
41272 
41273 
41274 
41275 
41276 
41277 
41278 
41279 
41280 
41281 
41282 
41283 
41284 
41285 
41315 
41316 
41317 
41318 
41319 
41320 
41321 
41385 
41386 
41387 
41388 
41389 
41390 
41391 
41392 
41393 
41394 
41395 
41396 
41397 
41398 
41399 
41400 
41401 
41402 
41403 
41404 
41405 
41406 
41407 
41408 
41409 
41410 
41411 
41412 
41413 
41414 
41415 
41416 
41417 
41418 
41419 
41420 
41421 
41422 
41423 
41424 
41425 
41426 
41427 
41428 
41429 
41430 
41431 
41432 
41433 
41434 
41435 
41436 
41437 
41438 
41439 
41494 
41495 
41496 
41497 
41498 
41499 
41500 
41501 
41502 
41503 
41504 
41505 
41506 
41507 
41508 
41544 
41545 
41546 
41547 
41548 
41549 
41550 
41551 
41552 
41553 
41554 
41555 
41556 
41557 
41558 
41559 
41560 
41561 
41562 
41563 
41564 
41565 
41566 
41567 
41568 
41569 
41570 
41571 
41572 
41573 
41626 
41627 
41628 
41629 
41630 
41631 
41632 
41633 
41634 
41635 
41636 
41637 
41638 
41639 
41640 
41641 
41642 
41643 
41644 
41645 
41646 
41673 
41674 
41675 
41676 
41677 
41678 
41679 
41680 
41745 
41746 
41747 
41748 
41749 
41750 
41751 
41752 
41753 
41754 
41755 
41756 
41757 
41758 
41759 
41760 
41761 
41762 
41763 
41764 
41765 
41766 
41767 
41768 
41769 
41770 
41771 
41772 
41773 
41774 
41775 
41776 
41777 
41778 
41779 
41780 
41781 
41782 
41783 
41784 
41785 
41786 
41787 
41788 
41789 
41790 
41791 
41792 
41793 
41794 
41795 
41796 
41797 
41798 
41799 
41854 
41855 
41856 
41857 
41858 
41859 
41860 
41861 
41862 
41863 
41864 
41865 
41866 
41867 
41868 
41869 
41870 
41903 
41904 
41905 
41906 
41907 
41908 
41909 
41910 
41911 
41912 
41913 
41914 
41915 
41916 
41917 
41918 
41919 
41920 
41921 
41922 
41923 
41924 
41925 
41926 
41927 
41928 
41929 
41930 
41931 
41932 
41933 
41934 
41985 
41986 
41987 
41988 
41989 
41990 
41991 
41992 
41993 
41994 
41995 
41996 
41997 
41998 
41999 
42000 
42001 
42002 
42003 
42004 
42005 
42006 
42007 
42032 
42033 
42034 
42035 
42036 
42037 
42038 
42039 
42040 
42106 
42107 
42108 
42109 
42110 
42111 
42112 
42113 
42114 
42115 
42116 
42117 
42118 
42119 
42120 
42121 
42122 
42123 
42124 
42125 
42126 
42127 
42128 
42129 
42130 
42131 
42132 
42133 
42134 
42135 
42136 
42137 
42138 
42139 
42140 
42141 
42142 
42143 
42144 
42145 
42146 
42147 
42148 
42149 
42150 
42151 
42152 
42153 
42154 
42155 
42156 
42157 
42158 
42159 
42214 
42215 
42216 
42217 
42218 
42219 
42220 
42221 
42222 
42223 
42224 
42225 
42226 
42227 
42228 
42229 
42230 
42231 
42232 
42260 
42261 
42262 
42263 
42264 
42265 
42266 
42267 
42268 
42269 
42270 
42271 
42272 
42273 
42274 
42275 
42276 
42277 
42278 
42279 
42280 
42281 
42282 
42283 
42284 
42285 
42286 
42287 
42288 
42289 
42290 
42291 
42292 
42293 
42294 
42345 
42346 
42347 
42348 
42349 
42350 
42351 
42352 
42353 
42354 
42355 
42356 
42357 
42358 
42359 
42360 
42361 
42362 
42363 
42364 
42365 
42366 
42367 
42368 
42391 
42392 
42393 
42394 
42395 
42396 
42397 
42398 
42399 
42400 
42466 
42467 
42468 
42469 
42470 
42471 
42472 
42473 
42474 
42475 
42476 
42477 
42478 
42479 
42480 
42481 
42482 
42483 
42484 
42485 
42486 
42487 
42488 
42489 
42490 
42491 
42492 
42493 
42494 
42495 
42496 
42497 
42498 
42499 
42500 
42501 
42502 
42503 
42504 
42505 
42506 
42507 
42508 
42509 
42510 
42511 
42512 
42513 
42514 
42515 
42516 
42517 
42518 
42519 
42574 
42575 
42576 
42577 
42578 
42579 
42580 
42581 
42582 
42583 
42584 
42585 
42586 
42587 
42588 
42589 
42590 
42591 
42592 
42593 
42594 
42595 
42618 
42619 
42620 
42621 
42622 
42623 
42624 
42625 
42626 
42627 
42628 
42629 
42630 
42631 
42632 
42633 
42634 
42635 
42636 
42637 
42638 
42639 
42640 
42641 
42642 
42643 
42644 
42645 
42646 
42647 
42648 
42649 
42650 
42651 
42652 
42653 
42654 
42705 
42706 
42707 
42708 
42709 
42710 
42711 
42712 
42713 
42714 
42715 
42716 
42717 
42718 
42719 
42720 
42721 
42722 
42723 
42724 
42725 
42726 
42727 
42728 
42729 
42730 
42749 
42750 
42751 
42752 
42753 
42754 
42755 
42756 
42757 
42758 
42759 
42826 
42827 
42828 
42829 
42830 
42831 
42832 
42833 
42834 
42835 
42836 
42837 
42838 
42839 
42840 
42841 
42842 
42843 
42844 
42845 
42846 
42847 
42848 
42849 
42850 
42851 
42852 
42853 
42854 
42855 
42856 
42857 
42858 
42859 
42860 
42861 
42862 
42863 
42864 
42865 
42866 
42867 
42868 
42869 
42870 
42871 
42872 
42873 
42874 
42875 
42876 
42877 
42878 
42934 
42935 
42936 
42937 
42938 
42939 
42940 
42941 
42942 
42943 
42944 
42945 
42946 
42947 
42948 
42949 
42950 
42951 
42952 
42953 
42954 
42955 
42956 
42957 
42958 
42974 
42975 
42976 
42977 
42978 
42979 
42980 
42981 
42982 
42983 
42984 
42985 
42986 
42987 
42988 
42989 
42990 
42991 
42992 
42993 
42994 
42995 
42996 
42997 
42998 
42999 
43000 
43001 
43002 
43003 
43004 
43005 
43006 
43007 
43008 
43009 
43010 
43011 
43012 
43013 
43014 
43015 
43064 
43065 
43066 
43067 
43068 
43069 
43070 
43071 
43072 
43073 
43074 
43075 
43076 
43077 
43078 
43079 
43080 
43081 
43082 
43083 
43084 
43085 
43086 
43087 
43088 
43089 
43090 
43091 
43092 
43093 
43106 
43107 
43108 
43109 
43110 
43111 
43112 
43113 
43114 
43115 
43116 
43117 
43118 
43119 
43186 
43187 
43188 
43189 
43190 
43191 
43192 
43193 
43194 
43195 
43196 
43197 
43198 
43199 
43200 
43201 
43202 
43203 
43204 
43205 
43206 
43207 
43208 
43209 
43210 
43211 
43212 
43213 
43214 
43215 
43216 
43217 
43218 
43219 
43220 
43221 
43222 
43223 
43224 
43225 
43226 
43227 
43228 
43229 
43230 
43231 
43232 
43233 
43234 
43235 
43236 
43237 
43238 
43294 
43295 
43296 
43297 
43298 
43299 
43300 
43301 
43302 
43303 
43304 
43305 
43306 
43307 
43308 
43309 
43310 
43311 
43312 
43313 
43314 
43315 
43316 
43317 
43318 
43319 
43320 
43321 
43322 
43323 
43324 
43325 
43326 
43327 
43328 
43329 
43330 
43331 
43332 
43333 
43334 
43335 
43336 
43337 
43338 
43339 
43340 
43341 
43342 
43343 
43344 
43345 
43346 
43347 
43348 
43349 
43350 
43351 
43352 
43353 
43354 
43355 
43356 
43357 
43358 
43359 
43360 
43361 
43362 
43363 
43364 
43365 
43366 
43367 
43368 
43369 
43370 
43371 
43372 
43373 
43374 
43375 
43376 
43423 
43424 
43425 
43426 
43427 
43428 
43429 
43430 
43431 
43432 
43433 
43434 
43435 
43436 
43437 
43438 
43439 
43440 
43441 
43442 
43443 
43444 
43445 
43446 
43447 
43448 
43449 
43450 
43451 
43452 
43453 
43454 
43455 
43456 
43457 
43458 
43459 
43460 
43461 
43462 
43463 
43464 
43465 
43466 
43467 
43468 
43469 
43470 
43471 
43472 
43473 
43474 
43475 
43476 
43477 
43478 
43479 
43547 
43548 
43549 
43550 
43551 
43552 
43553 
43554 
43555 
43556 
43557 
43558 
43559 
43560 
43561 
43562 
43563 
43564 
43565 
43566 
43567 
43568 
43569 
43570 
43571 
43572 
43573 
43574 
43575 
43576 
43577 
43578 
43579 
43580 
43581 
43582 
43583 
43584 
43585 
43586 
43587 
43588 
43589 
43590 
43591 
43592 
43593 
43594 
43595 
43596 
43597 
43598 
43599 
43654 
43655 
43656 
43657 
43658 
43659 
43660 
43661 
43662 
43663 
43664 
43665 
43666 
43667 
43668 
43669 
43670 
43671 
43672 
43673 
43674 
43675 
43676 
43677 
43678 
43679 
43680 
43681 
43682 
43683 
43684 
43685 
43686 
43687 
43688 
43689 
43690 
43691 
43692 
43693 
43694 
43695 
43696 
43697 
43698 
43699 
43700 
43701 
43702 
43703 
43704 
43705 
43706 
43707 
43708 
43709 
43710 
43711 
43712 
43713 
43714 
43715 
43716 
43717 
43718 
43719 
43720 
43721 
43722 
43723 
43724 
43725 
43726 
43727 
43728 
43729 
43730 
43731 
43732 
43733 
43734 
43735 
43736 
43783 
43784 
43785 
43786 
43787 
43788 
43789 
43790 
43791 
43792 
43793 
43794 
43795 
43796 
43797 
43798 
43799 
43800 
43801 
43802 
43803 
43804 
43805 
43806 
43807 
43808 
43809 
43810 
43811 
43812 
43813 
43814 
43815 
43816 
43817 
43818 
43819 
43820 
43821 
43822 
43823 
43824 
43825 
43826 
43827 
43828 
43829 
43830 
43831 
43832 
43833 
43834 
43835 
43836 
43837 
43838 
43839 
43907 
43908 
43909 
43910 
43911 
43912 
43913 
43914 
43915 
43916 
43917 
43918 
43919 
43920 
43921 
43922 
43923 
43924 
43925 
43926 
43927 
43928 
43929 
43930 
43931 
43932 
43933 
43934 
43935 
43936 
43937 
43938 
43939 
43940 
43941 
43942 
43943 
43944 
43945 
43946 
43947 
43948 
43949 
43950 
43951 
43952 
43953 
43954 
43955 
43956 
43957 
43958 
43959 
44014 
44015 
44016 
44017 
44018 
44019 
44020 
44021 
44022 
44023 
44024 
44025 
44026 
44027 
44028 
44029 
44030 
44031 
44032 
44033 
44034 
44035 
44036 
44037 
44038 
44039 
44040 
44041 
44042 
44043 
44044 
44045 
44046 
44047 
44048 
44049 
44050 
44051 
44052 
44053 
44054 
44055 
44056 
44057 
44058 
44059 
44060 
44061 
44062 
44063 
44064 
44065 
44066 
44067 
44068 
44069 
44070 
44071 
44072 
44073 
44074 
44075 
44076 
44077 
44078 
44079 
44080 
44081 
44082 
44083 
44084 
44085 
44086 
44087 
44088 
44089 
44090 
44091 
44092 
44093 
44094 
44095 
44096 
44097 
44142 
44143 
44144 
44145 
44146 
44147 
44148 
44149 
44150 
44151 
44152 
44153 
44154 
44155 
44156 
44157 
44158 
44159 
44160 
44161 
44162 
44163 
44164 
44165 
44166 
44167 
44168 
44169 
44170 
44171 
44172 
44173 
44174 
44175 
44176 
44177 
44178 
44179 
44180 
44181 
44182 
44183 
44184 
44185 
44186 
44187 
44188 
44189 
44190 
44191 
44192 
44193 
44194 
44195 
44196 
44197 
44198 
44199 
44267 
44268 
44269 
44270 
44271 
44272 
44273 
44274 
44275 
44276 
44277 
44278 
44279 
44280 
44281 
44282 
44283 
44284 
44285 
44286 
44287 
44288 
44289 
44290 
44291 
44292 
44293 
44294 
44295 
44296 
44297 
44298 
44299 
44300 
44301 
44302 
44303 
44304 
44305 
44306 
44307 
44308 
44309 
44310 
44311 
44312 
44313 
44314 
44315 
44316 
44317 
44318 
44319 
44374 
44375 
44376 
44377 
44378 
44379 
44380 
44381 
44382 
44383 
44384 
44385 
44386 
44387 
44388 
44389 
44390 
44391 
44392 
44393 
44394 
44395 
44396 
44397 
44398 
44399 
44400 
44401 
44402 
44403 
44404 
44405 
44406 
44407 
44408 
44409 
44410 
44411 
44412 
44413 
44414 
44415 
44416 
44417 
44418 
44419 
44420 
44421 
44422 
44423 
44424 
44425 
44426 
44427 
44428 
44429 
44430 
44431 
44432 
44433 
44434 
44435 
44436 
44437 
44438 
44439 
44440 
44441 
44442 
44443 
44444 
44445 
44446 
44447 
44448 
44449 
44450 
44451 
44452 
44453 
44454 
44455 
44456 
44457 
44458 
44501 
44502 
44503 
44504 
44505 
44506 
44507 
44508 
44509 
44510 
44511 
44512 
44513 
44514 
44515 
44516 
44517 
44518 
44519 
44520 
44521 
44522 
44523 
44524 
44525 
44526 
44527 
44528 
44529 
44530 
44531 
44532 
44533 
44534 
44535 
44536 
44537 
44538 
44539 
44540 
44541 
44542 
44543 
44544 
44545 
44546 
44547 
44548 
44549 
44550 
44551 
44552 
44553 
44554 
44555 
44556 
44557 
44558 
44559 
44627 
44628 
44629 
44630 
44631 
44632 
44633 
44634 
44635 
44636 
44637 
44638 
44639 
44640 
44641 
44642 
44643 
44644 
44645 
44646 
44647 
44648 
44649 
44650 
44651 
44652 
44653 
44654 
44655 
44656 
44657 
44658 
44659 
44660 
44661 
44662 
44663 
44664 
44665 
44666 
44667 
44668 
44669 
44670 
44671 
44672 
44673 
44674 
44675 
44676 
44677 
44678 
44679 
44733 
44734 
44735 
44736 
44737 
44738 
44739 
44740 
44741 
44742 
44743 
44744 
44745 
44746 
44747 
44748 
44749 
44750 
44751 
44752 
44753 
44754 
44755 
44756 
44757 
44758 
44759 
44760 
44761 
44762 
44763 
44764 
44765 
44766 
44767 
44768 
44769 
44770 
44771 
44772 
44773 
44774 
44775 
44776 
44777 
44778 
44779 
44780 
44781 
44782 
44783 
44784 
44785 
44786 
44787 
44788 
44789 
44790 
44791 
44792 
44793 
44794 
44795 
44796 
44797 
44798 
44799 
44800 
44801 
44802 
44803 
44804 
44805 
44806 
44807 
44808 
44809 
44810 
44811 
44812 
44813 
44814 
44815 
44816 
44817 
44818 
44861 
44862 
44863 
44864 
44865 
44866 
44867 
44868 
44869 
44870 
44871 
44872 
44873 
44874 
44875 
44876 
44877 
44878 
44879 
44880 
44881 
44882 
44883 
44884 
44885 
44886 
44887 
44888 
44889 
44890 
44891 
44892 
44893 
44894 
44895 
44896 
44897 
44898 
44899 
44900 
44901 
44902 
44903 
44904 
44905 
44906 
44907 
44908 
44909 
44910 
44911 
44912 
44913 
44914 
44915 
44916 
44917 
44918 
44919 
44987 
44988 
44989 
44990 
44991 
44992 
44993 
44994 
44995 
44996 
44997 
44998 
44999 
45000 
45001 
45002 
45003 
45004 
45005 
45006 
45007 
45008 
45009 
45010 
45011 
45012 
45013 
45014 
45015 
45016 
45017 
45018 
45019 
45020 
45021 
45022 
45023 
45024 
45025 
45026 
45027 
45028 
45029 
45030 
45031 
45032 
45033 
45034 
45035 
45036 
45037 
45038 
45039 
45093 
45094 
45095 
45096 
45097 
45098 
45099 
45100 
45101 
45102 
45103 
45104 
45105 
45106 
45107 
45108 
45109 
45110 
45111 
45112 
45113 
45114 
45115 
45116 
45117 
45118 
45119 
45120 
45121 
45122 
45123 
45124 
45125 
45126 
45127 
45128 
45129 
45130 
45131 
45132 
45133 
45134 
45135 
45136 
45137 
45138 
45139 
45140 
45141 
45142 
45143 
45144 
45145 
45146 
45147 
45148 
45149 
45150 
45151 
45152 
45153 
45154 
45155 
45156 
45157 
45158 
45159 
45160 
45161 
45162 
45163 
45164 
45165 
45166 
45167 
45168 
45169 
45170 
45171 
45172 
45173 
45174 
45175 
45176 
45177 
45178 
45179 
45220 
45221 
45222 
45223 
45224 
45225 
45226 
45227 
45228 
45229 
45230 
45231 
45232 
45233 
45234 
45235 
45236 
45237 
45238 
45239 
45240 
45241 
45242 
45243 
45244 
45245 
45246 
45247 
45248 
45249 
45250 
45251 
45252 
45253 
45254 
45255 
45256 
45257 
45258 
45259 
45260 
45261 
45262 
45263 
45264 
45265 
45266 
45267 
45268 
45269 
45270 
45271 
45272 
45273 
45274 
45275 
45276 
45277 
45278 
45279 
45347 
45348 
45349 
45350 
45351 
45352 
45353 
45354 
45355 
45356 
45357 
45358 
45359 
45360 
45361 
45362 
45363 
45364 
45365 
45366 
45367 
45368 
45369 
45370 
45371 
45372 
45373 
45374 
45375 
45376 
45377 
45378 
45379 
45380 
45381 
45382 
45383 
45384 
45385 
45386 
45387 
45388 
45389 
45390 
45391 
45392 
45393 
45394 
45395 
45396 
45397 
45398 
45399 
45453 
45454 
45455 
45456 
45457 
45458 
45459 
45460 
45461 
45462 
45463 
45464 
45465 
45466 
45467 
45468 
45469 
45470 
45471 
45472 
45473 
45474 
45475 
45476 
45477 
45478 
45479 
45480 
45481 
45482 
45483 
45484 
45485 
45486 
45487 
45488 
45489 
45490 
45491 
45492 
45493 
45494 
45495 
45496 
45497 
45498 
45499 
45500 
45501 
45502 
45503 
45504 
45505 
45506 
45507 
45508 
45509 
45510 
45511 
45512 
45513 
45514 
45515 
45516 
45517 
45518 
45519 
45520 
45521 
45522 
45523 
45524 
45525 
45526 
45527 
45528 
45529 
45530 
45531 
45532 
45533 
45534 
45535 
45536 
45537 
45538 
45539 
45540 
45579 
45580 
45581 
45582 
45583 
45584 
45585 
45586 
45587 
45588 
45589 
45590 
45591 
45592 
45593 
45594 
45595 
45596 
45597 
45598 
45599 
45600 
45601 
45602 
45603 
45604 
45605 
45606 
45607 
45608 
45609 
45610 
45611 
45612 
45613 
45614 
45615 
45616 
45617 
45618 
45619 
45620 
45621 
45622 
45623 
45624 
45625 
45626 
45627 
45628 
45629 
45630 
45631 
45632 
45633 
45634 
45635 
45636 
45637 
45638 
45639 
45707 
45708 
45709 
45710 
45711 
45712 
45713 
45714 
45715 
45716 
45717 
45718 
45719 
45720 
45721 
45722 
45723 
45724 
45725 
45726 
45727 
45728 
45729 
45730 
45731 
45732 
45733 
45734 
45735 
45736 
45737 
45738 
45739 
45740 
45741 
45742 
45743 
45744 
45745 
45746 
45747 
45748 
45749 
45750 
45751 
45752 
45753 
45754 
45755 
45756 
45757 
45758 
45759 
45813 
45814 
45815 
45816 
45817 
45818 
45819 
45820 
45821 
45822 
45823 
45824 
45825 
45826 
45827 
45828 
45829 
45830 
45831 
45832 
45833 
45834 
45835 
45836 
45837 
45838 
45839 
45840 
45841 
45842 
45843 
45844 
45845 
45846 
45847 
45848 
45849 
45850 
45851 
45852 
45853 
45854 
45855 
45856 
45857 
45858 
45859 
45860 
45861 
45862 
45863 
45864 
45865 
45866 
45867 
45868 
45869 
45870 
45871 
45872 
45873 
45874 
45875 
45876 
45877 
45878 
45879 
45880 
45881 
45882 
45883 
45884 
45885 
45886 
45887 
45888 
45889 
45890 
45891 
45892 
45893 
45894 
45895 
45896 
45897 
45898 
45899 
45900 
45901 
45938 
45939 
45940 
45941 
45942 
45943 
45944 
45945 
45946 
45947 
45948 
45949 
45950 
45951 
45952 
45953 
45954 
45955 
45956 
45957 
45958 
45959 
45960 
45961 
45962 
45963 
45964 
45965 
45966 
45967 
45968 
45969 
45970 
45971 
45972 
45973 
45974 
45975 
45976 
45977 
45978 
45979 
45980 
45981 
45982 
45983 
45984 
45985 
45986 
45987 
45988 
45989 
45990 
45991 
45992 
45993 
45994 
45995 
45996 
45997 
45998 
45999 
46067 
46068 
46069 
46070 
46071 
46072 
46073 
46074 
46075 
46076 
46077 
46078 
46079 
46080 
46081 
46082 
46083 
46084 
46085 
46086 
46087 
46088 
46089 
46090 
46091 
46092 
46093 
46094 
46095 
46096 
46097 
46098 
46099 
46100 
46101 
46102 
46103 
46104 
46105 
46106 
46107 
46108 
46109 
46110 
46111 
46112 
46113 
46114 
46115 
46116 
46117 
46118 
46119 
46120 
46173 
46174 
46175 
46176 
46177 
46178 
46179 
46180 
46181 
46182 
46183 
46184 
46185 
46186 
46187 
46188 
46189 
46190 
46191 
46192 
46193 
46194 
46195 
46196 
46197 
46198 
46199 
46200 
46201 
46202 
46203 
46204 
46205 
46206 
46207 
46208 
46209 
46210 
46211 
46212 
46213 
46214 
46215 
46216 
46217 
46218 
46219 
46220 
46221 
46222 
46223 
46224 
46225 
46226 
46227 
46228 
46229 
46230 
46231 
46232 
46233 
46234 
46235 
46236 
46237 
46238 
46239 
46240 
46241 
46242 
46243 
46244 
46245 
46246 
46247 
46248 
46249 
46250 
46251 
46252 
46253 
46254 
46255 
46256 
46257 
46258 
46259 
46260 
46261 
46262 
46263 
46296 
46297 
46298 
46299 
46300 
46301 
46302 
46303 
46304 
46305 
46306 
46307 
46308 
46309 
46310 
46311 
46312 
46313 
46314 
46315 
46316 
46317 
46318 
46319 
46320 
46321 
46322 
46323 
46324 
46325 
46326 
46327 
46328 
46329 
46330 
46331 
46332 
46333 
46334 
46335 
46336 
46337 
46338 
46339 
46340 
46341 
46342 
46343 
46344 
46345 
46346 
46347 
46348 
46349 
46350 
46351 
46352 
46353 
46354 
46355 
46356 
46357 
46358 
46359 
46427 
46428 
46429 
46430 
46431 
46432 
46433 
46434 
46435 
46436 
46437 
46438 
46439 
46440 
46441 
46442 
46443 
46444 
46445 
46446 
46447 
46448 
46449 
46450 
46451 
46452 
46453 
46454 
46455 
46456 
46457 
46458 
46459 
46460 
46461 
46462 
46463 
46464 
46465 
46466 
46467 
46468 
46469 
46470 
46471 
46472 
46473 
46474 
46475 
46476 
46477 
46478 
46479 
46480 
46532 
46533 
46534 
46535 
46536 
46537 
46538 
46539 
46540 
46541 
46542 
46543 
46544 
46545 
46546 
46547 
46548 
46549 
46550 
46551 
46552 
46553 
46554 
46555 
46556 
46557 
46558 
46559 
46560 
46561 
46562 
46563 
46564 
46565 
46566 
46567 
46568 
46569 
46570 
46571 
46572 
46573 
46574 
46575 
46576 
46577 
46578 
46579 
46580 
46581 
46582 
46583 
46584 
46585 
46586 
46587 
46588 
46589 
46590 
46591 
46592 
46593 
46594 
46595 
46596 
46597 
46598 
46599 
46600 
46601 
46602 
46603 
46604 
46605 
46606 
46607 
46608 
46609 
46610 
46611 
46612 
46613 
46614 
46615 
46616 
46617 
46618 
46619 
46620 
46621 
46622 
46623 
46624 
46655 
46656 
46657 
46658 
46659 
46660 
46661 
46662 
46663 
46664 
46665 
46666 
46667 
46668 
46669 
46670 
46671 
46672 
46673 
46674 
46675 
46676 
46677 
46678 
46679 
46680 
46681 
46682 
46683 
46684 
46685 
46686 
46687 
46688 
46689 
46690 
46691 
46692 
46693 
46694 
46695 
46696 
46697 
46698 
46699 
46700 
46701 
46702 
46703 
46704 
46705 
46706 
46707 
46708 
46709 
46710 
46711 
46712 
46713 
46714 
46715 
46716 
46717 
46718 
46719 
46787 
46788 
46789 
46790 
46791 
46792 
46793 
46794 
46795 
46796 
46797 
46798 
46799 
46800 
46801 
46802 
46803 
46804 
46805 
46806 
46807 
46808 
46809 
46810 
46811 
46812 
46813 
46814 
46815 
46816 
46817 
46818 
46819 
46820 
46821 
46822 
46823 
46824 
46825 
46826 
46827 
46828 
46829 
46830 
46831 
46832 
46833 
46834 
46835 
46836 
46837 
46838 
46839 
46840 
46841 
46892 
46893 
46894 
46895 
46896 
46897 
46898 
46899 
46900 
46901 
46902 
46903 
46904 
46905 
46906 
46907 
46908 
46909 
46910 
46911 
46912 
46913 
46914 
46915 
46916 
46917 
46918 
46919 
46920 
46921 
46922 
46923 
46924 
46925 
46926 
46927 
46928 
46929 
46930 
46931 
46932 
46933 
46934 
46935 
46936 
46937 
46938 
46939 
46940 
46941 
46942 
46943 
46944 
46945 
46946 
46947 
46948 
46949 
46950 
46951 
46952 
46953 
46954 
46955 
46956 
46957 
46958 
46959 
46960 
46961 
46962 
46963 
46964 
46965 
46966 
46967 
46968 
46969 
46970 
46971 
46972 
46973 
46974 
46975 
46976 
46977 
46978 
46979 
46980 
46981 
46982 
46983 
46984 
46985 
46986 
47013 
47014 
47015 
47016 
47017 
47018 
47019 
47020 
47021 
47022 
47023 
47024 
47025 
47026 
47027 
47028 
47029 
47030 
47031 
47032 
47033 
47034 
47035 
47036 
47037 
47038 
47039 
47040 
47041 
47042 
47043 
47044 
47045 
47046 
47047 
47048 
47049 
47050 
47051 
47052 
47053 
47054 
47055 
47056 
47057 
47058 
47059 
47060 
47061 
47062 
47063 
47064 
47065 
47066 
47067 
47068 
47069 
47070 
47071 
47072 
47073 
47074 
47075 
47076 
47077 
47078 
47079 
47147 
47148 
47149 
47150 
47151 
47152 
47153 
47154 
47155 
47156 
47157 
47158 
47159 
47160 
47161 
47162 
47163 
47164 
47165 
47166 
47167 
47168 
47169 
47170 
47171 
47172 
47173 
47174 
47175 
47176 
47177 
47178 
47179 
47180 
47181 
47182 
47183 
47184 
47185 
47186 
47187 
47188 
47189 
47190 
47191 
47192 
47193 
47194 
47195 
47196 
47197 
47198 
47199 
47200 
47201 
47251 
47252 
47253 
47254 
47255 
47256 
47257 
47258 
47259 
47260 
47261 
47262 
47263 
47264 
47265 
47266 
47267 
47268 
47269 
47270 
47271 
47272 
47273 
47274 
47275 
47276 
47277 
47278 
47279 
47280 
47281 
47282 
47283 
47284 
47285 
47286 
47287 
47288 
47289 
47290 
47291 
47292 
47293 
47294 
47295 
47296 
47297 
47298 
47299 
47300 
47301 
47302 
47303 
47304 
47305 
47306 
47307 
47308 
47309 
47310 
47311 
47312 
47313 
47314 
47315 
47316 
47317 
47318 
47319 
47320 
47321 
47322 
47323 
47324 
47325 
47326 
47327 
47328 
47329 
47330 
47331 
47332 
47333 
47334 
47335 
47336 
47337 
47338 
47339 
47340 
47341 
47342 
47343 
47344 
47345 
47346 
47347 
47348 
47371 
47372 
47373 
47374 
47375 
47376 
47377 
47378 
47379 
47380 
47381 
47382 
47383 
47384 
47385 
47386 
47387 
47388 
47389 
47390 
47391 
47392 
47393 
47394 
47395 
47396 
47397 
47398 
47399 
47400 
47401 
47402 
47403 
47404 
47405 
47406 
47407 
47408 
47409 
47410 
47411 
47412 
47413 
47414 
47415 
47416 
47417 
47418 
47419 
47420 
47421 
47422 
47423 
47424 
47425 
47426 
47427 
47428 
47429 
47430 
47431 
47432 
47433 
47434 
47435 
47436 
47437 
47438 
47439 
47507 
47508 
47509 
47510 
47511 
47512 
47513 
47514 
47515 
47516 
47517 
47518 
47519 
47520 
47521 
47522 
47523 
47524 
47525 
47526 
47527 
47528 
47529 
47530 
47531 
47532 
47533 
47534 
47535 
47536 
47537 
47538 
47539 
47540 
47541 
47542 
47543 
47544 
47545 
47546 
47547 
47548 
47549 
47550 
47551 
47552 
47553 
47554 
47555 
47556 
47557 
47558 
47559 
47560 
47561 
47611 
47612 
47613 
47614 
47615 
47616 
47617 
47618 
47619 
47620 
47621 
47622 
47623 
47624 
47625 
47626 
47627 
47628 
47629 
47630 
47631 
47632 
47633 
47634 
47635 
47636 
47637 
47638 
47639 
47640 
47641 
47642 
47643 
47644 
47645 
47646 
47647 
47648 
47649 
47650 
47651 
47652 
47653 
47654 
47655 
47656 
47657 
47658 
47659 
47660 
47661 
47662 
47663 
47664 
47665 
47666 
47667 
47668 
47669 
47670 
47671 
47672 
47673 
47674 
47675 
47676 
47677 
47678 
47679 
47680 
47681 
47682 
47683 
47684 
47685 
47686 
47687 
47688 
47689 
47690 
47691 
47692 
47693 
47694 
47695 
47696 
47697 
47698 
47699 
47700 
47701 
47702 
47703 
47704 
47705 
47706 
47707 
47708 
47709 
47710 
47711 
47728 
47729 
47730 
47731 
47732 
47733 
47734 
47735 
47736 
47737 
47738 
47739 
47740 
47741 
47742 
47743 
47744 
47745 
47746 
47747 
47748 
47749 
47750 
47751 
47752 
47753 
47754 
47755 
47756 
47757 
47758 
47759 
47760 
47761 
47762 
47763 
47764 
47765 
47766 
47767 
47768 
47769 
47770 
47771 
47772 
47773 
47774 
47775 
47776 
47777 
47778 
47779 
47780 
47781 
47782 
47783 
47784 
47785 
47786 
47787 
47788 
47789 
47790 
47791 
47792 
47793 
47794 
47795 
47796 
47797 
47798 
47799 
47867 
47868 
47869 
47870 
47871 
47872 
47873 
47874 
47875 
47876 
47877 
47878 
47879 
47880 
47881 
47882 
47883 
47884 
47885 
47886 
47887 
47888 
47889 
47890 
47891 
47892 
47893 
47894 
47895 
47896 
47897 
47898 
47899 
47900 
47901 
47902 
47903 
47904 
47905 
47906 
47907 
47908 
47909 
47910 
47911 
47912 
47913 
47914 
47915 
47916 
47917 
47918 
47919 
47920 
47921 
47922 
47970 
47971 
47972 
47973 
47974 
47975 
47976 
47977 
47978 
47979 
47980 
47981 
47982 
47983 
47984 
47985 
47986 
47987 
47988 
47989 
47990 
47991 
47992 
47993 
47994 
47995 
47996 
47997 
47998 
47999 
48000 
48001 
48002 
48003 
48004 
48005 
48006 
48007 
48008 
48009 
48010 
48011 
48012 
48013 
48014 
48015 
48016 
48017 
48018 
48019 
48020 
48021 
48022 
48023 
48024 
48025 
48026 
48040 
48041 
48042 
48043 
48044 
48045 
48046 
48047 
48048 
48049 
48050 
48051 
48052 
48053 
48054 
48055 
48056 
48057 
48058 
48059 
48060 
48061 
48062 
48063 
48064 
48065 
48066 
48067 
48068 
48069 
48070 
48071 
48072 
48073 
48074 
48075 
48076 
48083 
48084 
48085 
48086 
48087 
48088 
48089 
48090 
48091 
48092 
48093 
48094 
48095 
48096 
48097 
48098 
48099 
48100 
48101 
48102 
48103 
48104 
48105 
48106 
48107 
48108 
48109 
48110 
48111 
48112 
48113 
48114 
48115 
48116 
48117 
48118 
48119 
48133 
48134 
48135 
48136 
48137 
48138 
48139 
48140 
48141 
48142 
48143 
48144 
48145 
48146 
48147 
48148 
48149 
48150 
48151 
48152 
48153 
48154 
48155 
48156 
48157 
48158 
48159 
48226 
48227 
48228 
48229 
48230 
48231 
48232 
48233 
48234 
48235 
48236 
48237 
48238 
48239 
48240 
48241 
48242 
48243 
48244 
48245 
48246 
48247 
48248 
48249 
48250 
48251 
48252 
48253 
48254 
48255 
48256 
48257 
48258 
48259 
48260 
48261 
48262 
48263 
48264 
48265 
48266 
48267 
48268 
48269 
48270 
48271 
48272 
48273 
48274 
48275 
48276 
48277 
48278 
48279 
48280 
48281 
48282 
48283 
48330 
48331 
48332 
48333 
48334 
48335 
48336 
48337 
48338 
48339 
48340 
48341 
48342 
48343 
48344 
48345 
48346 
48347 
48348 
48349 
48350 
48351 
48352 
48353 
48354 
48355 
48356 
48357 
48358 
48359 
48360 
48361 
48362 
48363 
48364 
48365 
48366 
48367 
48368 
48369 
48370 
48371 
48372 
48373 
48374 
48375 
48376 
48377 
48378 
48379 
48380 
48381 
48382 
48383 
48402 
48403 
48404 
48405 
48406 
48407 
48408 
48409 
48410 
48411 
48412 
48413 
48414 
48415 
48416 
48417 
48418 
48419 
48420 
48421 
48422 
48423 
48424 
48425 
48426 
48427 
48428 
48429 
48430 
48431 
48432 
48433 
48434 
48435 
48436 
48437 
48438 
48439 
48440 
48441 
48442 
48443 
48444 
48445 
48446 
48447 
48448 
48449 
48450 
48451 
48452 
48453 
48454 
48455 
48456 
48457 
48458 
48459 
48460 
48461 
48462 
48463 
48464 
48465 
48466 
48467 
48468 
48469 
48470 
48471 
48472 
48473 
48474 
48475 
48476 
48477 
48496 
48497 
48498 
48499 
48500 
48501 
48502 
48503 
48504 
48505 
48506 
48507 
48508 
48509 
48510 
48511 
48512 
48513 
48514 
48515 
48516 
48517 
48518 
48519 
48586 
48587 
48588 
48589 
48590 
48591 
48592 
48593 
48594 
48595 
48596 
48597 
48598 
48599 
48600 
48601 
48602 
48603 
48604 
48605 
48606 
48607 
48608 
48609 
48610 
48611 
48612 
48613 
48614 
48615 
48616 
48617 
48618 
48619 
48620 
48621 
48622 
48623 
48624 
48625 
48626 
48627 
48628 
48629 
48630 
48631 
48632 
48633 
48634 
48635 
48636 
48637 
48638 
48639 
48640 
48641 
48642 
48643 
48689 
48690 
48691 
48692 
48693 
48694 
48695 
48696 
48697 
48698 
48699 
48700 
48701 
48702 
48703 
48704 
48705 
48706 
48707 
48708 
48709 
48710 
48711 
48712 
48713 
48714 
48715 
48716 
48717 
48718 
48719 
48720 
48721 
48722 
48723 
48724 
48725 
48726 
48727 
48728 
48729 
48730 
48731 
48732 
48733 
48734 
48735 
48736 
48737 
48738 
48739 
48740 
48741 
48742 
48764 
48765 
48766 
48767 
48768 
48769 
48770 
48771 
48772 
48773 
48774 
48775 
48776 
48777 
48778 
48779 
48780 
48781 
48782 
48783 
48784 
48785 
48786 
48787 
48788 
48789 
48790 
48791 
48792 
48793 
48794 
48795 
48796 
48797 
48798 
48799 
48800 
48801 
48802 
48803 
48804 
48805 
48806 
48807 
48808 
48809 
48810 
48811 
48812 
48813 
48814 
48815 
48816 
48817 
48818 
48819 
48820 
48821 
48822 
48823 
48824 
48825 
48826 
48827 
48828 
48829 
48830 
48831 
48832 
48833 
48834 
48835 
48857 
48858 
48859 
48860 
48861 
48862 
48863 
48864 
48865 
48866 
48867 
48868 
48869 
48870 
48871 
48872 
48873 
48874 
48875 
48876 
48877 
48878 
48879 
48880 
48946 
48947 
48948 
48949 
48950 
48951 
48952 
48953 
48954 
48955 
48956 
48957 
48958 
48959 
48960 
48961 
48962 
48963 
48964 
48965 
48966 
48967 
48968 
48969 
48970 
48971 
48972 
48973 
48974 
48975 
48976 
48977 
48978 
48979 
48980 
48981 
48982 
48983 
48984 
48985 
48986 
48987 
48988 
48989 
48990 
48991 
48992 
48993 
48994 
48995 
48996 
48997 
48998 
48999 
49000 
49001 
49002 
49003 
49004 
49048 
49049 
49050 
49051 
49052 
49053 
49054 
49055 
49056 
49057 
49058 
49059 
49060 
49061 
49062 
49063 
49064 
49065 
49066 
49067 
49068 
49069 
49070 
49071 
49072 
49073 
49074 
49075 
49076 
49077 
49078 
49079 
49080 
49081 
49082 
49083 
49084 
49085 
49086 
49087 
49088 
49089 
49090 
49091 
49092 
49093 
49094 
49095 
49096 
49097 
49098 
49099 
49100 
49126 
49127 
49128 
49129 
49130 
49131 
49132 
49133 
49134 
49135 
49136 
49137 
49138 
49139 
49140 
49141 
49142 
49143 
49144 
49145 
49146 
49147 
49148 
49149 
49150 
49151 
49152 
49153 
49154 
49155 
49156 
49157 
49158 
49159 
49160 
49161 
49162 
49163 
49164 
49165 
49166 
49167 
49168 
49169 
49170 
49171 
49172 
49173 
49174 
49175 
49176 
49177 
49178 
49179 
49180 
49181 
49182 
49183 
49184 
49185 
49186 
49187 
49188 
49189 
49190 
49191 
49192 
49193 
49219 
49220 
49221 
49222 
49223 
49224 
49225 
49226 
49227 
49228 
49229 
49230 
49231 
49232 
49233 
49234 
49235 
49236 
49237 
49238 
49239 
49240 
49306 
49307 
49308 
49309 
49310 
49311 
49312 
49313 
49314 
49315 
49316 
49317 
49318 
49319 
49320 
49321 
49322 
49323 
49324 
49325 
49326 
49327 
49328 
49329 
49330 
49331 
49332 
49333 
49334 
49335 
49336 
49337 
49338 
49339 
49340 
49341 
49342 
49343 
49344 
49345 
49346 
49347 
49348 
49349 
49350 
49351 
49352 
49353 
49354 
49355 
49356 
49357 
49358 
49359 
49360 
49361 
49362 
49363 
49364 
49365 
49408 
49409 
49410 
49411 
49412 
49413 
49414 
49415 
49416 
49417 
49418 
49419 
49420 
49421 
49422 
49423 
49424 
49425 
49426 
49427 
49428 
49429 
49430 
49431 
49432 
49433 
49434 
49435 
49436 
49437 
49438 
49439 
49440 
49441 
49442 
49443 
49444 
49445 
49446 
49447 
49448 
49449 
49450 
49451 
49452 
49453 
49454 
49455 
49456 
49457 
49458 
49459 
49487 
49488 
49489 
49490 
49491 
49492 
49493 
49494 
49495 
49496 
49497 
49498 
49499 
49500 
49501 
49502 
49503 
49504 
49505 
49506 
49507 
49508 
49509 
49510 
49511 
49512 
49513 
49514 
49515 
49516 
49517 
49518 
49519 
49520 
49521 
49522 
49523 
49524 
49525 
49526 
49527 
49528 
49529 
49530 
49531 
49532 
49533 
49534 
49535 
49536 
49537 
49538 
49539 
49540 
49541 
49542 
49543 
49544 
49545 
49546 
49547 
49548 
49549 
49550 
49551 
49552 
49580 
49581 
49582 
49583 
49584 
49585 
49586 
49587 
49588 
49589 
49590 
49591 
49592 
49593 
49594 
49595 
49596 
49597 
49598 
49599 
49600 
49665 
49666 
49667 
49668 
49669 
49670 
49671 
49672 
49673 
49674 
49675 
49676 
49677 
49678 
49679 
49680 
49681 
49682 
49683 
49684 
49685 
49686 
49687 
49688 
49689 
49690 
49691 
49692 
49693 
49694 
49695 
49696 
49697 
49698 
49699 
49700 
49701 
49702 
49703 
49704 
49705 
49706 
49707 
49708 
49709 
49710 
49711 
49712 
49713 
49714 
49715 
49716 
49717 
49718 
49719 
49720 
49721 
49722 
49723 
49724 
49725 
49726 
49767 
49768 
49769 
49770 
49771 
49772 
49773 
49774 
49775 
49776 
49777 
49778 
49779 
49780 
49781 
49782 
49783 
49784 
49785 
49786 
49787 
49788 
49789 
49790 
49791 
49792 
49793 
49794 
49795 
49796 
49797 
49798 
49799 
49800 
49801 
49802 
49803 
49804 
49805 
49806 
49807 
49808 
49809 
49810 
49811 
49812 
49813 
49814 
49815 
49816 
49817 
49818 
49848 
49849 
49850 
49851 
49852 
49853 
49854 
49855 
49856 
49857 
49858 
49859 
49860 
49861 
49862 
49863 
49864 
49865 
49866 
49867 
49868 
49869 
49870 
49871 
49872 
49873 
49874 
49875 
49876 
49877 
49878 
49879 
49880 
49881 
49882 
49883 
49884 
49885 
49886 
49887 
49888 
49889 
49890 
49891 
49892 
49893 
49894 
49895 
49896 
49897 
49898 
49899 
49900 
49901 
49902 
49903 
49904 
49905 
49906 
49907 
49908 
49909 
49910 
49911 
49941 
49942 
49943 
49944 
49945 
49946 
49947 
49948 
49949 
49950 
49951 
49952 
49953 
49954 
49955 
49956 
49957 
49958 
49959 
49960 
49961 
50025 
50026 
50027 
50028 
50029 
50030 
50031 
50032 
50033 
50034 
50035 
50036 
50037 
50038 
50039 
50040 
50041 
50042 
50043 
50044 
50045 
50046 
50047 
50048 
50049 
50050 
50051 
50052 
50053 
50054 
50055 
50056 
50057 
50058 
50059 
50060 
50061 
50062 
50063 
50064 
50065 
50066 
50067 
50068 
50069 
50070 
50071 
50072 
50073 
50074 
50075 
50076 
50077 
50078 
50079 
50080 
50081 
50082 
50083 
50084 
50085 
50086 
50087 
50126 
50127 
50128 
50129 
50130 
50131 
50132 
50133 
50134 
50135 
50136 
50137 
50138 
50139 
50140 
50141 
50142 
50143 
50144 
50145 
50146 
50147 
50148 
50149 
50150 
50151 
50152 
50153 
50154 
50155 
50156 
50157 
50158 
50159 
50160 
50161 
50162 
50163 
50164 
50165 
50166 
50167 
50168 
50169 
50170 
50171 
50172 
50173 
50174 
50175 
50176 
50177 
50209 
50210 
50211 
50212 
50213 
50214 
50215 
50216 
50217 
50218 
50219 
50220 
50221 
50222 
50223 
50224 
50225 
50226 
50227 
50228 
50229 
50230 
50231 
50232 
50233 
50234 
50235 
50236 
50237 
50238 
50239 
50240 
50241 
50242 
50243 
50244 
50245 
50246 
50247 
50248 
50249 
50250 
50251 
50252 
50253 
50254 
50255 
50256 
50257 
50258 
50259 
50260 
50261 
50262 
50263 
50264 
50265 
50266 
50267 
50268 
50269 
50270 
50302 
50303 
50304 
50305 
50306 
50307 
50308 
50309 
50310 
50311 
50312 
50313 
50314 
50315 
50316 
50317 
50318 
50319 
50320 
50321 
50385 
50386 
50387 
50388 
50389 
50390 
50391 
50392 
50393 
50394 
50395 
50396 
50397 
50398 
50399 
50400 
50401 
50402 
50403 
50404 
50405 
50406 
50407 
50408 
50409 
50410 
50411 
50412 
50413 
50414 
50415 
50416 
50417 
50418 
50419 
50420 
50421 
50422 
50423 
50424 
50425 
50426 
50427 
50428 
50429 
50430 
50431 
50432 
50433 
50434 
50435 
50436 
50437 
50438 
50439 
50440 
50441 
50442 
50443 
50444 
50445 
50446 
50447 
50448 
50485 
50486 
50487 
50488 
50489 
50490 
50491 
50492 
50493 
50494 
50495 
50496 
50497 
50498 
50499 
50500 
50501 
50502 
50503 
50504 
50505 
50506 
50507 
50508 
50509 
50510 
50511 
50512 
50513 
50514 
50515 
50516 
50517 
50518 
50519 
50520 
50521 
50522 
50523 
50524 
50525 
50526 
50527 
50528 
50529 
50530 
50531 
50532 
50533 
50534 
50535 
50536 
50570 
50571 
50572 
50573 
50574 
50575 
50576 
50577 
50578 
50579 
50580 
50581 
50582 
50583 
50584 
50585 
50586 
50587 
50588 
50589 
50590 
50591 
50592 
50593 
50594 
50595 
50596 
50597 
50598 
50599 
50600 
50601 
50602 
50603 
50604 
50605 
50606 
50607 
50608 
50609 
50610 
50611 
50612 
50613 
50614 
50615 
50616 
50617 
50618 
50619 
50620 
50621 
50622 
50623 
50624 
50625 
50626 
50627 
50628 
50629 
50663 
50664 
50665 
50666 
50667 
50668 
50669 
50670 
50671 
50672 
50673 
50674 
50675 
50676 
50677 
50678 
50679 
50680 
50681 
50744 
50745 
50746 
50747 
50748 
50749 
50750 
50751 
50752 
50753 
50754 
50755 
50756 
50757 
50758 
50759 
50760 
50761 
50762 
50763 
50764 
50765 
50766 
50767 
50768 
50769 
50770 
50771 
50772 
50773 
50774 
50775 
50776 
50777 
50778 
50779 
50780 
50781 
50782 
50783 
50784 
50785 
50786 
50787 
50788 
50789 
50790 
50791 
50792 
50793 
50794 
50795 
50796 
50797 
50798 
50799 
50800 
50801 
50802 
50803 
50804 
50805 
50806 
50807 
50808 
50809 
50843 
50844 
50845 
50846 
50847 
50848 
50849 
50850 
50851 
50852 
50853 
50854 
50855 
50856 
50857 
50858 
50859 
50860 
50861 
50862 
50863 
50864 
50865 
50866 
50867 
50868 
50869 
50870 
50871 
50872 
50873 
50874 
50875 
50876 
50877 
50878 
50879 
50880 
50881 
50882 
50883 
50884 
50885 
50886 
50887 
50888 
50889 
50890 
50891 
50892 
50893 
50894 
50895 
50930 
50931 
50932 
50933 
50934 
50935 
50936 
50937 
50938 
50939 
50940 
50941 
50942 
50943 
50944 
50945 
50946 
50947 
50948 
50949 
50950 
50951 
50952 
50953 
50954 
50955 
50956 
50957 
50958 
50959 
50960 
50961 
50962 
50963 
50964 
50965 
50966 
50967 
50968 
50969 
50970 
50971 
50972 
50973 
50974 
50975 
50976 
50977 
50978 
50979 
50980 
50981 
50982 
50983 
50984 
50985 
50986 
50987 
50988 
50989 
51024 
51025 
51026 
51027 
51028 
51029 
51030 
51031 
51032 
51033 
51034 
51035 
51036 
51037 
51038 
51039 
51040 
51041 
51042 
51104 
51105 
51106 
51107 
51108 
51109 
51110 
51111 
51112 
51113 
51114 
51115 
51116 
51117 
51118 
51119 
51120 
51121 
51122 
51123 
51124 
51125 
51126 
51127 
51128 
51129 
51130 
51131 
51132 
51133 
51134 
51135 
51136 
51137 
51138 
51139 
51140 
51141 
51142 
51143 
51144 
51145 
51146 
51147 
51148 
51149 
51150 
51151 
51152 
51153 
51154 
51155 
51156 
51157 
51158 
51159 
51160 
51161 
51162 
51163 
51164 
51165 
51166 
51167 
51168 
51169 
51170 
51202 
51203 
51204 
51205 
51206 
51207 
51208 
51209 
51210 
51211 
51212 
51213 
51214 
51215 
51216 
51217 
51218 
51219 
51220 
51221 
51222 
51223 
51224 
51225 
51226 
51227 
51228 
51229 
51230 
51231 
51232 
51233 
51234 
51235 
51236 
51237 
51238 
51239 
51240 
51241 
51242 
51243 
51244 
51245 
51246 
51247 
51248 
51249 
51250 
51251 
51252 
51253 
51254 
51255 
51291 
51292 
51293 
51294 
51295 
51296 
51297 
51298 
51299 
51300 
51301 
51302 
51303 
51304 
51305 
51306 
51307 
51308 
51309 
51310 
51311 
51312 
51313 
51314 
51315 
51316 
51317 
51318 
51319 
51320 
51321 
51322 
51323 
51324 
51325 
51326 
51327 
51328 
51329 
51330 
51331 
51332 
51333 
51334 
51335 
51336 
51337 
51338 
51339 
51340 
51341 
51342 
51343 
51344 
51345 
51346 
51347 
51348 
51384 
51385 
51386 
51387 
51388 
51389 
51390 
51391 
51392 
51393 
51394 
51395 
51396 
51397 
51398 
51399 
51400 
51401 
51402 
51463 
51464 
51465 
51466 
51467 
51468 
51469 
51470 
51471 
51472 
51473 
51474 
51475 
51476 
51477 
51478 
51479 
51480 
51481 
51482 
51483 
51484 
51485 
51486 
51487 
51488 
51489 
51490 
51491 
51492 
51493 
51494 
51495 
51496 
51497 
51498 
51499 
51500 
51501 
51502 
51503 
51504 
51505 
51506 
51507 
51508 
51509 
51510 
51511 
51512 
51513 
51514 
51515 
51516 
51517 
51518 
51519 
51520 
51521 
51522 
51523 
51524 
51525 
51526 
51527 
51528 
51529 
51530 
51531 
51532 
51560 
51561 
51562 
51563 
51564 
51565 
51566 
51567 
51568 
51569 
51570 
51571 
51572 
51573 
51574 
51575 
51576 
51577 
51578 
51579 
51580 
51581 
51582 
51583 
51584 
51585 
51586 
51587 
51588 
51589 
51590 
51591 
51592 
51593 
51594 
51595 
51596 
51597 
51598 
51599 
51600 
51601 
51602 
51603 
51604 
51605 
51606 
51607 
51608 
51609 
51610 
51611 
51612 
51613 
51614 
51652 
51653 
51654 
51655 
51656 
51657 
51658 
51659 
51660 
51661 
51662 
51663 
51664 
51665 
51666 
51667 
51668 
51669 
51670 
51671 
51672 
51673 
51674 
51675 
51676 
51677 
51678 
51679 
51680 
51681 
51682 
51683 
51684 
51685 
51686 
51687 
51688 
51689 
51690 
51691 
51692 
51693 
51694 
51695 
51696 
51697 
51698 
51699 
51700 
51701 
51702 
51703 
51704 
51705 
51706 
51707 
51745 
51746 
51747 
51748 
51749 
51750 
51751 
51752 
51753 
51754 
51755 
51756 
51757 
51758 
51759 
51760 
51761 
51762 
51763 
51823 
51824 
51825 
51826 
51827 
51828 
51829 
51830 
51831 
51832 
51833 
51834 
51835 
51836 
51837 
51838 
51839 
51840 
51841 
51842 
51843 
51844 
51845 
51846 
51847 
51848 
51849 
51850 
51851 
51852 
51853 
51854 
51855 
51856 
51857 
51858 
51859 
51860 
51861 
51862 
51863 
51864 
51865 
51866 
51867 
51868 
51869 
51870 
51871 
51872 
51873 
51874 
51875 
51876 
51877 
51878 
51879 
51880 
51881 
51882 
51883 
51884 
51885 
51886 
51887 
51888 
51889 
51890 
51891 
51892 
51893 
51894 
51918 
51919 
51920 
51921 
51922 
51923 
51924 
51925 
51926 
51927 
51928 
51929 
51930 
51931 
51932 
51933 
51934 
51935 
51936 
51937 
51938 
51939 
51940 
51941 
51942 
51943 
51944 
51945 
51946 
51947 
51948 
51949 
51950 
51951 
51952 
51953 
51954 
51955 
51956 
51957 
51958 
51959 
51960 
51961 
51962 
51963 
51964 
51965 
51966 
51967 
51968 
51969 
51970 
51971 
51972 
51973 
51974 
52012 
52013 
52014 
52015 
52016 
52017 
52018 
52019 
52020 
52021 
52022 
52023 
52024 
52025 
52026 
52027 
52028 
52029 
52030 
52031 
52032 
52033 
52034 
52035 
52036 
52037 
52038 
52039 
52040 
52041 
52042 
52043 
52044 
52045 
52046 
52047 
52048 
52049 
52050 
52051 
52052 
52053 
52054 
52055 
52056 
52057 
52058 
52059 
52060 
52061 
52062 
52063 
52064 
52065 
52066 
52067 
52105 
52106 
52107 
52108 
52109 
52110 
52111 
52112 
52113 
52114 
52115 
52116 
52117 
52118 
52119 
52120 
52121 
52122 
52123 
52124 
52182 
52183 
52184 
52185 
52186 
52187 
52188 
52189 
52190 
52191 
52192 
52193 
52194 
52195 
52196 
52197 
52198 
52199 
52200 
52201 
52202 
52203 
52204 
52205 
52206 
52207 
52208 
52209 
52210 
52211 
52212 
52213 
52214 
52215 
52216 
52217 
52218 
52219 
52220 
52221 
52222 
52223 
52224 
52225 
52226 
52227 
52228 
52229 
52230 
52231 
52232 
52233 
52234 
52235 
52236 
52237 
52238 
52239 
52240 
52241 
52242 
52243 
52244 
52245 
52246 
52247 
52248 
52249 
52250 
52251 
52252 
52253 
52254 
52255 
52256 
52257 
52276 
52277 
52278 
52279 
52280 
52281 
52282 
52283 
52284 
52285 
52286 
52287 
52288 
52289 
52290 
52291 
52292 
52293 
52294 
52295 
52296 
52297 
52298 
52299 
52300 
52301 
52302 
52303 
52304 
52305 
52306 
52307 
52308 
52309 
52310 
52311 
52312 
52313 
52314 
52315 
52316 
52317 
52318 
52319 
52320 
52321 
52322 
52323 
52324 
52325 
52326 
52327 
52328 
52329 
52330 
52331 
52332 
52333 
52373 
52374 
52375 
52376 
52377 
52378 
52379 
52380 
52381 
52382 
52383 
52384 
52385 
52386 
52387 
52388 
52389 
52390 
52391 
52392 
52393 
52394 
52395 
52396 
52397 
52398 
52399 
52400 
52401 
52402 
52403 
52404 
52405 
52406 
52407 
52408 
52409 
52410 
52411 
52412 
52413 
52414 
52415 
52416 
52417 
52418 
52419 
52420 
52421 
52422 
52423 
52424 
52425 
52426 
52466 
52467 
52468 
52469 
52470 
52471 
52472 
52473 
52474 
52475 
52476 
52477 
52478 
52479 
52480 
52481 
52482 
52483 
52484 
52541 
52542 
52543 
52544 
52545 
52546 
52547 
52548 
52549 
52550 
52551 
52552 
52553 
52554 
52555 
52556 
52557 
52558 
52559 
52560 
52561 
52562 
52563 
52564 
52565 
52566 
52567 
52568 
52569 
52570 
52571 
52572 
52573 
52574 
52575 
52576 
52577 
52578 
52579 
52580 
52581 
52582 
52583 
52584 
52585 
52586 
52587 
52588 
52589 
52590 
52591 
52592 
52593 
52594 
52595 
52596 
52597 
52598 
52599 
52600 
52601 
52602 
52603 
52604 
52605 
52606 
52607 
52608 
52609 
52610 
52611 
52612 
52613 
52614 
52615 
52616 
52617 
52618 
52619 
52620 
52632 
52633 
52634 
52635 
52636 
52637 
52638 
52639 
52640 
52641 
52642 
52643 
52644 
52645 
52646 
52647 
52648 
52649 
52650 
52651 
52652 
52653 
52654 
52655 
52656 
52657 
52658 
52659 
52660 
52661 
52662 
52663 
52664 
52665 
52666 
52667 
52668 
52669 
52670 
52671 
52672 
52673 
52674 
52675 
52676 
52677 
52678 
52679 
52680 
52681 
52682 
52683 
52684 
52685 
52686 
52687 
52688 
52689 
52690 
52691 
52692 
52693 
52733 
52734 
52735 
52736 
52737 
52738 
52739 
52740 
52741 
52742 
52743 
52744 
52745 
52746 
52747 
52748 
52749 
52750 
52751 
52752 
52753 
52754 
52755 
52756 
52757 
52758 
52759 
52760 
52761 
52762 
52763 
52764 
52765 
52766 
52767 
52768 
52769 
52770 
52771 
52772 
52773 
52774 
52775 
52776 
52777 
52778 
52779 
52780 
52781 
52782 
52783 
52784 
52785 
52786 
52826 
52827 
52828 
52829 
52830 
52831 
52832 
52833 
52834 
52835 
52836 
52837 
52838 
52839 
52840 
52841 
52842 
52843 
52844 
52845 
52901 
52902 
52903 
52904 
52905 
52906 
52907 
52908 
52909 
52910 
52911 
52912 
52913 
52914 
52915 
52916 
52917 
52918 
52919 
52920 
52921 
52922 
52923 
52924 
52925 
52926 
52927 
52928 
52929 
52930 
52931 
52932 
52933 
52934 
52935 
52936 
52937 
52938 
52939 
52940 
52941 
52942 
52943 
52944 
52945 
52946 
52947 
52948 
52949 
52950 
52951 
52952 
52953 
52954 
52955 
52956 
52957 
52958 
52959 
52960 
52961 
52962 
52963 
52964 
52965 
52966 
52967 
52968 
52969 
52970 
52971 
52972 
52973 
52974 
52975 
52976 
52977 
52978 
52979 
52980 
52981 
52982 
52983 
52984 
52985 
52986 
52987 
52988 
52989 
52990 
52991 
52992 
52993 
52994 
52995 
52996 
52997 
52998 
52999 
53000 
53001 
53002 
53003 
53004 
53005 
53006 
53007 
53008 
53009 
53010 
53011 
53012 
53013 
53014 
53015 
53016 
53017 
53018 
53019 
53020 
53021 
53022 
53023 
53024 
53025 
53026 
53027 
53028 
53029 
53030 
53031 
53032 
53033 
53034 
53035 
53036 
53037 
53038 
53039 
53040 
53041 
53042 
53043 
53044 
53045 
53046 
53047 
53048 
53049 
53050 
53051 
53052 
53093 
53094 
53095 
53096 
53097 
53098 
53099 
53100 
53101 
53102 
53103 
53104 
53105 
53106 
53107 
53108 
53109 
53110 
53111 
53112 
53113 
53114 
53115 
53116 
53117 
53118 
53119 
53120 
53121 
53122 
53123 
53124 
53125 
53126 
53127 
53128 
53129 
53130 
53131 
53132 
53133 
53134 
53135 
53136 
53137 
53138 
53139 
53140 
53141 
53142 
53143 
53144 
53145 
53146 
53187 
53188 
53189 
53190 
53191 
53192 
53193 
53194 
53195 
53196 
53197 
53198 
53199 
53200 
53201 
53202 
53203 
53204 
53205 
53206 
53260 
53261 
53262 
53263 
53264 
53265 
53266 
53267 
53268 
53269 
53270 
53271 
53272 
53273 
53274 
53275 
53276 
53277 
53278 
53279 
53280 
53281 
53282 
53283 
53284 
53285 
53286 
53287 
53288 
53289 
53290 
53291 
53292 
53293 
53294 
53295 
53296 
53297 
53298 
53299 
53300 
53301 
53302 
53303 
53304 
53305 
53306 
53307 
53308 
53309 
53310 
53311 
53312 
53313 
53314 
53315 
53316 
53317 
53318 
53319 
53320 
53321 
53322 
53323 
53324 
53325 
53326 
53327 
53328 
53329 
53330 
53331 
53332 
53333 
53334 
53335 
53336 
53337 
53338 
53339 
53340 
53341 
53342 
53343 
53344 
53345 
53346 
53347 
53348 
53349 
53350 
53351 
53352 
53353 
53354 
53355 
53356 
53357 
53358 
53359 
53360 
53361 
53362 
53363 
53364 
53365 
53366 
53367 
53368 
53369 
53370 
53371 
53372 
53373 
53374 
53375 
53376 
53377 
53378 
53379 
53380 
53381 
53382 
53383 
53384 
53385 
53386 
53387 
53388 
53389 
53390 
53391 
53392 
53393 
53394 
53395 
53396 
53397 
53398 
53399 
53400 
53401 
53402 
53403 
53404 
53405 
53406 
53407 
53408 
53409 
53410 
53411 
53412 
53453 
53454 
53455 
53456 
53457 
53458 
53459 
53460 
53461 
53462 
53463 
53464 
53465 
53466 
53467 
53468 
53469 
53470 
53471 
53472 
53473 
53474 
53475 
53476 
53477 
53478 
53479 
53480 
53481 
53482 
53483 
53484 
53485 
53486 
53487 
53488 
53489 
53490 
53491 
53492 
53493 
53494 
53495 
53496 
53497 
53498 
53499 
53500 
53501 
53502 
53503 
53504 
53505 
53506 
53547 
53548 
53549 
53550 
53551 
53552 
53553 
53554 
53555 
53556 
53557 
53558 
53559 
53560 
53561 
53562 
53563 
53564 
53565 
53566 
53567 
53619 
53620 
53621 
53622 
53623 
53624 
53625 
53626 
53627 
53628 
53629 
53630 
53631 
53632 
53633 
53634 
53635 
53636 
53637 
53638 
53639 
53640 
53641 
53642 
53643 
53644 
53645 
53646 
53647 
53648 
53649 
53650 
53651 
53652 
53653 
53654 
53655 
53656 
53657 
53658 
53659 
53660 
53661 
53662 
53663 
53664 
53665 
53666 
53667 
53668 
53669 
53670 
53671 
53672 
53673 
53674 
53675 
53676 
53677 
53678 
53679 
53680 
53681 
53682 
53683 
53684 
53685 
53686 
53687 
53688 
53689 
53690 
53691 
53692 
53693 
53694 
53695 
53696 
53697 
53698 
53699 
53700 
53701 
53702 
53703 
53704 
53705 
53706 
53707 
53708 
53709 
53710 
53711 
53712 
53713 
53714 
53715 
53716 
53717 
53718 
53719 
53720 
53721 
53722 
53723 
53724 
53725 
53726 
53727 
53728 
53729 
53730 
53731 
53732 
53733 
53734 
53735 
53736 
53737 
53738 
53739 
53740 
53741 
53742 
53743 
53744 
53745 
53746 
53747 
53748 
53749 
53750 
53751 
53752 
53753 
53754 
53755 
53756 
53757 
53758 
53759 
53760 
53761 
53762 
53763 
53764 
53765 
53766 
53767 
53768 
53769 
53770 
53771 
53772 
53814 
53815 
53816 
53817 
53818 
53819 
53820 
53821 
53822 
53823 
53824 
53825 
53826 
53827 
53828 
53829 
53830 
53831 
53832 
53833 
53834 
53835 
53836 
53837 
53838 
53839 
53840 
53841 
53842 
53843 
53844 
53845 
53846 
53847 
53848 
53849 
53850 
53851 
53852 
53853 
53854 
53855 
53856 
53857 
53858 
53859 
53860 
53861 
53862 
53863 
53864 
53865 
53907 
53908 
53909 
53910 
53911 
53912 
53913 
53914 
53915 
53916 
53917 
53918 
53919 
53920 
53921 
53922 
53923 
53924 
53925 
53926 
53927 
53978 
53979 
53980 
53981 
53982 
53983 
53984 
53985 
53986 
53987 
53988 
53989 
53990 
53991 
53992 
53993 
53994 
53995 
53996 
53997 
53998 
53999 
54000 
54001 
54002 
54003 
54004 
54005 
54006 
54007 
54008 
54009 
54010 
54011 
54012 
54013 
54014 
54015 
54016 
54017 
54018 
54019 
54020 
54021 
54022 
54023 
54024 
54025 
54026 
54027 
54028 
54029 
54030 
54031 
54032 
54033 
54034 
54035 
54036 
54037 
54038 
54039 
54040 
54041 
54042 
54043 
54044 
54045 
54046 
54047 
54048 
54049 
54050 
54051 
54052 
54053 
54054 
54055 
54056 
54057 
54058 
54059 
54060 
54061 
54062 
54063 
54064 
54065 
54066 
54067 
54068 
54069 
54070 
54071 
54072 
54073 
54074 
54075 
54076 
54077 
54078 
54079 
54080 
54081 
54082 
54083 
54084 
54085 
54086 
54087 
54088 
54089 
54090 
54091 
54092 
54093 
54094 
54095 
54096 
54097 
54098 
54099 
54100 
54101 
54102 
54103 
54104 
54105 
54106 
54107 
54108 
54109 
54110 
54111 
54112 
54113 
54114 
54115 
54116 
54117 
54118 
54119 
54120 
54121 
54122 
54123 
54124 
54125 
54126 
54127 
54128 
54129 
54130 
54131 
54132 
54174 
54175 
54176 
54177 
54178 
54179 
54180 
54181 
54182 
54183 
54184 
54185 
54186 
54187 
54188 
54189 
54190 
54191 
54192 
54193 
54194 
54195 
54196 
54197 
54198 
54199 
54200 
54201 
54202 
54203 
54204 
54205 
54206 
54207 
54208 
54209 
54210 
54211 
54212 
54213 
54214 
54215 
54216 
54217 
54218 
54219 
54220 
54221 
54222 
54223 
54224 
54225 
54267 
54268 
54269 
54270 
54271 
54272 
54273 
54274 
54275 
54276 
54277 
54278 
54279 
54280 
54281 
54282 
54283 
54284 
54285 
54286 
54287 
54288 
54337 
54338 
54339 
54340 
54341 
54342 
54343 
54344 
54345 
54346 
54347 
54348 
54349 
54350 
54351 
54352 
54353 
54354 
54355 
54356 
54357 
54358 
54359 
54360 
54361 
54362 
54363 
54364 
54365 
54366 
54367 
54368 
54369 
54370 
54371 
54372 
54373 
54374 
54375 
54376 
54377 
54378 
54379 
54380 
54381 
54382 
54383 
54384 
54385 
54386 
54387 
54388 
54389 
54390 
54391 
54392 
54393 
54394 
54395 
54396 
54397 
54398 
54399 
54400 
54401 
54402 
54403 
54404 
54405 
54406 
54407 
54408 
54409 
54410 
54411 
54412 
54413 
54414 
54415 
54416 
54417 
54418 
54419 
54420 
54421 
54422 
54423 
54424 
54425 
54426 
54427 
54428 
54429 
54430 
54431 
54432 
54433 
54434 
54435 
54436 
54437 
54438 
54439 
54440 
54441 
54442 
54443 
54444 
54445 
54446 
54447 
54448 
54449 
54450 
54451 
54452 
54453 
54454 
54455 
54456 
54457 
54458 
54459 
54460 
54461 
54462 
54463 
54464 
54465 
54466 
54467 
54468 
54469 
54470 
54471 
54472 
54473 
54474 
54475 
54476 
54477 
54478 
54479 
54480 
54481 
54482 
54483 
54484 
54485 
54486 
54487 
54488 
54489 
54490 
54491 
54492 
54534 
54535 
54536 
54537 
54538 
54539 
54540 
54541 
54542 
54543 
54544 
54545 
54546 
54547 
54548 
54549 
54550 
54551 
54552 
54553 
54554 
54555 
54556 
54557 
54558 
54559 
54560 
54561 
54562 
54563 
54564 
54565 
54566 
54567 
54568 
54569 
54570 
54571 
54572 
54573 
54574 
54575 
54576 
54577 
54578 
54579 
54580 
54581 
54582 
54583 
54584 
54585 
54627 
54628 
54629 
54630 
54631 
54632 
54633 
54634 
54635 
54636 
54637 
54638 
54639 
54640 
54641 
54642 
54643 
54644 
54645 
54646 
54647 
54648 
54649 
54696 
54697 
54698 
54699 
54700 
54701 
54702 
54703 
54704 
54705 
54706 
54707 
54708 
54709 
54710 
54711 
54712 
54713 
54714 
54715 
54716 
54717 
54718 
54719 
54720 
54721 
54722 
54723 
54724 
54725 
54726 
54727 
54728 
54729 
54730 
54731 
54732 
54733 
54734 
54735 
54736 
54737 
54738 
54739 
54740 
54741 
54742 
54743 
54744 
54745 
54746 
54747 
54748 
54749 
54750 
54751 
54752 
54753 
54754 
54755 
54756 
54757 
54758 
54759 
54760 
54761 
54762 
54763 
54764 
54765 
54766 
54767 
54768 
54769 
54770 
54771 
54772 
54773 
54774 
54775 
54776 
54777 
54778 
54779 
54780 
54781 
54782 
54783 
54784 
54785 
54786 
54787 
54788 
54789 
54790 
54791 
54792 
54793 
54794 
54795 
54796 
54797 
54798 
54799 
54800 
54801 
54802 
54803 
54804 
54805 
54806 
54807 
54808 
54809 
54810 
54811 
54812 
54813 
54814 
54815 
54816 
54817 
54818 
54819 
54820 
54821 
54822 
54823 
54824 
54825 
54826 
54827 
54828 
54829 
54830 
54831 
54832 
54833 
54834 
54835 
54836 
54837 
54838 
54839 
54840 
54841 
54842 
54843 
54844 
54845 
54846 
54847 
54848 
54849 
54850 
54851 
54852 
54894 
54895 
54896 
54897 
54898 
54899 
54900 
54901 
54902 
54903 
54904 
54905 
54906 
54907 
54908 
54909 
54910 
54911 
54912 
54913 
54914 
54915 
54916 
54917 
54918 
54919 
54920 
54921 
54922 
54923 
54924 
54925 
54926 
54927 
54928 
54929 
54930 
54931 
54932 
54933 
54934 
54935 
54936 
54937 
54938 
54939 
54940 
54941 
54942 
54943 
54944 
54945 
54987 
54988 
54989 
54990 
54991 
54992 
54993 
54994 
54995 
54996 
54997 
54998 
54999 
55000 
55001 
55002 
55003 
55004 
55005 
55006 
55007 
55008 
55009 
55010 
55011 
55055 
55056 
55057 
55058 
55059 
55060 
55061 
55062 
55063 
55064 
55065 
55066 
55067 
55068 
55069 
55070 
55071 
55072 
55073 
55074 
55075 
55076 
55077 
55078 
55079 
55080 
55081 
55082 
55083 
55084 
55085 
55086 
55087 
55088 
55089 
55090 
55091 
55092 
55093 
55094 
55095 
55096 
55097 
55098 
55099 
55100 
55101 
55102 
55103 
55104 
55105 
55106 
55107 
55108 
55109 
55110 
55111 
55112 
55113 
55114 
55115 
55116 
55117 
55118 
55119 
55120 
55121 
55122 
55123 
55124 
55125 
55126 
55127 
55128 
55129 
55130 
55131 
55132 
55133 
55134 
55135 
55136 
55137 
55138 
55139 
55140 
55141 
55142 
55143 
55144 
55145 
55146 
55147 
55148 
55149 
55150 
55151 
55152 
55153 
55154 
55155 
55156 
55157 
55158 
55159 
55160 
55161 
55162 
55163 
55164 
55165 
55166 
55167 
55168 
55169 
55170 
55171 
55172 
55173 
55174 
55175 
55176 
55177 
55178 
55179 
55180 
55181 
55182 
55183 
55184 
55185 
55186 
55187 
55188 
55189 
55190 
55191 
55192 
55193 
55194 
55195 
55196 
55197 
55198 
55199 
55200 
55201 
55202 
55203 
55204 
55205 
55206 
55207 
55208 
55209 
55210 
55211 
55212 
55254 
55255 
55256 
55257 
55258 
55259 
55260 
55261 
55262 
55263 
55264 
55265 
55266 
55267 
55268 
55269 
55270 
55271 
55272 
55273 
55274 
55275 
55276 
55277 
55278 
55279 
55280 
55281 
55282 
55283 
55284 
55285 
55286 
55287 
55288 
55289 
55290 
55291 
55292 
55293 
55294 
55295 
55296 
55297 
55298 
55299 
55300 
55301 
55302 
55303 
55304 
55305 
55347 
55348 
55349 
55350 
55351 
55352 
55353 
55354 
55355 
55356 
55357 
55358 
55359 
55360 
55361 
55362 
55363 
55364 
55365 
55366 
55367 
55368 
55369 
55370 
55371 
55372 
55414 
55415 
55416 
55417 
55418 
55419 
55420 
55421 
55422 
55423 
55424 
55425 
55426 
55427 
55428 
55429 
55430 
55431 
55432 
55433 
55434 
55435 
55436 
55437 
55438 
55439 
55440 
55441 
55442 
55443 
55444 
55445 
55446 
55447 
55448 
55449 
55450 
55451 
55452 
55453 
55454 
55455 
55456 
55457 
55458 
55459 
55460 
55461 
55462 
55463 
55464 
55465 
55466 
55467 
55468 
55469 
55470 
55471 
55472 
55473 
55474 
55475 
55476 
55477 
55478 
55479 
55480 
55481 
55482 
55483 
55484 
55485 
55486 
55487 
55488 
55489 
55490 
55491 
55492 
55493 
55494 
55495 
55496 
55497 
55498 
55499 
55500 
55501 
55502 
55503 
55504 
55505 
55506 
55507 
55508 
55509 
55510 
55511 
55512 
55513 
55514 
55515 
55516 
55517 
55518 
55519 
55520 
55521 
55522 
55523 
55524 
55525 
55526 
55527 
55528 
55529 
55530 
55531 
55532 
55533 
55534 
55535 
55536 
55537 
55538 
55539 
55540 
55541 
55542 
55543 
55544 
55545 
55546 
55547 
55548 
55549 
55550 
55551 
55552 
55553 
55554 
55555 
55556 
55557 
55558 
55559 
55560 
55561 
55562 
55563 
55564 
55565 
55566 
55567 
55568 
55569 
55570 
55571 
55572 
55614 
55615 
55616 
55617 
55618 
55619 
55620 
55621 
55622 
55623 
55624 
55625 
55626 
55627 
55628 
55629 
55630 
55631 
55632 
55633 
55634 
55635 
55636 
55637 
55638 
55639 
55640 
55641 
55642 
55643 
55644 
55645 
55646 
55647 
55648 
55649 
55650 
55651 
55652 
55653 
55654 
55655 
55656 
55657 
55658 
55659 
55660 
55661 
55662 
55663 
55664 
55665 
55707 
55708 
55709 
55710 
55711 
55712 
55713 
55714 
55715 
55716 
55717 
55718 
55719 
55720 
55721 
55722 
55723 
55724 
55725 
55726 
55727 
55728 
55729 
55730 
55731 
55732 
55733 
55772 
55773 
55774 
55775 
55776 
55777 
55778 
55779 
55780 
55781 
55782 
55783 
55784 
55785 
55786 
55787 
55788 
55789 
55790 
55791 
55792 
55793 
55794 
55795 
55796 
55797 
55798 
55799 
55800 
55801 
55802 
55803 
55804 
55805 
55806 
55807 
55808 
55809 
55810 
55811 
55812 
55813 
55814 
55815 
55816 
55817 
55818 
55819 
55820 
55821 
55822 
55823 
55824 
55825 
55826 
55827 
55828 
55829 
55830 
55831 
55832 
55833 
55834 
55835 
55836 
55837 
55838 
55839 
55840 
55841 
55842 
55843 
55844 
55845 
55846 
55847 
55848 
55849 
55850 
55851 
55852 
55853 
55854 
55855 
55856 
55857 
55858 
55859 
55860 
55861 
55862 
55863 
55864 
55865 
55866 
55867 
55868 
55869 
55870 
55871 
55872 
55873 
55874 
55875 
55876 
55877 
55878 
55879 
55880 
55881 
55882 
55883 
55884 
55885 
55886 
55887 
55888 
55889 
55890 
55891 
55892 
55893 
55894 
55895 
55896 
55897 
55898 
55899 
55900 
55901 
55902 
55903 
55904 
55905 
55906 
55907 
55908 
55909 
55910 
55911 
55912 
55913 
55914 
55915 
55916 
55917 
55918 
55919 
55920 
55921 
55922 
55923 
55924 
55925 
55926 
55927 
55928 
55929 
55930 
55931 
55932 
55974 
55975 
55976 
55977 
55978 
55979 
55980 
55981 
55982 
55983 
55984 
55985 
55986 
55987 
55988 
55989 
55990 
55991 
55992 
55993 
55994 
55995 
55996 
55997 
55998 
55999 
56000 
56001 
56002 
56003 
56004 
56005 
56006 
56007 
56008 
56009 
56010 
56011 
56012 
56013 
56014 
56015 
56016 
56017 
56018 
56019 
56020 
56021 
56022 
56023 
56024 
56025 
56067 
56068 
56069 
56070 
56071 
56072 
56073 
56074 
56075 
56076 
56077 
56078 
56079 
56080 
56081 
56082 
56083 
56084 
56085 
56086 
56087 
56088 
56089 
56090 
56091 
56092 
56093 
56094 
56095 
56131 
56132 
56133 
56134 
56135 
56136 
56137 
56138 
56139 
56140 
56141 
56142 
56143 
56144 
56145 
56146 
56147 
56148 
56149 
56150 
56151 
56152 
56153 
56154 
56155 
56156 
56157 
56158 
56159 
56160 
56161 
56162 
56163 
56164 
56165 
56166 
56167 
56168 
56169 
56170 
56171 
56172 
56173 
56174 
56175 
56176 
56177 
56178 
56179 
56180 
56181 
56182 
56183 
56184 
56185 
56186 
56187 
56188 
56189 
56190 
56191 
56192 
56193 
56194 
56195 
56196 
56197 
56198 
56199 
56200 
56201 
56202 
56203 
56204 
56205 
56206 
56207 
56208 
56209 
56210 
56211 
56212 
56213 
56214 
56215 
56216 
56217 
56218 
56219 
56220 
56221 
56222 
56223 
56224 
56225 
56226 
56227 
56228 
56229 
56230 
56231 
56232 
56233 
56234 
56235 
56236 
56237 
56238 
56239 
56240 
56241 
56242 
56243 
56244 
56245 
56246 
56247 
56248 
56249 
56250 
56251 
56252 
56253 
56254 
56255 
56256 
56257 
56258 
56259 
56260 
56261 
56262 
56263 
56264 
56265 
56266 
56267 
56268 
56269 
56270 
56271 
56272 
56273 
56274 
56275 
56276 
56277 
56278 
56279 
56280 
56281 
56282 
56283 
56284 
56285 
56286 
56287 
56288 
56289 
56290 
56291 
56292 
56334 
56335 
56336 
56337 
56338 
56339 
56340 
56341 
56342 
56343 
56344 
56345 
56346 
56347 
56348 
56349 
56350 
56351 
56352 
56353 
56354 
56355 
56356 
56357 
56358 
56359 
56360 
56361 
56362 
56363 
56364 
56365 
56366 
56367 
56368 
56369 
56370 
56371 
56372 
56373 
56374 
56375 
56376 
56377 
56378 
56379 
56380 
56381 
56382 
56383 
56384 
56385 
56427 
56428 
56429 
56430 
56431 
56432 
56433 
56434 
56435 
56436 
56437 
56438 
56439 
56440 
56441 
56442 
56443 
56444 
56445 
56446 
56447 
56448 
56449 
56450 
56451 
56452 
56453 
56454 
56455 
56456 
56457 
56489 
56490 
56491 
56492 
56493 
56494 
56495 
56496 
56497 
56498 
56499 
56500 
56501 
56502 
56503 
56504 
56505 
56506 
56507 
56508 
56509 
56510 
56511 
56512 
56513 
56514 
56515 
56516 
56517 
56518 
56519 
56520 
56521 
56522 
56523 
56524 
56525 
56526 
56527 
56528 
56529 
56530 
56531 
56532 
56533 
56534 
56535 
56536 
56537 
56538 
56539 
56540 
56541 
56542 
56543 
56544 
56545 
56546 
56547 
56548 
56549 
56550 
56551 
56552 
56553 
56554 
56555 
56556 
56557 
56558 
56559 
56560 
56561 
56562 
56563 
56564 
56565 
56566 
56567 
56568 
56569 
56570 
56571 
56572 
56573 
56574 
56575 
56576 
56577 
56578 
56579 
56580 
56581 
56582 
56583 
56584 
56585 
56586 
56587 
56588 
56589 
56590 
56591 
56592 
56593 
56594 
56595 
56596 
56597 
56598 
56599 
56600 
56601 
56602 
56603 
56604 
56605 
56606 
56607 
56608 
56609 
56610 
56611 
56612 
56613 
56614 
56615 
56616 
56617 
56618 
56619 
56620 
56621 
56622 
56623 
56624 
56625 
56626 
56627 
56628 
56629 
56630 
56631 
56632 
56633 
56634 
56635 
56636 
56637 
56638 
56639 
56640 
56641 
56642 
56643 
56644 
56645 
56646 
56647 
56648 
56649 
56650 
56651 
56652 
56694 
56695 
56696 
56697 
56698 
56699 
56700 
56701 
56702 
56703 
56704 
56705 
56706 
56707 
56708 
56709 
56710 
56711 
56712 
56713 
56714 
56715 
56716 
56717 
56718 
56719 
56720 
56721 
56722 
56723 
56724 
56725 
56726 
56727 
56728 
56729 
56730 
56731 
56732 
56733 
56734 
56735 
56736 
56737 
56738 
56739 
56740 
56741 
56742 
56743 
56744 
56745 
56787 
56788 
56789 
56790 
56791 
56792 
56793 
56794 
56795 
56796 
56797 
56798 
56799 
56800 
56801 
56802 
56803 
56804 
56805 
56806 
56807 
56808 
56809 
56810 
56811 
56812 
56813 
56814 
56815 
56816 
56817 
56818 
56819 
56847 
56848 
56849 
56850 
56851 
56852 
56853 
56854 
56855 
56856 
56857 
56858 
56859 
56860 
56861 
56862 
56863 
56864 
56865 
56866 
56867 
56868 
56869 
56870 
56871 
56872 
56873 
56874 
56875 
56876 
56877 
56878 
56879 
56880 
56881 
56882 
56883 
56884 
56885 
56886 
56887 
56888 
56889 
56890 
56891 
56892 
56893 
56894 
56895 
56896 
56897 
56898 
56899 
56900 
56901 
56902 
56903 
56904 
56905 
56906 
56907 
56908 
56909 
56910 
56911 
56912 
56913 
56914 
56915 
56916 
56917 
56918 
56919 
56920 
56921 
56922 
56923 
56924 
56925 
56926 
56927 
56928 
56929 
56930 
56931 
56932 
56933 
56934 
56935 
56936 
56937 
56938 
56939 
56940 
56941 
56942 
56943 
56944 
56945 
56946 
56947 
56948 
56949 
56950 
56951 
56952 
56953 
56954 
56955 
56956 
56957 
56958 
56959 
56960 
56961 
56962 
56963 
56964 
56965 
56966 
56967 
56968 
56969 
56970 
56971 
56972 
56973 
56974 
56975 
56976 
56977 
56978 
56979 
56980 
56981 
56982 
56983 
56984 
56985 
56986 
56987 
56988 
56989 
56990 
56991 
56992 
56993 
56994 
56995 
56996 
56997 
56998 
56999 
57000 
57001 
57002 
57003 
57004 
57005 
57006 
57007 
57008 
57009 
57010 
57011 
57012 
57053 
57054 
57055 
57056 
57057 
57058 
57059 
57060 
57061 
57062 
57063 
57064 
57065 
57066 
57067 
57068 
57069 
57070 
57071 
57072 
57073 
57074 
57075 
57076 
57077 
57078 
57079 
57080 
57081 
57082 
57083 
57084 
57085 
57086 
57087 
57088 
57089 
57090 
57091 
57092 
57093 
57094 
57095 
57096 
57097 
57098 
57099 
57100 
57101 
57102 
57103 
57104 
57105 
57106 
57147 
57148 
57149 
57150 
57151 
57152 
57153 
57154 
57155 
57156 
57157 
57158 
57159 
57160 
57161 
57162 
57163 
57164 
57165 
57166 
57167 
57168 
57169 
57170 
57171 
57172 
57173 
57174 
57175 
57176 
57177 
57178 
57179 
57180 
57181 
57204 
57205 
57206 
57207 
57208 
57209 
57210 
57211 
57212 
57213 
57214 
57215 
57216 
57217 
57218 
57219 
57220 
57221 
57222 
57223 
57224 
57225 
57226 
57227 
57228 
57229 
57230 
57231 
57232 
57233 
57234 
57235 
57236 
57237 
57238 
57239 
57240 
57241 
57242 
57243 
57244 
57245 
57246 
57247 
57248 
57249 
57250 
57251 
57252 
57253 
57254 
57255 
57256 
57257 
57258 
57259 
57260 
57261 
57262 
57263 
57264 
57265 
57266 
57267 
57268 
57269 
57270 
57271 
57272 
57273 
57274 
57275 
57276 
57283 
57284 
57285 
57286 
57287 
57288 
57289 
57290 
57291 
57292 
57293 
57294 
57295 
57296 
57297 
57298 
57299 
57300 
57301 
57302 
57303 
57304 
57305 
57306 
57307 
57308 
57309 
57310 
57311 
57312 
57313 
57314 
57315 
57316 
57317 
57318 
57319 
57320 
57321 
57322 
57323 
57324 
57325 
57326 
57327 
57328 
57329 
57330 
57331 
57332 
57333 
57334 
57335 
57336 
57337 
57338 
57339 
57340 
57341 
57342 
57343 
57344 
57345 
57346 
57347 
57348 
57349 
57350 
57351 
57352 
57353 
57354 
57355 
57356 
57357 
57358 
57359 
57360 
57361 
57362 
57363 
57364 
57365 
57366 
57367 
57368 
57369 
57370 
57371 
57372 
57373 
57413 
57414 
57415 
57416 
57417 
57418 
57419 
57420 
57421 
57422 
57423 
57424 
57425 
57426 
57427 
57428 
57429 
57430 
57431 
57432 
57433 
57434 
57435 
57436 
57437 
57438 
57439 
57440 
57441 
57442 
57443 
57444 
57445 
57446 
57447 
57448 
57449 
57450 
57451 
57452 
57453 
57454 
57455 
57456 
57457 
57458 
57459 
57460 
57461 
57462 
57463 
57464 
57465 
57466 
57506 
57507 
57508 
57509 
57510 
57511 
57512 
57513 
57514 
57515 
57516 
57517 
57518 
57519 
57520 
57521 
57522 
57523 
57524 
57525 
57526 
57527 
57528 
57529 
57530 
57531 
57532 
57533 
57534 
57535 
57536 
57537 
57538 
57539 
57540 
57541 
57542 
57543 
57544 
57545 
57561 
57562 
57563 
57564 
57565 
57566 
57567 
57568 
57569 
57570 
57571 
57572 
57573 
57574 
57575 
57576 
57577 
57578 
57579 
57580 
57581 
57582 
57583 
57584 
57585 
57586 
57587 
57588 
57589 
57590 
57591 
57592 
57593 
57594 
57595 
57596 
57597 
57598 
57599 
57600 
57601 
57602 
57603 
57604 
57605 
57606 
57607 
57608 
57609 
57610 
57611 
57612 
57613 
57614 
57615 
57616 
57617 
57618 
57619 
57620 
57621 
57622 
57623 
57624 
57625 
57626 
57627 
57628 
57629 
57630 
57631 
57648 
57649 
57650 
57651 
57652 
57653 
57654 
57655 
57656 
57657 
57658 
57659 
57660 
57661 
57662 
57663 
57664 
57665 
57666 
57667 
57668 
57669 
57670 
57671 
57672 
57673 
57674 
57675 
57676 
57677 
57678 
57679 
57680 
57681 
57682 
57683 
57684 
57685 
57686 
57687 
57688 
57689 
57690 
57691 
57692 
57693 
57694 
57695 
57696 
57697 
57698 
57699 
57700 
57701 
57702 
57703 
57704 
57705 
57706 
57707 
57708 
57709 
57710 
57711 
57712 
57713 
57714 
57715 
57716 
57717 
57718 
57719 
57720 
57721 
57722 
57723 
57724 
57725 
57726 
57727 
57728 
57729 
57730 
57731 
57732 
57733 
57773 
57774 
57775 
57776 
57777 
57778 
57779 
57780 
57781 
57782 
57783 
57784 
57785 
57786 
57787 
57788 
57789 
57790 
57791 
57792 
57793 
57794 
57795 
57796 
57797 
57798 
57799 
57800 
57801 
57802 
57803 
57804 
57805 
57806 
57807 
57808 
57809 
57810 
57811 
57812 
57813 
57814 
57815 
57816 
57817 
57818 
57819 
57820 
57821 
57822 
57823 
57824 
57825 
57826 
57866 
57867 
57868 
57869 
57870 
57871 
57872 
57873 
57874 
57875 
57876 
57877 
57878 
57879 
57880 
57881 
57882 
57883 
57884 
57885 
57886 
57887 
57888 
57889 
57890 
57891 
57892 
57893 
57894 
57895 
57896 
57897 
57898 
57899 
57900 
57901 
57902 
57903 
57904 
57905 
57906 
57907 
57908 
57909 
57910 
57911 
57912 
57913 
57914 
57915 
57916 
57917 
57918 
57919 
57920 
57921 
57922 
57923 
57924 
57925 
57926 
57927 
57928 
57929 
57930 
57931 
57932 
57933 
57934 
57935 
57936 
57937 
57938 
57939 
57940 
57941 
57942 
57943 
57944 
57945 
57946 
57947 
57948 
57949 
57950 
57951 
57952 
57953 
57954 
57955 
57956 
57957 
57958 
57959 
57960 
57961 
57962 
57963 
57964 
57965 
57966 
57967 
57968 
57969 
57970 
57971 
57972 
57973 
57974 
57975 
57976 
57977 
57978 
57979 
57980 
57981 
57982 
57983 
57984 
57985 
57986 
57987 
57988 
58011 
58012 
58013 
58014 
58015 
58016 
58017 
58018 
58019 
58020 
58021 
58022 
58023 
58024 
58025 
58026 
58027 
58028 
58029 
58030 
58031 
58032 
58033 
58034 
58035 
58036 
58037 
58038 
58039 
58040 
58041 
58042 
58043 
58044 
58045 
58046 
58047 
58048 
58049 
58050 
58051 
58052 
58053 
58054 
58055 
58056 
58057 
58058 
58059 
58060 
58061 
58062 
58063 
58064 
58065 
58066 
58067 
58068 
58069 
58070 
58071 
58072 
58073 
58074 
58075 
58076 
58077 
58078 
58079 
58080 
58081 
58082 
58083 
58084 
58085 
58086 
58087 
58088 
58089 
58090 
58091 
58092 
58093 
58132 
58133 
58134 
58135 
58136 
58137 
58138 
58139 
58140 
58141 
58142 
58143 
58144 
58145 
58146 
58147 
58148 
58149 
58150 
58151 
58152 
58153 
58154 
58155 
58156 
58157 
58158 
58159 
58160 
58161 
58162 
58163 
58164 
58165 
58166 
58167 
58168 
58169 
58170 
58171 
58172 
58173 
58174 
58175 
58176 
58177 
58178 
58179 
58180 
58181 
58182 
58183 
58184 
58185 
58186 
58187 
58226 
58227 
58228 
58229 
58230 
58231 
58232 
58233 
58234 
58235 
58236 
58237 
58238 
58239 
58240 
58241 
58242 
58243 
58244 
58245 
58246 
58247 
58248 
58249 
58250 
58251 
58252 
58253 
58254 
58255 
58256 
58257 
58258 
58259 
58260 
58261 
58262 
58263 
58264 
58265 
58266 
58267 
58268 
58269 
58270 
58271 
58272 
58273 
58274 
58275 
58276 
58277 
58278 
58279 
58280 
58281 
58282 
58283 
58284 
58285 
58286 
58287 
58288 
58289 
58290 
58291 
58292 
58293 
58294 
58295 
58296 
58297 
58298 
58299 
58300 
58301 
58302 
58303 
58304 
58305 
58306 
58307 
58308 
58309 
58310 
58311 
58312 
58313 
58314 
58315 
58316 
58317 
58318 
58319 
58320 
58321 
58322 
58323 
58324 
58325 
58326 
58327 
58328 
58329 
58330 
58331 
58332 
58333 
58334 
58335 
58336 
58337 
58338 
58339 
58340 
58341 
58342 
58343 
58344 
58345 
58346 
58373 
58374 
58375 
58376 
58377 
58378 
58379 
58380 
58381 
58382 
58383 
58384 
58385 
58386 
58387 
58388 
58389 
58390 
58391 
58392 
58393 
58394 
58395 
58396 
58397 
58398 
58399 
58400 
58401 
58402 
58403 
58404 
58405 
58406 
58407 
58408 
58409 
58410 
58411 
58412 
58413 
58414 
58415 
58416 
58417 
58418 
58419 
58420 
58421 
58422 
58423 
58424 
58425 
58426 
58427 
58428 
58429 
58430 
58431 
58432 
58433 
58434 
58435 
58436 
58437 
58438 
58439 
58440 
58441 
58442 
58443 
58444 
58445 
58446 
58447 
58448 
58449 
58450 
58451 
58452 
58453 
58454 
58492 
58493 
58494 
58495 
58496 
58497 
58498 
58499 
58500 
58501 
58502 
58503 
58504 
58505 
58506 
58507 
58508 
58509 
58510 
58511 
58512 
58513 
58514 
58515 
58516 
58517 
58518 
58519 
58520 
58521 
58522 
58523 
58524 
58525 
58526 
58527 
58528 
58529 
58530 
58531 
58532 
58533 
58534 
58535 
58536 
58537 
58538 
58539 
58540 
58541 
58542 
58543 
58544 
58545 
58546 
58547 
58585 
58586 
58587 
58588 
58589 
58590 
58591 
58592 
58593 
58594 
58595 
58596 
58597 
58598 
58599 
58600 
58601 
58602 
58603 
58604 
58605 
58606 
58607 
58608 
58609 
58610 
58611 
58612 
58613 
58614 
58615 
58616 
58617 
58618 
58619 
58620 
58621 
58622 
58623 
58624 
58625 
58626 
58627 
58628 
58629 
58630 
58631 
58632 
58633 
58634 
58635 
58636 
58637 
58638 
58639 
58640 
58641 
58642 
58643 
58644 
58645 
58646 
58647 
58648 
58649 
58650 
58651 
58652 
58653 
58654 
58655 
58656 
58657 
58658 
58659 
58660 
58661 
58662 
58663 
58664 
58665 
58666 
58667 
58668 
58669 
58670 
58671 
58672 
58673 
58674 
58675 
58676 
58677 
58678 
58679 
58680 
58681 
58682 
58683 
58684 
58685 
58686 
58687 
58688 
58689 
58690 
58691 
58692 
58693 
58694 
58695 
58696 
58697 
58698 
58699 
58700 
58701 
58702 
58703 
58704 
58735 
58736 
58737 
58738 
58739 
58740 
58741 
58742 
58743 
58744 
58745 
58746 
58747 
58748 
58749 
58750 
58751 
58752 
58753 
58754 
58755 
58756 
58757 
58758 
58759 
58760 
58761 
58762 
58763 
58764 
58765 
58766 
58767 
58768 
58769 
58770 
58771 
58772 
58773 
58774 
58775 
58776 
58777 
58778 
58779 
58780 
58781 
58782 
58783 
58784 
58785 
58786 
58787 
58788 
58789 
58790 
58791 
58792 
58793 
58794 
58795 
58796 
58797 
58798 
58799 
58800 
58801 
58802 
58803 
58804 
58805 
58806 
58807 
58808 
58809 
58810 
58811 
58812 
58813 
58814 
58851 
58852 
58853 
58854 
58855 
58856 
58857 
58858 
58859 
58860 
58861 
58862 
58863 
58864 
58865 
58866 
58867 
58868 
58869 
58870 
58871 
58872 
58873 
58874 
58875 
58876 
58877 
58878 
58879 
58880 
58881 
58882 
58883 
58884 
58885 
58886 
58887 
58888 
58889 
58890 
58891 
58892 
58893 
58894 
58895 
58896 
58897 
58898 
58899 
58900 
58901 
58902 
58903 
58904 
58905 
58906 
58907 
58908 
58945 
58946 
58947 
58948 
58949 
58950 
58951 
58952 
58953 
58954 
58955 
58956 
58957 
58958 
58959 
58960 
58961 
58962 
58963 
58964 
58965 
58966 
58967 
58968 
58969 
58970 
58971 
58972 
58973 
58974 
58975 
58976 
58977 
58978 
58979 
58980 
58981 
58982 
58983 
58984 
58985 
58986 
58987 
58988 
58989 
58990 
58991 
58992 
58993 
58994 
58995 
58996 
58997 
58998 
58999 
59000 
59001 
59002 
59003 
59004 
59005 
59006 
59007 
59008 
59009 
59010 
59011 
59012 
59013 
59014 
59015 
59016 
59017 
59018 
59019 
59020 
59021 
59022 
59023 
59024 
59025 
59026 
59027 
59028 
59029 
59030 
59031 
59032 
59033 
59034 
59035 
59036 
59037 
59038 
59039 
59040 
59041 
59042 
59043 
59044 
59045 
59046 
59047 
59048 
59049 
59050 
59051 
59052 
59053 
59054 
59055 
59056 
59057 
59058 
59059 
59060 
59061 
59062 
59063 
59096 
59097 
59098 
59099 
59100 
59101 
59102 
59103 
59104 
59105 
59106 
59107 
59108 
59109 
59110 
59111 
59112 
59113 
59114 
59115 
59116 
59117 
59118 
59119 
59120 
59121 
59122 
59123 
59124 
59125 
59126 
59127 
59128 
59129 
59130 
59131 
59132 
59133 
59134 
59135 
59136 
59137 
59138 
59139 
59140 
59141 
59142 
59143 
59144 
59145 
59146 
59147 
59148 
59149 
59150 
59151 
59152 
59153 
59154 
59155 
59156 
59157 
59158 
59159 
59160 
59161 
59162 
59163 
59164 
59165 
59166 
59167 
59168 
59169 
59170 
59171 
59172 
59173 
59174 
59175 
59211 
59212 
59213 
59214 
59215 
59216 
59217 
59218 
59219 
59220 
59221 
59222 
59223 
59224 
59225 
59226 
59227 
59228 
59229 
59230 
59231 
59232 
59233 
59234 
59235 
59236 
59237 
59238 
59239 
59240 
59241 
59242 
59243 
59244 
59245 
59246 
59247 
59248 
59249 
59250 
59251 
59252 
59253 
59254 
59255 
59256 
59257 
59258 
59259 
59260 
59261 
59262 
59263 
59264 
59265 
59266 
59267 
59268 
59304 
59305 
59306 
59307 
59308 
59309 
59310 
59311 
59312 
59313 
59314 
59315 
59316 
59317 
59318 
59319 
59320 
59321 
59322 
59323 
59324 
59325 
59326 
59327 
59328 
59329 
59330 
59331 
59332 
59333 
59334 
59335 
59336 
59337 
59338 
59339 
59340 
59341 
59342 
59343 
59344 
59345 
59346 
59347 
59348 
59349 
59350 
59351 
59352 
59353 
59354 
59355 
59356 
59357 
59358 
59359 
59360 
59361 
59362 
59363 
59364 
59365 
59366 
59367 
59368 
59369 
59370 
59371 
59372 
59373 
59374 
59375 
59376 
59377 
59378 
59379 
59380 
59381 
59382 
59383 
59384 
59385 
59386 
59387 
59388 
59389 
59390 
59391 
59392 
59393 
59394 
59395 
59396 
59397 
59398 
59399 
59400 
59401 
59402 
59403 
59404 
59405 
59406 
59407 
59408 
59409 
59410 
59411 
59412 
59413 
59414 
59415 
59416 
59417 
59418 
59419 
59420 
59421 
59422 
59457 
59458 
59459 
59460 
59461 
59462 
59463 
59464 
59465 
59466 
59467 
59468 
59469 
59470 
59471 
59472 
59473 
59474 
59475 
59476 
59477 
59478 
59479 
59480 
59481 
59482 
59483 
59484 
59485 
59486 
59487 
59488 
59489 
59490 
59491 
59492 
59493 
59494 
59495 
59496 
59497 
59498 
59499 
59500 
59501 
59502 
59503 
59504 
59505 
59506 
59507 
59508 
59509 
59510 
59511 
59512 
59513 
59514 
59515 
59516 
59517 
59518 
59519 
59520 
59521 
59522 
59523 
59524 
59525 
59526 
59527 
59528 
59529 
59530 
59531 
59532 
59533 
59534 
59535 
59536 
59570 
59571 
59572 
59573 
59574 
59575 
59576 
59577 
59578 
59579 
59580 
59581 
59582 
59583 
59584 
59585 
59586 
59587 
59588 
59589 
59590 
59591 
59592 
59593 
59594 
59595 
59596 
59597 
59598 
59599 
59600 
59601 
59602 
59603 
59604 
59605 
59606 
59607 
59608 
59609 
59610 
59611 
59612 
59613 
59614 
59615 
59616 
59617 
59618 
59619 
59620 
59621 
59622 
59623 
59624 
59625 
59626 
59627 
59628 
59629 
59663 
59664 
59665 
59666 
59667 
59668 
59669 
59670 
59671 
59672 
59673 
59674 
59675 
59676 
59677 
59678 
59679 
59680 
59681 
59682 
59683 
59684 
59685 
59686 
59687 
59688 
59689 
59690 
59691 
59692 
59693 
59694 
59695 
59696 
59697 
59698 
59699 
59700 
59701 
59702 
59703 
59704 
59705 
59706 
59707 
59708 
59709 
59710 
59711 
59712 
59713 
59714 
59715 
59716 
59717 
59718 
59719 
59720 
59721 
59722 
59723 
59724 
59725 
59726 
59727 
59728 
59729 
59730 
59731 
59732 
59733 
59734 
59735 
59736 
59737 
59738 
59739 
59740 
59741 
59742 
59743 
59744 
59745 
59746 
59747 
59748 
59749 
59750 
59751 
59752 
59753 
59754 
59755 
59756 
59757 
59758 
59759 
59760 
59761 
59762 
59763 
59764 
59765 
59766 
59767 
59768 
59769 
59770 
59771 
59772 
59773 
59774 
59775 
59776 
59777 
59778 
59779 
59780 
59781 
59819 
59820 
59821 
59822 
59823 
59824 
59825 
59826 
59827 
59828 
59829 
59830 
59831 
59832 
59833 
59834 
59835 
59836 
59837 
59838 
59839 
59840 
59841 
59842 
59843 
59844 
59845 
59846 
59847 
59848 
59849 
59850 
59851 
59852 
59853 
59854 
59855 
59856 
59857 
59858 
59859 
59860 
59861 
59862 
59863 
59864 
59865 
59866 
59867 
59868 
59869 
59870 
59871 
59872 
59873 
59874 
59875 
59876 
59877 
59878 
59879 
59880 
59881 
59882 
59883 
59884 
59885 
59886 
59887 
59888 
59889 
59890 
59891 
59892 
59893 
59894 
59895 
59896 
59897 
59929 
59930 
59931 
59932 
59933 
59934 
59935 
59936 
59937 
59938 
59939 
59940 
59941 
59942 
59943 
59944 
59945 
59946 
59947 
59948 
59949 
59950 
59951 
59952 
59953 
59954 
59955 
59956 
59957 
59958 
59959 
59960 
59961 
59962 
59963 
59964 
59965 
59966 
59967 
59968 
59969 
59970 
59971 
59972 
59973 
59974 
59975 
59976 
59977 
59978 
59979 
59980 
59981 
59982 
59983 
59984 
59985 
59986 
59987 
59988 
59989 
59990 
60022 
60023 
60024 
60025 
60026 
60027 
60028 
60029 
60030 
60031 
60032 
60033 
60034 
60035 
60036 
60037 
60038 
60039 
60040 
60041 
60042 
60043 
60044 
60045 
60046 
60047 
60048 
60049 
60050 
60051 
60052 
60053 
60054 
60055 
60056 
60057 
60058 
60059 
60060 
60061 
60062 
60063 
60064 
60065 
60066 
60067 
60068 
60069 
60070 
60071 
60072 
60073 
60074 
60075 
60076 
60077 
60078 
60079 
60080 
60081 
60082 
60083 
60084 
60085 
60086 
60087 
60088 
60089 
60090 
60091 
60092 
60093 
60094 
60095 
60096 
60097 
60098 
60099 
60100 
60101 
60102 
60103 
60104 
60105 
60106 
60107 
60108 
60109 
60110 
60111 
60112 
60113 
60114 
60115 
60116 
60117 
60118 
60119 
60120 
60121 
60122 
60123 
60124 
60125 
60126 
60127 
60128 
60129 
60130 
60131 
60132 
60133 
60134 
60135 
60136 
60137 
60138 
60139 
60180 
60181 
60182 
60183 
60184 
60185 
60186 
60187 
60188 
60189 
60190 
60191 
60192 
60193 
60194 
60195 
60196 
60197 
60198 
60199 
60200 
60201 
60202 
60203 
60204 
60205 
60206 
60207 
60208 
60209 
60210 
60211 
60212 
60213 
60214 
60215 
60216 
60217 
60218 
60219 
60220 
60221 
60222 
60223 
60224 
60225 
60226 
60227 
60228 
60229 
60230 
60231 
60232 
60233 
60234 
60235 
60236 
60237 
60238 
60239 
60240 
60241 
60242 
60243 
60244 
60245 
60246 
60247 
60248 
60249 
60250 
60251 
60252 
60253 
60254 
60255 
60256 
60257 
60288 
60289 
60290 
60291 
60292 
60293 
60294 
60295 
60296 
60297 
60298 
60299 
60300 
60301 
60302 
60303 
60304 
60305 
60306 
60307 
60308 
60309 
60310 
60311 
60312 
60313 
60314 
60315 
60316 
60317 
60318 
60319 
60320 
60321 
60322 
60323 
60324 
60325 
60326 
60327 
60328 
60329 
60330 
60331 
60332 
60333 
60334 
60335 
60336 
60337 
60338 
60339 
60340 
60341 
60342 
60343 
60344 
60345 
60346 
60347 
60348 
60349 
60350 
60351 
60382 
60383 
60384 
60385 
60386 
60387 
60388 
60389 
60390 
60391 
60392 
60393 
60394 
60395 
60396 
60397 
60398 
60399 
60400 
60401 
60402 
60403 
60404 
60405 
60406 
60407 
60408 
60409 
60410 
60411 
60412 
60413 
60414 
60415 
60416 
60417 
60418 
60419 
60420 
60421 
60422 
60423 
60424 
60425 
60426 
60427 
60428 
60429 
60430 
60431 
60432 
60433 
60434 
60435 
60436 
60437 
60438 
60439 
60440 
60441 
60442 
60443 
60444 
60445 
60446 
60447 
60448 
60449 
60450 
60451 
60452 
60453 
60454 
60455 
60456 
60457 
60458 
60459 
60460 
60461 
60462 
60463 
60464 
60465 
60466 
60467 
60468 
60469 
60470 
60471 
60472 
60473 
60474 
60475 
60476 
60477 
60478 
60479 
60480 
60481 
60482 
60483 
60484 
60485 
60486 
60487 
60488 
60489 
60490 
60491 
60492 
60493 
60494 
60495 
60496 
60497 
60498 
60499 
60540 
60541 
60542 
60543 
60544 
60545 
60546 
60547 
60548 
60549 
60550 
60551 
60552 
60553 
60554 
60555 
60556 
60557 
60558 
60559 
60560 
60561 
60562 
60563 
60564 
60565 
60566 
60567 
60568 
60569 
60570 
60571 
60572 
60573 
60574 
60575 
60576 
60577 
60578 
60579 
60580 
60581 
60582 
60583 
60584 
60585 
60586 
60587 
60588 
60589 
60590 
60591 
60592 
60593 
60594 
60595 
60596 
60597 
60598 
60599 
60600 
60601 
60602 
60603 
60604 
60605 
60606 
60607 
60608 
60609 
60610 
60611 
60612 
60613 
60614 
60615 
60616 
60617 
60618 
60647 
60648 
60649 
60650 
60651 
60652 
60653 
60654 
60655 
60656 
60657 
60658 
60659 
60660 
60661 
60662 
60663 
60664 
60665 
60666 
60667 
60668 
60669 
60670 
60671 
60672 
60673 
60674 
60675 
60676 
60677 
60678 
60679 
60680 
60681 
60682 
60683 
60684 
60685 
60686 
60687 
60688 
60689 
60690 
60691 
60692 
60693 
60694 
60695 
60696 
60697 
60698 
60699 
60700 
60701 
60702 
60703 
60704 
60705 
60706 
60707 
60708 
60709 
60710 
60711 
60712 
60741 
60742 
60743 
60744 
60745 
60746 
60747 
60748 
60749 
60750 
60751 
60752 
60753 
60754 
60755 
60756 
60757 
60758 
60759 
60760 
60761 
60762 
60763 
60764 
60765 
60766 
60767 
60768 
60769 
60770 
60771 
60772 
60773 
60774 
60775 
60776 
60777 
60778 
60779 
60780 
60781 
60782 
60783 
60784 
60785 
60786 
60787 
60788 
60789 
60790 
60791 
60792 
60793 
60794 
60795 
60796 
60797 
60798 
60799 
60800 
60801 
60802 
60803 
60804 
60805 
60806 
60807 
60808 
60809 
60810 
60811 
60812 
60813 
60814 
60815 
60816 
60817 
60818 
60819 
60820 
60821 
60822 
60823 
60824 
60825 
60826 
60827 
60828 
60829 
60830 
60831 
60832 
60833 
60834 
60835 
60836 
60837 
60838 
60839 
60840 
60841 
60842 
60843 
60844 
60845 
60846 
60847 
60848 
60849 
60850 
60851 
60852 
60853 
60854 
60855 
60856 
60857 
60858 
60901 
60902 
60903 
60904 
60905 
60906 
60907 
60908 
60909 
60910 
60911 
60912 
60913 
60914 
60915 
60916 
60917 
60918 
60919 
60920 
60921 
60922 
60923 
60924 
60925 
60926 
60927 
60928 
60929 
60930 
60931 
60932 
60933 
60934 
60935 
60936 
60937 
60938 
60939 
60940 
60941 
60942 
60943 
60944 
60945 
60946 
60947 
60948 
60949 
60950 
60951 
60952 
60953 
60954 
60955 
60956 
60957 
60958 
60959 
60960 
60961 
60962 
60963 
60964 
60965 
60966 
60967 
60968 
60969 
60970 
60971 
60972 
60973 
60974 
60975 
60976 
60977 
60978 
60979 
60980 
61006 
61007 
61008 
61009 
61010 
61011 
61012 
61013 
61014 
61015 
61016 
61017 
61018 
61019 
61020 
61021 
61022 
61023 
61024 
61025 
61026 
61027 
61028 
61029 
61030 
61031 
61032 
61033 
61034 
61035 
61036 
61037 
61038 
61039 
61040 
61041 
61042 
61043 
61044 
61045 
61046 
61047 
61048 
61049 
61050 
61051 
61052 
61053 
61054 
61055 
61056 
61057 
61058 
61059 
61060 
61061 
61062 
61063 
61064 
61065 
61066 
61067 
61068 
61069 
61070 
61071 
61072 
61073 
61099 
61100 
61101 
61102 
61103 
61104 
61105 
61106 
61107 
61108 
61109 
61110 
61111 
61112 
61113 
61114 
61115 
61116 
61117 
61118 
61119 
61120 
61121 
61122 
61123 
61124 
61125 
61126 
61127 
61128 
61129 
61130 
61131 
61132 
61133 
61134 
61135 
61136 
61137 
61138 
61139 
61140 
61141 
61142 
61143 
61144 
61145 
61146 
61147 
61148 
61149 
61150 
61151 
61152 
61153 
61154 
61155 
61156 
61157 
61158 
61159 
61160 
61161 
61162 
61163 
61164 
61165 
61166 
61167 
61168 
61169 
61170 
61171 
61172 
61173 
61174 
61175 
61176 
61177 
61178 
61179 
61180 
61181 
61182 
61183 
61184 
61185 
61186 
61187 
61188 
61189 
61190 
61191 
61192 
61193 
61194 
61195 
61196 
61197 
61198 
61199 
61200 
61201 
61202 
61203 
61204 
61205 
61206 
61207 
61208 
61209 
61210 
61211 
61212 
61213 
61214 
61215 
61216 
61217 
61262 
61263 
61264 
61265 
61266 
61267 
61268 
61269 
61270 
61271 
61272 
61273 
61274 
61275 
61276 
61277 
61278 
61279 
61280 
61281 
61282 
61283 
61284 
61285 
61286 
61287 
61288 
61289 
61290 
61291 
61292 
61293 
61294 
61295 
61296 
61297 
61298 
61299 
61300 
61301 
61302 
61303 
61304 
61305 
61306 
61307 
61308 
61309 
61310 
61311 
61312 
61313 
61314 
61315 
61316 
61317 
61318 
61319 
61320 
61321 
61322 
61323 
61324 
61325 
61326 
61327 
61328 
61329 
61330 
61331 
61332 
61333 
61334 
61335 
61336 
61337 
61338 
61339 
61340 
61341 
61365 
61366 
61367 
61368 
61369 
61370 
61371 
61372 
61373 
61374 
61375 
61376 
61377 
61378 
61379 
61380 
61381 
61382 
61383 
61384 
61385 
61386 
61387 
61388 
61389 
61390 
61391 
61392 
61393 
61394 
61395 
61396 
61397 
61398 
61399 
61400 
61401 
61402 
61403 
61404 
61405 
61406 
61407 
61408 
61409 
61410 
61411 
61412 
61413 
61414 
61415 
61416 
61417 
61418 
61419 
61420 
61421 
61422 
61423 
61424 
61425 
61426 
61427 
61428 
61429 
61430 
61431 
61432 
61433 
61434 
61458 
61459 
61460 
61461 
61462 
61463 
61464 
61465 
61466 
61467 
61468 
61469 
61470 
61471 
61472 
61473 
61474 
61475 
61476 
61477 
61478 
61479 
61480 
61481 
61482 
61483 
61484 
61485 
61486 
61487 
61488 
61489 
61490 
61491 
61492 
61493 
61494 
61495 
61496 
61497 
61498 
61499 
61500 
61501 
61502 
61503 
61504 
61505 
61506 
61507 
61508 
61509 
61510 
61511 
61512 
61513 
61514 
61515 
61516 
61517 
61518 
61519 
61520 
61521 
61522 
61523 
61524 
61525 
61526 
61527 
61528 
61529 
61530 
61531 
61532 
61533 
61534 
61535 
61536 
61537 
61538 
61539 
61540 
61541 
61542 
61543 
61544 
61545 
61546 
61547 
61548 
61549 
61550 
61551 
61552 
61553 
61554 
61555 
61556 
61557 
61558 
61559 
61560 
61561 
61562 
61563 
61564 
61565 
61566 
61567 
61568 
61569 
61570 
61571 
61572 
61573 
61574 
61575 
61576 
61623 
61624 
61625 
61626 
61627 
61628 
61629 
61630 
61631 
61632 
61633 
61634 
61635 
61636 
61637 
61638 
61639 
61640 
61641 
61642 
61643 
61644 
61645 
61646 
61647 
61648 
61649 
61650 
61651 
61652 
61653 
61654 
61655 
61656 
61657 
61658 
61659 
61660 
61661 
61662 
61663 
61664 
61665 
61666 
61667 
61668 
61669 
61670 
61671 
61672 
61673 
61674 
61675 
61676 
61677 
61678 
61679 
61680 
61681 
61682 
61683 
61684 
61685 
61686 
61687 
61688 
61689 
61690 
61691 
61692 
61693 
61694 
61695 
61696 
61697 
61698 
61699 
61700 
61701 
61702 
61703 
61723 
61724 
61725 
61726 
61727 
61728 
61729 
61730 
61731 
61732 
61733 
61734 
61735 
61736 
61737 
61738 
61739 
61740 
61741 
61742 
61743 
61744 
61745 
61746 
61747 
61748 
61749 
61750 
61751 
61752 
61753 
61754 
61755 
61756 
61757 
61758 
61759 
61760 
61761 
61762 
61763 
61764 
61765 
61766 
61767 
61768 
61769 
61770 
61771 
61772 
61773 
61774 
61775 
61776 
61777 
61778 
61779 
61780 
61781 
61782 
61783 
61784 
61785 
61786 
61787 
61788 
61789 
61790 
61791 
61792 
61793 
61794 
61795 
61796 
61816 
61817 
61818 
61819 
61820 
61821 
61822 
61823 
61824 
61825 
61826 
61827 
61828 
61829 
61830 
61831 
61832 
61833 
61834 
61835 
61836 
61837 
61838 
61839 
61840 
61841 
61842 
61843 
61844 
61845 
61846 
61847 
61848 
61849 
61850 
61851 
61852 
61853 
61854 
61855 
61856 
61857 
61858 
61859 
61860 
61861 
61862 
61863 
61864 
61865 
61866 
61867 
61868 
61869 
61870 
61871 
61872 
61873 
61874 
61875 
61876 
61877 
61878 
61879 
61880 
61881 
61882 
61883 
61884 
61885 
61886 
61887 
61888 
61889 
61890 
61891 
61892 
61893 
61894 
61895 
61896 
61897 
61898 
61899 
61900 
61901 
61902 
61903 
61904 
61905 
61906 
61907 
61908 
61909 
61910 
61911 
61912 
61913 
61914 
61915 
61916 
61917 
61918 
61919 
61920 
61921 
61922 
61923 
61924 
61925 
61926 
61927 
61928 
61929 
61930 
61931 
61932 
61933 
61934 
61935 
61936 
61983 
61984 
61985 
61986 
61987 
61988 
61989 
61990 
61991 
61992 
61993 
61994 
61995 
61996 
61997 
61998 
61999 
62000 
62001 
62002 
62003 
62004 
62005 
62006 
62007 
62008 
62009 
62010 
62011 
62012 
62013 
62014 
62015 
62016 
62017 
62018 
62019 
62020 
62021 
62022 
62023 
62024 
62025 
62026 
62027 
62028 
62029 
62030 
62031 
62032 
62033 
62034 
62035 
62036 
62037 
62038 
62039 
62040 
62041 
62042 
62043 
62044 
62045 
62046 
62047 
62048 
62049 
62050 
62051 
62052 
62053 
62054 
62055 
62056 
62057 
62058 
62059 
62060 
62061 
62062 
62063 
62064 
62065 
62080 
62081 
62082 
62083 
62084 
62085 
62086 
62087 
62088 
62089 
62090 
62091 
62092 
62093 
62094 
62095 
62096 
62097 
62098 
62099 
62100 
62101 
62102 
62103 
62104 
62105 
62106 
62107 
62108 
62109 
62110 
62111 
62112 
62113 
62114 
62115 
62116 
62117 
62118 
62119 
62120 
62121 
62122 
62123 
62124 
62125 
62126 
62127 
62128 
62129 
62130 
62131 
62132 
62133 
62134 
62135 
62136 
62137 
62138 
62139 
62140 
62141 
62142 
62143 
62144 
62145 
62146 
62147 
62148 
62149 
62150 
62151 
62152 
62153 
62154 
62155 
62156 
62157 
62158 
62159 
62174 
62175 
62176 
62177 
62178 
62179 
62180 
62181 
62182 
62183 
62184 
62185 
62186 
62187 
62188 
62189 
62190 
62191 
62192 
62193 
62194 
62195 
62196 
62197 
62198 
62199 
62200 
62201 
62202 
62203 
62204 
62205 
62206 
62207 
62208 
62209 
62210 
62211 
62212 
62213 
62214 
62215 
62216 
62217 
62218 
62219 
62220 
62221 
62222 
62223 
62224 
62225 
62226 
62227 
62228 
62229 
62230 
62231 
62232 
62233 
62234 
62235 
62236 
62237 
62238 
62239 
62240 
62241 
62242 
62243 
62244 
62245 
62246 
62247 
62248 
62249 
62250 
62251 
62252 
62253 
62254 
62255 
62256 
62257 
62258 
62259 
62260 
62261 
62262 
62263 
62264 
62265 
62266 
62267 
62268 
62269 
62270 
62271 
62272 
62273 
62274 
62275 
62276 
62277 
62278 
62279 
62280 
62281 
62282 
62283 
62284 
62285 
62286 
62287 
62288 
62289 
62290 
62291 
62292 
62293 
62294 
62295 
62344 
62345 
62346 
62347 
62348 
62349 
62350 
62351 
62352 
62353 
62354 
62355 
62356 
62357 
62358 
62359 
62360 
62361 
62362 
62363 
62364 
62365 
62366 
62367 
62368 
62369 
62370 
62371 
62372 
62373 
62374 
62375 
62376 
62377 
62378 
62379 
62380 
62381 
62382 
62383 
62384 
62401 
62402 
62403 
62404 
62405 
62406 
62407 
62408 
62409 
62410 
62411 
62412 
62413 
62414 
62415 
62416 
62417 
62418 
62419 
62420 
62421 
62422 
62423 
62424 
62425 
62426 
62427 
62428 
62429 
62436 
62437 
62438 
62439 
62440 
62441 
62442 
62443 
62444 
62445 
62446 
62447 
62448 
62449 
62450 
62451 
62452 
62453 
62454 
62455 
62456 
62457 
62458 
62459 
62460 
62461 
62462 
62463 
62464 
62465 
62466 
62467 
62468 
62469 
62470 
62471 
62472 
62473 
62474 
62475 
62476 
62477 
62478 
62495 
62496 
62497 
62498 
62499 
62500 
62501 
62502 
62503 
62504 
62505 
62506 
62507 
62508 
62509 
62510 
62511 
62512 
62513 
62514 
62515 
62516 
62517 
62518 
62519 
62520 
62521 
62522 
62523 
62530 
62531 
62532 
62533 
62534 
62535 
62536 
62537 
62538 
62539 
62540 
62541 
62542 
62543 
62544 
62545 
62546 
62547 
62548 
62549 
62550 
62551 
62552 
62553 
62554 
62555 
62556 
62557 
62558 
62559 
62560 
62561 
62562 
62563 
62564 
62565 
62581 
62582 
62583 
62584 
62585 
62586 
62587 
62588 
62589 
62590 
62591 
62592 
62593 
62594 
62595 
62596 
62597 
62598 
62599 
62600 
62601 
62602 
62603 
62604 
62605 
62606 
62607 
62608 
62609 
62610 
62611 
62612 
62613 
62614 
62615 
62616 
62617 
62618 
62619 
62620 
62621 
62622 
62623 
62624 
62625 
62626 
62627 
62628 
62629 
62630 
62631 
62632 
62633 
62634 
62635 
62636 
62637 
62638 
62639 
62640 
62641 
62642 
62643 
62644 
62645 
62646 
62647 
62648 
62649 
62650 
62651 
62652 
62653 
62654 
62655 
62704 
62705 
62706 
62707 
62708 
62709 
62710 
62711 
62712 
62713 
62714 
62715 
62716 
62717 
62718 
62719 
62720 
62721 
62722 
62723 
62724 
62725 
62726 
62727 
62728 
62729 
62730 
62731 
62732 
62733 
62734 
62735 
62736 
62737 
62738 
62739 
62740 
62741 
62765 
62766 
62767 
62768 
62769 
62770 
62771 
62772 
62773 
62774 
62775 
62776 
62777 
62778 
62779 
62780 
62781 
62782 
62783 
62784 
62785 
62786 
62787 
62788 
62789 
62790 
62791 
62792 
62793 
62794 
62795 
62796 
62797 
62798 
62799 
62800 
62801 
62802 
62803 
62804 
62805 
62806 
62807 
62808 
62809 
62810 
62811 
62812 
62813 
62814 
62815 
62816 
62817 
62818 
62819 
62820 
62821 
62822 
62823 
62824 
62825 
62826 
62827 
62828 
62829 
62830 
62831 
62832 
62833 
62834 
62858 
62859 
62860 
62861 
62862 
62863 
62864 
62865 
62866 
62867 
62868 
62869 
62870 
62871 
62872 
62873 
62874 
62875 
62876 
62877 
62878 
62879 
62880 
62881 
62882 
62883 
62884 
62885 
62886 
62887 
62888 
62889 
62890 
62891 
62892 
62893 
62894 
62895 
62896 
62897 
62898 
62899 
62900 
62901 
62902 
62903 
62904 
62905 
62906 
62907 
62908 
62909 
62910 
62911 
62912 
62913 
62914 
62915 
62916 
62917 
62918 
62919 
62920 
62921 
62922 
62944 
62945 
62946 
62947 
62948 
62949 
62950 
62951 
62952 
62953 
62954 
62955 
62956 
62957 
62958 
62959 
62960 
62961 
62962 
62963 
62964 
62965 
62966 
62967 
62968 
62969 
62970 
62971 
62972 
62973 
62974 
62975 
62976 
62977 
62978 
62979 
62980 
62981 
62982 
62983 
62984 
62985 
62986 
62987 
62988 
62989 
62990 
62991 
62992 
62993 
62994 
62995 
62996 
62997 
62998 
62999 
63000 
63001 
63002 
63003 
63004 
63005 
63006 
63007 
63008 
63009 
63010 
63011 
63012 
63013 
63014 
63065 
63066 
63067 
63068 
63069 
63070 
63071 
63072 
63073 
63074 
63075 
63076 
63077 
63078 
63079 
63080 
63081 
63082 
63083 
63084 
63085 
63086 
63087 
63088 
63089 
63090 
63091 
63092 
63093 
63094 
63095 
63096 
63097 
63098 
63127 
63128 
63129 
63130 
63131 
63132 
63133 
63134 
63135 
63136 
63137 
63138 
63139 
63140 
63141 
63142 
63143 
63144 
63145 
63146 
63147 
63148 
63149 
63150 
63151 
63152 
63153 
63154 
63155 
63156 
63157 
63158 
63159 
63160 
63161 
63162 
63163 
63164 
63165 
63166 
63167 
63168 
63169 
63170 
63171 
63172 
63173 
63174 
63175 
63176 
63177 
63178 
63179 
63180 
63181 
63182 
63183 
63184 
63185 
63186 
63187 
63188 
63189 
63190 
63191 
63192 
63221 
63222 
63223 
63224 
63225 
63226 
63227 
63228 
63229 
63230 
63231 
63232 
63233 
63234 
63235 
63236 
63237 
63238 
63239 
63240 
63241 
63242 
63243 
63244 
63245 
63246 
63247 
63248 
63249 
63250 
63251 
63252 
63253 
63254 
63255 
63256 
63257 
63258 
63259 
63260 
63261 
63262 
63263 
63264 
63265 
63266 
63267 
63268 
63269 
63270 
63271 
63272 
63273 
63274 
63275 
63276 
63277 
63278 
63279 
63280 
63306 
63307 
63308 
63309 
63310 
63311 
63312 
63313 
63314 
63315 
63316 
63317 
63318 
63319 
63320 
63321 
63322 
63323 
63324 
63325 
63326 
63327 
63328 
63329 
63330 
63331 
63332 
63333 
63334 
63335 
63336 
63337 
63338 
63339 
63340 
63341 
63342 
63343 
63344 
63345 
63346 
63347 
63348 
63349 
63350 
63351 
63352 
63353 
63354 
63355 
63356 
63357 
63358 
63359 
63360 
63361 
63362 
63363 
63364 
63365 
63366 
63367 
63368 
63369 
63370 
63371 
63372 
63373 
63374 
63425 
63426 
63427 
63428 
63429 
63430 
63431 
63432 
63433 
63434 
63435 
63436 
63437 
63438 
63439 
63440 
63441 
63442 
63443 
63444 
63445 
63446 
63447 
63448 
63449 
63450 
63451 
63452 
63453 
63454 
63455 
63456 
63489 
63490 
63491 
63492 
63493 
63494 
63495 
63496 
63497 
63498 
63499 
63500 
63501 
63502 
63503 
63504 
63505 
63506 
63507 
63508 
63509 
63510 
63511 
63512 
63513 
63514 
63515 
63516 
63517 
63518 
63519 
63520 
63521 
63522 
63523 
63524 
63525 
63526 
63527 
63528 
63529 
63530 
63531 
63532 
63533 
63534 
63535 
63536 
63537 
63538 
63539 
63540 
63541 
63542 
63543 
63544 
63545 
63546 
63547 
63548 
63549 
63550 
63583 
63584 
63585 
63586 
63587 
63588 
63589 
63590 
63591 
63592 
63593 
63594 
63595 
63596 
63597 
63598 
63599 
63600 
63601 
63602 
63603 
63604 
63605 
63606 
63607 
63608 
63609 
63610 
63611 
63612 
63613 
63614 
63615 
63616 
63617 
63618 
63619 
63620 
63621 
63622 
63623 
63624 
63625 
63626 
63627 
63628 
63629 
63630 
63631 
63632 
63633 
63634 
63635 
63636 
63637 
63638 
63668 
63669 
63670 
63671 
63672 
63673 
63674 
63675 
63676 
63677 
63678 
63679 
63680 
63681 
63682 
63683 
63684 
63685 
63686 
63687 
63688 
63689 
63690 
63691 
63692 
63693 
63694 
63695 
63696 
63697 
63698 
63699 
63700 
63701 
63702 
63703 
63704 
63705 
63706 
63707 
63708 
63709 
63710 
63711 
63712 
63713 
63714 
63715 
63716 
63717 
63718 
63719 
63720 
63721 
63722 
63723 
63724 
63725 
63726 
63727 
63728 
63729 
63730 
63731 
63732 
63733 
63786 
63787 
63788 
63789 
63790 
63791 
63792 
63793 
63794 
63795 
63796 
63797 
63798 
63799 
63800 
63801 
63802 
63803 
63804 
63805 
63806 
63807 
63808 
63809 
63810 
63811 
63812 
63813 
63814 
63815 
63851 
63852 
63853 
63854 
63855 
63856 
63857 
63858 
63859 
63860 
63861 
63862 
63863 
63864 
63865 
63866 
63867 
63868 
63869 
63870 
63871 
63872 
63873 
63874 
63875 
63876 
63877 
63878 
63879 
63880 
63881 
63882 
63883 
63884 
63885 
63886 
63887 
63888 
63889 
63890 
63891 
63892 
63893 
63894 
63895 
63896 
63897 
63898 
63899 
63900 
63901 
63902 
63903 
63904 
63905 
63906 
63907 
63908 
63944 
63945 
63946 
63947 
63948 
63949 
63950 
63951 
63952 
63953 
63954 
63955 
63956 
63957 
63958 
63959 
63960 
63961 
63962 
63963 
63964 
63965 
63966 
63967 
63968 
63969 
63970 
63971 
63972 
63973 
63974 
63975 
63976 
63977 
63978 
63979 
63980 
63981 
63982 
63983 
63984 
63985 
63986 
63987 
63988 
63989 
63990 
63991 
63992 
63993 
63994 
63995 
63996 
64029 
64030 
64031 
64032 
64033 
64034 
64035 
64036 
64037 
64038 
64039 
64040 
64041 
64042 
64043 
64044 
64045 
64046 
64047 
64048 
64049 
64050 
64051 
64052 
64053 
64054 
64055 
64056 
64057 
64058 
64059 
64060 
64061 
64062 
64063 
64064 
64065 
64066 
64067 
64068 
64069 
64070 
64071 
64072 
64073 
64074 
64075 
64076 
64077 
64078 
64079 
64080 
64081 
64082 
64083 
64084 
64085 
64086 
64087 
64088 
64089 
64090 
64091 
64092 
64093 
64146 
64147 
64148 
64149 
64150 
64151 
64152 
64153 
64154 
64155 
64156 
64157 
64158 
64159 
64160 
64161 
64162 
64163 
64164 
64165 
64166 
64167 
64168 
64169 
64170 
64171 
64172 
64173 
64213 
64214 
64215 
64216 
64217 
64218 
64219 
64220 
64221 
64222 
64223 
64224 
64225 
64226 
64227 
64228 
64229 
64230 
64231 
64232 
64233 
64234 
64235 
64236 
64237 
64238 
64239 
64240 
64241 
64242 
64243 
64244 
64245 
64246 
64247 
64248 
64249 
64250 
64251 
64252 
64253 
64254 
64255 
64256 
64257 
64258 
64259 
64260 
64261 
64262 
64263 
64264 
64265 
64266 
64306 
64307 
64308 
64309 
64310 
64311 
64312 
64313 
64314 
64315 
64316 
64317 
64318 
64319 
64320 
64321 
64322 
64323 
64324 
64325 
64326 
64327 
64328 
64329 
64330 
64331 
64332 
64333 
64334 
64335 
64336 
64337 
64338 
64339 
64340 
64341 
64342 
64343 
64344 
64345 
64346 
64347 
64348 
64349 
64350 
64351 
64352 
64353 
64354 
64355 
64391 
64392 
64393 
64394 
64395 
64396 
64397 
64398 
64399 
64400 
64401 
64402 
64403 
64404 
64405 
64406 
64407 
64408 
64409 
64410 
64411 
64412 
64413 
64414 
64415 
64416 
64417 
64418 
64419 
64420 
64421 
64422 
64423 
64424 
64425 
64426 
64427 
64428 
64429 
64430 
64431 
64432 
64433 
64434 
64435 
64436 
64437 
64438 
64439 
64440 
64441 
64442 
64443 
64444 
64445 
64446 
64447 
64448 
64449 
64450 
64451 
64452 
64453 
64506 
64507 
64508 
64509 
64510 
64511 
64512 
64513 
64514 
64515 
64516 
64517 
64518 
64519 
64520 
64521 
64522 
64523 
64524 
64525 
64526 
64527 
64528 
64529 
64530 
64531 
64532 
64574 
64575 
64576 
64577 
64578 
64579 
64580 
64581 
64582 
64583 
64584 
64585 
64586 
64587 
64588 
64589 
64590 
64591 
64592 
64593 
64594 
64595 
64596 
64597 
64598 
64599 
64600 
64601 
64602 
64603 
64604 
64605 
64606 
64607 
64608 
64609 
64610 
64611 
64612 
64613 
64614 
64615 
64616 
64617 
64618 
64619 
64620 
64621 
64622 
64623 
64624 
64625 
64667 
64668 
64669 
64670 
64671 
64672 
64673 
64674 
64675 
64676 
64677 
64678 
64679 
64680 
64681 
64682 
64683 
64684 
64685 
64686 
64687 
64688 
64689 
64690 
64691 
64692 
64693 
64694 
64695 
64696 
64697 
64698 
64699 
64700 
64701 
64702 
64703 
64704 
64705 
64706 
64707 
64708 
64709 
64710 
64711 
64712 
64713 
64714 
64752 
64753 
64754 
64755 
64756 
64757 
64758 
64759 
64760 
64761 
64762 
64763 
64764 
64765 
64766 
64767 
64768 
64769 
64770 
64771 
64772 
64773 
64774 
64775 
64776 
64777 
64778 
64779 
64780 
64781 
64782 
64783 
64784 
64785 
64786 
64787 
64788 
64789 
64790 
64791 
64792 
64793 
64794 
64795 
64796 
64797 
64798 
64799 
64800 
64801 
64802 
64803 
64804 
64805 
64806 
64807 
64808 
64809 
64810 
64811 
64812 
64867 
64868 
64869 
64870 
64871 
64872 
64873 
64874 
64875 
64876 
64877 
64878 
64879 
64880 
64881 
64882 
64883 
64884 
64885 
64886 
64887 
64888 
64889 
64890 
64935 
64936 
64937 
64938 
64939 
64940 
64941 
64942 
64943 
64944 
64945 
64946 
64947 
64948 
64949 
64950 
64951 
64952 
64953 
64954 
64955 
64956 
64957 
64958 
64959 
64960 
64961 
64962 
64963 
64964 
64965 
64966 
64967 
64968 
64969 
64970 
64971 
64972 
64973 
64974 
64975 
64976 
64977 
64978 
64979 
64980 
64981 
64982 
64983 
64984 
65029 
65030 
65031 
65032 
65033 
65034 
65035 
65036 
65037 
65038 
65039 
65040 
65041 
65042 
65043 
65044 
65045 
65046 
65047 
65048 
65049 
65050 
65051 
65052 
65053 
65054 
65055 
65056 
65057 
65058 
65059 
65060 
65061 
65062 
65063 
65064 
65065 
65066 
65067 
65068 
65069 
65070 
65071 
65072 
65073 
65113 
65114 
65115 
65116 
65117 
65118 
65119 
65120 
65121 
65122 
65123 
65124 
65125 
65126 
65127 
65128 
65129 
65130 
65131 
65132 
65133 
65134 
65135 
65136 
65137 
65138 
65139 
65140 
65141 
65142 
65143 
65144 
65145 
65146 
65147 
65148 
65149 
65150 
65151 
65152 
65153 
65154 
65155 
65156 
65157 
65158 
65159 
65160 
65161 
65162 
65163 
65164 
65165 
65166 
65167 
65168 
65169 
65170 
65171 
65172 
65227 
65228 
65229 
65230 
65231 
65232 
65233 
65234 
65235 
65236 
65237 
65238 
65239 
65240 
65241 
65242 
65243 
65244 
65245 
65246 
65247 
65248 
65249 
65296 
65297 
65298 
65299 
65300 
65301 
65302 
65303 
65304 
65305 
65306 
65307 
65308 
65309 
65310 
65311 
65312 
65313 
65314 
65315 
65316 
65317 
65318 
65319 
65320 
65321 
65322 
65323 
65324 
65325 
65326 
65327 
65328 
65329 
65330 
65331 
65332 
65333 
65334 
65335 
65336 
65337 
65338 
65339 
65340 
65341 
65342 
65343 
65390 
65391 
65392 
65393 
65394 
65395 
65396 
65397 
65398 
65399 
65400 
65401 
65402 
65403 
65404 
65405 
65406 
65407 
65408 
65409 
65410 
65411 
65412 
65413 
65414 
65415 
65416 
65417 
65418 
65419 
65420 
65421 
65422 
65423 
65424 
65425 
65426 
65427 
65428 
65429 
65430 
65431 
65432 
65474 
65475 
65476 
65477 
65478 
65479 
65480 
65481 
65482 
65483 
65484 
65485 
65486 
65487 
65488 
65489 
65490 
65491 
65492 
65493 
65494 
65495 
65496 
65497 
65498 
65499 
65500 
65501 
65502 
65503 
65504 
65505 
65506 
65507 
65508 
65509 
65510 
65511 
65512 
65513 
65514 
65515 
65516 
65517 
65518 
65519 
65520 
65521 
65522 
65523 
65524 
65525 
65526 
65527 
65528 
65529 
65530 
65531 
65532 
)

// ************************************************************************* //
