/*--------------------------------*- C++ -*----------------------------------*\
  =========                 |
  \\      /  F ield         | OpenFOAM: The Open Source CFD Toolbox
   \\    /   O peration     | Website:  https://openfoam.org
    \\  /    A nd           | Version:  7
     \\/     M anipulation  |
\*---------------------------------------------------------------------------*/
FoamFile
{
    version     2.0;
    format      ascii;
    class       labelList;
    note        "nPoints: 108590 nCells: 52066 nFaces: 210507 nInternalFaces: 101889";
    location    "constant/polyMesh";
    object      neighbour;
}
// * * * * * * * * * * * * * * * * * * * * * * * * * * * * * * * * * * * * * //


101889
(
1
16
2
17
3
18
4
19
5
20
6
21
7
22
23
9
24
10
25
11
26
12
27
13
28
14
29
15
30
31
17
32
18
33
19
34
20
35
21
36
22
37
23
38
39
25
40
26
41
27
42
28
43
29
44
30
45
31
46
47
33
48
34
49
35
50
36
51
37
52
38
53
39
54
55
41
56
42
57
43
58
44
59
45
60
46
61
47
62
63
49
64
50
65
51
66
52
67
53
68
54
69
55
70
71
57
416
58
417
59
418
60
419
61
420
62
421
63
422
423
65
424
66
425
67
426
68
427
69
428
70
429
71
430
72
431
73
432
74
433
75
434
76
435
77
436
78
437
79
438
80
439
81
440
82
441
83
442
84
443
85
444
86
445
87
446
88
447
89
448
90
449
91
450
92
451
93
452
94
453
95
454
96
455
97
456
98
457
99
458
100
459
101
460
102
461
103
462
104
463
105
464
106
465
107
466
108
467
109
468
110
469
111
470
112
471
113
472
114
473
115
474
116
475
117
476
118
477
119
478
120
479
121
480
122
481
123
482
124
483
125
484
126
485
127
486
128
487
129
488
130
489
131
490
132
491
133
492
134
493
135
494
136
495
137
496
138
497
139
498
140
499
141
500
142
501
143
502
144
503
145
504
146
505
147
506
148
507
149
508
150
509
151
510
152
511
153
512
154
513
155
514
156
515
157
516
158
517
159
518
160
519
161
520
162
521
163
522
164
523
165
524
166
525
167
526
168
527
169
528
170
529
171
530
172
531
173
532
174
533
175
534
176
535
177
536
178
537
179
538
180
539
181
540
182
541
183
542
184
543
185
544
186
545
187
546
188
547
189
548
190
549
191
550
192
551
193
552
194
553
195
554
196
555
197
556
198
557
199
558
200
559
201
560
202
561
203
562
204
563
205
564
206
565
207
566
208
567
209
568
210
569
211
570
212
571
213
572
214
573
215
574
216
575
217
576
218
577
219
578
220
579
221
580
222
581
223
582
224
583
225
584
226
585
227
586
228
587
229
588
230
589
231
590
232
591
233
592
234
593
235
594
236
595
237
596
238
597
239
598
240
599
241
600
242
601
243
602
244
603
245
604
246
605
247
606
248
607
249
608
250
609
251
610
252
611
253
612
254
613
255
614
256
615
257
616
258
617
259
618
260
619
261
620
262
621
263
622
264
623
265
624
266
625
267
626
268
627
269
628
270
629
271
630
272
631
273
632
274
633
275
634
276
635
277
636
278
637
279
638
280
639
281
640
282
641
283
642
284
643
285
644
286
645
287
646
288
647
289
648
290
649
291
650
292
651
293
652
294
653
295
654
296
655
297
656
298
657
299
658
300
659
301
660
302
661
303
662
304
663
305
664
306
665
307
666
308
667
309
668
310
669
311
670
312
671
313
672
314
673
315
674
316
675
317
676
318
677
319
678
320
679
321
680
322
681
323
682
324
683
325
684
326
685
327
686
328
687
329
688
330
689
331
690
332
691
333
692
334
693
335
694
336
695
337
696
338
697
339
698
340
699
341
700
342
701
343
702
344
703
345
704
346
705
347
706
348
707
349
708
350
709
351
710
352
711
353
712
354
713
355
714
356
715
357
716
358
717
359
718
360
719
361
720
362
721
363
722
364
723
365
724
366
725
367
726
368
727
369
728
370
729
371
730
372
731
373
732
374
733
375
734
376
735
377
736
378
737
379
738
380
739
381
740
382
741
383
742
384
743
385
744
386
745
387
746
388
747
389
748
390
749
391
750
392
751
393
752
394
753
395
754
396
755
397
756
398
757
399
758
400
759
401
760
402
761
403
762
404
763
405
764
406
765
407
766
408
767
409
768
410
769
411
770
412
771
413
772
414
773
415
774
416
775
417
776
418
777
419
778
420
779
421
780
422
781
423
782
783
425
784
426
785
427
786
428
787
429
788
430
789
431
790
432
791
433
792
434
793
435
794
436
795
437
796
438
797
439
798
440
799
441
800
442
801
443
802
444
803
445
804
446
805
447
806
448
807
449
808
450
809
451
810
452
811
453
812
454
813
455
814
456
815
457
816
458
817
459
818
460
819
461
820
462
821
463
822
464
823
465
824
466
825
467
826
468
827
469
828
470
829
471
830
472
831
473
832
474
833
475
834
476
835
477
836
478
837
479
838
480
839
481
840
482
841
483
842
484
843
485
844
486
845
487
846
488
847
489
848
490
849
491
850
492
851
493
852
494
853
495
854
496
855
497
856
498
857
499
858
500
859
501
860
502
861
503
862
504
863
505
864
506
865
507
866
508
867
509
868
510
869
511
870
512
871
513
872
514
873
515
874
516
875
517
876
518
877
519
878
520
879
521
880
522
881
523
882
524
883
525
884
526
885
527
886
528
887
529
888
530
889
531
890
532
891
533
892
534
893
535
894
536
895
537
896
538
897
539
898
540
899
541
900
542
901
543
902
544
903
545
904
546
905
547
906
548
907
549
908
550
909
551
910
552
911
553
912
554
913
555
914
556
915
557
916
558
917
559
918
560
919
561
920
562
921
563
922
564
923
565
924
566
925
567
926
568
927
569
928
570
929
571
930
572
931
573
932
574
933
575
934
576
935
577
936
578
937
579
938
580
939
581
940
582
941
583
942
584
943
585
944
586
945
587
946
588
947
589
948
590
949
591
950
592
951
593
952
594
953
595
954
596
955
597
956
598
957
599
958
600
959
601
960
602
961
603
962
604
963
605
964
606
965
607
966
608
967
609
968
610
969
611
970
612
971
613
972
614
973
615
974
616
975
617
976
618
977
619
978
620
979
621
980
622
981
623
982
624
983
625
984
626
985
627
986
628
987
629
988
630
989
631
990
632
991
633
992
634
993
635
994
636
995
637
996
638
997
639
998
640
999
641
1000
642
1001
643
1002
644
1003
645
1004
646
1005
647
1006
648
1007
649
1008
650
1009
651
1010
652
1011
653
1012
654
1013
655
1014
656
1015
657
1016
658
1017
659
1018
660
1019
661
1020
662
1021
663
1022
664
1023
665
1024
666
1025
667
1026
668
1027
669
1028
670
1029
671
1030
672
1031
673
1032
674
1033
675
1034
676
1035
677
1036
678
1037
679
1038
680
1039
681
1040
682
1041
683
1042
684
1043
685
1044
686
1045
687
1046
688
1047
689
1048
690
1049
691
1050
692
1051
693
1052
694
1053
695
1054
696
1055
697
1056
698
1057
699
1058
700
1059
701
1060
702
1061
703
1062
704
1063
705
1064
706
1065
707
1066
708
1067
709
1068
710
1069
711
1070
712
1071
713
1072
714
1073
715
1074
716
1075
717
1076
718
1077
719
1078
720
1079
721
1080
722
1081
723
1082
724
1083
725
1084
726
1085
727
1086
728
1087
729
1088
730
1089
731
1090
732
1091
733
1092
734
1093
735
1094
736
1095
737
1096
738
1097
739
1098
740
1099
741
1100
742
1101
743
1102
744
1103
745
1104
746
1105
747
1106
748
1107
749
1108
750
1109
751
1110
752
1111
753
1112
754
1113
755
1114
756
1115
757
1116
758
1117
759
1118
760
1119
761
1120
762
1121
763
1122
764
1123
765
1124
766
1125
767
1126
768
1127
769
1128
770
1129
771
1130
772
1131
773
1132
774
1133
775
1134
776
1135
777
1136
778
1137
779
1138
780
1139
781
1140
782
1141
783
1142
1143
785
1144
786
1145
787
1146
788
1147
789
1148
790
1149
791
1150
792
1151
793
1152
794
1153
795
1154
796
1155
797
1156
798
1157
799
1158
800
1159
801
1160
802
1161
803
1162
804
1163
805
1164
806
1165
807
1166
808
1167
809
1168
810
1169
811
1170
812
1171
813
1172
814
1173
815
1174
816
1175
817
1176
818
1177
819
1178
820
1179
821
1180
822
1181
823
1182
824
1183
825
1184
826
1185
827
1186
828
1187
829
1188
830
1189
831
1190
832
1191
833
1192
834
1193
835
1194
836
1195
837
1196
838
1197
839
1198
840
1199
841
1200
842
1201
843
1202
844
1203
845
1204
846
1205
847
1206
848
1207
849
1208
850
1209
851
1210
852
1211
853
1212
854
1213
855
1214
856
1215
857
1216
858
1217
859
1218
860
1219
861
1220
862
1221
863
1222
864
1223
865
1224
866
1225
867
1226
868
1227
869
1228
870
1229
871
1230
872
1231
873
1232
874
1233
875
1234
876
1235
877
1236
878
1237
879
1238
880
1239
881
1240
882
1241
883
1242
884
1243
885
1244
886
1245
887
1246
888
1247
889
1248
890
1249
891
1250
892
1251
893
1252
894
1253
895
1254
896
1255
897
1256
898
1257
899
1258
900
1259
901
1260
902
1261
903
1262
904
1263
905
1264
906
1265
907
1266
908
1267
909
1268
910
1269
911
1270
912
1271
913
1272
914
1273
915
1274
916
1275
917
1276
918
1277
919
1278
920
1279
921
1280
922
1281
923
1282
924
1283
925
1284
926
1285
927
1286
928
1287
929
1288
930
1289
931
1290
932
1291
933
1292
934
1293
935
1294
936
1295
937
1296
938
1297
939
1298
940
1299
941
1300
942
1301
943
1302
944
1303
945
1304
946
1305
947
1306
948
1307
949
1308
950
1309
951
1310
952
1311
953
1312
954
1313
955
1314
956
1315
957
1316
958
1317
959
1318
960
1319
961
1320
962
1321
963
1322
964
1323
965
1324
966
1325
967
1326
968
1327
969
1328
970
1329
971
1330
972
1331
973
1332
974
1333
975
1334
976
1335
977
1336
978
1337
979
1338
980
1339
981
1340
982
1341
983
1342
984
1343
985
1344
986
1345
987
1346
988
1347
989
1348
990
1349
991
1350
992
1351
993
1352
994
1353
995
1354
996
1355
997
1356
998
1357
999
1358
1000
1359
1001
1360
1002
1361
1003
1362
1004
1363
1005
1364
1006
1365
1007
1366
1008
1367
1009
1368
1010
1369
1011
1370
1012
1371
1013
1372
1014
1373
1015
1374
1016
1375
1017
1376
1018
1377
1019
1378
1020
1379
1021
1380
1022
1381
1023
1382
1024
1383
1025
1384
1026
1385
1027
1386
1028
1387
1029
1388
1030
1389
1031
1390
1032
1391
1033
1392
1034
1393
1035
1394
1036
1395
1037
1396
1038
1397
1039
1398
1040
1399
1041
1400
1042
1401
1043
1402
1044
1403
1045
1404
1046
1405
1047
1406
1048
1407
1049
1408
1050
1409
1051
1410
1052
1411
1053
1412
1054
1413
1055
1414
1056
1415
1057
1416
1058
1417
1059
1418
1060
1419
1061
1420
1062
1421
1063
1422
1064
1423
1065
1424
1066
1425
1067
1426
1068
1427
1069
1428
1070
1429
1071
1430
1072
1431
1073
1432
1074
1433
1075
1434
1076
1435
1077
1436
1078
1437
1079
1438
1080
1439
1081
1440
1082
1441
1083
1442
1084
1443
1085
1444
1086
1445
1087
1446
1088
1447
1089
1448
1090
1449
1091
1450
1092
1451
1093
1452
1094
1453
1095
1454
1096
1455
1097
1456
1098
1457
1099
1458
1100
1459
1101
1460
1102
1461
1103
1462
1104
1463
1105
1464
1106
1465
1107
1466
1108
1467
1109
1468
1110
1469
1111
1470
1112
1471
1113
1472
1114
1473
1115
1474
1116
1475
1117
1476
1118
1477
1119
1478
1120
1479
1121
1480
1122
1481
1123
1482
1124
1483
1125
1484
1126
1485
1127
1486
1128
1487
1129
1488
1130
1489
1131
1490
1132
1491
1133
1492
1134
1493
1135
1494
1136
1495
1137
1496
1138
1497
1139
1498
1140
1499
1141
1500
1142
1501
1143
1502
1503
1145
1504
1146
1505
1147
1506
1148
1507
1149
1508
1150
1509
1151
1510
1152
1511
1153
1512
1154
1513
1155
1514
1156
1515
1157
1516
1158
1517
1159
1518
1160
1519
1161
1520
1162
1521
1163
1522
1164
1523
1165
1524
1166
1525
1167
1526
1168
1527
1169
1528
1170
1529
1171
1530
1172
1531
1173
1532
1174
1533
1175
1534
1176
1535
1177
1536
1178
1537
1179
1538
1180
1539
1181
1540
1182
1541
1183
1542
1184
1543
1185
1544
1186
1545
1187
1546
1188
1547
1189
1548
1190
1549
1191
1550
1192
1551
1193
1552
1194
1553
1195
1554
1196
1555
1197
1556
1198
1557
1199
1558
1200
1559
1201
1560
1202
1561
1203
1562
1204
1563
1205
1564
1206
1565
1207
1566
1208
1567
1209
1568
1210
1569
1211
1570
1212
1571
1213
1572
1214
1573
1215
1574
1216
1575
1217
1576
1218
1577
1219
1578
1220
1579
1221
1580
1222
1581
1223
1582
1224
1583
1225
1584
1226
1585
1227
1586
1228
1587
1229
1588
1230
1589
1231
1590
1232
1591
1233
1592
1234
1593
1235
1594
1236
1595
1237
1596
1238
1597
1239
1598
1240
1599
1241
1600
1242
1601
1243
1602
1244
1603
1245
1604
1246
1605
1247
1606
1248
1607
1249
1608
1250
1609
1251
1610
1252
1611
1253
1612
1254
1613
1255
1614
1256
1615
1257
1616
1258
1617
1259
1618
1260
1619
1261
1620
1262
1621
1263
1622
1264
1623
1265
1624
1266
1625
1267
1626
1268
1627
1269
1628
1270
1629
1271
1630
1272
1631
1273
1632
1274
1633
1275
1634
1276
1635
1277
1636
1278
1637
1279
1638
1280
1639
1281
1640
1282
1641
1283
1642
1284
1643
1285
1644
1286
1645
1287
1646
1288
1647
1289
1648
1290
1649
1291
1650
1292
1651
1293
1652
1294
1653
1295
1654
1296
1655
1297
1656
1298
1657
1299
1658
1300
1659
1301
1660
1302
1661
1303
1662
1304
1663
1305
1664
1306
1665
1307
1666
1308
1667
1309
1668
1310
1669
1311
1670
1312
1671
1313
1672
1314
1673
1315
1674
1316
1675
1317
1676
1318
1677
1319
1678
1320
1679
1321
1680
1322
1681
1323
1682
1324
1683
1325
1684
1326
1685
1327
1686
1328
1687
1329
1688
1330
1689
1331
1690
1332
1691
1333
1692
1334
1693
1335
1694
1336
1695
1337
1696
1338
1697
1339
1698
1340
1699
1341
1700
1342
1701
1343
1702
1344
1703
1345
1704
1346
1705
1347
1706
1348
1707
1349
1708
1350
1709
1351
1710
1352
1711
1353
1712
1354
1713
1355
1714
1356
1715
1357
1716
1358
1717
1359
1718
1360
1719
1361
1720
1362
1721
1363
1722
1364
1723
1365
1724
1366
1725
1367
1726
1368
1727
1369
1728
1370
1729
1371
1730
1372
1731
1373
1732
1374
1733
1375
1734
1376
1735
1377
1736
1378
1737
1379
1738
1380
1739
1381
1740
1382
1741
1383
1742
1384
1743
1385
1744
1386
1745
1387
1746
1388
1747
1389
1748
1390
1749
1391
1750
1392
1751
1393
1752
1394
1753
1395
1754
1396
1755
1397
1756
1398
1757
1399
1758
1400
1759
1401
1760
1402
1761
1403
1762
1404
1763
1405
1764
1406
1765
1407
1766
1408
1767
1409
1768
1410
1769
1411
1770
1412
1771
1413
1772
1414
1773
1415
1774
1416
1775
1417
1776
1418
1777
1419
1778
1420
1779
1421
1780
1422
1781
1423
1782
1424
1783
1425
1784
1426
1785
1427
1786
1428
1787
1429
1788
1430
1789
1431
1790
1432
1791
1433
1792
1434
1793
1435
1794
1436
1795
1437
1796
1438
1797
1439
1798
1440
1799
1441
1800
1442
1801
1443
1802
1444
1803
1445
1804
1446
1805
1447
1806
1448
1807
1449
1808
1450
1809
1451
1810
1452
1811
1453
1812
1454
1813
1455
1814
1456
1815
1457
1816
1458
1817
1459
1818
1460
1819
1461
1820
1462
1821
1463
1822
1464
1823
1465
1824
1466
1825
1467
1826
1468
1827
1469
1828
1470
1829
1471
1830
1472
1831
1473
1832
1474
1833
1475
1834
1476
1835
1477
1836
1478
1837
1479
1838
1480
1839
1481
1840
1482
1841
1483
1842
1484
1843
1485
1844
1486
1845
1487
1846
1488
1847
1489
1848
1490
1849
1491
1850
1492
1851
1493
1852
1494
1853
1495
1854
1496
1855
1497
1856
1498
1857
1499
1858
1500
1859
1501
1860
1502
1861
1503
1862
1863
1505
1864
1506
1865
1507
1866
1508
1867
1509
1868
1510
1869
1511
1870
1512
1871
1513
1872
1514
1873
1515
1874
1516
1875
1517
1876
1518
1877
1519
1878
1520
1879
1521
1880
1522
1881
1523
1882
1524
1883
1525
1884
1526
1885
1527
1886
1528
1887
1529
1888
1530
1889
1531
1890
1532
1891
1533
1892
1534
1893
1535
1894
1536
1895
1537
1896
1538
1897
1539
1898
1540
1899
1541
1900
1542
1901
1543
1902
1544
1903
1545
1904
1546
1905
1547
1906
1548
1907
1549
1908
1550
1909
1551
1910
1552
1911
1553
1912
1554
1913
1555
1914
1556
1915
1557
1916
1558
1917
1559
1918
1560
1919
1561
1920
1562
1921
1563
1922
1564
1923
1565
1924
1566
1925
1567
1926
1568
1927
1569
1928
1570
1929
1571
1930
1572
1931
1573
1932
1574
1933
1575
1934
1576
1935
1577
1936
1578
1937
1579
1938
1580
1939
1581
1940
1582
1941
1583
1942
1584
1943
1585
1944
1586
1945
1587
1946
1588
1947
1589
1948
1590
1949
1591
1950
1592
1951
1593
1952
1594
1953
1595
1954
1596
1955
1597
1956
1598
1957
1599
1958
1600
1959
1601
1960
1602
1961
1603
1962
1604
1963
1605
1964
1606
1965
1607
1966
1608
1967
1609
1968
1610
1969
1611
1970
1612
1971
1613
1972
1614
1973
1615
1974
1616
1975
1617
1976
1618
1977
1619
1978
1620
1979
1621
1980
1622
1981
1623
1982
1624
1983
1625
1984
1626
1985
1627
1986
1628
1987
1629
1988
1630
1989
1631
1990
1632
1991
1633
1992
1634
1993
1635
1994
1636
1995
1637
1996
1638
1997
1639
1998
1640
1999
1641
2000
1642
2001
1643
2002
1644
2003
1645
2004
1646
2005
1647
2006
1648
2007
1649
2008
1650
2009
1651
2010
1652
2011
1653
2012
1654
2013
1655
2014
1656
2015
1657
2016
1658
2017
1659
2018
1660
2019
1661
2020
1662
2021
1663
2022
1664
2023
1665
2024
1666
2025
1667
2026
1668
2027
1669
2028
1670
2029
1671
2030
1672
2031
1673
2032
1674
2033
1675
2034
1676
2035
1677
2036
1678
2037
1679
2038
1680
2039
1681
2040
1682
2041
1683
2042
1684
2043
1685
2044
1686
2045
1687
2046
1688
2047
1689
2048
1690
2049
1691
2050
1692
2051
1693
2052
1694
2053
1695
2054
1696
2055
1697
2056
1698
2057
1699
2058
1700
2059
1701
2060
1702
2061
1703
2062
1704
2063
1705
2064
1706
2065
1707
2066
1708
2067
1709
2068
1710
2069
1711
2070
1712
2071
1713
2072
1714
2073
1715
2074
1716
2075
1717
2076
1718
2077
1719
2078
1720
2079
1721
2080
1722
2081
1723
2082
1724
2083
1725
2084
1726
2085
1727
2086
1728
2087
1729
2088
1730
2089
1731
2090
1732
2091
1733
2092
1734
2093
1735
2094
1736
2095
1737
2096
1738
2097
1739
2098
1740
2099
1741
2100
1742
2101
1743
2102
1744
2103
1745
2104
1746
2105
1747
2106
1748
2107
1749
2108
1750
2109
1751
2110
1752
2111
1753
2112
1754
2113
1755
2114
1756
2115
1757
2116
1758
2117
1759
2118
1760
2119
1761
2120
1762
2121
1763
2122
1764
2123
1765
2124
1766
2125
1767
2126
1768
2127
1769
2128
1770
2129
1771
2130
1772
2131
1773
2132
1774
2133
1775
2134
1776
2135
1777
2136
1778
2137
1779
2138
1780
2139
1781
2140
1782
2141
1783
2142
1784
2143
1785
2144
1786
2145
1787
2146
1788
2147
1789
2148
1790
2149
1791
2150
1792
2151
1793
2152
1794
2153
1795
2154
1796
2155
1797
2156
1798
2157
1799
2158
1800
2159
1801
2160
1802
2161
1803
2162
1804
2163
1805
2164
1806
2165
1807
2166
1808
2167
1809
2168
1810
2169
1811
2170
1812
2171
1813
2172
1814
2173
1815
2174
1816
2175
1817
2176
1818
2177
1819
2178
1820
2179
1821
2180
1822
2181
1823
2182
1824
2183
1825
2184
1826
2185
1827
2186
1828
2187
1829
2188
1830
2189
1831
2190
1832
2191
1833
2192
1834
2193
1835
2194
1836
2195
1837
2196
1838
2197
1839
2198
1840
2199
1841
2200
1842
2201
1843
2202
1844
2203
1845
2204
1846
2205
1847
2206
1848
2207
1849
2208
1850
2209
1851
2210
1852
2211
1853
2212
1854
2213
1855
2214
1856
2215
1857
2216
1858
2217
1859
2218
1860
2219
1861
2220
1862
2221
1863
2222
2223
1865
2224
1866
2225
1867
2226
1868
2227
1869
2228
1870
2229
1871
2230
1872
2231
1873
2232
1874
2233
1875
2234
1876
2235
1877
2236
1878
2237
1879
2238
1880
2239
1881
2240
1882
2241
1883
2242
1884
2243
1885
2244
1886
2245
1887
2246
1888
2247
1889
2248
1890
2249
1891
2250
1892
2251
1893
2252
1894
2253
1895
2254
1896
2255
1897
2256
1898
2257
1899
2258
1900
2259
1901
2260
1902
2261
1903
2262
1904
2263
1905
2264
1906
2265
1907
2266
1908
2267
1909
2268
1910
2269
1911
2270
1912
2271
1913
2272
1914
2273
1915
2274
1916
2275
1917
2276
1918
2277
1919
2278
1920
2279
1921
2280
1922
2281
1923
2282
1924
2283
1925
2284
1926
2285
1927
2286
1928
2287
1929
2288
1930
2289
1931
2290
1932
2291
1933
2292
1934
2293
1935
2294
1936
2295
1937
2296
1938
2297
1939
2298
1940
2299
1941
2300
1942
2301
1943
2302
1944
2303
1945
2304
1946
2305
1947
2306
1948
2307
1949
2308
1950
2309
1951
2310
1952
2311
1953
2312
1954
2313
1955
2314
1956
2315
1957
2316
1958
2317
1959
2318
1960
2319
1961
2320
1962
2321
1963
2322
1964
2323
1965
2324
1966
2325
1967
2326
1968
2327
1969
2328
1970
2329
1971
2330
1972
2331
1973
2332
1974
2333
1975
2334
1976
2335
1977
2336
1978
2337
1979
2338
1980
2339
1981
2340
1982
2341
1983
2342
1984
2343
1985
2344
1986
2345
1987
2346
1988
2347
1989
2348
1990
2349
1991
2350
1992
2351
1993
2352
1994
2353
1995
2354
1996
2355
1997
2356
1998
2357
1999
2358
2000
2359
2001
2360
2002
2361
2003
2362
2004
2363
2005
2364
2006
2365
2007
2366
2008
2367
2009
2368
2010
2369
2011
2370
2012
2371
2013
2372
2014
2373
2015
2374
2016
2375
2017
2376
2018
2377
2019
2378
2020
2379
2021
2380
2022
2381
2023
2382
2024
2383
2025
2384
2026
2385
2027
2386
2028
2387
2029
2388
2030
2389
2031
2390
2032
2391
2033
2392
2034
2393
2035
2394
2036
2395
2037
2396
2038
2397
2039
2398
2040
2399
2041
2400
2042
2401
2043
2402
2044
2403
2045
2404
2046
2405
2047
2406
2048
2407
2049
2408
2050
2409
2051
2410
2052
2411
2053
2412
2054
2413
2055
2414
2056
2415
2057
2416
2058
2417
2059
2418
2060
2419
2061
2420
2062
2421
2063
2422
2064
2423
2065
2424
2066
2425
2067
2426
2068
2427
2069
2428
2070
2429
2071
2430
2072
2431
2073
2432
2074
2433
2075
2434
2076
2435
2077
2436
2078
2437
2079
2438
2080
2439
2081
2440
2082
2441
2083
2442
2084
2443
2085
2444
2086
2445
2087
2446
2088
2447
2089
2448
2090
2449
2091
2450
2092
2451
2093
2452
2094
2453
2095
2454
2096
2455
2097
2456
2098
2457
2099
2458
2100
2459
2101
2460
2102
2461
2103
2462
2104
2463
2105
2464
2106
2465
2107
2466
2108
2467
2109
2468
2110
2469
2111
2470
2112
2471
2113
2472
2114
2473
2115
2474
2116
2475
2117
2476
2118
2477
2119
2478
2120
2479
2121
2480
2122
2481
2123
2482
2124
2483
2125
2484
2126
2485
2127
2486
2128
2487
2129
2488
2130
2489
2131
2490
2132
2491
2133
2492
2134
2493
2135
2494
2136
2495
2137
2496
2138
2497
2139
2498
2140
2499
2141
2500
2142
2501
2143
2502
2144
2503
2145
2504
2146
2505
2147
2506
2148
2507
2149
2508
2150
2509
2151
2510
2152
2511
2153
2512
2154
2513
2155
2514
2156
2515
2157
2516
2158
2517
2159
2518
2160
2519
2161
2520
2162
2521
2163
2522
2164
2523
2165
2524
2166
2525
2167
2526
2168
2527
2169
2528
2170
2529
2171
2530
2172
2531
2173
2532
2174
2533
2175
2534
2176
2535
2177
2536
2178
2537
2179
2538
2180
2539
2181
2540
2182
2541
2183
2542
2184
2543
2185
2544
2186
2545
2187
2546
2188
2547
2189
2548
2190
2549
2191
2550
2192
2551
2193
2552
2194
2553
2195
2554
2196
2555
2197
2556
2198
2557
2199
2558
2200
2559
2201
2560
2202
2561
2203
2562
2204
2563
2205
2564
2206
2565
2207
2566
2208
2567
2209
2568
2210
2569
2211
2570
2212
2571
2213
2572
2214
2573
2215
2574
2216
2575
2217
2576
2218
2577
2219
2578
2220
2579
2221
2580
2222
2581
2223
2582
2583
2225
2584
2226
2585
2227
2586
2228
2587
2229
2588
2230
2589
2231
2590
2232
2591
2233
2592
2234
2593
2235
2594
2236
2595
2237
2596
2238
2597
2239
2598
2240
2599
2241
2600
2242
2601
2243
2602
2244
2603
2245
2604
2246
2605
2247
2606
2248
2607
2249
2608
2250
2609
2251
2610
2252
2611
2253
2612
2254
2613
2255
2614
2256
2615
2257
2616
2258
2617
2259
2618
2260
2619
2261
2620
2262
2621
2263
2622
2264
2623
2265
2624
2266
2625
2267
2626
2268
2627
2269
2628
2270
2629
2271
2630
2272
2631
2273
2632
2274
2633
2275
2634
2276
2635
2277
2636
2278
2637
2279
2638
2280
2639
2281
2640
2282
2641
2283
2642
2284
2643
2285
2644
2286
2645
2287
2646
2288
2647
2289
2648
2290
2649
2291
2650
2292
2651
2293
2652
2294
2653
2295
2654
2296
2655
2297
2656
2298
2657
2299
2658
2300
2659
2301
2660
2302
2661
2303
2662
2304
2663
2305
2664
2306
2665
2307
2666
2308
2667
2309
2668
2310
2669
2311
2670
2312
2671
2313
2672
2314
2673
2315
2674
2316
2675
2317
2676
2318
2677
2319
2678
2320
2679
2321
2680
2322
2681
2323
2682
2324
2683
2325
2684
2326
2685
2327
2686
2328
2687
2329
2688
2330
2689
2331
2690
2332
2691
2333
2692
2334
2693
2335
2694
2336
2695
2337
2696
2338
2697
2339
2698
2340
2699
2341
2700
2342
2701
2343
2702
2344
2703
2345
2704
2346
2705
2347
2706
2348
2707
2349
2708
2350
2709
2351
2710
2352
2711
2353
2712
2354
2713
2355
2714
2356
2715
2357
2716
2358
2717
2359
2718
2360
2719
2361
2720
2362
2721
2363
2722
2364
2723
2365
2724
2366
2725
2367
2726
2368
2727
2369
2728
2370
2729
2371
2730
2372
2731
2373
2732
2374
2733
2375
2734
2376
2735
2377
2736
2378
2737
2379
2738
2380
2739
2381
2740
2382
2741
2383
2742
2384
2743
2385
2744
2386
2745
2387
2746
2388
2747
2389
2748
2390
2749
2391
2750
2392
2751
2393
2752
2394
2753
2395
2754
2396
2755
2397
2756
2398
2757
2399
2758
2400
2759
2401
2760
2402
2761
2403
2762
2404
2763
2405
2764
2406
2765
2407
2766
2408
2767
2409
2768
2410
2769
2411
2770
2412
2771
2413
2772
2414
2773
2415
2774
2416
2775
2417
2776
2418
2777
2419
2778
2420
2779
2421
2780
2422
2781
2423
2782
2424
2783
2425
2784
2426
2785
2427
2786
2428
2787
2429
2788
2430
2789
2431
2790
2432
2791
2433
2792
2434
2793
2435
2794
2436
2795
2437
2796
2438
2797
2439
2798
2440
2799
2441
2800
2442
2801
2443
2802
2444
2803
2445
2804
2446
2805
2447
2806
2448
2807
2449
2808
2450
2809
2451
2810
2452
2811
2453
2812
2454
2813
2455
2814
2456
2815
2457
2816
2458
2817
2459
2818
2460
2819
2461
2820
2462
2821
2463
2822
2464
2823
2465
2824
2466
2825
2467
2826
2468
2827
2469
2828
2470
2829
2471
2830
2472
2831
2473
2832
2474
2833
2475
2834
2476
2835
2477
2836
2478
2837
2479
2838
2480
2839
2481
2840
2482
2841
2483
2842
2484
2843
2485
2844
2486
2845
2487
2846
2488
2847
2489
2848
2490
2849
2491
2850
2492
2851
2493
2852
2494
2853
2495
2854
2496
2855
2497
2856
2498
2857
2499
2858
2500
2859
2501
2860
2502
2861
2503
2862
2504
2863
2505
2864
2506
2865
2507
2866
2508
2867
2509
2868
2510
2869
2511
2870
2512
2871
2513
2872
2514
2873
2515
2874
2516
2875
2517
2876
2518
2877
2519
2878
2520
2879
2521
2880
2522
2881
2523
2882
2524
2883
2525
2884
2526
2885
2527
2886
2528
2887
2529
2888
2530
2889
2531
2890
2532
2891
2533
2892
2534
2893
2535
2894
2536
2895
2537
2896
2538
2897
2539
2898
2540
2899
2541
2900
2542
2901
2543
2902
2544
2903
2545
2904
2546
2905
2547
2906
2548
2907
2549
2908
2550
2909
2551
2910
2552
2911
2553
2912
2554
2913
2555
2914
2556
2915
2557
2916
2558
2917
2559
2918
2560
2919
2561
2920
2562
2921
2563
2922
2564
2923
2565
2924
2566
2925
2567
2926
2568
2927
2569
2928
2570
2929
2571
2930
2572
2931
2573
2932
2574
2933
2575
2934
2576
2935
2577
2936
2578
2937
2579
2938
2580
2939
2581
2940
2582
2941
2583
2942
2943
2585
2944
2586
2945
2587
2946
2588
2947
2589
2948
2590
2949
2591
2950
2592
2951
2593
2952
2594
2953
2595
2954
2596
2955
2597
2956
2598
2957
2599
2958
2600
2959
2601
2960
2602
2961
2603
2962
2604
2963
2605
2964
2606
2965
2607
2966
2608
2967
2609
2968
2610
2969
2611
2970
2612
2971
2613
2972
2614
2973
2615
2974
2616
2975
2617
2976
2618
2977
2619
2978
2620
2979
2621
2980
2622
2981
2623
2982
2624
2983
2625
2984
2626
2985
2627
2986
2628
2987
2629
2988
2630
2989
2631
2990
2632
2991
2633
2992
2634
2993
2635
2994
2636
2995
2637
2996
2638
2997
2639
2998
2640
2999
2641
3000
2642
3001
2643
3002
2644
3003
2645
3004
2646
3005
2647
3006
2648
3007
2649
3008
2650
3009
2651
3010
2652
3011
2653
3012
2654
3013
2655
3014
2656
3015
2657
3016
2658
3017
2659
3018
2660
3019
2661
3020
2662
3021
2663
3022
2664
3023
2665
3024
2666
3025
2667
3026
2668
3027
2669
3028
2670
3029
2671
3030
2672
3031
2673
3032
2674
3033
2675
3034
2676
3035
2677
3036
2678
3037
2679
3038
2680
3039
2681
3040
2682
3041
2683
3042
2684
3043
2685
3044
2686
3045
2687
3046
2688
3047
2689
3048
2690
3049
2691
3050
2692
3051
2693
3052
2694
3053
2695
3054
2696
3055
2697
3056
2698
3057
2699
3058
2700
3059
2701
3060
2702
3061
2703
3062
2704
3063
2705
3064
2706
3065
2707
3066
2708
3067
2709
3068
2710
3069
2711
3070
2712
3071
2713
3072
2714
3073
2715
3074
2716
3075
2717
3076
2718
3077
2719
3078
2720
3079
2721
3080
2722
3081
2723
3082
2724
3083
2725
3084
2726
3085
2727
3086
2728
3087
2729
3088
2730
3089
2731
3090
2732
3091
2733
3092
2734
3093
2735
3094
2736
3095
2737
3096
2738
3097
2739
3098
2740
3099
2741
3100
2742
3101
2743
3102
2744
3103
2745
3104
2746
3105
2747
3106
2748
3107
2749
3108
2750
3109
2751
3110
2752
3111
2753
3112
2754
3113
2755
3114
2756
3115
2757
3116
2758
3117
2759
3118
2760
3119
2761
3120
2762
3121
2763
3122
2764
3123
2765
3124
2766
3125
2767
3126
2768
3127
2769
3128
2770
3129
2771
3130
2772
3131
2773
3132
2774
3133
2775
3134
2776
3135
2777
3136
2778
3137
2779
3138
2780
3139
2781
3140
2782
3141
2783
3142
2784
3143
2785
3144
2786
3145
2787
3146
2788
3147
2789
3148
2790
3149
2791
3150
2792
3151
2793
3152
2794
3153
2795
3154
2796
3155
2797
3156
2798
3157
2799
3158
2800
3159
2801
3160
2802
3161
2803
3162
2804
3163
2805
3164
2806
3165
2807
3166
2808
3167
2809
3168
2810
3169
2811
3170
2812
3171
2813
3172
2814
3173
2815
3174
2816
3175
2817
3176
2818
3177
2819
3178
2820
3179
2821
3180
2822
3181
2823
3182
2824
3183
2825
3184
2826
3185
2827
3186
2828
3187
2829
3188
2830
3189
2831
3190
2832
3191
2833
3192
2834
3193
2835
3194
2836
3195
2837
3196
2838
3197
2839
3198
2840
3199
2841
3200
2842
3201
2843
3202
2844
3203
2845
3204
2846
3205
2847
3206
2848
3207
2849
3208
2850
3209
2851
3210
2852
3211
2853
3212
2854
3213
2855
3214
2856
3215
2857
3216
2858
3217
2859
3218
2860
3219
2861
3220
2862
3221
2863
3222
2864
3223
2865
3224
2866
3225
2867
3226
2868
3227
2869
3228
2870
3229
2871
3230
2872
3231
2873
3232
2874
3233
2875
3234
2876
3235
2877
3236
2878
3237
2879
3238
2880
3239
2881
3240
2882
3241
2883
3242
2884
3243
2885
3244
2886
3245
2887
3246
2888
3247
2889
3248
2890
3249
2891
3250
2892
3251
2893
3252
2894
3253
2895
3254
2896
3255
2897
3256
2898
3257
2899
3258
2900
3259
2901
3260
2902
3261
2903
3262
2904
3263
2905
3264
2906
3265
2907
3266
2908
3267
2909
3268
2910
3269
2911
3270
2912
3271
2913
3272
2914
3273
2915
3274
2916
3275
2917
3276
2918
3277
2919
3278
2920
3279
2921
3280
2922
3281
2923
3282
2924
3283
2925
3284
2926
3285
2927
3286
2928
3287
2929
3288
2930
3289
2931
3290
2932
3291
2933
3292
2934
3293
2935
3294
2936
3295
2937
3296
2938
3297
2939
3298
2940
3299
2941
3300
2942
3301
2943
3302
3303
2945
3304
2946
3305
2947
3306
2948
3307
2949
3308
2950
3309
2951
3310
2952
3311
2953
3312
2954
3313
2955
3314
2956
3315
2957
3316
2958
3317
2959
3318
2960
3319
2961
3320
2962
3321
2963
3322
2964
3323
2965
3324
2966
3325
2967
3326
2968
3327
2969
3328
2970
3329
2971
3330
2972
3331
2973
3332
2974
3333
2975
3334
2976
3335
2977
3336
2978
3337
2979
3338
2980
3339
2981
3340
2982
3341
2983
3342
2984
3343
2985
3344
2986
3345
2987
3346
2988
3347
2989
3348
2990
3349
2991
3350
2992
3351
2993
3352
2994
3353
2995
3354
2996
3355
2997
3356
2998
3357
2999
3358
3000
3359
3001
3360
3002
3361
3003
3362
3004
3363
3005
3364
3006
3365
3007
3366
3008
3367
3009
3368
3010
3369
3011
3370
3012
3371
3013
3372
3014
3373
3015
3374
3016
3375
3017
3376
3018
3377
3019
3378
3020
3379
3021
3380
3022
3381
3023
3382
3024
3383
3025
3384
3026
3385
3027
3386
3028
3387
3029
3388
3030
3389
3031
3390
3032
3391
3033
3392
3034
3393
3035
3394
3036
3395
3037
3396
3038
3397
3039
3398
3040
3399
3041
3400
3042
3401
3043
3402
3044
3403
3045
3404
3046
3405
3047
3406
3048
3407
3049
3408
3050
3409
3051
3410
3052
3411
3053
3412
3054
3413
3055
3414
3056
3415
3057
3416
3058
3417
3059
3418
3060
3419
3061
3420
3062
3421
3063
3422
3064
3423
3065
3424
3066
3425
3067
3426
3068
3427
3069
3428
3070
3429
3071
3430
3072
3431
3073
3432
3074
3433
3075
3434
3076
3435
3077
3436
3078
3437
3079
3438
3080
3439
3081
3440
3082
3441
3083
3442
3084
3443
3085
3444
3086
3445
3087
3446
3088
3447
3089
3448
3090
3449
3091
3450
3092
3451
3093
3094
3095
3096
3097
3098
3099
3100
3101
3102
3103
3104
3452
3105
3453
3106
3454
3107
3455
3108
3456
3109
3457
3110
3458
3111
3459
3112
3460
3113
3461
3114
3462
3115
3463
3116
3464
3117
3465
3118
3466
3119
3467
3120
3468
3121
3469
3122
3470
3123
3471
3124
3472
3125
3473
3126
3474
3127
3475
3128
3476
3129
3477
3130
3478
3131
3479
3132
3480
3133
3481
3134
3482
3135
3483
3136
3484
3137
3485
3138
3486
3139
3487
3140
3488
3141
3489
3142
3490
3143
3491
3144
3492
3145
3493
3146
3494
3147
3495
3148
3496
3149
3497
3150
3498
3151
3499
3152
3500
3153
3154
3155
3156
3157
3158
3159
3160
3161
3162
3163
3164
3501
3165
3502
3166
3503
3167
3504
3168
3505
3169
3506
3170
3507
3171
3508
3172
3509
3173
3510
3174
3511
3175
3512
3176
3513
3177
3514
3178
3515
3179
3516
3180
3517
3181
3518
3182
3519
3183
3520
3184
3521
3185
3522
3186
3523
3187
3524
3188
3525
3189
3526
3190
3527
3191
3528
3192
3529
3193
3530
3194
3531
3195
3532
3196
3533
3197
3534
3198
3535
3199
3536
3200
3537
3201
3538
3202
3539
3203
3540
3204
3541
3205
3542
3206
3543
3207
3544
3208
3545
3209
3546
3210
3547
3211
3548
3212
3549
3213
3550
3214
3551
3215
3552
3216
3553
3217
3554
3218
3555
3219
3556
3220
3557
3221
3558
3222
3559
3223
3560
3224
3561
3225
3562
3226
3563
3227
3564
3228
3565
3229
3566
3230
3567
3231
3568
3232
3569
3233
3570
3234
3571
3235
3572
3236
3573
3237
3574
3238
3575
3239
3576
3240
3577
3241
3578
3242
3579
3243
3580
3244
3581
3245
3582
3246
3583
3247
3584
3248
3585
3249
3586
3250
3587
3251
3252
3253
3254
3255
3256
3257
3258
3259
3260
3261
3262
3263
3264
3265
3266
3588
3267
3589
3268
3590
3269
3591
3270
3592
3271
3593
3272
3594
3273
3595
3274
3596
3275
3597
3276
3598
3277
3599
3278
3600
3279
3601
3280
3602
3281
3603
3282
3604
3283
3605
3284
3606
3285
3607
3286
3608
3287
3609
3288
3610
3289
3611
3290
3612
3291
3613
3292
3614
3293
3615
3294
3616
3295
3617
3296
3618
3297
3619
3298
3620
3299
3621
3300
3622
3301
3623
3302
3624
3303
3625
3626
3305
3627
3306
3628
3307
3629
3308
3630
3309
3631
3310
3632
3311
3633
3312
3634
3313
3635
3314
3636
3315
3637
3316
3638
3317
3639
3318
3640
3319
3641
3320
3642
3321
3643
3322
3644
3323
3645
3324
3646
3325
3647
3326
3648
3327
3649
3328
3650
3329
3651
3330
3652
3331
3653
3332
3654
3333
3655
3334
3656
3335
3657
3336
3658
3337
3659
3338
3660
3339
3661
3340
3662
3341
3663
3342
3664
3343
3665
3344
3666
3345
3667
3346
3668
3347
3669
3348
3670
3349
3671
3350
3672
3351
3673
3352
3674
3353
3675
3354
3676
3355
3677
3356
3678
3357
3679
3358
3680
3359
3681
3360
3682
3361
3683
3362
3684
3363
3685
3364
3686
3365
3687
3366
3688
3367
3689
3368
3690
3369
3691
3370
3692
3371
3693
3372
3694
3373
3695
3374
3696
3375
3697
3376
3698
3377
3699
3378
3700
3379
3701
3380
3702
3381
3703
3382
3704
3383
3705
3384
3706
3385
3707
3386
3708
3387
3709
3388
3710
3389
3711
3390
3712
3391
3713
3392
3714
3393
3715
3394
3716
3395
3717
3396
3718
3397
3719
3398
3720
3399
3721
3400
3722
3401
3723
3402
3724
3403
3725
3404
3726
3405
3727
3406
3728
3407
3729
3408
3730
3409
3731
3410
3732
3411
3733
3412
3734
3413
3735
3414
3736
3415
3737
3416
3738
3417
3739
3418
3740
3419
3741
3420
3742
3421
3743
3422
3744
3423
3745
3424
3746
3425
3747
3426
3748
3427
3749
3428
3750
3429
3751
3430
3752
3431
3753
3432
3754
3433
3755
3434
3756
3435
3757
3436
3758
3437
3759
3438
3760
3439
3761
3440
3762
3441
3763
3442
3764
3443
3765
3444
3766
3445
3767
3446
3768
3447
3769
3448
3770
3449
3771
3450
3451
3453
3454
3455
3456
3772
3457
3773
3458
3774
3459
3775
3460
3776
3461
3777
3462
3778
3463
3779
3464
3780
3465
3781
3466
3782
3467
3783
3468
3784
3469
3785
3470
3786
3471
3787
3472
3788
3473
3789
3474
3790
3475
3791
3476
3792
3477
3793
3478
3794
3479
3795
3480
3796
3481
3797
3482
3798
3483
3799
3484
3800
3485
3801
3486
3802
3487
3803
3488
3804
3489
3805
3490
3806
3491
3807
3492
3808
3493
3809
3494
3810
3495
3811
3496
3812
3497
3813
3498
3499
3500
3502
3503
3504
3505
3506
3814
3507
3815
3508
3816
3509
3817
3510
3818
3511
3819
3512
3820
3513
3821
3514
3822
3515
3823
3516
3824
3517
3825
3518
3826
3519
3827
3520
3828
3521
3829
3522
3830
3523
3831
3524
3832
3525
3833
3526
3834
3527
3835
3528
3836
3529
3837
3530
3838
3531
3839
3532
3840
3533
3841
3534
3842
3535
3843
3536
3844
3537
3845
3538
3846
3539
3847
3540
3848
3541
3849
3542
3850
3543
3851
3544
3852
3545
3853
3546
3854
3547
3855
3548
3856
3549
3857
3550
3858
3551
3859
3552
3860
3553
3861
3554
3862
3555
3863
3556
3864
3557
3865
3558
3866
3559
3867
3560
3868
3561
3869
3562
3870
3563
3871
3564
3872
3565
3873
3566
3874
3567
3875
3568
3876
3569
3877
3570
3878
3571
3879
3572
3880
3573
3881
3574
3882
3575
3883
3576
3884
3577
3885
3578
3886
3579
3887
3580
3888
3581
3889
3582
3890
3583
3891
3584
3892
3585
3586
3587
3589
3590
3591
3592
3893
3593
3894
3594
3895
3595
3896
3596
3897
3597
3898
3598
3899
3599
3900
3600
3901
3601
3902
3602
3903
3603
3904
3604
3905
3605
3906
3606
3907
3607
3908
3608
3909
3609
3910
3610
3911
3611
3912
3612
3913
3613
3914
3614
3915
3615
3916
3616
3917
3617
3918
3618
3919
3619
3920
3620
3921
3621
3922
3622
3923
3623
3924
3624
3925
3625
3926
3626
3927
3928
3628
3929
3629
3930
3630
3931
3631
3932
3632
3933
3633
3934
3634
3935
3635
3936
3636
3937
3637
3938
3638
3939
3639
3940
3640
3941
3641
3942
3642
3943
3643
3944
3644
3945
3645
3946
3646
3947
3647
3948
3648
3949
3649
3950
3650
3951
3651
3952
3652
3953
3653
3954
3654
3955
3655
3956
3656
3957
3657
3958
3658
3959
3659
3960
3660
3961
3661
3962
3662
3963
3663
3964
3664
3965
3665
3966
3666
3967
3667
3968
3668
3969
3669
3970
3670
3971
3671
3972
3672
3973
3673
3974
3674
3975
3675
3976
3676
3977
3677
3978
3678
3979
3679
3980
3680
3981
3681
3982
3682
3983
3683
3984
3684
3985
3685
3986
3686
3987
3687
3988
3688
3989
3689
3990
3690
3991
3691
3992
3692
3993
3693
3994
3694
3995
3695
3996
3696
3997
3697
3998
3698
3999
3699
4000
3700
4001
3701
4002
3702
4003
3703
4004
3704
4005
3705
4006
3706
4007
3707
4008
3708
4009
3709
4010
3710
4011
3711
4012
3712
4013
3713
4014
3714
4015
3715
4016
3716
4017
3717
4018
3718
4019
3719
4020
3720
4021
3721
4022
3722
4023
3723
4024
3724
4025
3725
4026
3726
4027
3727
4028
3728
4029
3729
4030
3730
4031
3731
4032
3732
4033
3733
4034
3734
4035
3735
4036
3736
4037
3737
4038
3738
4039
3739
4040
3740
4041
3741
4042
3742
4043
3743
4044
3744
4045
3745
4046
3746
4047
3747
4048
3748
4049
3749
4050
3750
4051
3751
4052
3752
4053
3753
4054
3754
4055
3755
4056
3756
4057
3757
4058
3758
4059
3759
4060
3760
4061
3761
4062
3762
4063
3763
4064
3764
4065
3765
4066
3766
4067
3767
4068
3768
4069
3769
4070
3770
4071
3771
3773
3774
3775
4072
3776
4073
3777
4074
3778
4075
3779
4076
3780
4077
3781
4078
3782
4079
3783
4080
3784
4081
3785
4082
3786
4083
3787
4084
3788
4085
3789
4086
3790
4087
3791
4088
3792
4089
3793
4090
3794
4091
3795
4092
3796
4093
3797
4094
3798
4095
3799
4096
3800
4097
3801
4098
3802
4099
3803
4100
3804
4101
3805
4102
3806
4103
3807
4104
3808
4105
3809
4106
3810
4107
3811
4108
3812
4109
3813
3815
3816
3817
4110
3818
4111
3819
4112
3820
4113
3821
4114
3822
4115
3823
4116
3824
4117
3825
4118
3826
4119
3827
4120
3828
4121
3829
4122
3830
4123
3831
4124
3832
4125
3833
4126
3834
4127
3835
4128
3836
4129
3837
4130
3838
4131
3839
4132
3840
4133
3841
4134
3842
4135
3843
4136
3844
4137
3845
4138
3846
4139
3847
4140
3848
4141
3849
4142
3850
4143
3851
4144
3852
4145
3853
4146
3854
4147
3855
4148
3856
4149
3857
4150
3858
4151
3859
4152
3860
4153
3861
4154
3862
4155
3863
4156
3864
4157
3865
4158
3866
4159
3867
4160
3868
4161
3869
4162
3870
4163
3871
4164
3872
4165
3873
4166
3874
4167
3875
4168
3876
4169
3877
4170
3878
4171
3879
4172
3880
4173
3881
4174
3882
4175
3883
4176
3884
4177
3885
4178
3886
4179
3887
4180
3888
4181
3889
4182
3890
4183
3891
4184
3892
3894
3895
3896
3897
4185
3898
4186
3899
4187
3900
4188
3901
4189
3902
4190
3903
4191
3904
4192
3905
4193
3906
4194
3907
4195
3908
4196
3909
4197
3910
4198
3911
4199
3912
4200
3913
4201
3914
4202
3915
4203
3916
4204
3917
4205
3918
4206
3919
4207
3920
4208
3921
4209
3922
4210
3923
4211
3924
4212
3925
4213
3926
4214
3927
4215
3928
4216
4217
3930
4218
3931
4219
3932
4220
3933
4221
3934
4222
3935
4223
3936
4224
3937
4225
3938
4226
3939
4227
3940
4228
3941
4229
3942
4230
3943
4231
3944
4232
3945
4233
3946
4234
3947
4235
3948
4236
3949
4237
3950
4238
3951
4239
3952
4240
3953
4241
3954
4242
3955
4243
3956
4244
3957
4245
3958
4246
3959
4247
3960
4248
3961
4249
3962
4250
3963
4251
3964
4252
3965
4253
3966
4254
3967
4255
3968
4256
3969
4257
3970
4258
3971
4259
3972
4260
3973
4261
3974
4262
3975
4263
3976
4264
3977
4265
3978
4266
3979
4267
3980
4268
3981
4269
3982
4270
3983
4271
3984
4272
3985
4273
3986
4274
3987
4275
3988
4276
3989
4277
3990
4278
3991
4279
3992
4280
3993
4281
3994
4282
3995
4283
3996
4284
3997
4285
3998
4286
3999
4287
4000
4288
4001
4289
4002
4290
4003
4291
4004
4292
4005
4293
4006
4294
4007
4295
4008
4296
4009
4297
4010
4298
4011
4299
4012
4300
4013
4301
4014
4302
4015
4303
4016
4304
4017
4305
4018
4306
4019
4307
4020
4308
4021
4309
4022
4310
4023
4311
4024
4312
4025
4313
4026
4314
4027
4315
4028
4316
4029
4317
4030
4318
4031
4319
4032
4320
4033
4321
4034
4322
4035
4323
4036
4324
4037
4325
4038
4326
4039
4327
4040
4328
4041
4329
4042
4330
4043
4331
4044
4332
4045
4333
4046
4334
4047
4335
4048
4336
4049
4337
4050
4338
4051
4339
4052
4340
4053
4341
4054
4342
4055
4343
4056
4344
4057
4345
4058
4346
4059
4347
4060
4348
4061
4349
4062
4350
4063
4351
4064
4352
4065
4353
4066
4354
4067
4355
4068
4356
4069
4357
4070
4358
4071
4073
4074
4359
4075
4360
4076
4361
4077
4362
4078
4363
4079
4364
4080
4365
4081
4366
4082
4367
4083
4368
4084
4369
4085
4370
4086
4371
4087
4372
4088
4373
4089
4374
4090
4375
4091
4376
4092
4377
4093
4378
4094
4379
4095
4380
4096
4381
4097
4382
4098
4383
4099
4384
4100
4385
4101
4386
4102
4387
4103
4388
4104
4389
4105
4390
4106
4391
4107
4392
4108
4393
4109
4111
4112
4113
4394
4114
4395
4115
4396
4116
4397
4117
4398
4118
4399
4119
4400
4120
4401
4121
4402
4122
4403
4123
4404
4124
4405
4125
4406
4126
4407
4127
4408
4128
4409
4129
4410
4130
4411
4131
4412
4132
4413
4133
4414
4134
4415
4135
4416
4136
4417
4137
4418
4138
4419
4139
4420
4140
4421
4141
4422
4142
4423
4143
4424
4144
4425
4145
4426
4146
4427
4147
4428
4148
4429
4149
4430
4150
4431
4151
4432
4152
4433
4153
4434
4154
4435
4155
4436
4156
4437
4157
4438
4158
4439
4159
4440
4160
4441
4161
4442
4162
4443
4163
4444
4164
4445
4165
4446
4166
4447
4167
4448
4168
4449
4169
4450
4170
4451
4171
4452
4172
4453
4173
4454
4174
4455
4175
4456
4176
4457
4177
4458
4178
4459
4179
4460
4180
4461
4181
4462
4182
4463
4183
4464
4184
4186
4187
4188
4465
4189
4466
4190
4467
4191
4468
4192
4469
4193
4470
4194
4471
4195
4472
4196
4473
4197
4474
4198
4475
4199
4476
4200
4477
4201
4478
4202
4479
4203
4480
4204
4481
4205
4482
4206
4483
4207
4484
4208
4485
4209
4486
4210
4487
4211
4488
4212
4489
4213
4490
4214
4491
4215
4492
4216
4493
4217
4494
4495
4219
4496
4220
4497
4221
4498
4222
4499
4223
4500
4224
4501
4225
4502
4226
4503
4227
4504
4228
4505
4229
4506
4230
4507
4231
4508
4232
4509
4233
4510
4234
4511
4235
4512
4236
4513
4237
4514
4238
4515
4239
4516
4240
4517
4241
4518
4242
4519
4243
4520
4244
4521
4245
4522
4246
4523
4247
4524
4248
4525
4249
4526
4250
4527
4251
4528
4252
4529
4253
4530
4254
4531
4255
4532
4256
4533
4257
4534
4258
4535
4259
4536
4260
4537
4261
4538
4262
4539
4263
4540
4264
4541
4265
4542
4266
4543
4267
4544
4268
4545
4269
4546
4270
4547
4271
4548
4272
4549
4273
4550
4274
4551
4275
4552
4276
4553
4277
4554
4278
4555
4279
4556
4280
4557
4281
4558
4282
4559
4283
4560
4284
4561
4285
4562
4286
4563
4287
4564
4288
4565
4289
4566
4290
4567
4291
4568
4292
4569
4293
4570
4294
4571
4295
4572
4296
4573
4297
4574
4298
4575
4299
4576
4300
4577
4301
4578
4302
4579
4303
4580
4304
4581
4305
4582
4306
4583
4307
4584
4308
4585
4309
4586
4310
4587
4311
4588
4312
4589
4313
4590
4314
4591
4315
4592
4316
4593
4317
4594
4318
4595
4319
4596
4320
4597
4321
4598
4322
4599
4323
4600
4324
4601
4325
4602
4326
4603
4327
4604
4328
4605
4329
4606
4330
4607
4331
4608
4332
4609
4333
4610
4334
4611
4335
4612
4336
4613
4337
4614
4338
4615
4339
4616
4340
4617
4341
4618
4342
4619
4343
4620
4344
4621
4345
4622
4346
4623
4347
4624
4348
4625
4349
4626
4350
4627
4351
4628
4352
4629
4353
4630
4354
4631
4355
4632
4356
4633
4357
4634
4358
4635
4360
4361
4636
4362
4637
4363
4638
4364
4639
4365
4640
4366
4641
4367
4642
4368
4643
4369
4644
4370
4645
4371
4646
4372
4647
4373
4648
4374
4649
4375
4650
4376
4651
4377
4652
4378
4653
4379
4654
4380
4655
4381
4656
4382
4657
4383
4658
4384
4659
4385
4660
4386
4661
4387
4662
4388
4663
4389
4664
4390
4665
4391
4666
4392
4667
4393
4395
4396
4397
4668
4398
4669
4399
4670
4400
4671
4401
4672
4402
4673
4403
4674
4404
4675
4405
4676
4406
4677
4407
4678
4408
4679
4409
4680
4410
4681
4411
4682
4412
4683
4413
4684
4414
4685
4415
4686
4416
4687
4417
4688
4418
4689
4419
4690
4420
4691
4421
4692
4422
4693
4423
4694
4424
4695
4425
4696
4426
4697
4427
4698
4428
4699
4429
4700
4430
4701
4431
4702
4432
4703
4433
4704
4434
4705
4435
4706
4436
4707
4437
4708
4438
4709
4439
4710
4440
4711
4441
4712
4442
4713
4443
4714
4444
4715
4445
4716
4446
4717
4447
4718
4448
4719
4449
4720
4450
4721
4451
4722
4452
4723
4453
4724
4454
4725
4455
4726
4456
4727
4457
4728
4458
4729
4459
4730
4460
4731
4461
4732
4462
4733
4463
4734
4464
4466
4467
4468
4735
4469
4736
4470
4737
4471
4738
4472
4739
4473
4740
4474
4741
4475
4742
4476
4743
4477
4744
4478
4745
4479
4746
4480
4747
4481
4748
4482
4749
4483
4750
4484
4751
4485
4752
4486
4753
4487
4754
4488
4755
4489
4756
4490
4757
4491
4758
4492
4759
4493
4760
4494
4761
4495
4762
4763
4497
4764
4498
4765
4499
4766
4500
4767
4501
4768
4502
4769
4503
4770
4504
4771
4505
4772
4506
4773
4507
4774
4508
4775
4509
4776
4510
4777
4511
4778
4512
4779
4513
4780
4514
4781
4515
4782
4516
4783
4517
4784
4518
4785
4519
4786
4520
4787
4521
4788
4522
4789
4523
4790
4524
4791
4525
4792
4526
4793
4527
4794
4528
4795
4529
4796
4530
4797
4531
4798
4532
4799
4533
4800
4534
4801
4535
4802
4536
4803
4537
4804
4538
4805
4539
4806
4540
4807
4541
4808
4542
4809
4543
4810
4544
4811
4545
4812
4546
4813
4547
4814
4548
4815
4549
4816
4550
4817
4551
4818
4552
4819
4553
4820
4554
4821
4555
4822
4556
4823
4557
4824
4558
4825
4559
4826
4560
4827
4561
4828
4562
4829
4563
4830
4564
4831
4565
4832
4566
4833
4567
4834
4568
4835
4569
4836
4570
4837
4571
4838
4572
4839
4573
4840
4574
4841
4575
4842
4576
4843
4577
4844
4578
4845
4579
4846
4580
4847
4581
4848
4582
4849
4583
4850
4584
4851
4585
4852
4586
4853
4587
4854
4588
4855
4589
4856
4590
4857
4591
4858
4592
4859
4593
4860
4594
4861
4595
4862
4596
4863
4597
4864
4598
4865
4599
4866
4600
4867
4601
4868
4602
4869
4603
4870
4604
4871
4605
4872
4606
4873
4607
4874
4608
4875
4609
4876
4610
4877
4611
4878
4612
4879
4613
4880
4614
4881
4615
4882
4616
4883
4617
4884
4618
4885
4619
4886
4620
4887
4621
4888
4622
4889
4623
4890
4624
4891
4625
4892
4626
4893
4627
4894
4628
4895
4629
4896
4630
4897
4631
4898
4632
4899
4633
4900
4634
4901
4635
4902
4637
4638
4639
4903
4640
4904
4641
4905
4642
4906
4643
4907
4644
4908
4645
4909
4646
4910
4647
4911
4648
4912
4649
4913
4650
4914
4651
4915
4652
4916
4653
4917
4654
4918
4655
4919
4656
4920
4657
4921
4658
4922
4659
4923
4660
4924
4661
4925
4662
4926
4663
4927
4664
4928
4665
4929
4666
4930
4667
4931
4669
4670
4932
4671
4933
4672
4934
4673
4935
4674
4936
4675
4937
4676
4938
4677
4939
4678
4940
4679
4941
4680
4942
4681
4943
4682
4944
4683
4945
4684
4946
4685
4947
4686
4948
4687
4949
4688
4950
4689
4951
4690
4952
4691
4953
4692
4954
4693
4955
4694
4956
4695
4957
4696
4958
4697
4959
4698
4960
4699
4961
4700
4962
4701
4963
4702
4964
4703
4965
4704
4966
4705
4967
4706
4968
4707
4969
4708
4970
4709
4971
4710
4972
4711
4973
4712
4974
4713
4975
4714
4976
4715
4977
4716
4978
4717
4979
4718
4980
4719
4981
4720
4982
4721
4983
4722
4984
4723
4985
4724
4986
4725
4987
4726
4988
4727
4989
4728
4990
4729
4991
4730
4992
4731
4993
4732
4994
4733
4995
4734
4736
4737
4996
4738
4997
4739
4998
4740
4999
4741
5000
4742
5001
4743
5002
4744
5003
4745
5004
4746
5005
4747
5006
4748
5007
4749
5008
4750
5009
4751
5010
4752
5011
4753
5012
4754
5013
4755
5014
4756
5015
4757
5016
4758
5017
4759
5018
4760
5019
4761
5020
4762
5021
4763
5022
5023
4765
5024
4766
5025
4767
5026
4768
5027
4769
5028
4770
5029
4771
5030
4772
5031
4773
5032
4774
5033
4775
5034
4776
5035
4777
5036
4778
5037
4779
5038
4780
5039
4781
5040
4782
5041
4783
5042
4784
5043
4785
5044
4786
5045
4787
5046
4788
5047
4789
5048
4790
5049
4791
5050
4792
5051
4793
5052
4794
5053
4795
5054
4796
5055
4797
5056
4798
5057
4799
5058
4800
5059
4801
5060
4802
5061
4803
5062
4804
5063
4805
5064
4806
5065
4807
5066
4808
5067
4809
5068
4810
5069
4811
5070
4812
5071
4813
5072
4814
5073
4815
5074
4816
5075
4817
5076
4818
5077
4819
5078
4820
5079
4821
5080
4822
5081
4823
5082
4824
5083
4825
5084
4826
5085
4827
5086
4828
5087
4829
5088
4830
5089
4831
5090
4832
5091
4833
5092
4834
5093
4835
5094
4836
5095
4837
5096
4838
5097
4839
5098
4840
5099
4841
5100
4842
5101
4843
5102
4844
5103
4845
5104
4846
5105
4847
5106
4848
5107
4849
5108
4850
5109
4851
5110
4852
5111
4853
5112
4854
5113
4855
5114
4856
5115
4857
5116
4858
5117
4859
5118
4860
5119
4861
5120
4862
5121
4863
5122
4864
5123
4865
5124
4866
5125
4867
5126
4868
5127
4869
5128
4870
5129
4871
5130
4872
5131
4873
5132
4874
5133
4875
5134
4876
5135
4877
5136
4878
5137
4879
5138
4880
5139
4881
5140
4882
5141
4883
5142
4884
5143
4885
5144
4886
5145
4887
5146
4888
5147
4889
5148
4890
5149
4891
5150
4892
5151
4893
5152
4894
5153
4895
5154
4896
5155
4897
5156
4898
5157
4899
5158
4900
5159
4901
5160
4902
5161
4904
4905
5162
4906
5163
4907
5164
4908
5165
4909
5166
4910
5167
4911
5168
4912
5169
4913
5170
4914
5171
4915
5172
4916
5173
4917
5174
4918
5175
4919
5176
4920
5177
4921
5178
4922
5179
4923
5180
4924
5181
4925
5182
4926
5183
4927
5184
4928
5185
4929
5186
4930
5187
4931
4933
4934
5188
4935
5189
4936
5190
4937
5191
4938
5192
4939
5193
4940
5194
4941
5195
4942
5196
4943
5197
4944
5198
4945
5199
4946
5200
4947
5201
4948
5202
4949
5203
4950
5204
4951
5205
4952
5206
4953
5207
4954
5208
4955
5209
4956
5210
4957
5211
4958
5212
4959
5213
4960
5214
4961
5215
4962
5216
4963
5217
4964
5218
4965
5219
4966
5220
4967
5221
4968
5222
4969
5223
4970
5224
4971
5225
4972
5226
4973
5227
4974
5228
4975
5229
4976
5230
4977
5231
4978
5232
4979
5233
4980
5234
4981
5235
4982
5236
4983
5237
4984
5238
4985
5239
4986
5240
4987
5241
4988
5242
4989
5243
4990
5244
4991
5245
4992
5246
4993
5247
4994
5248
4995
5249
4997
4998
4999
5250
5000
5251
5001
5252
5002
5253
5003
5254
5004
5255
5005
5256
5006
5257
5007
5258
5008
5259
5009
5260
5010
5261
5011
5262
5012
5263
5013
5264
5014
5265
5015
5266
5016
5267
5017
5268
5018
5269
5019
5270
5020
5271
5021
5272
5022
5273
5023
5274
5275
5025
5276
5026
5277
5027
5278
5028
5279
5029
5280
5030
5281
5031
5282
5032
5283
5033
5284
5034
5285
5035
5286
5036
5287
5037
5288
5038
5289
5039
5290
5040
5291
5041
5292
5042
5293
5043
5294
5044
5295
5045
5296
5046
5297
5047
5298
5048
5299
5049
5300
5050
5301
5051
5302
5052
5303
5053
5304
5054
5305
5055
5306
5056
5307
5057
5308
5058
5309
5059
5310
5060
5311
5061
5312
5062
5313
5063
5314
5064
5315
5065
5316
5066
5317
5067
5318
5068
5319
5069
5320
5070
5321
5071
5322
5072
5323
5073
5324
5074
5325
5075
5326
5076
5327
5077
5328
5078
5329
5079
5330
5080
5331
5081
5332
5082
5333
5083
5334
5084
5335
5085
5336
5086
5337
5087
5338
5088
5339
5089
5340
5090
5341
5091
5342
5092
5343
5093
5344
5094
5345
5095
5346
5096
5347
5097
5348
5098
5349
5099
5350
5100
5351
5101
5352
5102
5353
5103
5354
5104
5355
5105
5356
5106
5357
5107
5358
5108
5359
5109
5360
5110
5361
5111
5362
5112
5363
5113
5364
5114
5365
5115
5366
5116
5367
5117
5368
5118
5369
5119
5370
5120
5371
5121
5372
5122
5373
5123
5374
5124
5375
5125
5376
5126
5377
5127
5378
5128
5379
5129
5380
5130
5381
5131
5382
5132
5383
5133
5384
5134
5385
5135
5386
5136
5387
5137
5388
5138
5389
5139
5390
5140
5391
5141
5392
5142
5393
5143
5394
5144
5395
5145
5396
5146
5397
5147
5398
5148
5399
5149
5400
5150
5401
5151
5402
5152
5403
5153
5404
5154
5405
5155
5406
5156
5407
5157
5408
5158
5409
5159
5410
5160
5411
5161
5412
5163
5413
5164
5414
5165
5415
5166
5416
5167
5417
5168
5418
5169
5419
5170
5420
5171
5421
5172
5422
5173
5423
5174
5424
5175
5425
5176
5426
5177
5427
5178
5428
5179
5429
5180
5430
5181
5431
5182
5432
5183
5433
5184
5434
5185
5435
5186
5436
5187
5437
5189
5190
5438
5191
5439
5192
5440
5193
5441
5194
5442
5195
5443
5196
5444
5197
5445
5198
5446
5199
5447
5200
5448
5201
5449
5202
5450
5203
5451
5204
5452
5205
5453
5206
5454
5207
5455
5208
5456
5209
5457
5210
5458
5211
5459
5212
5460
5213
5461
5214
5462
5215
5463
5216
5464
5217
5465
5218
5466
5219
5467
5220
5468
5221
5469
5222
5470
5223
5471
5224
5472
5225
5473
5226
5474
5227
5475
5228
5476
5229
5477
5230
5478
5231
5479
5232
5480
5233
5481
5234
5482
5235
5483
5236
5484
5237
5485
5238
5486
5239
5487
5240
5488
5241
5489
5242
5490
5243
5491
5244
5492
5245
5493
5246
5494
5247
5495
5248
5496
5249
5497
5251
5252
5498
5253
5499
5254
5500
5255
5501
5256
5502
5257
5503
5258
5504
5259
5505
5260
5506
5261
5507
5262
5508
5263
5509
5264
5510
5265
5511
5266
5512
5267
5513
5268
5514
5269
5515
5270
5516
5271
5517
5272
5518
5273
5519
5274
5520
5275
5521
5522
5277
5523
5278
5524
5279
5525
5280
5526
5281
5527
5282
5528
5283
5529
5284
5530
5285
5531
5286
5532
5287
5533
5288
5534
5289
5535
5290
5536
5291
5537
5292
5538
5293
5539
5294
5540
5295
5541
5296
5542
5297
5543
5298
5544
5299
5545
5300
5546
5301
5547
5302
5548
5303
5549
5304
5550
5305
5551
5306
5552
5307
5553
5308
5554
5309
5555
5310
5556
5311
5557
5312
5558
5313
5559
5314
5560
5315
5561
5316
5562
5317
5563
5318
5564
5319
5565
5320
5566
5321
5567
5322
5568
5323
5569
5324
5570
5325
5571
5326
5572
5327
5573
5328
5574
5329
5575
5330
5576
5331
5577
5332
5578
5333
5579
5334
5580
5335
5581
5336
5582
5337
5583
5338
5584
5339
5585
5340
5586
5341
5587
5342
5588
5343
5589
5344
5590
5345
5591
5346
5592
5347
5593
5348
5594
5349
5595
5350
5596
5351
5597
5352
5598
5353
5599
5354
5600
5355
5601
5356
5602
5357
5603
5358
5604
5359
5605
5360
5606
5361
5607
5362
5608
5363
5609
5364
5610
5365
5611
5366
5612
5367
5613
5368
5614
5369
5615
5370
5616
5371
5617
5372
5618
5373
5619
5374
5620
5375
5621
5376
5622
5377
5623
5378
5624
5379
5625
5380
5626
5381
5627
5382
5628
5383
5629
5384
5630
5385
5631
5386
5632
5387
5633
5388
5634
5389
5635
5390
5636
5391
5637
5392
5638
5393
5639
5394
5640
5395
5641
5396
5642
5397
5643
5398
5644
5399
5645
5400
5646
5401
5647
5402
5648
5403
5649
5404
5650
5405
5651
5406
5652
5407
5653
5408
5654
5409
5655
5410
5656
5411
5657
5412
5658
5414
5415
5659
5416
5660
5417
5661
5418
5662
5419
5663
5420
5664
5421
5665
5422
5666
5423
5667
5424
5668
5425
5669
5426
5670
5427
5671
5428
5672
5429
5673
5430
5674
5431
5675
5432
5676
5433
5677
5434
5678
5435
5679
5436
5680
5437
5681
5439
5440
5682
5441
5683
5442
5684
5443
5685
5444
5686
5445
5687
5446
5688
5447
5689
5448
5690
5449
5691
5450
5692
5451
5693
5452
5694
5453
5695
5454
5696
5455
5697
5456
5698
5457
5699
5458
5700
5459
5701
5460
5702
5461
5703
5462
5704
5463
5705
5464
5706
5465
5707
5466
5708
5467
5709
5468
5710
5469
5711
5470
5712
5471
5713
5472
5714
5473
5715
5474
5716
5475
5717
5476
5718
5477
5719
5478
5720
5479
5721
5480
5722
5481
5723
5482
5724
5483
5725
5484
5726
5485
5727
5486
5728
5487
5729
5488
5730
5489
5731
5490
5732
5491
5733
5492
5734
5493
5735
5494
5736
5495
5737
5496
5738
5497
5499
5500
5739
5501
5740
5502
5741
5503
5742
5504
5743
5505
5744
5506
5745
5507
5746
5508
5747
5509
5748
5510
5749
5511
5750
5512
5751
5513
5752
5514
5753
5515
5754
5516
5755
5517
5756
5518
5757
5519
5758
5520
5759
5521
5760
5522
5761
5762
5524
5763
5525
5764
5526
5765
5527
5766
5528
5767
5529
5768
5530
5769
5531
5770
5532
5771
5533
5772
5534
5773
5535
5774
5536
5775
5537
5776
5538
5777
5539
5778
5540
5779
5541
5780
5542
5781
5543
5782
5544
5783
5545
5784
5546
5785
5547
5786
5548
5787
5549
5788
5550
5789
5551
5790
5552
5791
5553
5792
5554
5793
5555
5794
5556
5795
5557
5796
5558
5797
5559
5798
5560
5799
5561
5800
5562
5801
5563
5802
5564
5803
5565
5804
5566
5805
5567
5806
5568
5807
5569
5808
5570
5809
5571
5810
5572
5811
5573
5812
5574
5813
5575
5814
5576
5815
5577
5816
5578
5817
5579
5818
5580
5819
5581
5820
5582
5821
5583
5822
5584
5823
5585
5824
5586
5825
5587
5826
5588
5827
5589
5828
5590
5829
5591
5830
5592
5831
5593
5832
5594
5833
5595
5834
5596
5835
5597
5836
5598
5837
5599
5838
5600
5839
5601
5840
5602
5841
5603
5842
5604
5843
5605
5844
5606
5845
5607
5846
5608
5847
5609
5848
5610
5849
5611
5850
5612
5851
5613
5852
5614
5853
5615
5854
5616
5855
5617
5856
5618
5857
5619
5858
5620
5859
5621
5860
5622
5861
5623
5862
5624
5863
5625
5864
5626
5865
5627
5866
5628
5867
5629
5868
5630
5869
5631
5870
5632
5871
5633
5872
5634
5873
5635
5874
5636
5875
5637
5876
5638
5877
5639
5878
5640
5879
5641
5880
5642
5881
5643
5882
5644
5883
5645
5884
5646
5885
5647
5886
5648
5887
5649
5888
5650
5889
5651
5890
5652
5891
5653
5892
5654
5893
5655
5894
5656
5895
5657
5896
5658
5897
5898
5660
5661
5899
5662
5900
5663
5901
5664
5902
5665
5903
5666
5904
5667
5905
5668
5906
5669
5907
5670
5908
5671
5909
5672
5910
5673
5911
5674
5912
5675
5913
5676
5914
5677
5915
5678
5916
5679
5917
5680
5918
5681
5919
5920
5683
5684
5921
5685
5922
5686
5923
5687
5924
5688
5925
5689
5926
5690
5927
5691
5928
5692
5929
5693
5930
5694
5931
5695
5932
5696
5933
5697
5934
5698
5935
5699
5936
5700
5937
5701
5938
5702
5939
5703
5940
5704
5941
5705
5942
5706
5943
5707
5944
5708
5945
5709
5946
5710
5947
5711
5948
5712
5949
5713
5950
5714
5951
5715
5952
5716
5953
5717
5954
5718
5955
5719
5956
5720
5957
5721
5958
5722
5959
5723
5960
5724
5961
5725
5962
5726
5963
5727
5964
5728
5965
5729
5966
5730
5967
5731
5968
5732
5969
5733
5970
5734
5971
5735
5972
5736
5973
5737
5974
5738
5975
5740
5741
5976
5742
5977
5743
5978
5744
5979
5745
5980
5746
5981
5747
5982
5748
5983
5749
5984
5750
5985
5751
5986
5752
5987
5753
5988
5754
5989
5755
5990
5756
5991
5757
5992
5758
5993
5759
5994
5760
5995
5761
5996
5762
5997
5998
5764
5999
5765
6000
5766
6001
5767
6002
5768
6003
5769
6004
5770
6005
5771
6006
5772
6007
5773
6008
5774
6009
5775
6010
5776
6011
5777
6012
5778
6013
5779
6014
5780
6015
5781
6016
5782
6017
5783
6018
5784
6019
5785
6020
5786
6021
5787
6022
5788
6023
5789
6024
5790
6025
5791
6026
5792
6027
5793
6028
5794
6029
5795
6030
5796
6031
5797
6032
5798
6033
5799
6034
5800
6035
5801
6036
5802
6037
5803
6038
5804
6039
5805
6040
5806
6041
5807
6042
5808
6043
5809
6044
5810
6045
5811
6046
5812
6047
5813
6048
5814
6049
5815
6050
5816
6051
5817
6052
5818
6053
5819
6054
5820
6055
5821
6056
5822
6057
5823
6058
5824
6059
5825
6060
5826
6061
5827
6062
5828
6063
5829
6064
5830
6065
5831
6066
5832
6067
5833
6068
5834
6069
5835
6070
5836
6071
5837
6072
5838
6073
5839
6074
5840
6075
5841
6076
5842
6077
5843
6078
5844
6079
5845
6080
5846
6081
5847
6082
5848
6083
5849
6084
5850
6085
5851
6086
5852
6087
5853
6088
5854
6089
5855
6090
5856
6091
5857
6092
5858
6093
5859
6094
5860
6095
5861
6096
5862
6097
5863
6098
5864
6099
5865
6100
5866
6101
5867
6102
5868
6103
5869
6104
5870
6105
5871
6106
5872
6107
5873
6108
5874
6109
5875
6110
5876
6111
5877
6112
5878
6113
5879
6114
5880
6115
5881
6116
5882
6117
5883
6118
5884
6119
5885
6120
5886
6121
5887
6122
5888
6123
5889
6124
5890
6125
5891
6126
5892
6127
5893
6128
5894
6129
5895
6130
5896
6131
5897
6132
5898
6133
5900
6134
5901
6135
5902
6136
5903
6137
5904
6138
5905
6139
5906
6140
5907
6141
5908
6142
5909
6143
5910
6144
5911
6145
5912
6146
5913
6147
5914
6148
5915
6149
5916
6150
5917
6151
5918
6152
5919
6153
5920
6154
5922
5923
6155
5924
6156
5925
6157
5926
6158
5927
6159
5928
6160
5929
6161
5930
6162
5931
6163
5932
6164
5933
6165
5934
6166
5935
6167
5936
6168
5937
6169
5938
6170
5939
6171
5940
6172
5941
6173
5942
6174
5943
6175
5944
6176
5945
6177
5946
6178
5947
6179
5948
6180
5949
6181
5950
6182
5951
6183
5952
6184
5953
6185
5954
6186
5955
6187
5956
6188
5957
6189
5958
6190
5959
6191
5960
6192
5961
6193
5962
6194
5963
6195
5964
6196
5965
6197
5966
6198
5967
6199
5968
6200
5969
6201
5970
6202
5971
6203
5972
6204
5973
6205
5974
6206
5975
6207
5977
5978
6208
5979
6209
5980
6210
5981
6211
5982
6212
5983
6213
5984
6214
5985
6215
5986
6216
5987
6217
5988
6218
5989
6219
5990
6220
5991
6221
5992
6222
5993
6223
5994
6224
5995
6225
5996
6226
5997
6227
5998
6228
6229
6000
6230
6001
6231
6002
6232
6003
6233
6004
6234
6005
6235
6006
6236
6007
6237
6008
6238
6009
6239
6010
6240
6011
6241
6012
6242
6013
6243
6014
6244
6015
6245
6016
6246
6017
6247
6018
6248
6019
6249
6020
6250
6021
6251
6022
6252
6023
6253
6024
6254
6025
6255
6026
6256
6027
6257
6028
6258
6029
6259
6030
6260
6031
6261
6032
6262
6033
6263
6034
6264
6035
6265
6036
6266
6037
6267
6038
6268
6039
6269
6040
6270
6041
6271
6042
6272
6043
6273
6044
6274
6045
6275
6046
6276
6047
6277
6048
6278
6049
6279
6050
6280
6051
6281
6052
6282
6053
6283
6054
6284
6055
6285
6056
6286
6057
6287
6058
6288
6059
6289
6060
6290
6061
6291
6062
6292
6063
6293
6064
6294
6065
6295
6066
6296
6067
6297
6068
6298
6069
6299
6070
6300
6071
6301
6072
6302
6073
6303
6074
6304
6075
6305
6076
6306
6077
6307
6078
6308
6079
6309
6080
6310
6081
6311
6082
6312
6083
6313
6084
6314
6085
6315
6086
6316
6087
6317
6088
6318
6089
6319
6090
6320
6091
6321
6092
6322
6093
6323
6094
6324
6095
6325
6096
6326
6097
6327
6098
6328
6099
6329
6100
6330
6101
6331
6102
6332
6103
6333
6104
6334
6105
6335
6106
6336
6107
6337
6108
6338
6109
6339
6110
6340
6111
6341
6112
6342
6113
6343
6114
6344
6115
6345
6116
6346
6117
6347
6118
6348
6119
6349
6120
6350
6121
6351
6122
6352
6123
6353
6124
6354
6125
6355
6126
6356
6127
6357
6128
6358
6129
6359
6130
6360
6131
6361
6132
6362
6133
6363
6364
6135
6136
6365
6137
6366
6138
6367
6139
6368
6140
6369
6141
6370
6142
6371
6143
6372
6144
6373
6145
6374
6146
6375
6147
6376
6148
6377
6149
6378
6150
6379
6151
6380
6152
6381
6153
6382
6154
6383
6156
6157
6384
6158
6385
6159
6386
6160
6387
6161
6388
6162
6389
6163
6390
6164
6391
6165
6392
6166
6393
6167
6394
6168
6395
6169
6396
6170
6397
6171
6398
6172
6399
6173
6400
6174
6401
6175
6402
6176
6403
6177
6404
6178
6405
6179
6406
6180
6407
6181
6408
6182
6409
6183
6410
6184
6411
6185
6412
6186
6413
6187
6414
6188
6415
6189
6416
6190
6417
6191
6418
6192
6419
6193
6420
6194
6421
6195
6422
6196
6423
6197
6424
6198
6425
6199
6426
6200
6427
6201
6428
6202
6429
6203
6430
6204
6431
6205
6432
6206
6433
6207
6434
6435
6209
6210
6436
6211
6437
6212
6438
6213
6439
6214
6440
6215
6441
6216
6442
6217
6443
6218
6444
6219
6445
6220
6446
6221
6447
6222
6448
6223
6449
6224
6450
6225
6451
6226
6452
6227
6453
6228
6454
6229
6455
6456
6231
6457
6232
6458
6233
6459
6234
6460
6235
6461
6236
6462
6237
6463
6238
6464
6239
6465
6240
6466
6241
6467
6242
6468
6243
6469
6244
6470
6245
6471
6246
6472
6247
6473
6248
6474
6249
6475
6250
6476
6251
6477
6252
6478
6253
6479
6254
6480
6255
6481
6256
6482
6257
6483
6258
6484
6259
6485
6260
6486
6261
6487
6262
6488
6263
6489
6264
6490
6265
6491
6266
6492
6267
6493
6268
6494
6269
6495
6270
6496
6271
6497
6272
6498
6273
6499
6274
6500
6275
6501
6276
6502
6277
6503
6278
6504
6279
6505
6280
6506
6281
6507
6282
6508
6283
6509
6284
6510
6285
6511
6286
6512
6287
6513
6288
6514
6289
6515
6290
6516
6291
6517
6292
6518
6293
6519
6294
6520
6295
6521
6296
6522
6297
6523
6298
6524
6299
6525
6300
6526
6301
6527
6302
6528
6303
6529
6304
6530
6305
6531
6306
6532
6307
6533
6308
6534
6309
6535
6310
6536
6311
6537
6312
6538
6313
6539
6314
6540
6315
6541
6316
6542
6317
6543
6318
6544
6319
6545
6320
6546
6321
6547
6322
6548
6323
6549
6324
6550
6325
6551
6326
6552
6327
6553
6328
6554
6329
6555
6330
6556
6331
6557
6332
6558
6333
6559
6334
6560
6335
6561
6336
6562
6337
6563
6338
6564
6339
6565
6340
6566
6341
6567
6342
6568
6343
6569
6344
6570
6345
6571
6346
6572
6347
6573
6348
6574
6349
6575
6350
6576
6351
6577
6352
6578
6353
6579
6354
6580
6355
6581
6356
6582
6357
6583
6358
6584
6359
6585
6360
6586
6361
6587
6362
6588
6363
6589
6364
6590
6366
6591
6367
6592
6368
6593
6369
6594
6370
6595
6371
6596
6372
6597
6373
6598
6374
6599
6375
6600
6376
6601
6377
6602
6378
6603
6379
6604
6380
6605
6381
6606
6382
6607
6383
6608
6385
6609
6386
6610
6387
6611
6388
6612
6389
6613
6390
6614
6391
6615
6392
6616
6393
6617
6394
6618
6395
6619
6396
6620
6397
6621
6398
6622
6399
6623
6400
6624
6401
6625
6402
6626
6403
6627
6404
6628
6405
6629
6406
6630
6407
6631
6408
6632
6409
6633
6410
6634
6411
6635
6412
6636
6413
6637
6414
6638
6415
6639
6416
6640
6417
6641
6418
6642
6419
6643
6420
6644
6421
6645
6422
6646
6423
6647
6424
6648
6425
6649
6426
6650
6427
6651
6428
6652
6429
6653
6430
6654
6431
6655
6432
6656
6433
6657
6434
6658
6435
6659
6437
6438
6660
6439
6661
6440
6662
6441
6663
6442
6664
6443
6665
6444
6666
6445
6667
6446
6668
6447
6669
6448
6670
6449
6671
6450
6672
6451
6673
6452
6674
6453
6675
6454
6676
6455
6677
6456
6678
6679
6458
6680
6459
6681
6460
6682
6461
6683
6462
6684
6463
6685
6464
6686
6465
6687
6466
6688
6467
6689
6468
6690
6469
6691
6470
6692
6471
6693
6472
6694
6473
6695
6474
6696
6475
6697
6476
6698
6477
6699
6478
6700
6479
6701
6480
6702
6481
6703
6482
6704
6483
6705
6484
6706
6485
6707
6486
6708
6487
6709
6488
6710
6489
6711
6490
6712
6491
6713
6492
6714
6493
6715
6494
6716
6495
6717
6496
6718
6497
6719
6498
6720
6499
6721
6500
6722
6501
6723
6502
6724
6503
6725
6504
6726
6505
6727
6506
6728
6507
6729
6508
6730
6509
6731
6510
6732
6511
6733
6512
6734
6513
6735
6514
6736
6515
6737
6516
6738
6517
6739
6518
6740
6519
6741
6520
6742
6521
6743
6522
6744
6523
6745
6524
6746
6525
6747
6526
6748
6527
6749
6528
6750
6529
6751
6530
6752
6531
6753
6532
6754
6533
6755
6534
6756
6535
6757
6536
6758
6537
6759
6538
6760
6539
6761
6540
6762
6541
6763
6542
6764
6543
6765
6544
6766
6545
6767
6546
6768
6547
6769
6548
6770
6549
6771
6550
6772
6551
6773
6552
6774
6553
6775
6554
6776
6555
6777
6556
6778
6557
6779
6558
6780
6559
6781
6560
6782
6561
6783
6562
6784
6563
6785
6564
6786
6565
6787
6566
6788
6567
6789
6568
6790
6569
6791
6570
6792
6571
6793
6572
6794
6573
6795
6574
6796
6575
6797
6576
6798
6577
6799
6578
6800
6579
6801
6580
6802
6581
6803
6582
6804
6583
6805
6584
6806
6585
6807
6586
6808
6587
6809
6588
6810
6589
6811
6590
6812
6813
6592
6593
6814
6594
6815
6595
6816
6596
6817
6597
6818
6598
6819
6599
6820
6600
6821
6601
6822
6602
6823
6603
6824
6604
6825
6605
6826
6606
6827
6607
6828
6608
6829
6830
6610
6611
6831
6612
6832
6613
6833
6614
6834
6615
6835
6616
6836
6617
6837
6618
6838
6619
6839
6620
6840
6621
6841
6622
6842
6623
6843
6624
6844
6625
6845
6626
6846
6627
6847
6628
6848
6629
6849
6630
6850
6631
6851
6632
6852
6633
6853
6634
6854
6635
6855
6636
6856
6637
6857
6638
6858
6639
6859
6640
6860
6641
6861
6642
6862
6643
6863
6644
6864
6645
6865
6646
6866
6647
6867
6648
6868
6649
6869
6650
6870
6651
6871
6652
6872
6653
6873
6654
6874
6655
6875
6656
6876
6657
6877
6658
6878
6659
6879
6661
6662
6880
6663
6881
6664
6882
6665
6883
6666
6884
6667
6885
6668
6886
6669
6887
6670
6888
6671
6889
6672
6890
6673
6891
6674
6892
6675
6893
6676
6894
6677
6895
6678
6896
6679
6897
6898
6681
6899
6682
6900
6683
6901
6684
6902
6685
6903
6686
6904
6687
6905
6688
6906
6689
6907
6690
6908
6691
6909
6692
6910
6693
6911
6694
6912
6695
6913
6696
6914
6697
6915
6698
6916
6699
6917
6700
6918
6701
6919
6702
6920
6703
6921
6704
6922
6705
6923
6706
6924
6707
6925
6708
6926
6709
6927
6710
6928
6711
6929
6712
6930
6713
6931
6714
6932
6715
6933
6716
6934
6717
6935
6718
6936
6719
6937
6720
6938
6721
6939
6722
6940
6723
6941
6724
6942
6725
6943
6726
6944
6727
6945
6728
6946
6729
6947
6730
6948
6731
6949
6732
6950
6733
6951
6734
6952
6735
6953
6736
6954
6737
6955
6738
6956
6739
6957
6740
6958
6741
6959
6742
6960
6743
6961
6744
6962
6745
6963
6746
6964
6747
6965
6748
6966
6749
6967
6750
6968
6751
6969
6752
6970
6753
6971
6754
6972
6755
6973
6756
6974
6757
6975
6758
6976
6759
6977
6760
6978
6761
6979
6762
6980
6763
6981
6764
6982
6765
6983
6766
6984
6767
6985
6768
6986
6769
6987
6770
6988
6771
6989
6772
6990
6773
6991
6774
6992
6775
6993
6776
6994
6777
6995
6778
6996
6779
6997
6780
6998
6781
6999
6782
7000
6783
7001
6784
7002
6785
7003
6786
7004
6787
7005
6788
7006
6789
7007
6790
7008
6791
7009
6792
7010
6793
7011
6794
7012
6795
7013
6796
7014
6797
7015
6798
7016
6799
7017
6800
7018
6801
7019
6802
7020
6803
7021
6804
7022
6805
7023
6806
7024
6807
7025
6808
7026
6809
7027
6810
7028
6811
7029
6812
7030
6813
7031
7032
6815
7033
6816
7034
6817
7035
6818
7036
6819
7037
6820
7038
6821
7039
6822
7040
6823
7041
6824
7042
6825
7043
6826
7044
6827
7045
6828
7046
6829
7047
6830
7048
6832
7049
6833
7050
6834
7051
6835
7052
6836
7053
6837
7054
6838
7055
6839
7056
6840
7057
6841
7058
6842
7059
6843
7060
6844
7061
6845
7062
6846
7063
6847
7064
6848
7065
6849
7066
6850
7067
6851
7068
6852
7069
6853
7070
6854
7071
6855
7072
6856
7073
6857
7074
6858
7075
6859
7076
6860
7077
6861
7078
6862
7079
6863
7080
6864
7081
6865
7082
6866
7083
6867
7084
6868
7085
6869
7086
6870
7087
6871
7088
6872
7089
6873
7090
6874
7091
6875
7092
6876
7093
6877
7094
6878
7095
6879
7096
6881
7097
6882
7098
6883
7099
6884
7100
6885
7101
6886
7102
6887
7103
6888
7104
6889
7105
6890
7106
6891
7107
6892
7108
6893
7109
6894
7110
6895
7111
6896
7112
6897
7113
6898
7114
7115
6900
7116
6901
7117
6902
7118
6903
7119
6904
7120
6905
7121
6906
7122
6907
7123
6908
7124
6909
7125
6910
7126
6911
7127
6912
7128
6913
7129
6914
7130
6915
7131
6916
7132
6917
7133
6918
7134
6919
7135
6920
7136
6921
7137
6922
7138
6923
7139
6924
7140
6925
7141
6926
7142
6927
7143
6928
7144
6929
7145
6930
7146
6931
7147
6932
7148
6933
7149
6934
7150
6935
7151
6936
7152
6937
7153
6938
7154
6939
7155
6940
7156
6941
7157
6942
7158
6943
7159
6944
7160
6945
7161
6946
7162
6947
7163
6948
7164
6949
7165
6950
7166
6951
7167
6952
7168
6953
7169
6954
7170
6955
7171
6956
7172
6957
7173
6958
7174
6959
7175
6960
7176
6961
7177
6962
7178
6963
7179
6964
7180
6965
7181
6966
7182
6967
7183
6968
7184
6969
7185
6970
7186
6971
7187
6972
7188
6973
7189
6974
7190
6975
7191
6976
7192
6977
7193
6978
7194
6979
7195
6980
7196
6981
7197
6982
7198
6983
7199
6984
7200
6985
7201
6986
7202
6987
7203
6988
7204
6989
7205
6990
7206
6991
7207
6992
7208
6993
7209
6994
7210
6995
7211
6996
7212
6997
7213
6998
7214
6999
7215
7000
7216
7001
7217
7002
7218
7003
7219
7004
7220
7005
7221
7006
7222
7007
7223
7008
7224
7009
7225
7010
7226
7011
7227
7012
7228
7013
7229
7014
7230
7015
7231
7016
7232
7017
7233
7018
7234
7019
7235
7020
7236
7021
7237
7022
7238
7023
7239
7024
7240
7025
7241
7026
7242
7027
7243
7028
7244
7029
7245
7030
7246
7031
7247
7032
7248
7034
7249
7035
7250
7036
7251
7037
7252
7038
7253
7039
7254
7040
7255
7041
7256
7042
7257
7043
7258
7044
7259
7045
7260
7046
7261
7047
7262
7048
7263
7264
7050
7051
7265
7052
7266
7053
7267
7054
7268
7055
7269
7056
7270
7057
7271
7058
7272
7059
7273
7060
7274
7061
7275
7062
7276
7063
7277
7064
7278
7065
7279
7066
7280
7067
7281
7068
7282
7069
7283
7070
7284
7071
7285
7072
7286
7073
7287
7074
7288
7075
7289
7076
7290
7077
7291
7078
7292
7079
7293
7080
7294
7081
7295
7082
7296
7083
7297
7084
7298
7085
7299
7086
7300
7087
7301
7088
7302
7089
7303
7090
7304
7091
7305
7092
7306
7093
7307
7094
7308
7095
7309
7096
7310
7311
7098
7099
7312
7100
7313
7101
7314
7102
7315
7103
7316
7104
7317
7105
7318
7106
7319
7107
7320
7108
7321
7109
7322
7110
7323
7111
7324
7112
7325
7113
7326
7114
7327
7115
7328
7329
7117
7330
7118
7331
7119
7332
7120
7333
7121
7334
7122
7335
7123
7336
7124
7337
7125
7338
7126
7339
7127
7340
7128
7341
7129
7342
7130
7343
7131
7344
7132
7345
7133
7346
7134
7347
7135
7348
7136
7349
7137
7350
7138
7351
7139
7352
7140
7353
7141
7354
7142
7355
7143
7356
7144
7357
7145
7358
7146
7359
7147
7360
7148
7361
7149
7362
7150
7363
7151
7364
7152
7365
7153
7366
7154
7367
7155
7368
7156
7369
7157
7370
7158
7371
7159
7372
7160
7373
7161
7374
7162
7375
7163
7376
7164
7377
7165
7378
7166
7379
7167
7380
7168
7381
7169
7382
7170
7383
7171
7384
7172
7385
7173
7386
7174
7387
7175
7388
7176
7389
7177
7390
7178
7391
7179
7392
7180
7393
7181
7394
7182
7395
7183
7396
7184
7397
7185
7398
7186
7399
7187
7400
7188
7401
7189
7402
7190
7403
7191
7404
7192
7405
7193
7406
7194
7407
7195
7408
7196
7409
7197
7410
7198
7411
7199
7412
7200
7413
7201
7414
7202
7415
7203
7416
7204
7417
7205
7418
7206
7419
7207
7420
7208
7421
7209
7422
7210
7423
7211
7424
7212
7425
7213
7426
7214
7427
7215
7428
7216
7429
7217
7430
7218
7431
7219
7432
7220
7433
7221
7434
7222
7435
7223
7436
7224
7437
7225
7438
7226
7439
7227
7440
7228
7441
7229
7442
7230
7443
7231
7444
7232
7445
7233
7446
7234
7447
7235
7448
7236
7449
7237
7450
7238
7451
7239
7452
7240
7453
7241
7454
7242
7455
7243
7456
7244
7457
7245
7458
7246
7459
7247
7460
7248
7461
7462
7250
7463
7251
7464
7252
7465
7253
7466
7254
7467
7255
7468
7256
7469
7257
7470
7258
7471
7259
7472
7260
7473
7261
7474
7262
7475
7263
7476
7264
7477
7266
7478
7267
7479
7268
7480
7269
7481
7270
7482
7271
7483
7272
7484
7273
7485
7274
7486
7275
7487
7276
7488
7277
7489
7278
7490
7279
7491
7280
7492
7281
7493
7282
7494
7283
7495
7284
7496
7285
7497
7286
7498
7287
7499
7288
7500
7289
7501
7290
7502
7291
7503
7292
7504
7293
7505
7294
7506
7295
7507
7296
7508
7297
7509
7298
7510
7299
7511
7300
7512
7301
7513
7302
7514
7303
7515
7304
7516
7305
7517
7306
7518
7307
7519
7308
7520
7309
7521
7310
7522
7311
7523
7313
7314
7524
7315
7525
7316
7526
7317
7527
7318
7528
7319
7529
7320
7530
7321
7531
7322
7532
7323
7533
7324
7534
7325
7535
7326
7536
7327
7537
7328
7538
7329
7539
7540
7331
7541
7332
7542
7333
7543
7334
7544
7335
7545
7336
7546
7337
7547
7338
7548
7339
7549
7340
7550
7341
7551
7342
7552
7343
7553
7344
7554
7345
7555
7346
7556
7347
7557
7348
7558
7349
7559
7350
7560
7351
7561
7352
7562
7353
7563
7354
7564
7355
7565
7356
7566
7357
7567
7358
7568
7359
7569
7360
7570
7361
7571
7362
7572
7363
7573
7364
7574
7365
7575
7366
7576
7367
7577
7368
7578
7369
7579
7370
7580
7371
7581
7372
7582
7373
7583
7374
7584
7375
7585
7376
7586
7377
7587
7378
7588
7379
7589
7380
7590
7381
7591
7382
7592
7383
7593
7384
7594
7385
7595
7386
7596
7387
7597
7388
7598
7389
7599
7390
7600
7391
7601
7392
7602
7393
7603
7394
7604
7395
7605
7396
7606
7397
7607
7398
7608
7399
7609
7400
7610
7401
7611
7402
7612
7403
7613
7404
7614
7405
7615
7406
7616
7407
7617
7408
7618
7409
7619
7410
7620
7411
7621
7412
7622
7413
7623
7414
7624
7415
7625
7416
7626
7417
7627
7418
7628
7419
7629
7420
7630
7421
7631
7422
7632
7423
7633
7424
7634
7425
7635
7426
7636
7427
7637
7428
7638
7429
7639
7430
7640
7431
7641
7432
7642
7433
7643
7434
7644
7435
7645
7436
7646
7437
7647
7438
7648
7439
7649
7440
7650
7441
7651
7442
7652
7443
7653
7444
7654
7445
7655
7446
7656
7447
7657
7448
7658
7449
7659
7450
7660
7451
7661
7452
7662
7453
7663
7454
7664
7455
7665
7456
7666
7457
7667
7458
7668
7459
7669
7460
7670
7461
7671
7462
7672
7673
7464
7465
7674
7466
7675
7467
7676
7468
7677
7469
7678
7470
7679
7471
7680
7472
7681
7473
7682
7474
7683
7475
7684
7476
7685
7477
7686
7687
7479
7480
7688
7481
7689
7482
7690
7483
7691
7484
7692
7485
7693
7486
7694
7487
7695
7488
7696
7489
7697
7490
7698
7491
7699
7492
7700
7493
7701
7494
7702
7495
7703
7496
7704
7497
7705
7498
7706
7499
7707
7500
7708
7501
7709
7502
7710
7503
7711
7504
7712
7505
7713
7506
7714
7507
7715
7508
7716
7509
7717
7510
7718
7511
7719
7512
7720
7513
7721
7514
7722
7515
7723
7516
7724
7517
7725
7518
7726
7519
7727
7520
7728
7521
7729
7522
7730
7523
7731
7525
7732
7526
7733
7527
7734
7528
7735
7529
7736
7530
7737
7531
7738
7532
7739
7533
7740
7534
7741
7535
7742
7536
7743
7537
7744
7538
7745
7539
7746
7540
7747
7748
7542
7749
7543
7750
7544
7751
7545
7752
7546
7753
7547
7754
7548
7755
7549
7756
7550
7757
7551
7758
7552
7759
7553
7760
7554
7761
7555
7762
7556
7763
7557
7764
7558
7765
7559
7766
7560
7767
7561
7768
7562
7769
7563
7770
7564
7771
7565
7772
7566
7773
7567
7774
7568
7775
7569
7776
7570
7777
7571
7778
7572
7779
7573
7780
7574
7781
7575
7782
7576
7783
7577
7784
7578
7785
7579
7786
7580
7787
7581
7788
7582
7789
7583
7790
7584
7791
7585
7792
7586
7793
7587
7794
7588
7795
7589
7796
7590
7797
7591
7798
7592
7799
7593
7800
7594
7801
7595
7802
7596
7803
7597
7804
7598
7805
7599
7806
7600
7807
7601
7808
7602
7809
7603
7810
7604
7811
7605
7812
7606
7813
7607
7814
7608
7815
7609
7816
7610
7817
7611
7818
7612
7819
7613
7820
7614
7821
7615
7822
7616
7823
7617
7824
7618
7825
7619
7826
7620
7827
7621
7828
7622
7829
7623
7830
7624
7831
7625
7832
7626
7833
7627
7834
7628
7835
7629
7836
7630
7837
7631
7838
7632
7839
7633
7840
7634
7841
7635
7842
7636
7843
7637
7844
7638
7845
7639
7846
7640
7847
7641
7848
7642
7849
7643
7850
7644
7851
7645
7852
7646
7853
7647
7854
7648
7855
7649
7856
7650
7857
7651
7858
7652
7859
7653
7860
7654
7861
7655
7862
7656
7863
7657
7864
7658
7865
7659
7866
7660
7867
7661
7868
7662
7869
7663
7870
7664
7871
7665
7872
7666
7873
7667
7874
7668
7875
7669
7876
7670
7877
7671
7878
7672
7879
7673
7880
7881
7675
7882
7676
7883
7677
7884
7678
7885
7679
7886
7680
7887
7681
7888
7682
7889
7683
7890
7684
7891
7685
7892
7686
7893
7687
7894
7895
7689
7896
7690
7897
7691
7898
7692
7899
7693
7900
7694
7901
7695
7902
7696
7903
7697
7904
7698
7905
7699
7906
7700
7907
7701
7908
7702
7909
7703
7910
7704
7911
7705
7912
7706
7913
7707
7914
7708
7915
7709
7916
7710
7917
7711
7918
7712
7919
7713
7920
7714
7921
7715
7922
7716
7923
7717
7924
7718
7925
7719
7926
7720
7927
7721
7928
7722
7929
7723
7930
7724
7931
7725
7932
7726
7933
7727
7934
7728
7935
7729
7936
7730
7937
7731
7938
7939
7733
7734
7940
7735
7941
7736
7942
7737
7943
7738
7944
7739
7945
7740
7946
7741
7947
7742
7948
7743
7949
7744
7950
7745
7951
7746
7952
7747
7953
7748
7954
7955
7750
7956
7751
7957
7752
7958
7753
7959
7754
7960
7755
7961
7756
7962
7757
7963
7758
7964
7759
7965
7760
7966
7761
7967
7762
7968
7763
7969
7764
7970
7765
7971
7766
7972
7767
7973
7768
7974
7769
7975
7770
7976
7771
7977
7772
7978
7773
7979
7774
7980
7775
7981
7776
7982
7777
7983
7778
7984
7779
7985
7780
7986
7781
7987
7782
7988
7783
7989
7784
7990
7785
7991
7786
7992
7787
7993
7788
7994
7789
7995
7790
7996
7791
7997
7792
7998
7793
7999
7794
8000
7795
8001
7796
8002
7797
8003
7798
8004
7799
8005
7800
8006
7801
8007
7802
8008
7803
8009
7804
8010
7805
8011
7806
8012
7807
8013
7808
8014
7809
8015
7810
8016
7811
8017
7812
8018
7813
8019
7814
8020
7815
8021
7816
8022
7817
8023
7818
8024
7819
8025
7820
8026
7821
8027
7822
8028
7823
8029
7824
8030
7825
8031
7826
8032
7827
8033
7828
8034
7829
8035
7830
8036
7831
8037
7832
8038
7833
8039
7834
8040
7835
8041
7836
8042
7837
8043
7838
8044
7839
8045
7840
8046
7841
8047
7842
8048
7843
8049
7844
8050
7845
8051
7846
8052
7847
8053
7848
8054
7849
8055
7850
8056
7851
8057
7852
8058
7853
8059
7854
8060
7855
8061
7856
8062
7857
8063
7858
8064
7859
8065
7860
8066
7861
8067
7862
8068
7863
8069
7864
8070
7865
8071
7866
8072
7867
8073
7868
8074
7869
8075
7870
8076
7871
8077
7872
8078
7873
8079
7874
8080
7875
8081
7876
8082
7877
8083
7878
8084
7879
8085
7880
8086
7881
8087
8088
7883
8089
7884
8090
7885
8091
7886
8092
7887
8093
7888
8094
7889
8095
7890
8096
7891
8097
7892
8098
7893
8099
7894
8100
7895
8101
7897
8102
7898
8103
7899
8104
7900
8105
7901
8106
7902
8107
7903
8108
7904
8109
7905
8110
7906
8111
7907
8112
7908
8113
7909
8114
7910
8115
7911
8116
7912
8117
7913
8118
7914
8119
7915
8120
7916
8121
7917
8122
7918
8123
7919
8124
7920
8125
7921
8126
7922
8127
7923
8128
7924
8129
7925
8130
7926
8131
7927
8132
7928
8133
7929
8134
7930
8135
7931
8136
7932
8137
7933
8138
7934
8139
7935
8140
7936
8141
7937
8142
7938
8143
7939
8144
7941
8145
7942
8146
7943
8147
7944
8148
7945
8149
7946
8150
7947
8151
7948
8152
7949
8153
7950
8154
7951
8155
7952
8156
7953
8157
7954
8158
7955
8159
8160
7957
8161
7958
8162
7959
8163
7960
8164
7961
8165
7962
8166
7963
8167
7964
8168
7965
8169
7966
8170
7967
8171
7968
8172
7969
8173
7970
8174
7971
8175
7972
8176
7973
8177
7974
8178
7975
8179
7976
8180
7977
8181
7978
8182
7979
8183
7980
8184
7981
8185
7982
8186
7983
8187
7984
8188
7985
8189
7986
8190
7987
8191
7988
8192
7989
8193
7990
8194
7991
8195
7992
8196
7993
8197
7994
8198
7995
8199
7996
8200
7997
8201
7998
8202
7999
8203
8000
8204
8001
8205
8002
8206
8003
8207
8004
8208
8005
8209
8006
8210
8007
8211
8008
8212
8009
8213
8010
8214
8011
8215
8012
8216
8013
8217
8014
8218
8015
8219
8016
8220
8017
8221
8018
8222
8019
8223
8020
8224
8021
8225
8022
8226
8023
8227
8024
8228
8025
8229
8026
8230
8027
8231
8028
8232
8029
8233
8030
8234
8031
8235
8032
8236
8033
8237
8034
8238
8035
8239
8036
8240
8037
8241
8038
8242
8039
8243
8040
8244
8041
8245
8042
8246
8043
8247
8044
8248
8045
8249
8046
8250
8047
8251
8048
8252
8049
8253
8050
8254
8051
8255
8052
8256
8053
8257
8054
8258
8055
8259
8056
8260
8057
8261
8058
8262
8059
8263
8060
8264
8061
8265
8062
8266
8063
8267
8064
8268
8065
8269
8066
8270
8067
8271
8068
8272
8069
8273
8070
8274
8071
8275
8072
8276
8073
8277
8074
8278
8075
8279
8076
8280
8077
8281
8078
8282
8079
8283
8080
8284
8081
8285
8082
8286
8083
8287
8084
8288
8085
8289
8086
8290
8087
8291
8088
8292
8293
8090
8294
8091
8295
8092
8296
8093
8297
8094
8298
8095
8299
8096
8300
8097
8301
8098
8302
8099
8303
8100
8304
8101
8305
8306
8103
8104
8307
8105
8308
8106
8309
8107
8310
8108
8311
8109
8312
8110
8313
8111
8314
8112
8315
8113
8316
8114
8317
8115
8318
8116
8319
8117
8320
8118
8321
8119
8322
8120
8323
8121
8324
8122
8325
8123
8326
8124
8327
8125
8328
8126
8329
8127
8330
8128
8331
8129
8332
8130
8333
8131
8334
8132
8335
8133
8336
8134
8337
8135
8338
8136
8339
8137
8340
8138
8341
8139
8342
8140
8343
8141
8344
8142
8345
8143
8346
8144
8347
8348
8146
8147
8349
8148
8350
8149
8351
8150
8352
8151
8353
8152
8354
8153
8355
8154
8356
8155
8357
8156
8358
8157
8359
8158
8360
8159
8361
8160
8362
8363
8162
8364
8163
8365
8164
8366
8165
8367
8166
8368
8167
8369
8168
8370
8169
8371
8170
8372
8171
8373
8172
8374
8173
8375
8174
8376
8175
8377
8176
8378
8177
8379
8178
8380
8179
8381
8180
8382
8181
8383
8182
8384
8183
8385
8184
8386
8185
8387
8186
8388
8187
8389
8188
8390
8189
8391
8190
8392
8191
8393
8192
8394
8193
8395
8194
8396
8195
8397
8196
8398
8197
8399
8198
8400
8199
8401
8200
8402
8201
8403
8202
8404
8203
8405
8204
8406
8205
8407
8206
8408
8207
8409
8208
8410
8209
8411
8210
8412
8211
8413
8212
8414
8213
8415
8214
8416
8215
8417
8216
8418
8217
8419
8218
8420
8219
8421
8220
8422
8221
8423
8222
8424
8223
8425
8224
8426
8225
8427
8226
8428
8227
8429
8228
8430
8229
8431
8230
8432
8231
8433
8232
8434
8233
8435
8234
8436
8235
8437
8236
8438
8237
8439
8238
8440
8239
8441
8240
8442
8241
8443
8242
8444
8243
8445
8244
8446
8245
8447
8246
8448
8247
8449
8248
8450
8249
8451
8250
8452
8251
8453
8252
8454
8253
8455
8254
8456
8255
8457
8256
8458
8257
8459
8258
8460
8259
8461
8260
8462
8261
8463
8262
8464
8263
8465
8264
8466
8265
8467
8266
8468
8267
8469
8268
8470
8269
8471
8270
8472
8271
8473
8272
8474
8273
8475
8274
8476
8275
8477
8276
8478
8277
8479
8278
8480
8279
8481
8280
8482
8281
8483
8282
8484
8283
8485
8284
8486
8285
8487
8286
8488
8287
8489
8288
8490
8289
8491
8290
8492
8291
8493
8292
8494
8293
8495
8496
8295
8497
8296
8498
8297
8499
8298
8500
8299
8501
8300
8502
8301
8503
8302
8504
8303
8505
8304
8506
8305
8507
8306
8508
8509
8308
8510
8309
8511
8310
8512
8311
8513
8312
8514
8313
8515
8314
8516
8315
8517
8316
8518
8317
8519
8318
8520
8319
8521
8320
8522
8321
8523
8322
8524
8323
8525
8324
8526
8325
8527
8326
8528
8327
8529
8328
8530
8329
8531
8330
8532
8331
8533
8332
8534
8333
8535
8334
8536
8335
8537
8336
8538
8337
8539
8338
8540
8339
8541
8340
8542
8341
8543
8342
8544
8343
8545
8344
8546
8345
8547
8346
8548
8347
8549
8348
8550
8551
8350
8552
8351
8553
8352
8554
8353
8555
8354
8556
8355
8557
8356
8558
8357
8559
8358
8560
8359
8561
8360
8562
8361
8563
8362
8564
8363
8565
8566
8365
8567
8366
8568
8367
8569
8368
8570
8369
8571
8370
8572
8371
8573
8372
8574
8373
8575
8374
8576
8375
8577
8376
8578
8377
8579
8378
8580
8379
8581
8380
8582
8381
8583
8382
8584
8383
8585
8384
8586
8385
8587
8386
8588
8387
8589
8388
8590
8389
8591
8390
8592
8391
8593
8392
8594
8393
8595
8394
8596
8395
8597
8396
8598
8397
8599
8398
8600
8399
8601
8400
8602
8401
8603
8402
8604
8403
8605
8404
8606
8405
8607
8406
8608
8407
8609
8408
8610
8409
8611
8410
8612
8411
8613
8412
8614
8413
8615
8414
8616
8415
8617
8416
8618
8417
8619
8418
8620
8419
8621
8420
8622
8421
8623
8422
8624
8423
8625
8424
8626
8425
8627
8426
8628
8427
8629
8428
8630
8429
8631
8430
8632
8431
8633
8432
8634
8433
8635
8434
8636
8435
8637
8436
8638
8437
8639
8438
8640
8439
8641
8440
8642
8441
8643
8442
8644
8443
8645
8444
8646
8445
8647
8446
8648
8447
8649
8448
8650
8449
8651
8450
8652
8451
8653
8452
8654
8453
8655
8454
8656
8455
8657
8456
8658
8457
8659
8458
8660
8459
8661
8460
8662
8461
8663
8462
8664
8463
8665
8464
8666
8465
8667
8466
8668
8467
8669
8468
8670
8469
8671
8470
8672
8471
8673
8472
8674
8473
8675
8474
8676
8475
8677
8476
8678
8477
8679
8478
8680
8479
8681
8480
8682
8481
8683
8482
8684
8483
8685
8484
8686
8485
8687
8486
8688
8487
8689
8488
8690
8489
8691
8490
8692
8491
8693
8492
8694
8493
8695
8494
8696
8495
8697
8496
8698
8699
8498
8700
8499
8701
8500
8702
8501
8703
8502
8704
8503
8705
8504
8706
8505
8707
8506
8708
8507
8709
8508
8710
8509
8711
8712
8511
8713
8512
8714
8513
8715
8514
8716
8515
8717
8516
8718
8517
8719
8518
8720
8519
8721
8520
8722
8521
8723
8522
8724
8523
8725
8524
8726
8525
8727
8526
8728
8527
8729
8528
8730
8529
8731
8530
8732
8531
8733
8532
8734
8533
8735
8534
8736
8535
8737
8536
8738
8537
8739
8538
8740
8539
8741
8540
8742
8541
8743
8542
8744
8543
8745
8544
8746
8545
8747
8546
8748
8547
8749
8548
8750
8549
8751
8550
8752
8551
8753
8553
8754
8554
8755
8555
8756
8556
8757
8557
8758
8558
8759
8559
8760
8560
8761
8561
8762
8562
8763
8563
8764
8564
8765
8565
8766
8566
8767
8768
8568
8769
8569
8770
8570
8771
8571
8772
8572
8773
8573
8774
8574
8775
8575
8776
8576
8777
8577
8778
8578
8779
8579
8780
8580
8781
8581
8782
8582
8783
8583
8784
8584
8785
8585
8786
8586
8787
8587
8788
8588
8789
8589
8790
8590
8791
8591
8792
8592
8793
8593
8794
8594
8795
8595
8796
8596
8797
8597
8798
8598
8799
8599
8800
8600
8801
8601
8802
8602
8803
8603
8804
8604
8805
8605
8806
8606
8807
8607
8808
8608
8809
8609
8810
8610
8811
8611
8812
8612
8813
8613
8814
8614
8815
8615
8816
8616
8817
8617
8818
8618
8819
8619
8820
8620
8821
8621
8822
8622
8823
8623
8824
8624
8825
8625
8826
8626
8827
8627
8828
8628
8829
8629
8830
8630
8831
8631
8832
8632
8833
8633
8834
8634
8835
8635
8836
8636
8837
8637
8838
8638
8839
8639
8840
8640
8841
8641
8842
8642
8843
8643
8844
8644
8845
8645
8846
8646
8847
8647
8848
8648
8849
8649
8850
8650
8851
8651
8852
8652
8853
8653
8854
8654
8855
8655
8856
8656
8857
8657
8858
8658
8859
8659
8860
8660
8861
8661
8862
8662
8863
8663
8864
8664
8865
8665
8866
8666
8867
8667
8868
8668
8869
8669
8870
8670
8871
8671
8872
8672
8873
8673
8874
8674
8875
8675
8876
8676
8877
8677
8878
8678
8879
8679
8880
8680
8881
8681
8882
8682
8883
8683
8884
8684
8885
8685
8886
8686
8887
8687
8888
8688
8889
8689
8890
8690
8891
8691
8892
8692
8893
8693
8894
8694
8895
8695
8896
8696
8897
8697
8898
8698
8899
8699
8900
8901
8701
8902
8702
8903
8703
8904
8704
8905
8705
8906
8706
8907
8707
8908
8708
8909
8709
8910
8710
8911
8711
8912
8712
8913
8714
8914
8715
8915
8716
8916
8717
8917
8718
8918
8719
8919
8720
8920
8721
8921
8722
8922
8723
8923
8724
8924
8725
8925
8726
8926
8727
8927
8728
8928
8729
8929
8730
8930
8731
8931
8732
8932
8733
8933
8734
8934
8735
8935
8736
8936
8737
8937
8738
8938
8739
8939
8740
8940
8741
8941
8742
8942
8743
8943
8744
8944
8745
8945
8746
8946
8747
8947
8748
8948
8749
8949
8750
8950
8751
8951
8752
8952
8753
8953
8954
8755
8756
8955
8757
8956
8758
8957
8759
8958
8760
8959
8761
8960
8762
8961
8763
8962
8764
8963
8765
8964
8766
8965
8767
8966
8768
8967
8968
8770
8969
8771
8970
8772
8971
8773
8972
8774
8973
8775
8974
8776
8975
8777
8976
8778
8977
8779
8978
8780
8979
8781
8980
8782
8981
8783
8982
8784
8983
8785
8984
8786
8985
8787
8986
8788
8987
8789
8988
8790
8989
8791
8990
8792
8991
8793
8992
8794
8993
8795
8994
8796
8995
8797
8996
8798
8997
8799
8998
8800
8999
8801
9000
8802
9001
8803
9002
8804
9003
8805
9004
8806
9005
8807
9006
8808
9007
8809
9008
8810
9009
8811
9010
8812
9011
8813
9012
8814
9013
8815
9014
8816
9015
8817
9016
8818
9017
8819
9018
8820
9019
8821
9020
8822
9021
8823
9022
8824
9023
8825
9024
8826
9025
8827
9026
8828
9027
8829
9028
8830
9029
8831
9030
8832
9031
8833
9032
8834
9033
8835
9034
8836
9035
8837
9036
8838
9037
8839
9038
8840
9039
8841
9040
8842
9041
8843
9042
8844
9043
8845
9044
8846
9045
8847
9046
8848
9047
8849
9048
8850
9049
8851
9050
8852
9051
8853
9052
8854
9053
8855
9054
8856
9055
8857
9056
8858
9057
8859
9058
8860
9059
8861
9060
8862
9061
8863
9062
8864
9063
8865
9064
8866
9065
8867
9066
8868
9067
8869
9068
8870
9069
8871
9070
8872
9071
8873
9072
8874
9073
8875
9074
8876
9075
8877
9076
8878
9077
8879
9078
8880
9079
8881
9080
8882
9081
8883
9082
8884
9083
8885
9084
8886
9085
8887
9086
8888
9087
8889
9088
8890
9089
8891
9090
8892
9091
8893
9092
8894
9093
8895
9094
8896
9095
8897
9096
8898
9097
8899
9098
8900
9099
8901
9100
9101
8903
9103
8904
9104
8905
9105
8906
9106
8907
9107
8908
9108
8909
9109
8910
9110
8911
9111
8912
9112
8913
9113
9114
8915
9115
8916
9116
8917
9117
8918
9118
8919
9119
8920
9120
8921
9121
8922
9122
8923
9123
8924
9124
8925
9125
8926
9126
8927
9127
8928
9128
8929
9129
8930
9130
8931
9131
8932
9132
8933
9133
8934
9134
8935
9135
8936
9136
8937
9137
8938
9138
8939
9139
8940
9140
8941
9141
8942
9142
8943
9143
8944
9144
8945
9145
8946
9146
8947
9147
8948
9148
8949
9149
8950
9150
8951
9151
8952
9152
8953
9153
8954
9154
9155
8956
9156
8957
9157
8958
9158
8959
9159
8960
9160
8961
9161
8962
9162
8963
9163
8964
9164
8965
9165
8966
9166
8967
9167
8968
9168
9169
8970
9170
8971
9171
8972
9172
8973
9173
8974
9174
8975
9175
8976
9176
8977
9177
8978
9178
8979
9179
8980
9180
8981
9181
8982
9182
8983
9183
8984
9184
8985
9185
8986
9186
8987
9187
8988
9188
8989
9189
8990
9190
8991
9191
8992
9192
8993
9193
8994
9194
8995
9195
8996
9196
8997
9197
8998
9198
8999
9199
9000
9200
9001
9201
9002
9202
9003
9203
9004
9204
9005
9205
9006
9206
9007
9207
9008
9208
9009
9209
9010
9210
9011
9211
9012
9212
9013
9213
9014
9214
9015
9215
9016
9216
9017
9217
9018
9218
9019
9219
9020
9220
9021
9221
9022
9222
9023
9223
9024
9224
9025
9225
9026
9226
9027
9227
9028
9228
9029
9229
9030
9230
9031
9231
9032
9232
9033
9233
9034
9234
9035
9235
9036
9236
9037
9237
9038
9238
9039
9239
9040
9240
9041
9241
9042
9242
9043
9243
9044
9244
9045
9245
9046
9246
9047
9247
9048
9248
9049
9249
9050
9250
9051
9251
9052
9252
9053
9253
9054
9254
9055
9255
9056
9256
9057
9257
9058
9258
9059
9259
9060
9260
9061
9261
9062
9262
9063
9263
9064
9264
9065
9265
9066
9266
9067
9267
9068
9268
9069
9269
9070
9270
9071
9271
9072
9272
9073
9273
9074
9274
9075
9275
9076
9276
9077
9277
9078
9278
9079
9279
9080
9280
9081
9281
9082
9282
9083
9283
9084
9284
9085
9285
9086
9286
9087
9287
9088
9288
9089
9289
9090
9290
9091
9291
9092
9292
9093
9293
9094
9294
9095
9295
9096
9296
9097
9297
9098
9298
9099
9299
9100
9300
9101
9301
9302
9103
9304
9104
9305
9105
9306
9106
9307
9107
9308
9108
9309
9109
9310
9110
9311
9111
9312
9112
9313
9113
9314
9114
9315
9316
9116
9317
9117
9318
9118
9319
9119
9320
9120
9321
9121
9322
9122
9323
9123
9324
9124
9325
9125
9326
9126
9327
9127
9328
9128
9329
9129
9330
9130
9331
9131
9332
9132
9333
9133
9334
9134
9335
9135
9336
9136
9337
9137
9338
9138
9339
9139
9340
9140
9341
9141
9342
9142
9343
9143
9344
9144
9345
9145
9346
9146
9347
9147
9348
9148
9349
9149
9350
9150
9351
9151
9352
9152
9353
9153
9354
9154
9355
9155
9356
9157
9357
9158
9358
9159
9359
9160
9360
9161
9361
9162
9362
9163
9363
9164
9364
9165
9365
9166
9366
9167
9367
9168
9368
9169
9369
9370
9171
9371
9172
9372
9173
9373
9174
9374
9175
9375
9176
9376
9177
9377
9178
9378
9179
9379
9180
9380
9181
9381
9182
9382
9183
9383
9184
9384
9185
9385
9186
9386
9187
9387
9188
9388
9189
9389
9190
9390
9191
9391
9192
9392
9193
9393
9194
9394
9195
9395
9196
9396
9197
9397
9198
9398
9199
9399
9200
9400
9201
9401
9202
9402
9203
9403
9204
9404
9205
9405
9206
9406
9207
9407
9208
9408
9209
9409
9210
9410
9211
9411
9212
9412
9213
9413
9214
9414
9215
9415
9216
9416
9217
9417
9218
9418
9219
9419
9220
9420
9221
9421
9222
9422
9223
9423
9224
9424
9225
9425
9226
9426
9227
9427
9228
9428
9229
9429
9230
9231
9232
9430
9233
9431
9234
9432
9235
9433
9236
9434
9237
9435
9238
9436
9239
9437
9240
9438
9241
9439
9242
9440
9243
9441
9244
9442
9245
9443
9246
9444
9247
9445
9248
9446
9249
9447
9250
9448
9251
9449
9252
9450
9253
9451
9254
9452
9255
9453
9256
9454
9257
9455
9258
9456
9259
9457
9260
9458
9261
9459
9262
9460
9263
9461
9264
9462
9265
9463
9266
9464
9267
9465
9268
9466
9269
9467
9270
9468
9271
9469
9272
9470
9273
9471
9274
9472
9275
9473
9276
9474
9277
9475
9278
9476
9279
9477
9280
9478
9281
9479
9282
9480
9283
9481
9284
9482
9285
9483
9286
9484
9287
9485
9288
9486
9289
9487
9290
9488
9291
9489
9292
9490
9293
9491
9294
9492
9295
9493
9296
9494
9297
9495
9298
9496
9299
9497
9300
9498
9301
9499
9302
9500
9303
9501
9502
9305
9503
9306
9504
9307
9505
9308
9506
9309
9507
9310
9508
9311
9509
9312
9510
9313
9511
9314
9512
9315
9513
9316
9514
9515
9318
9516
9319
9517
9320
9518
9321
9519
9322
9520
9323
9521
9324
9522
9325
9523
9326
9524
9327
9525
9328
9526
9329
9527
9330
9528
9331
9529
9332
9530
9333
9531
9334
9532
9335
9533
9336
9534
9337
9535
9338
9536
9339
9537
9340
9538
9341
9539
9342
9540
9343
9541
9344
9542
9345
9543
9346
9544
9347
9545
9348
9546
9349
9547
9350
9548
9351
9549
9352
9550
9353
9551
9354
9552
9355
9553
9356
9554
9555
9358
9359
9556
9360
9557
9361
9558
9362
9559
9363
9560
9364
9561
9365
9562
9366
9563
9367
9564
9368
9565
9369
9566
9370
9567
9568
9372
9569
9373
9570
9374
9571
9375
9572
9376
9573
9377
9574
9378
9575
9379
9576
9380
9577
9381
9578
9382
9579
9383
9580
9384
9581
9385
9582
9386
9583
9387
9584
9388
9585
9389
9586
9390
9587
9391
9588
9392
9589
9393
9590
9394
9591
9395
9592
9396
9593
9397
9594
9398
9595
9399
9596
9400
9597
9401
9598
9402
9599
9403
9600
9404
9601
9405
9602
9406
9603
9407
9604
9408
9605
9409
9606
9410
9607
9411
9608
9412
9609
9413
9610
9414
9611
9415
9612
9416
9613
9417
9614
9418
9615
9419
9616
9420
9617
9421
9618
9422
9619
9423
9620
9424
9621
9425
9426
9427
9428
9429
9431
9432
9433
9434
9435
9436
9437
9622
9438
9623
9439
9624
9440
9625
9441
9626
9442
9627
9443
9628
9444
9629
9445
9630
9446
9631
9447
9632
9448
9633
9449
9634
9450
9635
9451
9636
9452
9637
9453
9638
9454
9639
9455
9640
9456
9641
9457
9642
9458
9643
9459
9644
9460
9645
9461
9646
9462
9647
9463
9648
9464
9649
9465
9650
9466
9651
9467
9652
9468
9653
9469
9654
9470
9655
9471
9656
9472
9657
9473
9658
9474
9659
9475
9660
9476
9661
9477
9662
9478
9663
9479
9664
9480
9665
9481
9666
9482
9667
9483
9668
9484
9669
9485
9670
9486
9671
9487
9672
9488
9673
9489
9674
9490
9675
9491
9676
9492
9677
9493
9678
9494
9679
9495
9680
9496
9681
9497
9682
9498
9683
9499
9684
9500
9685
9501
9686
9502
9687
9688
9504
9689
9505
9690
9506
9691
9507
9692
9508
9693
9509
9694
9510
9695
9511
9696
9512
9697
9513
9698
9514
9699
9515
9700
9701
9517
9702
9518
9703
9519
9704
9520
9705
9521
9706
9522
9707
9523
9708
9524
9709
9525
9710
9526
9711
9527
9712
9528
9713
9529
9714
9530
9715
9531
9716
9532
9717
9533
9718
9534
9719
9535
9720
9536
9721
9537
9722
9538
9723
9539
9724
9540
9725
9541
9726
9542
9727
9543
9728
9544
9729
9545
9730
9546
9731
9547
9732
9548
9733
9549
9734
9550
9735
9551
9736
9552
9737
9553
9738
9554
9739
9555
9740
9741
9557
9742
9558
9743
9559
9744
9560
9745
9561
9746
9562
9747
9563
9748
9564
9749
9565
9750
9566
9751
9567
9752
9568
9753
9754
9570
9755
9571
9756
9572
9757
9573
9758
9574
9759
9575
9760
9576
9761
9577
9762
9578
9763
9579
9764
9580
9765
9581
9766
9582
9767
9583
9768
9584
9769
9585
9770
9586
9771
9587
9772
9588
9773
9589
9774
9590
9775
9591
9776
9592
9777
9593
9778
9594
9779
9595
9780
9596
9781
9597
9782
9598
9783
9599
9784
9600
9785
9601
9786
9602
9787
9603
9788
9604
9789
9605
9790
9606
9791
9607
9792
9608
9793
9609
9794
9610
9795
9611
9796
9612
9797
9613
9798
9614
9799
9615
9800
9616
9801
9617
9802
9618
9803
9619
9804
9620
9805
9621
9623
9624
9625
9806
9626
9807
9627
9808
9628
9809
9629
9810
9630
9811
9631
9812
9632
9813
9633
9814
9634
9815
9635
9816
9636
9817
9637
9818
9638
9819
9639
9820
9640
9821
9641
9822
9642
9823
9643
9824
9644
9825
9645
9826
9646
9827
9647
9828
9648
9829
9649
9830
9650
9831
9651
9832
9652
9833
9653
9834
9654
9835
9655
9836
9656
9837
9657
9838
9658
9839
9659
9840
9660
9841
9661
9842
9662
9843
9663
9844
9664
9845
9665
9846
9666
9847
9667
9848
9668
9849
9669
9850
9670
9851
9671
9852
9672
9853
9673
9854
9674
9855
9675
9856
9676
9857
9677
9858
9678
9859
9679
9860
9680
9861
9681
9862
9682
9863
9683
9864
9684
9865
9685
9866
9686
9867
9687
9868
9688
9869
9870
9690
9873
9691
9874
9692
9875
9693
9876
9694
9877
9695
9878
9696
9879
9697
9880
9698
9881
9699
9882
9700
9883
9701
9884
9885
9703
9886
9704
9887
9705
9888
9706
9889
9707
9890
9708
9891
9709
9892
9710
9893
9711
9894
9712
9895
9713
9896
9714
9897
9715
9898
9716
9899
9717
9900
9718
9901
9719
9902
9720
9903
9721
9904
9722
9905
9723
9906
9724
9907
9725
9908
9726
9909
9727
9910
9728
9911
9729
9912
9730
9913
9731
9914
9732
9915
9733
9916
9734
9917
9735
9918
9736
9919
9737
9920
9738
9921
9739
9922
9740
9923
9741
9924
9925
9743
9926
9744
9927
9745
9928
9746
9929
9747
9930
9748
9931
9749
9932
9750
9933
9751
9934
9752
9935
9753
9936
9754
9937
9938
9756
9939
9757
9940
9758
9941
9759
9942
9760
9943
9761
9944
9762
9945
9763
9946
9764
9947
9765
9948
9766
9949
9767
9950
9768
9951
9769
9952
9770
9953
9771
9954
9772
9955
9773
9956
9774
9957
9775
9958
9776
9959
9777
9960
9778
9961
9779
9962
9780
9963
9781
9964
9782
9965
9783
9966
9784
9967
9785
9968
9786
9969
9787
9970
9788
9971
9789
9972
9790
9973
9791
9974
9792
9975
9793
9976
9794
9977
9795
9978
9796
9979
9797
9980
9798
9981
9799
9982
9800
9983
9801
9984
9802
9985
9803
9986
9804
9987
9805
9807
9808
9809
9988
9810
9989
9811
9990
9812
9991
9813
9992
9814
9993
9815
9994
9816
9995
9817
9996
9818
9997
9819
9998
9820
9999
9821
10000
9822
10001
9823
10002
9824
10003
9825
10004
9826
10005
9827
10006
9828
10007
9829
10008
9830
10009
9831
10010
9832
10011
9833
10012
9834
10013
9835
10014
9836
10015
9837
10016
9838
10017
9839
10018
9840
10019
9841
10020
9842
10021
9843
10022
9844
10023
9845
10024
9846
10025
9847
10026
9848
10027
9849
10028
9850
10029
9851
10030
9852
10031
9853
10032
9854
10033
9855
10034
9856
10035
9857
10036
9858
10037
9859
10038
9860
10039
9861
10040
9862
10041
9863
10042
9864
10043
9865
10044
9866
10045
9867
10046
9868
10047
9869
10048
9870
10049
9871
10050
10051
9873
10052
9874
10053
9875
10054
9876
10055
9877
10056
9878
10057
9879
10058
9880
10059
9881
10060
9882
10061
9883
10062
9884
10063
9885
10064
10065
9887
10066
9888
10067
9889
10068
9890
10069
9891
10070
9892
10071
9893
10072
9894
10073
9895
10074
9896
10075
9897
10076
9898
10077
9899
10078
9900
10079
9901
10080
9902
10081
9903
10082
9904
10083
9905
10084
9906
10085
9907
10086
9908
10087
9909
10088
9910
10089
9911
10090
9912
10091
9913
10092
9914
10093
9915
10094
9916
10095
9917
10096
9918
10097
9919
10098
9920
10099
9921
10100
9922
10101
9923
10102
9924
10103
9925
10104
10105
9927
10106
9928
10107
9929
10108
9930
10109
9931
10110
9932
10111
9933
10112
9934
10113
9935
10114
9936
10115
9937
10116
9938
10117
10118
9940
10119
9941
10120
9942
10121
9943
10122
9944
10123
9945
10124
9946
10125
9947
10126
9948
10127
9949
10128
9950
10129
9951
10130
9952
10131
9953
10132
9954
10133
9955
10134
9956
10135
9957
10136
9958
10137
9959
10138
9960
10139
9961
10140
9962
10141
9963
10142
9964
10143
9965
10144
9966
10145
9967
10146
9968
10147
9969
10148
9970
10149
9971
10150
9972
10151
9973
10152
9974
10153
9975
10154
9976
10155
9977
10156
9978
10157
9979
10158
9980
10159
9981
10160
9982
10161
9983
10162
9984
10163
9985
10164
9986
10165
9987
10166
9989
9990
10167
9991
10168
9992
10169
9993
10170
9994
10171
9995
10172
9996
10173
9997
10174
9998
10175
9999
10176
10000
10177
10001
10178
10002
10179
10003
10180
10004
10181
10005
10182
10006
10183
10007
10184
10008
10185
10009
10186
10010
10187
10011
10188
10012
10189
10013
10190
10014
10191
10015
10192
10016
10193
10017
10194
10018
10195
10019
10196
10020
10197
10021
10198
10022
10199
10023
10200
10024
10201
10025
10202
10026
10203
10027
10204
10028
10205
10029
10206
10030
10207
10031
10208
10032
10209
10033
10210
10034
10211
10035
10212
10036
10213
10037
10214
10038
10215
10039
10216
10040
10217
10041
10218
10042
10219
10043
10220
10044
10221
10045
10222
10046
10223
10047
10224
10048
10225
10049
10226
10050
10227
10051
10228
10229
10053
10232
10054
10233
10055
10234
10056
10235
10057
10236
10058
10237
10059
10238
10060
10239
10061
10240
10062
10241
10063
10242
10064
10243
10065
10244
10245
10067
10246
10068
10247
10069
10248
10070
10249
10071
10250
10072
10251
10073
10252
10074
10253
10075
10254
10076
10255
10077
10256
10078
10257
10079
10258
10080
10259
10081
10260
10082
10261
10083
10262
10084
10263
10085
10264
10086
10265
10087
10266
10088
10267
10089
10268
10090
10269
10091
10270
10092
10271
10093
10272
10094
10273
10095
10274
10096
10275
10097
10276
10098
10277
10099
10278
10100
10279
10101
10280
10102
10281
10103
10282
10104
10283
10105
10284
10285
10107
10286
10108
10287
10109
10288
10110
10289
10111
10290
10112
10291
10113
10292
10114
10293
10115
10294
10116
10295
10117
10296
10118
10297
10298
10120
10299
10121
10300
10122
10301
10123
10302
10124
10303
10125
10304
10126
10305
10127
10306
10128
10307
10129
10308
10130
10309
10131
10310
10132
10311
10133
10312
10134
10313
10135
10314
10136
10315
10137
10316
10138
10317
10139
10318
10140
10319
10141
10320
10142
10321
10143
10322
10144
10323
10145
10324
10146
10325
10147
10326
10148
10327
10149
10328
10150
10329
10151
10330
10152
10331
10153
10332
10154
10333
10155
10334
10156
10335
10157
10336
10158
10337
10159
10338
10160
10339
10161
10340
10162
10341
10163
10342
10164
10343
10165
10344
10166
10168
10169
10170
10345
10171
10346
10172
10347
10173
10348
10174
10349
10175
10350
10176
10351
10177
10352
10178
10353
10179
10354
10180
10355
10181
10356
10182
10357
10183
10358
10184
10359
10185
10360
10186
10361
10187
10362
10188
10363
10189
10364
10190
10365
10191
10366
10192
10367
10193
10368
10194
10369
10195
10370
10196
10371
10197
10372
10198
10373
10199
10374
10200
10375
10201
10376
10202
10377
10203
10378
10204
10379
10205
10380
10206
10381
10207
10382
10208
10383
10209
10384
10210
10385
10211
10386
10212
10387
10213
10388
10214
10389
10215
10390
10216
10391
10217
10392
10218
10393
10219
10394
10220
10395
10221
10396
10222
10397
10223
10398
10224
10399
10225
10400
10226
10401
10227
10402
10228
10403
10229
10404
10230
10405
10406
10232
10407
10233
10408
10234
10409
10235
10410
10236
10411
10237
10412
10238
10413
10239
10414
10240
10415
10241
10416
10242
10417
10243
10418
10244
10419
10245
10420
10421
10247
10423
10248
10424
10249
10425
10250
10426
10251
10427
10252
10428
10253
10429
10254
10430
10255
10431
10256
10432
10257
10433
10258
10434
10259
10435
10260
10436
10261
10437
10262
10438
10263
10439
10264
10440
10265
10441
10266
10442
10267
10443
10268
10444
10269
10445
10270
10446
10271
10447
10272
10448
10273
10449
10274
10450
10275
10451
10276
10452
10277
10453
10278
10454
10279
10455
10280
10456
10281
10457
10282
10458
10283
10459
10284
10460
10285
10461
10462
10287
10463
10288
10464
10289
10465
10290
10466
10291
10467
10292
10468
10293
10469
10294
10470
10295
10471
10296
10472
10297
10473
10298
10474
10475
10300
10476
10301
10477
10302
10478
10303
10479
10304
10480
10305
10481
10306
10482
10307
10483
10308
10484
10309
10485
10310
10486
10311
10487
10312
10488
10313
10489
10314
10490
10315
10491
10316
10492
10317
10493
10318
10494
10319
10495
10320
10496
10321
10497
10322
10498
10323
10499
10324
10500
10325
10501
10326
10502
10327
10503
10328
10504
10329
10505
10330
10506
10331
10507
10332
10508
10333
10509
10334
10510
10335
10511
10336
10512
10337
10513
10338
10514
10339
10515
10340
10516
10341
10517
10342
10518
10343
10519
10344
10520
10346
10347
10521
10348
10522
10349
10523
10350
10524
10351
10525
10352
10526
10353
10527
10354
10528
10355
10529
10356
10530
10357
10531
10358
10532
10359
10533
10360
10534
10361
10535
10362
10536
10363
10537
10364
10538
10365
10539
10366
10540
10367
10541
10368
10542
10369
10543
10370
10544
10371
10545
10372
10546
10373
10547
10374
10548
10375
10549
10376
10550
10377
10551
10378
10552
10379
10553
10380
10554
10381
10555
10382
10556
10383
10557
10384
10558
10385
10559
10386
10560
10387
10561
10388
10562
10389
10563
10390
10564
10391
10565
10392
10566
10393
10567
10394
10568
10395
10569
10396
10570
10397
10571
10398
10572
10399
10573
10400
10574
10401
10575
10402
10576
10403
10577
10404
10578
10405
10579
10406
10580
10581
10408
10584
10409
10585
10410
10586
10411
10587
10412
10588
10413
10589
10414
10590
10415
10591
10416
10592
10417
10593
10418
10594
10419
10595
10420
10596
10421
10597
10422
10598
10599
10424
10600
10425
10601
10426
10602
10427
10603
10428
10604
10429
10605
10430
10606
10431
10607
10432
10608
10433
10609
10434
10610
10435
10611
10436
10612
10437
10613
10438
10614
10439
10615
10440
10616
10441
10617
10442
10618
10443
10619
10444
10620
10445
10621
10446
10622
10447
10623
10448
10624
10449
10625
10450
10626
10451
10627
10452
10628
10453
10629
10454
10630
10455
10631
10456
10632
10457
10633
10458
10634
10459
10635
10460
10636
10461
10637
10462
10638
10464
10639
10465
10640
10466
10641
10467
10642
10468
10643
10469
10644
10470
10645
10471
10646
10472
10647
10473
10648
10474
10649
10475
10650
10651
10477
10652
10478
10653
10479
10654
10480
10655
10481
10656
10482
10657
10483
10658
10484
10659
10485
10660
10486
10661
10487
10662
10488
10663
10489
10664
10490
10665
10491
10666
10492
10667
10493
10668
10494
10669
10495
10670
10496
10671
10497
10672
10498
10673
10499
10674
10500
10675
10501
10676
10502
10677
10503
10678
10504
10679
10505
10680
10506
10681
10507
10682
10508
10683
10509
10684
10510
10685
10511
10686
10512
10687
10513
10688
10514
10689
10515
10690
10516
10691
10517
10692
10518
10693
10519
10694
10520
10695
10522
10523
10696
10524
10697
10525
10698
10526
10699
10527
10700
10528
10701
10529
10702
10530
10703
10531
10704
10532
10705
10533
10706
10534
10707
10535
10708
10536
10709
10537
10710
10538
10711
10539
10712
10540
10713
10541
10714
10542
10715
10543
10716
10544
10717
10545
10718
10546
10719
10547
10720
10548
10721
10549
10722
10550
10723
10551
10724
10552
10725
10553
10726
10554
10727
10555
10728
10556
10729
10557
10730
10558
10731
10559
10732
10560
10733
10561
10734
10562
10735
10563
10736
10564
10737
10565
10738
10566
10739
10567
10740
10568
10741
10569
10742
10570
10743
10571
10744
10572
10745
10573
10746
10574
10747
10575
10748
10576
10749
10577
10750
10578
10751
10579
10752
10580
10753
10581
10754
10582
10755
10756
10584
10759
10585
10760
10586
10761
10587
10762
10588
10763
10589
10764
10590
10765
10591
10766
10592
10767
10593
10768
10594
10769
10595
10770
10596
10771
10597
10772
10598
10773
10599
10774
10775
10601
10776
10602
10777
10603
10778
10604
10779
10605
10780
10606
10781
10607
10782
10608
10783
10609
10784
10610
10785
10611
10786
10612
10787
10613
10788
10614
10789
10615
10790
10616
10791
10617
10792
10618
10793
10619
10794
10620
10795
10621
10796
10622
10797
10623
10798
10624
10799
10625
10800
10626
10801
10627
10802
10628
10803
10629
10804
10630
10805
10631
10806
10632
10807
10633
10808
10634
10809
10635
10810
10636
10811
10637
10812
10638
10813
10814
10640
10815
10641
10816
10642
10817
10643
10818
10644
10819
10645
10820
10646
10821
10647
10822
10648
10823
10649
10824
10650
10825
10651
10826
10827
10653
10828
10654
10829
10655
10830
10656
10831
10657
10832
10658
10833
10659
10834
10660
10835
10661
10836
10662
10837
10663
10838
10664
10839
10665
10840
10666
10841
10667
10842
10668
10843
10669
10844
10670
10845
10671
10846
10672
10847
10673
10848
10674
10849
10675
10850
10676
10851
10677
10852
10678
10853
10679
10854
10680
10855
10681
10856
10682
10857
10683
10858
10684
10859
10685
10860
10686
10861
10687
10862
10688
10863
10689
10864
10690
10865
10691
10866
10692
10867
10693
10868
10694
10869
10695
10870
10871
10697
10872
10698
10873
10699
10874
10700
10875
10701
10876
10702
10877
10703
10878
10704
10879
10705
10880
10706
10881
10707
10882
10708
10883
10709
10884
10710
10885
10711
10886
10712
10887
10713
10888
10714
10889
10715
10890
10716
10891
10717
10892
10718
10893
10719
10894
10720
10895
10721
10896
10722
10897
10723
10898
10724
10899
10725
10900
10726
10901
10727
10902
10728
10903
10729
10904
10730
10905
10731
10906
10732
10907
10733
10908
10734
10909
10735
10910
10736
10911
10737
10912
10738
10913
10739
10914
10740
10915
10741
10916
10742
10917
10743
10918
10744
10919
10745
10920
10746
10921
10747
10922
10748
10923
10749
10924
10750
10925
10751
10926
10752
10927
10753
10928
10754
10929
10755
10930
10756
10931
10757
10932
10933
10759
10935
10760
10936
10761
10937
10762
10938
10763
10939
10764
10940
10765
10941
10766
10942
10767
10943
10768
10944
10769
10945
10770
10946
10771
10947
10772
10948
10773
10949
10774
10950
10775
10951
10952
10777
10954
10778
10955
10779
10956
10780
10957
10781
10958
10782
10959
10783
10960
10784
10961
10785
10962
10786
10963
10787
10964
10788
10965
10789
10966
10790
10967
10791
10968
10792
10969
10793
10970
10794
10971
10795
10972
10796
10973
10797
10974
10798
10975
10799
10976
10800
10977
10801
10978
10802
10979
10803
10980
10804
10981
10805
10982
10806
10983
10807
10984
10808
10985
10809
10986
10810
10987
10811
10988
10812
10989
10813
10990
10814
10991
10992
10816
10993
10817
10994
10818
10995
10819
10996
10820
10997
10821
10998
10822
10999
10823
11000
10824
11001
10825
11002
10826
11003
10827
11004
11005
10829
11006
10830
11007
10831
11008
10832
11009
10833
11010
10834
11011
10835
11012
10836
11013
10837
11014
10838
11015
10839
11016
10840
11017
10841
11018
10842
11019
10843
11020
10844
11021
10845
11022
10846
11023
10847
11024
10848
11025
10849
11026
10850
11027
10851
11028
10852
11029
10853
11030
10854
11031
10855
11032
10856
11033
10857
11034
10858
11035
10859
11036
10860
11037
10861
11038
10862
11039
10863
11040
10864
11041
10865
11042
10866
11043
10867
11044
10868
11045
10869
11046
10870
11047
10871
11048
10873
10874
11049
10875
11050
10876
11051
10877
11052
10878
11053
10879
11054
10880
11055
10881
11056
10882
11057
10883
11058
10884
11059
10885
11060
10886
11061
10887
11062
10888
11063
10889
11064
10890
11065
10891
11066
10892
11067
10893
11068
10894
11069
10895
11070
10896
11071
10897
11072
10898
11073
10899
11074
10900
11075
10901
11076
10902
11077
10903
11078
10904
11079
10905
11080
10906
11081
10907
11082
10908
11083
10909
11084
10910
11085
10911
11086
10912
11087
10913
11088
10914
11089
10915
11090
10916
11091
10917
11092
10918
11093
10919
11094
10920
11095
10921
11096
10922
11097
10923
11098
10924
11099
10925
11100
10926
11101
10927
11102
10928
11103
10929
11104
10930
11105
10931
11106
10932
11107
10933
11108
11109
10935
11113
10936
11114
10937
11115
10938
11116
10939
11117
10940
11118
10941
11119
10942
11120
10943
11121
10944
11122
10945
11123
10946
11124
10947
11125
10948
11126
10949
11127
10950
11128
10951
11129
10952
11130
11131
10954
11133
10955
11134
10956
11135
10957
11136
10958
11137
10959
11138
10960
11139
10961
11140
10962
11141
10963
11142
10964
11143
10965
11144
10966
11145
10967
11146
10968
11147
10969
11148
10970
11149
10971
11150
10972
11151
10973
11152
10974
11153
10975
11154
10976
11155
10977
11156
10978
11157
10979
11158
10980
11159
10981
11160
10982
11161
10983
11162
10984
11163
10985
11164
10986
11165
10987
11166
10988
11167
10989
11168
10990
11169
10991
11170
10992
11171
11172
10994
11174
10995
11175
10996
11176
10997
11177
10998
11178
10999
11179
11000
11180
11001
11181
11002
11182
11003
11183
11004
11184
11005
11185
11186
11007
11187
11008
11188
11009
11189
11010
11190
11011
11191
11012
11192
11013
11193
11014
11194
11015
11195
11016
11196
11017
11197
11018
11198
11019
11199
11020
11200
11021
11201
11022
11202
11023
11203
11024
11204
11025
11205
11026
11206
11027
11207
11028
11208
11029
11209
11030
11210
11031
11211
11032
11212
11033
11213
11034
11214
11035
11215
11036
11216
11037
11217
11038
11218
11039
11219
11040
11220
11041
11221
11042
11222
11043
11223
11044
11224
11045
11225
11046
11226
11047
11227
11048
11228
11050
11051
11229
11052
11230
11053
11231
11054
11232
11055
11233
11056
11234
11057
11235
11058
11236
11059
11237
11060
11238
11061
11239
11062
11240
11063
11241
11064
11242
11065
11243
11066
11244
11067
11245
11068
11246
11069
11247
11070
11248
11071
11249
11072
11250
11073
11251
11074
11252
11075
11253
11076
11254
11077
11255
11078
11256
11079
11257
11080
11258
11081
11259
11082
11260
11083
11261
11084
11262
11085
11263
11086
11264
11087
11265
11088
11266
11089
11267
11090
11268
11091
11269
11092
11270
11093
11271
11094
11272
11095
11273
11096
11274
11097
11275
11098
11276
11099
11277
11100
11278
11101
11279
11102
11280
11103
11281
11104
11282
11105
11283
11106
11284
11107
11285
11108
11286
11109
11287
11110
11288
11111
11289
11290
11113
11293
11114
11294
11115
11295
11116
11296
11117
11297
11118
11298
11119
11299
11120
11300
11121
11301
11122
11302
11123
11303
11124
11304
11125
11305
11126
11306
11127
11307
11128
11308
11129
11309
11130
11310
11131
11311
11132
11312
11313
11134
11314
11135
11315
11136
11316
11137
11317
11138
11318
11139
11319
11140
11320
11141
11321
11142
11322
11143
11323
11144
11324
11145
11325
11146
11326
11147
11327
11148
11328
11149
11329
11150
11330
11151
11331
11152
11332
11153
11333
11154
11334
11155
11335
11156
11336
11157
11337
11158
11338
11159
11339
11160
11340
11161
11341
11162
11342
11163
11343
11164
11344
11165
11345
11166
11346
11167
11347
11168
11348
11169
11349
11170
11350
11171
11351
11172
11352
11173
11353
11354
11175
11355
11176
11356
11177
11357
11178
11358
11179
11359
11180
11360
11181
11361
11182
11362
11183
11363
11184
11364
11185
11365
11186
11366
11367
11188
11368
11189
11369
11190
11370
11191
11371
11192
11372
11193
11373
11194
11374
11195
11375
11196
11376
11197
11377
11198
11378
11199
11379
11200
11380
11201
11381
11202
11382
11203
11383
11204
11384
11205
11385
11206
11386
11207
11387
11208
11388
11209
11389
11210
11390
11211
11391
11212
11392
11213
11393
11214
11394
11215
11395
11216
11396
11217
11397
11218
11398
11219
11399
11220
11400
11221
11401
11222
11402
11223
11403
11224
11404
11225
11405
11226
11406
11227
11407
11228
11408
11409
11230
11410
11231
11411
11232
11412
11233
11413
11234
11414
11235
11415
11236
11416
11237
11417
11238
11418
11239
11419
11240
11420
11241
11421
11242
11422
11243
11423
11244
11424
11245
11425
11246
11426
11247
11427
11248
11428
11249
11429
11250
11430
11251
11431
11252
11432
11253
11433
11254
11434
11255
11435
11256
11436
11257
11437
11258
11438
11259
11439
11260
11440
11261
11441
11262
11442
11263
11443
11264
11444
11265
11445
11266
11446
11267
11447
11268
11448
11269
11449
11270
11450
11271
11451
11272
11452
11273
11453
11274
11454
11275
11455
11276
11456
11277
11457
11278
11458
11279
11459
11280
11460
11281
11461
11282
11462
11283
11463
11284
11464
11285
11465
11286
11466
11287
11467
11288
11468
11289
11469
11290
11470
11291
11471
11472
11293
11475
11294
11476
11295
11477
11296
11478
11297
11479
11298
11480
11299
11481
11300
11482
11301
11483
11302
11484
11303
11485
11304
11486
11305
11487
11306
11488
11307
11489
11308
11490
11309
11491
11310
11492
11311
11493
11312
11494
11313
11495
11496
11315
11498
11316
11499
11317
11500
11318
11501
11319
11502
11320
11503
11321
11504
11322
11505
11323
11506
11324
11507
11325
11508
11326
11509
11327
11510
11328
11511
11329
11512
11330
11513
11331
11514
11332
11515
11333
11516
11334
11517
11335
11518
11336
11519
11337
11520
11338
11521
11339
11522
11340
11523
11341
11524
11342
11525
11343
11526
11344
11527
11345
11528
11346
11529
11347
11530
11348
11531
11349
11532
11350
11533
11351
11534
11352
11535
11353
11536
11354
11537
11538
11356
11539
11357
11540
11358
11541
11359
11542
11360
11543
11361
11544
11362
11545
11363
11546
11364
11547
11365
11548
11366
11549
11367
11550
11551
11369
11552
11370
11553
11371
11554
11372
11555
11373
11556
11374
11557
11375
11558
11376
11559
11377
11560
11378
11561
11379
11562
11380
11563
11381
11564
11382
11565
11383
11566
11384
11567
11385
11568
11386
11569
11387
11570
11388
11571
11389
11572
11390
11573
11391
11574
11392
11575
11393
11576
11394
11577
11395
11578
11396
11579
11397
11580
11398
11581
11399
11582
11400
11583
11401
11584
11402
11585
11403
11586
11404
11587
11405
11588
11406
11589
11407
11590
11408
11591
11409
11592
11411
11412
11593
11413
11594
11414
11595
11415
11596
11416
11597
11417
11598
11418
11599
11419
11600
11420
11601
11421
11602
11422
11603
11423
11604
11424
11605
11425
11606
11426
11607
11427
11608
11428
11609
11429
11610
11430
11611
11431
11612
11432
11613
11433
11614
11434
11615
11435
11616
11436
11617
11437
11618
11438
11619
11439
11620
11440
11621
11441
11622
11442
11623
11443
11624
11444
11625
11445
11626
11446
11627
11447
11628
11448
11629
11449
11630
11450
11631
11451
11632
11452
11633
11453
11634
11454
11635
11455
11636
11456
11637
11457
11638
11458
11639
11459
11640
11460
11641
11461
11642
11462
11643
11463
11644
11464
11645
11465
11646
11466
11647
11467
11648
11468
11649
11469
11650
11470
11651
11471
11652
11472
11653
11473
11654
11655
11475
11660
11476
11661
11477
11662
11478
11663
11479
11664
11480
11665
11481
11666
11482
11667
11483
11668
11484
11669
11485
11670
11486
11671
11487
11672
11488
11673
11489
11674
11490
11675
11491
11676
11492
11677
11493
11678
11494
11679
11495
11680
11496
11681
11682
11498
11684
11499
11685
11500
11686
11501
11687
11502
11688
11503
11689
11504
11690
11505
11691
11506
11692
11507
11693
11508
11694
11509
11695
11510
11696
11511
11697
11512
11698
11513
11699
11514
11700
11515
11701
11516
11702
11517
11703
11518
11704
11519
11705
11520
11706
11521
11707
11522
11708
11523
11709
11524
11710
11525
11711
11526
11712
11527
11713
11528
11714
11529
11715
11530
11716
11531
11717
11532
11718
11533
11719
11534
11720
11535
11721
11536
11722
11537
11723
11538
11724
11725
11540
11726
11541
11727
11542
11728
11543
11729
11544
11730
11545
11731
11546
11732
11547
11733
11548
11734
11549
11735
11550
11736
11551
11737
11738
11553
11739
11554
11740
11555
11741
11556
11742
11557
11743
11558
11744
11559
11745
11560
11746
11561
11747
11562
11748
11563
11749
11564
11750
11565
11751
11566
11752
11567
11753
11568
11754
11569
11755
11570
11756
11571
11757
11572
11758
11573
11759
11574
11760
11575
11761
11576
11762
11577
11763
11578
11764
11579
11765
11580
11766
11581
11767
11582
11768
11583
11769
11584
11770
11585
11771
11586
11772
11587
11773
11588
11774
11589
11775
11590
11776
11591
11777
11592
11778
11779
11594
11780
11595
11781
11596
11782
11597
11783
11598
11784
11599
11785
11600
11786
11601
11787
11602
11788
11603
11789
11604
11790
11605
11791
11606
11792
11607
11793
11608
11794
11609
11795
11610
11796
11611
11797
11612
11798
11613
11799
11614
11800
11615
11801
11616
11802
11617
11803
11618
11804
11619
11805
11620
11806
11621
11807
11622
11808
11623
11809
11624
11810
11625
11811
11626
11812
11627
11813
11628
11814
11629
11815
11630
11816
11631
11817
11632
11818
11633
11819
11634
11820
11635
11821
11636
11822
11637
11823
11638
11824
11639
11825
11640
11826
11641
11827
11642
11828
11643
11829
11644
11830
11645
11831
11646
11832
11647
11833
11648
11834
11649
11835
11650
11836
11651
11837
11652
11838
11653
11839
11654
11840
11655
11841
11656
11842
11657
11843
11844
11659
11850
11660
11851
11661
11852
11662
11853
11663
11854
11664
11855
11665
11856
11666
11857
11667
11858
11668
11859
11669
11860
11670
11861
11671
11862
11672
11863
11673
11864
11674
11865
11675
11866
11676
11867
11677
11868
11678
11869
11679
11870
11680
11871
11681
11872
11682
11873
11683
11874
11875
11685
11877
11686
11878
11687
11879
11688
11880
11689
11881
11690
11882
11691
11883
11692
11884
11693
11885
11694
11886
11695
11887
11696
11888
11697
11889
11698
11890
11699
11891
11700
11892
11701
11893
11702
11894
11703
11895
11704
11896
11705
11897
11706
11898
11707
11899
11708
11900
11709
11901
11710
11902
11711
11903
11712
11904
11713
11905
11714
11906
11715
11907
11716
11908
11717
11909
11718
11910
11719
11911
11720
11912
11721
11913
11722
11914
11723
11915
11724
11916
11725
11917
11918
11727
11919
11728
11920
11729
11921
11730
11922
11731
11923
11732
11924
11733
11925
11734
11926
11735
11927
11736
11928
11737
11929
11738
11930
11931
11740
11932
11741
11933
11742
11934
11743
11935
11744
11936
11745
11937
11746
11938
11747
11939
11748
11940
11749
11941
11750
11942
11751
11943
11752
11944
11753
11945
11754
11946
11755
11947
11756
11948
11757
11949
11758
11950
11759
11951
11760
11952
11761
11953
11762
11954
11763
11955
11764
11956
11765
11957
11766
11958
11767
11959
11768
11960
11769
11961
11770
11962
11771
11963
11772
11964
11773
11965
11774
11966
11775
11967
11776
11968
11777
11969
11778
11970
11779
11971
11781
11782
11972
11783
11973
11784
11974
11785
11975
11786
11976
11787
11977
11788
11978
11789
11979
11790
11980
11791
11981
11792
11982
11793
11983
11794
11984
11795
11985
11796
11986
11797
11987
11798
11988
11799
11989
11800
11990
11801
11991
11802
11992
11803
11993
11804
11994
11805
11995
11806
11996
11807
11997
11808
11998
11809
11999
11810
12000
11811
12001
11812
12002
11813
12003
11814
12004
11815
12005
11816
12006
11817
12007
11818
12008
11819
12009
11820
12010
11821
11822
11823
11824
11825
11826
11827
11828
11829
11830
11831
11832
11833
11834
11835
11836
12011
11837
12012
11838
12013
11839
12014
11840
12015
11841
12016
11842
12017
11843
12018
11844
12019
11845
12020
11846
12021
12022
11848
12031
11849
12032
11850
12033
11851
12034
11852
12035
11853
12036
11854
12037
11855
12038
11856
12039
11857
12040
11858
12041
11859
12042
11860
12043
11861
12044
11862
12045
11863
12046
11864
12047
11865
12048
11866
12049
11867
12050
11868
12051
11869
12052
11870
12053
11871
12054
11872
12055
11873
12056
11874
12057
11875
12058
12059
11877
12061
11878
12062
11879
12063
11880
12064
11881
12065
11882
12066
11883
12067
11884
12068
11885
12069
11886
12070
11887
12071
11888
12072
11889
12073
11890
12074
11891
12075
11892
12076
11893
12077
11894
12078
11895
12079
11896
12080
11897
12081
11898
12082
11899
12083
11900
12084
11901
12085
11902
12086
11903
12087
11904
12088
11905
12089
11906
12090
11907
12091
11908
12092
11909
12093
11910
12094
11911
12095
11912
12096
11913
12097
11914
12098
11915
12099
11916
12100
11917
12101
11918
12102
12103
11920
12104
11921
12105
11922
12106
11923
12107
11924
12108
11925
12109
11926
12110
11927
12111
11928
12112
11929
12113
11930
12114
11931
12115
12116
11933
12117
11934
12118
11935
12119
11936
12120
11937
12121
11938
12122
11939
12123
11940
12124
11941
12125
11942
12126
11943
12127
11944
12128
11945
12129
11946
12130
11947
12131
11948
12132
11949
12133
11950
12134
11951
12135
11952
12136
11953
12137
11954
12138
11955
12139
11956
12140
11957
12141
11958
12142
11959
12143
11960
12144
11961
12145
11962
12146
11963
12147
11964
12148
11965
12149
11966
12150
11967
12151
11968
12152
11969
12153
11970
12154
11971
12155
12156
11973
12157
11974
12158
11975
12159
11976
12160
11977
12161
11978
12162
11979
12163
11980
12164
11981
12165
11982
12166
11983
12167
11984
12168
11985
12169
11986
12170
11987
12171
11988
12172
11989
12173
11990
12174
11991
12175
11992
12176
11993
12177
11994
12178
11995
12179
11996
12180
11997
12181
11998
12182
11999
12183
12000
12184
12001
12185
12002
12186
12003
12187
12004
12188
12005
12189
12006
12190
12007
12191
12008
12192
12009
12010
12012
12013
12014
12015
12016
12193
12017
12194
12018
12195
12019
12196
12020
12197
12021
12198
12022
12199
12023
12200
12024
12201
12025
12202
12026
12203
12204
12028
12211
12029
12212
12030
12213
12031
12214
12032
12215
12033
12216
12034
12217
12035
12218
12036
12219
12037
12220
12038
12221
12039
12222
12040
12223
12041
12224
12042
12225
12043
12226
12044
12227
12045
12228
12046
12229
12047
12230
12048
12231
12049
12232
12050
12233
12051
12234
12052
12235
12053
12236
12054
12237
12055
12238
12056
12239
12057
12240
12058
12241
12059
12242
12060
12243
12244
12062
12246
12063
12247
12064
12248
12065
12249
12066
12250
12067
12251
12068
12252
12069
12253
12070
12254
12071
12255
12072
12256
12073
12257
12074
12258
12075
12259
12076
12260
12077
12261
12078
12262
12079
12263
12080
12264
12081
12265
12082
12266
12083
12267
12084
12268
12085
12269
12086
12270
12087
12271
12088
12272
12089
12273
12090
12274
12091
12275
12092
12276
12093
12277
12094
12278
12095
12279
12096
12280
12097
12281
12098
12282
12099
12283
12100
12284
12101
12285
12102
12286
12103
12287
12288
12105
12290
12106
12291
12107
12292
12108
12293
12109
12294
12110
12295
12111
12296
12112
12297
12113
12298
12114
12299
12115
12300
12116
12301
12302
12118
12303
12119
12304
12120
12305
12121
12306
12122
12307
12123
12308
12124
12309
12125
12310
12126
12311
12127
12312
12128
12313
12129
12314
12130
12315
12131
12316
12132
12317
12133
12318
12134
12319
12135
12320
12136
12321
12137
12322
12138
12323
12139
12324
12140
12325
12141
12326
12142
12327
12143
12328
12144
12329
12145
12330
12146
12331
12147
12332
12148
12333
12149
12334
12150
12335
12151
12336
12152
12337
12153
12338
12154
12339
12155
12340
12156
12341
12342
12158
12343
12159
12344
12160
12345
12161
12346
12162
12347
12163
12348
12164
12349
12165
12350
12166
12351
12167
12352
12168
12353
12169
12354
12170
12355
12171
12356
12172
12357
12173
12358
12174
12359
12175
12360
12176
12361
12177
12362
12178
12363
12179
12364
12180
12365
12181
12366
12182
12367
12183
12368
12184
12369
12185
12370
12186
12371
12187
12372
12188
12373
12189
12374
12190
12375
12191
12192
12194
12195
12196
12376
12197
12377
12198
12378
12199
12379
12200
12380
12201
12381
12202
12382
12203
12383
12204
12384
12205
12385
12206
12386
12207
12387
12208
12388
12209
12389
12210
12390
12211
12391
12212
12392
12213
12393
12214
12394
12215
12395
12216
12396
12217
12397
12218
12398
12219
12399
12220
12400
12221
12401
12222
12402
12223
12403
12224
12404
12225
12405
12226
12406
12227
12407
12228
12408
12229
12409
12230
12410
12231
12411
12232
12412
12233
12413
12234
12414
12235
12415
12236
12416
12237
12417
12238
12418
12239
12419
12240
12420
12241
12421
12242
12422
12243
12423
12244
12424
12425
12246
12427
12247
12428
12248
12429
12249
12430
12250
12431
12251
12432
12252
12433
12253
12434
12254
12435
12255
12436
12256
12437
12257
12438
12258
12439
12259
12440
12260
12441
12261
12442
12262
12443
12263
12444
12264
12445
12265
12446
12266
12447
12267
12448
12268
12449
12269
12450
12270
12451
12271
12452
12272
12453
12273
12454
12274
12455
12275
12456
12276
12457
12277
12458
12278
12459
12279
12460
12280
12461
12281
12462
12282
12463
12283
12464
12284
12465
12285
12466
12286
12467
12287
12468
12288
12469
12470
12290
12472
12291
12473
12292
12474
12293
12475
12294
12476
12295
12477
12296
12478
12297
12479
12298
12480
12299
12481
12300
12482
12301
12483
12302
12484
12485
12304
12486
12305
12487
12306
12488
12307
12489
12308
12490
12309
12491
12310
12492
12311
12493
12312
12494
12313
12495
12314
12496
12315
12497
12316
12498
12317
12499
12318
12500
12319
12501
12320
12502
12321
12503
12322
12504
12323
12505
12324
12506
12325
12507
12326
12508
12327
12509
12328
12510
12329
12511
12330
12512
12331
12513
12332
12514
12333
12515
12334
12516
12335
12517
12336
12518
12337
12519
12338
12520
12339
12521
12340
12522
12341
12523
12342
12524
12525
12344
12526
12345
12527
12346
12528
12347
12529
12348
12530
12349
12531
12350
12532
12351
12533
12352
12534
12353
12535
12354
12536
12355
12537
12356
12538
12357
12539
12358
12540
12359
12541
12360
12542
12361
12543
12362
12544
12363
12545
12364
12546
12365
12547
12366
12548
12367
12549
12368
12550
12369
12551
12370
12552
12371
12553
12372
12554
12373
12555
12374
12556
12375
12377
12378
12379
12557
12380
12558
12381
12559
12382
12560
12383
12561
12384
12562
12385
12563
12386
12564
12387
12565
12388
12566
12389
12567
12390
12568
12391
12569
12392
12570
12393
12571
12394
12572
12395
12573
12396
12574
12397
12575
12398
12576
12399
12577
12400
12578
12401
12579
12402
12580
12403
12581
12404
12582
12405
12583
12406
12584
12407
12585
12408
12586
12409
12587
12410
12588
12411
12589
12412
12590
12413
12591
12414
12592
12415
12593
12416
12594
12417
12595
12418
12596
12419
12597
12420
12598
12421
12599
12422
12600
12423
12601
12424
12602
12425
12603
12426
12604
12605
12428
12608
12429
12609
12430
12610
12431
12611
12432
12612
12433
12613
12434
12614
12435
12615
12436
12616
12437
12617
12438
12618
12439
12619
12440
12620
12441
12621
12442
12622
12443
12623
12444
12624
12445
12625
12446
12626
12447
12627
12448
12628
12449
12629
12450
12630
12451
12631
12452
12632
12453
12633
12454
12634
12455
12635
12456
12636
12457
12637
12458
12638
12459
12639
12460
12640
12461
12641
12462
12642
12463
12643
12464
12644
12465
12645
12466
12646
12467
12647
12468
12648
12469
12649
12470
12650
12471
12651
12652
12473
12653
12474
12654
12475
12655
12476
12656
12477
12657
12478
12658
12479
12659
12480
12660
12481
12661
12482
12662
12483
12663
12484
12664
12485
12665
12666
12487
12667
12488
12668
12489
12669
12490
12670
12491
12671
12492
12672
12493
12673
12494
12674
12495
12675
12496
12676
12497
12677
12498
12678
12499
12679
12500
12680
12501
12681
12502
12682
12503
12683
12504
12684
12505
12685
12506
12686
12507
12687
12508
12688
12509
12689
12510
12690
12511
12691
12512
12692
12513
12693
12514
12694
12515
12695
12516
12696
12517
12697
12518
12698
12519
12699
12520
12700
12521
12701
12522
12702
12523
12703
12524
12704
12525
12705
12706
12527
12707
12528
12708
12529
12709
12530
12710
12531
12711
12532
12712
12533
12713
12534
12714
12535
12715
12536
12716
12537
12717
12538
12718
12539
12719
12540
12720
12541
12721
12542
12722
12543
12723
12544
12724
12545
12725
12546
12726
12547
12727
12548
12728
12549
12729
12550
12730
12551
12731
12552
12732
12553
12733
12554
12734
12555
12735
12556
12558
12559
12560
12736
12561
12737
12562
12738
12563
12739
12564
12740
12565
12741
12566
12742
12567
12743
12568
12744
12569
12745
12570
12746
12571
12747
12572
12748
12573
12749
12574
12750
12575
12751
12576
12752
12577
12753
12578
12754
12579
12755
12580
12756
12581
12757
12582
12758
12583
12759
12584
12760
12585
12761
12586
12762
12587
12763
12588
12764
12589
12765
12590
12766
12591
12767
12592
12768
12593
12769
12594
12770
12595
12771
12596
12772
12597
12773
12598
12774
12599
12775
12600
12776
12601
12777
12602
12778
12603
12779
12604
12780
12605
12781
12606
12782
12783
12608
12786
12609
12787
12610
12788
12611
12789
12612
12790
12613
12791
12614
12792
12615
12793
12616
12794
12617
12795
12618
12796
12619
12797
12620
12798
12621
12799
12622
12800
12623
12801
12624
12802
12625
12803
12626
12804
12627
12805
12628
12806
12629
12807
12630
12808
12631
12809
12632
12810
12633
12811
12634
12812
12635
12813
12636
12814
12637
12815
12638
12816
12639
12817
12640
12818
12641
12819
12642
12820
12643
12821
12644
12822
12645
12823
12646
12824
12647
12825
12648
12826
12649
12827
12650
12828
12651
12829
12652
12830
12831
12654
12833
12655
12834
12656
12835
12657
12836
12658
12837
12659
12838
12660
12839
12661
12840
12662
12841
12663
12842
12664
12843
12665
12844
12666
12845
12846
12668
12847
12669
12848
12670
12849
12671
12850
12672
12851
12673
12852
12674
12853
12675
12854
12676
12855
12677
12856
12678
12857
12679
12858
12680
12859
12681
12860
12682
12861
12683
12862
12684
12863
12685
12864
12686
12865
12687
12866
12688
12867
12689
12868
12690
12869
12691
12870
12692
12871
12693
12872
12694
12873
12695
12874
12696
12875
12697
12876
12698
12877
12699
12878
12700
12879
12701
12880
12702
12881
12703
12882
12704
12883
12705
12884
12706
12885
12886
12708
12887
12709
12888
12710
12889
12711
12890
12712
12891
12713
12892
12714
12893
12715
12894
12716
12895
12717
12896
12718
12897
12719
12898
12720
12899
12721
12900
12722
12901
12723
12902
12724
12903
12725
12904
12726
12905
12727
12906
12728
12907
12729
12908
12730
12909
12731
12910
12732
12911
12733
12912
12734
12913
12735
12914
12737
12738
12739
12915
12740
12916
12741
12917
12742
12918
12743
12919
12744
12920
12745
12921
12746
12922
12747
12923
12748
12924
12749
12925
12750
12926
12751
12927
12752
12928
12753
12929
12754
12930
12755
12931
12756
12932
12757
12933
12758
12934
12759
12935
12760
12936
12761
12937
12762
12938
12763
12939
12764
12940
12765
12941
12766
12942
12767
12943
12768
12944
12769
12945
12770
12946
12771
12947
12772
12948
12773
12949
12774
12950
12775
12951
12776
12952
12777
12953
12778
12954
12779
12955
12780
12956
12781
12957
12782
12958
12783
12959
12784
12960
12961
12786
12964
12787
12965
12788
12966
12789
12967
12790
12968
12791
12969
12792
12970
12793
12971
12794
12972
12795
12973
12796
12974
12797
12975
12798
12976
12799
12977
12800
12978
12801
12979
12802
12980
12803
12981
12804
12982
12805
12983
12806
12984
12807
12985
12808
12986
12809
12987
12810
12988
12811
12989
12812
12990
12813
12991
12814
12992
12815
12993
12816
12994
12817
12995
12818
12996
12819
12997
12820
12998
12821
12999
12822
13000
12823
13001
12824
13002
12825
13003
12826
13004
12827
13005
12828
13006
12829
13007
12830
13008
12831
13009
13010
12833
13012
12834
13013
12835
13014
12836
13015
12837
13016
12838
13017
12839
13018
12840
13019
12841
13020
12842
13021
12843
13022
12844
13023
12845
13024
12846
13025
13026
12848
13027
12849
13028
12850
13029
12851
13030
12852
13031
12853
13032
12854
13033
12855
13034
12856
13035
12857
13036
12858
13037
12859
13038
12860
13039
12861
13040
12862
13041
12863
13042
12864
13043
12865
13044
12866
13045
12867
13046
12868
13047
12869
13048
12870
13049
12871
13050
12872
13051
12873
13052
12874
13053
12875
13054
12876
13055
12877
13056
12878
13057
12879
13058
12880
13059
12881
13060
12882
13061
12883
13062
12884
13063
12885
13064
12886
13065
13066
12888
13067
12889
13068
12890
13069
12891
13070
12892
13071
12893
13072
12894
13073
12895
13074
12896
13075
12897
13076
12898
13077
12899
13078
12900
13079
12901
13080
12902
13081
12903
13082
12904
13083
12905
13084
12906
13085
12907
13086
12908
13087
12909
13088
12910
13089
12911
13090
12912
13091
12913
13092
12914
12916
12917
13093
12918
13094
12919
13095
12920
13096
12921
13097
12922
13098
12923
13099
12924
13100
12925
13101
12926
13102
12927
13103
12928
13104
12929
13105
12930
13106
12931
13107
12932
13108
12933
13109
12934
13110
12935
13111
12936
13112
12937
13113
12938
13114
12939
13115
12940
13116
12941
13117
12942
13118
12943
13119
12944
13120
12945
13121
12946
13122
12947
13123
12948
13124
12949
13125
12950
13126
12951
13127
12952
13128
12953
13129
12954
13130
12955
13131
12956
13132
12957
13133
12958
13134
12959
13135
12960
13136
12961
13137
12962
13138
13139
12964
13142
12965
13143
12966
13144
12967
13145
12968
13146
12969
13147
12970
13148
12971
13149
12972
13150
12973
13151
12974
13152
12975
13153
12976
13154
12977
13155
12978
13156
12979
13157
12980
13158
12981
13159
12982
13160
12983
13161
12984
13162
12985
13163
12986
13164
12987
13165
12988
13166
12989
13167
12990
13168
12991
13169
12992
13170
12993
13171
12994
13172
12995
13173
12996
13174
12997
13175
12998
13176
12999
13177
13000
13178
13001
13179
13002
13180
13003
13181
13004
13182
13005
13183
13006
13184
13007
13185
13008
13186
13009
13187
13010
13188
13011
13189
13190
13013
13191
13014
13192
13015
13193
13016
13194
13017
13195
13018
13196
13019
13197
13020
13198
13021
13199
13022
13200
13023
13201
13024
13202
13025
13203
13026
13204
13205
13028
13206
13029
13207
13030
13208
13031
13209
13032
13210
13033
13211
13034
13212
13035
13213
13036
13214
13037
13215
13038
13216
13039
13217
13040
13218
13041
13219
13042
13220
13043
13221
13044
13222
13045
13223
13046
13224
13047
13225
13048
13226
13049
13227
13050
13228
13051
13229
13052
13230
13053
13231
13054
13232
13055
13233
13056
13234
13057
13235
13058
13236
13059
13237
13060
13238
13061
13239
13062
13240
13063
13241
13064
13242
13065
13243
13066
13244
13245
13068
13246
13069
13247
13070
13248
13071
13249
13072
13250
13073
13251
13074
13252
13075
13253
13076
13254
13077
13255
13078
13256
13079
13257
13080
13258
13081
13259
13082
13260
13083
13261
13084
13262
13085
13263
13086
13264
13087
13265
13088
13266
13089
13267
13090
13268
13091
13269
13092
13270
13094
13095
13271
13096
13272
13097
13273
13098
13274
13099
13275
13100
13276
13101
13277
13102
13278
13103
13279
13104
13280
13105
13281
13106
13282
13107
13283
13108
13284
13109
13285
13110
13286
13111
13287
13112
13288
13113
13289
13114
13290
13115
13291
13116
13292
13117
13293
13118
13294
13119
13295
13120
13296
13121
13297
13122
13298
13123
13299
13124
13300
13125
13301
13126
13302
13127
13303
13128
13304
13129
13305
13130
13306
13131
13307
13132
13308
13133
13309
13134
13310
13135
13311
13136
13312
13137
13313
13138
13314
13139
13315
13140
13316
13317
13142
13320
13143
13321
13144
13322
13145
13323
13146
13324
13147
13325
13148
13326
13149
13327
13150
13328
13151
13329
13152
13330
13153
13331
13154
13332
13155
13333
13156
13334
13157
13335
13158
13336
13159
13337
13160
13338
13161
13339
13162
13340
13163
13341
13164
13342
13165
13343
13166
13344
13167
13345
13168
13346
13169
13347
13170
13348
13171
13349
13172
13350
13173
13351
13174
13352
13175
13353
13176
13354
13177
13355
13178
13356
13179
13357
13180
13358
13181
13359
13182
13360
13183
13361
13184
13362
13185
13363
13186
13364
13187
13365
13188
13366
13189
13367
13190
13368
13369
13192
13371
13193
13372
13194
13373
13195
13374
13196
13375
13197
13376
13198
13377
13199
13378
13200
13379
13201
13380
13202
13381
13203
13382
13204
13383
13205
13384
13385
13207
13386
13208
13387
13209
13388
13210
13389
13211
13390
13212
13391
13213
13392
13214
13393
13215
13394
13216
13395
13217
13396
13218
13397
13219
13398
13220
13399
13221
13400
13222
13401
13223
13402
13224
13403
13225
13404
13226
13405
13227
13406
13228
13407
13229
13408
13230
13409
13231
13410
13232
13411
13233
13412
13234
13413
13235
13414
13236
13415
13237
13416
13238
13417
13239
13418
13240
13419
13241
13420
13242
13421
13243
13422
13244
13423
13245
13424
13425
13247
13426
13248
13427
13249
13428
13250
13429
13251
13430
13252
13431
13253
13432
13254
13433
13255
13434
13256
13435
13257
13436
13258
13437
13259
13438
13260
13439
13261
13440
13262
13441
13263
13442
13264
13443
13265
13444
13266
13445
13267
13446
13268
13447
13269
13448
13270
13449
13272
13273
13450
13274
13451
13275
13452
13276
13453
13277
13454
13278
13455
13279
13456
13280
13457
13281
13458
13282
13459
13283
13460
13284
13461
13285
13462
13286
13463
13287
13464
13288
13465
13289
13466
13290
13467
13291
13468
13292
13469
13293
13470
13294
13471
13295
13472
13296
13473
13297
13474
13298
13475
13299
13476
13300
13477
13301
13478
13302
13479
13303
13480
13304
13481
13305
13482
13306
13483
13307
13484
13308
13485
13309
13486
13310
13487
13311
13488
13312
13489
13313
13490
13314
13491
13315
13492
13316
13493
13317
13494
13318
13495
13496
13320
13499
13321
13500
13322
13501
13323
13502
13324
13503
13325
13504
13326
13505
13327
13506
13328
13507
13329
13508
13330
13509
13331
13510
13332
13511
13333
13512
13334
13513
13335
13514
13336
13515
13337
13516
13338
13517
13339
13518
13340
13519
13341
13520
13342
13521
13343
13522
13344
13523
13345
13524
13346
13525
13347
13526
13348
13527
13349
13528
13350
13529
13351
13530
13352
13531
13353
13532
13354
13533
13355
13534
13356
13535
13357
13536
13358
13537
13359
13538
13360
13539
13361
13540
13362
13541
13363
13542
13364
13543
13365
13544
13366
13545
13367
13546
13368
13547
13369
13548
13549
13371
13551
13372
13552
13373
13553
13374
13554
13375
13555
13376
13556
13377
13557
13378
13558
13379
13559
13380
13560
13381
13561
13382
13562
13383
13563
13384
13564
13385
13565
13566
13387
13567
13388
13568
13389
13569
13390
13570
13391
13571
13392
13572
13393
13573
13394
13574
13395
13575
13396
13576
13397
13577
13398
13578
13399
13579
13400
13580
13401
13581
13402
13582
13403
13583
13404
13584
13405
13585
13406
13586
13407
13587
13408
13588
13409
13589
13410
13590
13411
13591
13412
13592
13413
13593
13414
13594
13415
13595
13416
13596
13417
13597
13418
13598
13419
13599
13420
13600
13421
13601
13422
13602
13423
13603
13424
13604
13425
13605
13606
13427
13607
13428
13608
13429
13609
13430
13610
13431
13611
13432
13612
13433
13613
13434
13614
13435
13615
13436
13616
13437
13617
13438
13618
13439
13619
13440
13620
13441
13621
13442
13622
13443
13623
13444
13624
13445
13625
13446
13626
13447
13627
13448
13628
13449
13629
13451
13452
13453
13630
13454
13631
13455
13632
13456
13633
13457
13634
13458
13635
13459
13636
13460
13637
13461
13638
13462
13639
13463
13640
13464
13641
13465
13642
13466
13643
13467
13644
13468
13645
13469
13646
13470
13647
13471
13648
13472
13649
13473
13650
13474
13651
13475
13652
13476
13653
13477
13654
13478
13655
13479
13656
13480
13657
13481
13658
13482
13659
13483
13660
13484
13661
13485
13662
13486
13663
13487
13664
13488
13665
13489
13666
13490
13667
13491
13668
13492
13669
13493
13670
13494
13671
13495
13672
13496
13673
13497
13674
13675
13499
13679
13500
13680
13501
13681
13502
13682
13503
13683
13504
13684
13505
13685
13506
13686
13507
13687
13508
13688
13509
13689
13510
13690
13511
13691
13512
13692
13513
13693
13514
13694
13515
13695
13516
13696
13517
13697
13518
13698
13519
13699
13520
13700
13521
13701
13522
13702
13523
13703
13524
13704
13525
13705
13526
13706
13527
13707
13528
13708
13529
13709
13530
13710
13531
13711
13532
13712
13533
13713
13534
13714
13535
13715
13536
13716
13537
13717
13538
13718
13539
13719
13540
13720
13541
13721
13542
13722
13543
13723
13544
13724
13545
13725
13546
13726
13547
13727
13548
13728
13549
13729
13550
13730
13731
13552
13733
13553
13734
13554
13735
13555
13736
13556
13737
13557
13738
13558
13739
13559
13740
13560
13741
13561
13742
13562
13743
13563
13744
13564
13745
13565
13746
13566
13747
13748
13568
13749
13569
13750
13570
13751
13571
13752
13572
13753
13573
13754
13574
13755
13575
13756
13576
13757
13577
13758
13578
13759
13579
13760
13580
13761
13581
13762
13582
13763
13583
13764
13584
13765
13585
13766
13586
13767
13587
13768
13588
13769
13589
13770
13590
13771
13591
13772
13592
13773
13593
13774
13594
13775
13595
13776
13596
13777
13597
13778
13598
13779
13599
13780
13600
13781
13601
13782
13602
13783
13603
13784
13604
13785
13605
13786
13606
13787
13788
13608
13789
13609
13790
13610
13791
13611
13792
13612
13793
13613
13794
13614
13795
13615
13796
13616
13797
13617
13798
13618
13799
13619
13800
13620
13801
13621
13802
13622
13803
13623
13804
13624
13805
13625
13806
13626
13807
13627
13808
13628
13809
13629
13810
13631
13632
13811
13633
13812
13634
13813
13635
13814
13636
13815
13637
13816
13638
13817
13639
13818
13640
13819
13641
13820
13642
13821
13643
13822
13644
13823
13645
13824
13646
13825
13647
13826
13648
13827
13649
13828
13650
13829
13651
13830
13652
13831
13653
13832
13654
13833
13655
13834
13656
13835
13657
13836
13658
13837
13659
13838
13660
13839
13661
13840
13662
13841
13663
13842
13664
13843
13665
13844
13666
13845
13667
13846
13668
13847
13669
13848
13670
13849
13671
13850
13672
13851
13673
13852
13674
13853
13675
13854
13676
13855
13856
13678
13860
13679
13861
13680
13862
13681
13863
13682
13864
13683
13865
13684
13866
13685
13867
13686
13868
13687
13869
13688
13870
13689
13871
13690
13872
13691
13873
13692
13874
13693
13875
13694
13876
13695
13877
13696
13878
13697
13879
13698
13880
13699
13881
13700
13882
13701
13883
13702
13884
13703
13885
13704
13886
13705
13887
13706
13888
13707
13889
13708
13890
13709
13891
13710
13892
13711
13893
13712
13894
13713
13895
13714
13896
13715
13897
13716
13898
13717
13899
13718
13900
13719
13901
13720
13902
13721
13903
13722
13904
13723
13905
13724
13906
13725
13907
13726
13908
13727
13909
13728
13910
13729
13911
13730
13912
13731
13913
13914
13733
13916
13734
13917
13735
13918
13736
13919
13737
13920
13738
13921
13739
13922
13740
13923
13741
13924
13742
13925
13743
13926
13744
13927
13745
13928
13746
13929
13747
13930
13748
13931
13932
13750
13933
13751
13934
13752
13935
13753
13936
13754
13937
13755
13938
13756
13939
13757
13940
13758
13941
13759
13942
13760
13943
13761
13944
13762
13945
13763
13946
13764
13947
13765
13948
13766
13949
13767
13950
13768
13951
13769
13952
13770
13953
13771
13954
13772
13955
13773
13956
13774
13957
13775
13958
13776
13959
13777
13960
13778
13961
13779
13962
13780
13963
13781
13964
13782
13965
13783
13966
13784
13967
13785
13968
13786
13969
13787
13970
13788
13971
13972
13790
13973
13791
13974
13792
13975
13793
13976
13794
13977
13795
13978
13796
13979
13797
13980
13798
13981
13799
13982
13800
13983
13801
13984
13802
13985
13803
13986
13804
13987
13805
13988
13806
13989
13807
13990
13808
13991
13809
13992
13810
13993
13812
13994
13813
13995
13814
13996
13815
13997
13816
13998
13817
13999
13818
14000
13819
14001
13820
14002
13821
14003
13822
14004
13823
14005
13824
14006
13825
14007
13826
14008
13827
14009
13828
14010
13829
14011
13830
14012
13831
14013
13832
14014
13833
14015
13834
14016
13835
14017
13836
14018
13837
14019
13838
14020
13839
14021
13840
14022
13841
14023
13842
14024
13843
14025
13844
14026
13845
14027
13846
14028
13847
14029
13848
14030
13849
14031
13850
14032
13851
14033
13852
14034
13853
14035
13854
14036
13855
14037
13856
14038
13857
14039
13858
14040
14041
13860
14046
13861
14047
13862
14048
13863
14049
13864
14050
13865
14051
13866
14052
13867
14053
13868
14054
13869
14055
13870
14056
13871
14057
13872
14058
13873
14059
13874
14060
13875
14061
13876
14062
13877
14063
13878
14064
13879
14065
13880
14066
13881
14067
13882
14068
13883
14069
13884
14070
13885
14071
13886
14072
13887
14073
13888
14074
13889
14075
13890
14076
13891
14077
13892
14078
13893
14079
13894
14080
13895
14081
13896
14082
13897
14083
13898
14084
13899
14085
13900
14086
13901
14087
13902
14088
13903
14089
13904
14090
13905
14091
13906
14092
13907
14093
13908
14094
13909
14095
13910
14096
13911
14097
13912
14098
13913
14099
13914
14100
13915
14101
14102
13917
14104
13918
14105
13919
14106
13920
14107
13921
14108
13922
14109
13923
14110
13924
14111
13925
14112
13926
14113
13927
14114
13928
14115
13929
14116
13930
14117
13931
14118
13932
14119
14120
13934
14121
13935
14122
13936
14123
13937
14124
13938
14125
13939
14126
13940
14127
13941
14128
13942
14129
13943
14130
13944
14131
13945
14132
13946
14133
13947
14134
13948
14135
13949
14136
13950
14137
13951
14138
13952
14139
13953
14140
13954
14141
13955
14142
13956
14143
13957
14144
13958
14145
13959
14146
13960
14147
13961
14148
13962
14149
13963
14150
13964
14151
13965
14152
13966
14153
13967
14154
13968
14155
13969
14156
13970
14157
13971
14158
13972
14159
14160
13974
14161
13975
14162
13976
14163
13977
14164
13978
14165
13979
14166
13980
14167
13981
14168
13982
14169
13983
14170
13984
14171
13985
14172
13986
14173
13987
14174
13988
14175
13989
14176
13990
14177
13991
14178
13992
14179
13993
14180
13995
13996
14181
13997
14182
13998
14183
13999
14184
14000
14185
14001
14186
14002
14187
14003
14188
14004
14189
14005
14190
14006
14191
14007
14192
14008
14193
14009
14194
14010
14195
14011
14196
14012
14197
14013
14198
14014
14199
14015
14200
14016
14201
14017
14202
14018
14203
14019
14204
14020
14205
14021
14206
14022
14207
14023
14208
14024
14209
14025
14210
14026
14211
14027
14212
14028
14213
14029
14214
14030
14215
14031
14216
14032
14217
14033
14218
14034
14219
14035
14220
14036
14221
14037
14222
14038
14223
14039
14224
14040
14225
14041
14226
14042
14227
14043
14228
14229
14045
14235
14046
14236
14047
14237
14048
14238
14049
14239
14050
14240
14051
14241
14052
14242
14053
14243
14054
14244
14055
14245
14056
14246
14057
14247
14058
14248
14059
14249
14060
14250
14061
14251
14062
14252
14063
14253
14064
14254
14065
14255
14066
14256
14067
14257
14068
14258
14069
14259
14070
14260
14071
14261
14072
14262
14073
14263
14074
14264
14075
14265
14076
14266
14077
14267
14078
14268
14079
14269
14080
14270
14081
14271
14082
14272
14083
14273
14084
14274
14085
14275
14086
14276
14087
14277
14088
14278
14089
14279
14090
14280
14091
14281
14092
14282
14093
14283
14094
14284
14095
14285
14096
14286
14097
14287
14098
14288
14099
14289
14100
14290
14101
14291
14102
14292
14293
14104
14295
14105
14296
14106
14297
14107
14298
14108
14299
14109
14300
14110
14301
14111
14302
14112
14303
14113
14304
14114
14305
14115
14306
14116
14307
14117
14308
14118
14309
14119
14310
14120
14311
14312
14122
14313
14123
14314
14124
14315
14125
14316
14126
14317
14127
14318
14128
14319
14129
14320
14130
14321
14131
14322
14132
14323
14133
14324
14134
14325
14135
14326
14136
14327
14137
14328
14138
14329
14139
14330
14140
14331
14141
14332
14142
14333
14143
14334
14144
14335
14145
14336
14146
14337
14147
14338
14148
14339
14149
14340
14150
14341
14151
14342
14152
14343
14153
14344
14154
14345
14155
14346
14156
14347
14157
14348
14158
14349
14159
14350
14160
14351
14352
14162
14355
14163
14356
14164
14357
14165
14358
14166
14359
14167
14360
14168
14361
14169
14362
14170
14363
14171
14364
14172
14365
14173
14366
14174
14367
14175
14368
14176
14369
14177
14370
14178
14371
14179
14372
14180
14373
14182
14183
14374
14184
14375
14185
14376
14186
14377
14187
14378
14188
14379
14189
14380
14190
14381
14191
14382
14192
14383
14193
14384
14194
14385
14195
14386
14196
14387
14197
14388
14198
14389
14199
14390
14200
14391
14201
14392
14202
14393
14203
14394
14204
14395
14205
14396
14206
14397
14207
14398
14208
14399
14209
14400
14210
14401
14211
14402
14212
14403
14213
14404
14214
14405
14215
14406
14216
14407
14217
14408
14218
14409
14219
14410
14220
14411
14221
14412
14222
14413
14223
14414
14224
14415
14225
14416
14226
14417
14227
14418
14228
14419
14229
14420
14230
14421
14231
14422
14423
14233
14432
14234
14433
14235
14434
14236
14435
14237
14436
14238
14437
14239
14438
14240
14439
14241
14440
14242
14441
14243
14442
14244
14443
14245
14444
14246
14445
14247
14446
14248
14447
14249
14448
14250
14449
14251
14450
14252
14451
14253
14452
14254
14453
14255
14454
14256
14455
14257
14456
14258
14457
14259
14458
14260
14459
14261
14460
14262
14461
14263
14462
14264
14463
14265
14464
14266
14465
14267
14466
14268
14467
14269
14468
14270
14469
14271
14470
14272
14471
14273
14472
14274
14473
14275
14474
14276
14475
14277
14476
14278
14477
14279
14478
14280
14479
14281
14480
14282
14481
14283
14482
14284
14483
14285
14484
14286
14485
14287
14486
14288
14487
14289
14488
14290
14489
14291
14490
14292
14491
14293
14492
14294
14493
14494
14296
14497
14297
14498
14298
14499
14299
14500
14300
14501
14301
14502
14302
14503
14303
14504
14304
14505
14305
14506
14306
14507
14307
14508
14308
14509
14309
14510
14310
14511
14311
14512
14312
14513
14514
14314
14515
14315
14516
14316
14517
14317
14518
14318
14519
14319
14520
14320
14521
14321
14522
14322
14523
14323
14524
14324
14525
14325
14526
14326
14527
14327
14528
14328
14529
14329
14530
14330
14531
14331
14532
14332
14533
14333
14534
14334
14535
14335
14536
14336
14537
14337
14538
14338
14539
14339
14540
14340
14541
14341
14542
14342
14543
14343
14544
14344
14545
14345
14546
14346
14547
14347
14548
14348
14549
14349
14550
14350
14551
14351
14552
14352
14553
14353
14554
14555
14355
14556
14356
14557
14357
14558
14358
14559
14359
14560
14360
14561
14361
14562
14362
14563
14363
14564
14364
14565
14365
14566
14366
14567
14367
14568
14368
14569
14369
14570
14370
14571
14371
14572
14372
14573
14373
14574
14575
14375
14376
14576
14377
14577
14378
14578
14379
14579
14380
14580
14381
14581
14382
14582
14383
14583
14384
14584
14385
14585
14386
14586
14387
14587
14388
14588
14389
14589
14390
14590
14391
14591
14392
14592
14393
14593
14394
14594
14395
14595
14396
14596
14397
14597
14398
14598
14399
14599
14400
14600
14401
14601
14402
14602
14403
14603
14404
14604
14405
14605
14406
14606
14407
14607
14408
14608
14409
14609
14410
14610
14411
14611
14412
14612
14413
14613
14414
14614
14415
14615
14416
14616
14417
14617
14418
14618
14419
14619
14420
14620
14421
14621
14422
14622
14423
14623
14424
14624
14425
14625
14426
14626
14427
14627
14628
14429
14639
14430
14640
14431
14641
14432
14642
14433
14643
14434
14644
14435
14645
14436
14646
14437
14647
14438
14648
14439
14649
14440
14650
14441
14651
14442
14652
14443
14653
14444
14654
14445
14655
14446
14656
14447
14657
14448
14658
14449
14659
14450
14660
14451
14661
14452
14662
14453
14663
14454
14664
14455
14665
14456
14666
14457
14667
14458
14668
14459
14669
14460
14670
14461
14671
14462
14672
14463
14673
14464
14674
14465
14675
14466
14676
14467
14677
14468
14678
14469
14679
14470
14680
14471
14681
14472
14682
14473
14683
14474
14684
14475
14685
14476
14686
14477
14687
14478
14688
14479
14689
14480
14690
14481
14691
14482
14692
14483
14693
14484
14694
14485
14695
14486
14696
14487
14697
14488
14698
14489
14699
14490
14700
14491
14701
14492
14702
14493
14703
14494
14704
14495
14705
14706
14497
14709
14498
14710
14499
14711
14500
14712
14501
14713
14502
14714
14503
14715
14504
14716
14505
14717
14506
14718
14507
14719
14508
14720
14509
14721
14510
14722
14511
14723
14512
14724
14513
14725
14514
14726
14727
14516
14728
14517
14729
14518
14730
14519
14731
14520
14732
14521
14733
14522
14734
14523
14735
14524
14736
14525
14737
14526
14738
14527
14739
14528
14740
14529
14741
14530
14742
14531
14743
14532
14744
14533
14745
14534
14746
14535
14747
14536
14748
14537
14749
14538
14750
14539
14751
14540
14752
14541
14753
14542
14754
14543
14755
14544
14756
14545
14757
14546
14758
14547
14759
14548
14760
14549
14761
14550
14762
14551
14763
14552
14764
14553
14765
14554
14766
14555
14767
14768
14557
14769
14558
14770
14559
14771
14560
14772
14561
14773
14562
14774
14563
14775
14564
14776
14565
14777
14566
14778
14567
14779
14568
14780
14569
14781
14570
14782
14571
14783
14572
14784
14573
14785
14574
14786
14575
14787
14577
14788
14578
14789
14579
14790
14580
14791
14581
14792
14582
14793
14583
14794
14584
14795
14585
14796
14586
14797
14587
14798
14588
14799
14589
14800
14590
14801
14591
14802
14592
14803
14593
14804
14594
14805
14595
14806
14596
14807
14597
14808
14598
14809
14599
14810
14600
14811
14601
14812
14602
14813
14603
14814
14604
14815
14605
14816
14606
14817
14607
14818
14608
14819
14609
14820
14610
14821
14611
14822
14612
14823
14613
14824
14614
14825
14615
14826
14616
14827
14617
14828
14618
14829
14619
14830
14620
14831
14621
14832
14622
14833
14623
14834
14624
14835
14625
14836
14626
14837
14627
14838
14628
14839
14629
14840
14630
14841
14631
14842
14632
14843
14633
14844
14634
14845
14635
14846
14636
14847
14637
14848
14638
14849
14639
14850
14640
14851
14641
14852
14642
14853
14643
14854
14644
14855
14645
14856
14646
14857
14647
14858
14648
14859
14649
14860
14650
14861
14651
14862
14652
14863
14653
14864
14654
14865
14655
14866
14656
14867
14657
14868
14658
14869
14659
14870
14660
14871
14661
14872
14662
14873
14663
14874
14664
14875
14665
14876
14666
14877
14667
14878
14668
14879
14669
14880
14670
14881
14671
14882
14672
14883
14673
14884
14674
14885
14675
14886
14676
14887
14677
14888
14678
14889
14679
14890
14680
14891
14681
14892
14682
14893
14683
14894
14684
14895
14685
14896
14686
14897
14687
14898
14688
14899
14689
14900
14690
14901
14691
14902
14692
14903
14693
14904
14694
14905
14695
14906
14696
14907
14697
14908
14698
14909
14699
14910
14700
14911
14701
14912
14702
14913
14703
14914
14704
14915
14705
14916
14706
14917
14707
14918
14919
14709
14921
14710
14922
14711
14923
14712
14924
14713
14925
14714
14926
14715
14927
14716
14928
14717
14929
14718
14930
14719
14931
14720
14932
14721
14933
14722
14934
14723
14935
14724
14936
14725
14937
14726
14938
14727
14939
14940
14729
14941
14730
14942
14731
14943
14732
14944
14733
14945
14734
14946
14735
14947
14736
14948
14737
14949
14738
14950
14739
14951
14740
14952
14741
14953
14742
14954
14743
14955
14744
14956
14745
14957
14746
14958
14747
14959
14748
14960
14749
14961
14750
14962
14751
14963
14752
14964
14753
14965
14754
14966
14755
14967
14756
14968
14757
14969
14758
14970
14759
14971
14760
14972
14761
14973
14762
14974
14763
14975
14764
14976
14765
14977
14766
14978
14767
14979
14768
14980
14981
14770
14984
14771
14985
14772
14986
14773
14987
14774
14988
14775
14989
14776
14990
14777
14991
14778
14992
14779
14993
14780
14994
14781
14995
14782
14996
14783
14997
14784
14998
14785
14999
14786
15000
14787
15001
14789
14790
15002
14791
15003
14792
15004
14793
15005
14794
15006
14795
15007
14796
15008
14797
15009
14798
15010
14799
15011
14800
15012
14801
15013
14802
15014
14803
15015
14804
15016
14805
15017
14806
15018
14807
15019
14808
15020
14809
15021
14810
15022
14811
15023
14812
15024
14813
15025
14814
15026
14815
15027
14816
15028
14817
15029
14818
15030
14819
15031
14820
15032
14821
15033
14822
15034
14823
15035
14824
15036
14825
15037
14826
15038
14827
15039
14828
15040
14829
15041
14830
15042
14831
15043
14832
15044
14833
15045
14834
15046
14835
15047
14836
15048
14837
15049
14838
15050
14839
15051
14840
15052
14841
15053
14842
15054
14843
15055
14844
15056
14845
15057
14846
15058
14847
15059
14848
15060
14849
15061
14850
15062
14851
15063
14852
15064
14853
15065
14854
15066
14855
15067
14856
15068
14857
15069
14858
15070
14859
15071
14860
15072
14861
15073
14862
15074
14863
15075
14864
15076
14865
15077
14866
15078
14867
15079
14868
15080
14869
15081
14870
15082
14871
15083
14872
15084
14873
15085
14874
15086
14875
15087
14876
15088
14877
15089
14878
15090
14879
15091
14880
15092
14881
15093
14882
15094
14883
15095
14884
15096
14885
15097
14886
15098
14887
15099
14888
15100
14889
15101
14890
15102
14891
15103
14892
15104
14893
15105
14894
15106
14895
15107
14896
15108
14897
15109
14898
15110
14899
15111
14900
15112
14901
15113
14902
15114
14903
15115
14904
15116
14905
15117
14906
15118
14907
15119
14908
15120
14909
15121
14910
15122
14911
15123
14912
15124
14913
15125
14914
15126
14915
15127
14916
15128
14917
15129
14918
15130
14919
15131
15132
14921
15135
14922
15136
14923
15137
14924
15138
14925
15139
14926
15140
14927
15141
14928
15142
14929
15143
14930
15144
14931
15145
14932
15146
14933
15147
14934
15148
14935
15149
14936
15150
14937
15151
14938
15152
14939
15153
14940
15154
15155
14942
15156
14943
15157
14944
15158
14945
15159
14946
15160
14947
15161
14948
15162
14949
15163
14950
15164
14951
15165
14952
15166
14953
15167
14954
15168
14955
15169
14956
15170
14957
15171
14958
15172
14959
15173
14960
15174
14961
15175
14962
15176
14963
15177
14964
15178
14965
15179
14966
15180
14967
15181
14968
15182
14969
15183
14970
15184
14971
15185
14972
15186
14973
15187
14974
15188
14975
15189
14976
15190
14977
15191
14978
15192
14979
15193
14980
15194
14981
15195
14982
15196
15197
14984
15198
14985
15199
14986
15200
14987
15201
14988
15202
14989
15203
14990
15204
14991
15205
14992
15206
14993
15207
14994
15208
14995
15209
14996
15210
14997
15211
14998
15212
14999
15213
15000
15214
15001
15215
15216
15003
15004
15217
15005
15218
15006
15219
15007
15220
15008
15221
15009
15222
15010
15223
15011
15224
15012
15225
15013
15226
15014
15227
15015
15228
15016
15229
15017
15230
15018
15231
15019
15232
15020
15233
15021
15234
15022
15235
15023
15236
15024
15237
15025
15238
15026
15239
15027
15240
15028
15241
15029
15242
15030
15243
15031
15244
15032
15245
15033
15246
15034
15247
15035
15248
15036
15249
15037
15250
15038
15251
15039
15252
15040
15253
15041
15254
15042
15255
15043
15256
15044
15257
15045
15258
15046
15259
15047
15260
15048
15261
15049
15262
15050
15263
15051
15264
15052
15265
15053
15266
15054
15267
15055
15268
15056
15269
15057
15270
15058
15271
15059
15272
15060
15273
15061
15274
15062
15275
15063
15276
15064
15277
15065
15278
15066
15279
15067
15280
15068
15281
15069
15282
15070
15283
15071
15284
15072
15285
15073
15286
15074
15287
15075
15288
15076
15289
15077
15290
15078
15291
15079
15292
15080
15293
15081
15294
15082
15295
15083
15296
15084
15297
15085
15298
15086
15299
15087
15300
15088
15301
15089
15302
15090
15303
15091
15304
15092
15305
15093
15306
15094
15307
15095
15308
15096
15309
15097
15310
15098
15311
15099
15312
15100
15313
15101
15314
15102
15315
15103
15316
15104
15317
15105
15318
15106
15319
15107
15320
15108
15321
15109
15322
15110
15323
15111
15324
15112
15325
15113
15326
15114
15327
15115
15328
15116
15329
15117
15330
15118
15331
15119
15332
15120
15333
15121
15334
15122
15335
15123
15336
15124
15337
15125
15338
15126
15339
15127
15340
15128
15341
15129
15342
15130
15343
15131
15344
15132
15345
15133
15346
15347
15135
15349
15136
15350
15137
15351
15138
15352
15139
15353
15140
15354
15141
15355
15142
15356
15143
15357
15144
15358
15145
15359
15146
15360
15147
15361
15148
15362
15149
15363
15150
15364
15151
15365
15152
15366
15153
15367
15154
15368
15155
15369
15370
15157
15371
15158
15372
15159
15373
15160
15374
15161
15375
15162
15376
15163
15377
15164
15378
15165
15379
15166
15380
15167
15381
15168
15382
15169
15383
15170
15384
15171
15385
15172
15386
15173
15387
15174
15388
15175
15389
15176
15390
15177
15391
15178
15392
15179
15393
15180
15394
15181
15395
15182
15396
15183
15397
15184
15398
15185
15399
15186
15400
15187
15401
15188
15402
15189
15403
15190
15404
15191
15405
15192
15406
15193
15407
15194
15408
15195
15409
15196
15410
15197
15411
15412
15199
15415
15200
15416
15201
15417
15202
15418
15203
15419
15204
15420
15205
15421
15206
15422
15207
15423
15208
15424
15209
15425
15210
15426
15211
15427
15212
15428
15213
15429
15214
15430
15215
15431
15216
15432
15218
15433
15219
15434
15220
15435
15221
15436
15222
15437
15223
15438
15224
15439
15225
15440
15226
15441
15227
15442
15228
15443
15229
15444
15230
15445
15231
15446
15232
15447
15233
15448
15234
15449
15235
15450
15236
15451
15237
15452
15238
15453
15239
15454
15240
15455
15241
15456
15242
15457
15243
15458
15244
15459
15245
15460
15246
15461
15247
15462
15248
15463
15249
15464
15250
15465
15251
15466
15252
15467
15253
15468
15254
15469
15255
15470
15256
15471
15257
15472
15258
15473
15259
15474
15260
15475
15261
15476
15262
15477
15263
15478
15264
15479
15265
15480
15266
15481
15267
15482
15268
15483
15269
15484
15270
15485
15271
15486
15272
15487
15273
15488
15274
15489
15275
15490
15276
15491
15277
15492
15278
15493
15279
15494
15280
15495
15281
15496
15282
15497
15283
15498
15284
15499
15285
15500
15286
15501
15287
15502
15288
15503
15289
15504
15290
15505
15291
15506
15292
15507
15293
15508
15294
15509
15295
15510
15296
15511
15297
15512
15298
15513
15299
15514
15300
15515
15301
15516
15302
15517
15303
15518
15304
15519
15305
15520
15306
15521
15307
15522
15308
15523
15309
15524
15310
15525
15311
15526
15312
15527
15313
15528
15314
15529
15315
15530
15316
15531
15317
15532
15318
15533
15319
15534
15320
15535
15321
15536
15322
15537
15323
15538
15324
15539
15325
15540
15326
15541
15327
15542
15328
15543
15329
15544
15330
15545
15331
15546
15332
15547
15333
15548
15334
15549
15335
15550
15336
15551
15337
15552
15338
15553
15339
15554
15340
15555
15341
15556
15342
15557
15343
15558
15344
15559
15345
15560
15346
15561
15347
15562
15348
15563
15564
15350
15568
15351
15569
15352
15570
15353
15571
15354
15572
15355
15573
15356
15574
15357
15575
15358
15576
15359
15577
15360
15578
15361
15579
15362
15580
15363
15581
15364
15582
15365
15583
15366
15584
15367
15585
15368
15586
15369
15587
15370
15588
15589
15372
15590
15373
15591
15374
15592
15375
15593
15376
15594
15377
15595
15378
15596
15379
15597
15380
15598
15381
15599
15382
15600
15383
15601
15384
15602
15385
15603
15386
15604
15387
15605
15388
15606
15389
15607
15390
15608
15391
15609
15392
15610
15393
15611
15394
15612
15395
15613
15396
15614
15397
15615
15398
15616
15399
15617
15400
15618
15401
15619
15402
15620
15403
15621
15404
15622
15405
15623
15406
15624
15407
15625
15408
15626
15409
15627
15410
15628
15411
15629
15412
15630
15413
15631
15632
15415
15635
15416
15636
15417
15637
15418
15638
15419
15639
15420
15640
15421
15641
15422
15642
15423
15643
15424
15644
15425
15645
15426
15646
15427
15647
15428
15648
15429
15649
15430
15650
15431
15651
15432
15652
15653
15434
15654
15435
15655
15436
15656
15437
15657
15438
15658
15439
15659
15440
15660
15441
15661
15442
15662
15443
15663
15444
15664
15445
15665
15446
15666
15447
15667
15448
15668
15449
15669
15450
15670
15451
15671
15452
15672
15453
15673
15454
15674
15455
15675
15456
15676
15457
15677
15458
15678
15459
15679
15460
15680
15461
15681
15462
15682
15463
15683
15464
15684
15465
15685
15466
15686
15467
15687
15468
15688
15469
15689
15470
15690
15471
15691
15472
15692
15473
15693
15474
15694
15475
15695
15476
15696
15477
15697
15478
15698
15479
15699
15480
15700
15481
15701
15482
15702
15483
15703
15484
15704
15485
15705
15486
15706
15487
15707
15488
15708
15489
15709
15490
15710
15491
15711
15492
15712
15493
15713
15494
15714
15495
15715
15496
15716
15497
15717
15498
15718
15499
15719
15500
15720
15501
15721
15502
15722
15503
15723
15504
15724
15505
15725
15506
15726
15507
15727
15508
15728
15509
15729
15510
15730
15511
15731
15512
15732
15513
15733
15514
15734
15515
15735
15516
15736
15517
15737
15518
15738
15519
15739
15520
15740
15521
15741
15522
15742
15523
15743
15524
15744
15525
15745
15526
15746
15527
15747
15528
15748
15529
15749
15530
15750
15531
15751
15532
15752
15533
15753
15534
15754
15535
15755
15536
15756
15537
15757
15538
15758
15539
15759
15540
15760
15541
15761
15542
15762
15543
15763
15544
15764
15545
15765
15546
15766
15547
15767
15548
15768
15549
15769
15550
15770
15551
15771
15552
15772
15553
15773
15554
15774
15555
15775
15556
15776
15557
15777
15558
15778
15559
15779
15560
15780
15561
15781
15562
15782
15563
15783
15564
15784
15565
15785
15786
15567
15789
15568
15790
15569
15791
15570
15792
15571
15793
15572
15794
15573
15795
15574
15796
15575
15797
15576
15798
15577
15799
15578
15800
15579
15801
15580
15802
15581
15803
15582
15804
15583
15805
15584
15806
15585
15807
15586
15808
15587
15809
15588
15810
15589
15811
15812
15591
15813
15592
15814
15593
15815
15594
15816
15595
15817
15596
15818
15597
15819
15598
15820
15599
15821
15600
15822
15601
15823
15602
15824
15603
15825
15604
15826
15605
15827
15606
15828
15607
15829
15608
15830
15609
15831
15610
15832
15611
15833
15612
15834
15613
15835
15614
15836
15615
15837
15616
15838
15617
15839
15618
15840
15619
15841
15620
15842
15621
15843
15622
15844
15623
15845
15624
15846
15625
15847
15626
15848
15627
15849
15628
15850
15629
15851
15630
15852
15631
15853
15632
15854
15633
15855
15856
15635
15859
15636
15860
15637
15861
15638
15862
15639
15863
15640
15864
15641
15865
15642
15866
15643
15867
15644
15868
15645
15869
15646
15870
15647
15871
15648
15872
15649
15873
15650
15874
15651
15875
15652
15876
15653
15877
15655
15656
15878
15657
15879
15658
15880
15659
15881
15660
15882
15661
15883
15662
15884
15663
15885
15664
15886
15665
15887
15666
15888
15667
15889
15668
15890
15669
15891
15670
15892
15671
15893
15672
15894
15673
15895
15674
15896
15675
15897
15676
15898
15677
15899
15678
15900
15679
15901
15680
15902
15681
15903
15682
15904
15683
15905
15684
15906
15685
15907
15686
15908
15687
15909
15688
15910
15689
15911
15690
15912
15691
15913
15692
15914
15693
15915
15694
15916
15695
15917
15696
15918
15697
15919
15698
15920
15699
15921
15700
15922
15701
15923
15702
15924
15703
15925
15704
15926
15705
15927
15706
15928
15707
15929
15708
15930
15709
15931
15710
15932
15711
15933
15712
15934
15713
15935
15714
15936
15715
15937
15716
15938
15717
15939
15718
15940
15719
15941
15720
15942
15721
15943
15722
15944
15723
15945
15724
15946
15725
15947
15726
15948
15727
15949
15728
15950
15729
15951
15730
15952
15731
15953
15732
15954
15733
15955
15734
15956
15735
15957
15736
15958
15737
15959
15738
15960
15739
15961
15740
15962
15741
15963
15742
15964
15743
15965
15744
15966
15745
15967
15746
15968
15747
15969
15748
15970
15749
15971
15750
15972
15751
15973
15752
15974
15753
15975
15754
15976
15755
15977
15756
15978
15757
15979
15758
15980
15759
15981
15760
15982
15761
15983
15762
15984
15763
15985
15764
15986
15765
15987
15766
15988
15767
15989
15768
15990
15769
15991
15770
15992
15771
15993
15772
15994
15773
15995
15774
15996
15775
15997
15776
15998
15777
15999
15778
16000
15779
16001
15780
16002
15781
16003
15782
16004
15783
16005
15784
16006
15785
16007
15786
16008
15787
16009
16010
15789
16014
15790
16015
15791
16016
15792
16017
15793
16018
15794
16019
15795
16020
15796
16021
15797
16022
15798
16023
15799
16024
15800
16025
15801
16026
15802
16027
15803
16028
15804
16029
15805
16030
15806
16031
15807
16032
15808
16033
15809
16034
15810
16035
15811
16036
15812
16037
16038
15814
16039
15815
16040
15816
16041
15817
16042
15818
16043
15819
16044
15820
16045
15821
16046
15822
16047
15823
16048
15824
16049
15825
16050
15826
16051
15827
16052
15828
16053
15829
16054
15830
16055
15831
16056
15832
16057
15833
16058
15834
16059
15835
16060
15836
16061
15837
16062
15838
16063
15839
16064
15840
16065
15841
16066
15842
16067
15843
16068
15844
16069
15845
16070
15846
16071
15847
16072
15848
16073
15849
16074
15850
16075
15851
16076
15852
16077
15853
16078
15854
16079
15855
16080
15856
16081
15857
16082
16083
15859
16084
15860
16085
15861
16086
15862
16087
15863
16088
15864
16089
15865
16090
15866
16091
15867
16092
15868
16093
15869
16094
15870
16095
15871
16096
15872
16097
15873
16098
15874
16099
15875
16100
15876
16101
15877
16102
16103
15879
16104
15880
16105
15881
16106
15882
16107
15883
16108
15884
16109
15885
16110
15886
16111
15887
16112
15888
16113
15889
16114
15890
16115
15891
16116
15892
16117
15893
16118
15894
16119
15895
16120
15896
16121
15897
16122
15898
16123
15899
16124
15900
16125
15901
16126
15902
16127
15903
16128
15904
16129
15905
16130
15906
16131
15907
16132
15908
16133
15909
16134
15910
16135
15911
16136
15912
16137
15913
16138
15914
16139
15915
16140
15916
16141
15917
16142
15918
16143
15919
16144
15920
16145
15921
16146
15922
16147
15923
16148
15924
16149
15925
16150
15926
16151
15927
16152
15928
16153
15929
16154
15930
16155
15931
16156
15932
16157
15933
16158
15934
16159
15935
16160
15936
16161
15937
16162
15938
16163
15939
16164
15940
16165
15941
16166
15942
16167
15943
16168
15944
16169
15945
16170
15946
16171
15947
16172
15948
16173
15949
16174
15950
16175
15951
16176
15952
16177
15953
16178
15954
16179
15955
16180
15956
16181
15957
16182
15958
16183
15959
16184
15960
16185
15961
16186
15962
16187
15963
16188
15964
16189
15965
16190
15966
16191
15967
16192
15968
16193
15969
16194
15970
16195
15971
16196
15972
16197
15973
16198
15974
16199
15975
16200
15976
16201
15977
16202
15978
16203
15979
16204
15980
16205
15981
16206
15982
16207
15983
16208
15984
16209
15985
16210
15986
16211
15987
16212
15988
16213
15989
16214
15990
16215
15991
16216
15992
16217
15993
16218
15994
16219
15995
16220
15996
16221
15997
16222
15998
16223
15999
16224
16000
16225
16001
16226
16002
16227
16003
16228
16004
16229
16005
16230
16006
16231
16007
16232
16008
16233
16009
16234
16010
16235
16011
16236
16012
16237
16238
16014
16241
16015
16242
16016
16243
16017
16244
16018
16245
16019
16246
16020
16247
16021
16248
16022
16249
16023
16250
16024
16251
16025
16252
16026
16253
16027
16254
16028
16255
16029
16256
16030
16257
16031
16258
16032
16259
16033
16260
16034
16261
16035
16262
16036
16263
16037
16264
16038
16265
16266
16040
16267
16041
16268
16042
16269
16043
16270
16044
16271
16045
16272
16046
16273
16047
16274
16048
16275
16049
16276
16050
16277
16051
16278
16052
16279
16053
16280
16054
16281
16055
16282
16056
16283
16057
16284
16058
16285
16059
16286
16060
16287
16061
16288
16062
16289
16063
16290
16064
16291
16065
16292
16066
16293
16067
16294
16068
16295
16069
16296
16070
16297
16071
16298
16072
16299
16073
16300
16074
16301
16075
16302
16076
16303
16077
16304
16078
16305
16079
16306
16080
16307
16081
16308
16082
16309
16083
16310
16311
16085
16316
16086
16317
16087
16318
16088
16319
16089
16320
16090
16321
16091
16322
16092
16323
16093
16324
16094
16325
16095
16326
16096
16327
16097
16328
16098
16329
16099
16330
16100
16331
16101
16332
16102
16333
16103
16334
16335
16105
16106
16336
16107
16337
16108
16338
16109
16339
16110
16340
16111
16341
16112
16342
16113
16343
16114
16344
16115
16345
16116
16346
16117
16347
16118
16348
16119
16349
16120
16350
16121
16351
16122
16352
16123
16353
16124
16354
16125
16355
16126
16356
16127
16357
16128
16358
16129
16359
16130
16360
16131
16361
16132
16362
16133
16363
16134
16364
16135
16365
16136
16366
16137
16367
16138
16368
16139
16369
16140
16370
16141
16371
16142
16372
16143
16373
16144
16374
16145
16375
16146
16376
16147
16377
16148
16378
16149
16379
16150
16380
16151
16381
16152
16382
16153
16383
16154
16384
16155
16385
16156
16386
16157
16387
16158
16388
16159
16389
16160
16390
16161
16391
16162
16392
16163
16393
16164
16394
16165
16395
16166
16396
16167
16397
16168
16398
16169
16399
16170
16400
16171
16401
16172
16402
16173
16403
16174
16404
16175
16405
16176
16406
16177
16407
16178
16408
16179
16409
16180
16410
16181
16411
16182
16412
16183
16413
16184
16414
16185
16415
16186
16416
16187
16417
16188
16418
16189
16419
16190
16420
16191
16421
16192
16422
16193
16423
16194
16424
16195
16425
16196
16426
16197
16427
16198
16428
16199
16429
16200
16430
16201
16431
16202
16432
16203
16433
16204
16434
16205
16435
16206
16436
16207
16437
16208
16438
16209
16439
16210
16440
16211
16441
16212
16442
16213
16443
16214
16444
16215
16445
16216
16446
16217
16447
16218
16448
16219
16449
16220
16450
16221
16451
16222
16452
16223
16453
16224
16454
16225
16455
16226
16456
16227
16457
16228
16458
16229
16459
16230
16460
16231
16461
16232
16462
16233
16463
16234
16464
16235
16465
16236
16466
16237
16467
16238
16468
16239
16469
16470
16241
16475
16242
16476
16243
16477
16244
16478
16245
16479
16246
16480
16247
16481
16248
16482
16249
16483
16250
16484
16251
16485
16252
16486
16253
16487
16254
16488
16255
16489
16256
16490
16257
16491
16258
16492
16259
16493
16260
16494
16261
16495
16262
16496
16263
16497
16264
16498
16265
16499
16266
16500
16501
16268
16502
16269
16503
16270
16504
16271
16505
16272
16506
16273
16507
16274
16508
16275
16509
16276
16510
16277
16511
16278
16512
16279
16513
16280
16514
16281
16515
16282
16516
16283
16517
16284
16518
16285
16519
16286
16520
16287
16521
16288
16522
16289
16523
16290
16524
16291
16525
16292
16526
16293
16527
16294
16528
16295
16529
16296
16530
16297
16531
16298
16532
16299
16533
16300
16534
16301
16535
16302
16536
16303
16537
16304
16538
16305
16539
16306
16540
16307
16541
16308
16542
16309
16543
16310
16544
16311
16545
16312
16546
16313
16547
16548
16315
16551
16316
16552
16317
16553
16318
16554
16319
16555
16320
16556
16321
16557
16322
16558
16323
16559
16324
16560
16325
16561
16326
16562
16327
16563
16328
16564
16329
16565
16330
16566
16331
16567
16332
16568
16333
16569
16334
16570
16335
16571
16337
16572
16338
16573
16339
16574
16340
16575
16341
16576
16342
16577
16343
16578
16344
16579
16345
16580
16346
16581
16347
16582
16348
16583
16349
16584
16350
16585
16351
16586
16352
16587
16353
16588
16354
16589
16355
16590
16356
16591
16357
16592
16358
16593
16359
16594
16360
16595
16361
16596
16362
16597
16363
16598
16364
16599
16365
16600
16366
16601
16367
16602
16368
16603
16369
16604
16370
16605
16371
16606
16372
16607
16373
16608
16374
16609
16375
16610
16376
16611
16377
16612
16378
16613
16379
16614
16380
16615
16381
16616
16382
16617
16383
16618
16384
16619
16385
16620
16386
16621
16387
16622
16388
16623
16389
16624
16390
16625
16391
16626
16392
16627
16393
16628
16394
16629
16395
16630
16396
16631
16397
16632
16398
16633
16399
16634
16400
16635
16401
16636
16402
16637
16403
16638
16404
16639
16405
16640
16406
16641
16407
16642
16408
16643
16409
16644
16410
16645
16411
16646
16412
16647
16413
16648
16414
16649
16415
16650
16416
16651
16417
16652
16418
16653
16419
16654
16420
16655
16421
16656
16422
16657
16423
16658
16424
16659
16425
16660
16426
16661
16427
16662
16428
16663
16429
16664
16430
16665
16431
16666
16432
16667
16433
16668
16434
16669
16435
16670
16436
16671
16437
16672
16438
16673
16439
16674
16440
16675
16441
16676
16442
16677
16443
16678
16444
16679
16445
16680
16446
16681
16447
16682
16448
16683
16449
16684
16450
16685
16451
16686
16452
16687
16453
16688
16454
16689
16455
16690
16456
16691
16457
16692
16458
16693
16459
16694
16460
16695
16461
16696
16462
16697
16463
16698
16464
16699
16465
16700
16466
16701
16467
16702
16468
16703
16469
16704
16470
16705
16471
16706
16472
16707
16708
16474
16712
16475
16713
16476
16714
16477
16715
16478
16716
16479
16717
16480
16718
16481
16719
16482
16720
16483
16721
16484
16722
16485
16723
16486
16724
16487
16725
16488
16726
16489
16727
16490
16728
16491
16729
16492
16730
16493
16731
16494
16732
16495
16733
16496
16734
16497
16735
16498
16736
16499
16737
16500
16738
16501
16739
16740
16503
16741
16504
16742
16505
16743
16506
16744
16507
16745
16508
16746
16509
16747
16510
16748
16511
16749
16512
16750
16513
16751
16514
16752
16515
16753
16516
16754
16517
16755
16518
16756
16519
16757
16520
16758
16521
16759
16522
16760
16523
16761
16524
16762
16525
16763
16526
16764
16527
16765
16528
16766
16529
16767
16530
16768
16531
16769
16532
16770
16533
16771
16534
16772
16535
16773
16536
16774
16537
16775
16538
16776
16539
16777
16540
16778
16541
16779
16542
16780
16543
16781
16544
16782
16545
16783
16546
16784
16547
16785
16548
16786
16549
16787
16788
16551
16791
16552
16792
16553
16793
16554
16794
16555
16795
16556
16796
16557
16797
16558
16798
16559
16799
16560
16800
16561
16801
16562
16802
16563
16803
16564
16804
16565
16805
16566
16806
16567
16807
16568
16808
16569
16809
16570
16810
16571
16811
16812
16573
16813
16574
16814
16575
16815
16576
16816
16577
16817
16578
16818
16579
16819
16580
16820
16581
16821
16582
16822
16583
16823
16584
16824
16585
16825
16586
16826
16587
16827
16588
16828
16589
16829
16590
16830
16591
16831
16592
16832
16593
16833
16594
16834
16595
16835
16596
16836
16597
16837
16598
16838
16599
16839
16600
16840
16601
16841
16602
16842
16603
16843
16604
16844
16605
16845
16606
16846
16607
16847
16608
16848
16609
16849
16610
16850
16611
16851
16612
16852
16613
16853
16614
16854
16615
16855
16616
16856
16617
16857
16618
16858
16619
16859
16620
16860
16621
16861
16622
16862
16623
16863
16624
16864
16625
16865
16626
16866
16627
16867
16628
16868
16629
16869
16630
16870
16631
16871
16632
16872
16633
16873
16634
16874
16635
16875
16636
16876
16637
16877
16638
16878
16639
16879
16640
16880
16641
16881
16642
16882
16643
16883
16644
16884
16645
16885
16646
16886
16647
16887
16648
16888
16649
16889
16650
16890
16651
16891
16652
16892
16653
16893
16654
16894
16655
16895
16656
16896
16657
16897
16658
16898
16659
16899
16660
16900
16661
16901
16662
16902
16663
16903
16664
16904
16665
16905
16666
16906
16667
16907
16668
16908
16669
16909
16670
16910
16671
16911
16672
16912
16673
16913
16674
16914
16675
16915
16676
16916
16677
16917
16678
16918
16679
16919
16680
16920
16681
16921
16682
16922
16683
16923
16684
16924
16685
16925
16686
16926
16687
16927
16688
16928
16689
16929
16690
16930
16691
16931
16692
16932
16693
16933
16694
16934
16695
16935
16696
16936
16697
16937
16698
16938
16699
16939
16700
16940
16701
16941
16702
16942
16703
16943
16704
16944
16705
16945
16706
16946
16707
16947
16708
16948
16709
16949
16950
16711
16955
16712
16956
16713
16957
16714
16958
16715
16959
16716
16960
16717
16961
16718
16962
16719
16963
16720
16964
16721
16965
16722
16966
16723
16967
16724
16968
16725
16969
16726
16970
16727
16971
16728
16972
16729
16973
16730
16974
16731
16975
16732
16976
16733
16977
16734
16978
16735
16979
16736
16980
16737
16981
16738
16982
16739
16983
16740
16984
16985
16742
16986
16743
16987
16744
16988
16745
16989
16746
16990
16747
16991
16748
16992
16749
16993
16750
16994
16751
16995
16752
16996
16753
16997
16754
16998
16755
16999
16756
17000
16757
17001
16758
17002
16759
17003
16760
17004
16761
17005
16762
17006
16763
17007
16764
17008
16765
17009
16766
17010
16767
17011
16768
17012
16769
17013
16770
17014
16771
17015
16772
17016
16773
17017
16774
17018
16775
17019
16776
17020
16777
17021
16778
17022
16779
17023
16780
17024
16781
17025
16782
17026
16783
17027
16784
17028
16785
17029
16786
17030
16787
17031
16788
17032
16789
17033
17034
16791
17039
16792
17040
16793
17041
16794
17042
16795
17043
16796
17044
16797
17045
16798
17046
16799
17047
16800
17048
16801
17049
16802
17050
16803
17051
16804
17052
16805
17053
16806
17054
16807
17055
16808
17056
16809
17057
16810
17058
16811
17059
16812
17060
17061
16814
16815
17062
16816
17063
16817
17064
16818
17065
16819
17066
16820
17067
16821
17068
16822
17069
16823
17070
16824
17071
16825
17072
16826
17073
16827
17074
16828
17075
16829
17076
16830
17077
16831
17078
16832
17079
16833
17080
16834
17081
16835
17082
16836
17083
16837
17084
16838
17085
16839
17086
16840
17087
16841
17088
16842
17089
16843
17090
16844
17091
16845
17092
16846
17093
16847
17094
16848
17095
16849
17096
16850
17097
16851
17098
16852
17099
16853
17100
16854
17101
16855
17102
16856
17103
16857
17104
16858
17105
16859
17106
16860
17107
16861
17108
16862
17109
16863
17110
16864
17111
16865
17112
16866
17113
16867
17114
16868
17115
16869
17116
16870
17117
16871
17118
16872
17119
16873
17120
16874
17121
16875
17122
16876
17123
16877
17124
16878
17125
16879
17126
16880
17127
16881
17128
16882
17129
16883
17130
16884
17131
16885
17132
16886
17133
16887
17134
16888
17135
16889
17136
16890
17137
16891
17138
16892
17139
16893
17140
16894
17141
16895
17142
16896
17143
16897
17144
16898
17145
16899
17146
16900
17147
16901
17148
16902
17149
16903
17150
16904
17151
16905
17152
16906
17153
16907
17154
16908
17155
16909
17156
16910
17157
16911
17158
16912
17159
16913
17160
16914
17161
16915
17162
16916
17163
16917
17164
16918
17165
16919
17166
16920
17167
16921
17168
16922
17169
16923
17170
16924
17171
16925
17172
16926
17173
16927
17174
16928
17175
16929
17176
16930
17177
16931
17178
16932
17179
16933
17180
16934
17181
16935
17182
16936
17183
16937
17184
16938
17185
16939
17186
16940
17187
16941
17188
16942
17189
16943
17190
16944
17191
16945
17192
16946
17193
16947
17194
16948
17195
16949
17196
16950
17197
16951
17198
16952
17199
17200
16954
17206
16955
17207
16956
17208
16957
17209
16958
17210
16959
17211
16960
17212
16961
17213
16962
17214
16963
17215
16964
17216
16965
17217
16966
17218
16967
17219
16968
17220
16969
17221
16970
17222
16971
17223
16972
17224
16973
17225
16974
17226
16975
17227
16976
17228
16977
17229
16978
17230
16979
17231
16980
17232
16981
17233
16982
17234
16983
17235
16984
17236
16985
17237
17238
16987
17239
16988
17240
16989
17241
16990
17242
16991
17243
16992
17244
16993
17245
16994
17246
16995
17247
16996
17248
16997
17249
16998
17250
16999
17251
17000
17252
17001
17253
17002
17254
17003
17255
17004
17256
17005
17257
17006
17258
17007
17259
17008
17260
17009
17261
17010
17262
17011
17263
17012
17264
17013
17265
17014
17266
17015
17267
17016
17268
17017
17269
17018
17270
17019
17271
17020
17272
17021
17273
17022
17274
17023
17275
17024
17276
17025
17277
17026
17278
17027
17279
17028
17280
17029
17281
17030
17282
17031
17283
17032
17284
17033
17285
17034
17286
17035
17287
17036
17288
17289
17038
17296
17039
17297
17040
17298
17041
17299
17042
17300
17043
17301
17044
17302
17045
17303
17046
17304
17047
17305
17048
17306
17049
17307
17050
17308
17051
17309
17052
17310
17053
17311
17054
17312
17055
17313
17056
17314
17057
17315
17058
17316
17059
17317
17060
17318
17061
17319
17320
17063
17321
17064
17322
17065
17323
17066
17324
17067
17325
17068
17326
17069
17327
17070
17328
17071
17329
17072
17330
17073
17331
17074
17332
17075
17333
17076
17334
17077
17335
17078
17336
17079
17337
17080
17338
17081
17339
17082
17340
17083
17341
17084
17342
17085
17343
17086
17344
17087
17345
17088
17346
17089
17347
17090
17348
17091
17349
17092
17350
17093
17351
17094
17352
17095
17353
17096
17354
17097
17355
17098
17356
17099
17357
17100
17101
17102
17103
17104
17105
17106
17358
17107
17359
17108
17360
17109
17361
17110
17362
17111
17363
17112
17364
17113
17365
17114
17366
17115
17367
17116
17368
17117
17369
17118
17370
17119
17371
17120
17372
17121
17373
17122
17374
17123
17375
17124
17376
17125
17377
17126
17378
17127
17379
17128
17380
17129
17381
17130
17382
17131
17383
17132
17384
17133
17385
17134
17386
17135
17387
17136
17388
17137
17389
17138
17390
17139
17391
17140
17392
17141
17393
17142
17394
17143
17395
17144
17396
17145
17397
17146
17398
17147
17399
17148
17400
17149
17401
17150
17402
17151
17403
17152
17404
17153
17405
17154
17406
17155
17407
17156
17408
17157
17409
17158
17410
17159
17411
17160
17412
17161
17162
17163
17164
17165
17413
17166
17414
17167
17415
17168
17416
17169
17417
17170
17418
17171
17419
17172
17420
17173
17421
17174
17422
17175
17423
17176
17424
17177
17425
17178
17426
17179
17427
17180
17428
17181
17429
17182
17430
17183
17431
17184
17432
17185
17433
17186
17434
17187
17435
17188
17436
17189
17437
17190
17438
17191
17439
17192
17440
17193
17441
17194
17442
17195
17443
17196
17444
17197
17445
17198
17446
17199
17447
17200
17448
17201
17449
17202
17450
17203
17451
17452
17205
17460
17206
17461
17207
17462
17208
17463
17209
17464
17210
17465
17211
17466
17212
17467
17213
17468
17214
17469
17215
17470
17216
17471
17217
17472
17218
17473
17219
17474
17220
17475
17221
17476
17222
17477
17223
17478
17224
17479
17225
17480
17226
17481
17227
17482
17228
17483
17229
17484
17230
17485
17231
17486
17232
17487
17233
17488
17234
17489
17235
17490
17236
17491
17237
17492
17238
17493
17494
17240
17495
17241
17496
17242
17497
17243
17498
17244
17499
17245
17500
17246
17501
17247
17502
17248
17503
17249
17504
17250
17505
17251
17506
17252
17507
17253
17508
17254
17509
17255
17510
17256
17511
17257
17512
17258
17513
17259
17514
17260
17515
17261
17516
17262
17517
17263
17518
17264
17519
17265
17520
17266
17521
17267
17522
17268
17523
17269
17524
17270
17525
17271
17526
17272
17527
17273
17528
17274
17529
17275
17530
17276
17531
17277
17532
17278
17533
17279
17534
17280
17535
17281
17536
17282
17537
17283
17538
17284
17539
17285
17540
17286
17541
17287
17542
17288
17543
17289
17544
17290
17545
17291
17546
17292
17547
17548
17294
17561
17295
17562
17296
17563
17297
17564
17298
17565
17299
17566
17300
17567
17301
17568
17302
17569
17303
17570
17304
17571
17305
17572
17306
17573
17307
17574
17308
17575
17309
17576
17310
17577
17311
17578
17312
17579
17313
17580
17314
17581
17315
17582
17316
17583
17317
17584
17318
17585
17319
17586
17320
17587
17322
17588
17323
17589
17324
17590
17325
17591
17326
17592
17327
17593
17328
17594
17329
17595
17330
17596
17331
17597
17332
17598
17333
17599
17334
17600
17335
17601
17336
17602
17337
17603
17338
17604
17339
17605
17340
17606
17341
17607
17342
17608
17343
17609
17344
17610
17345
17611
17346
17612
17347
17613
17348
17614
17349
17615
17350
17616
17351
17617
17352
17618
17353
17619
17354
17355
17356
17357
17359
17360
17361
17362
17363
17364
17620
17365
17621
17366
17622
17367
17623
17368
17624
17369
17625
17370
17626
17371
17627
17372
17628
17373
17629
17374
17630
17375
17631
17376
17632
17377
17633
17378
17634
17379
17635
17380
17636
17381
17637
17382
17638
17383
17639
17384
17640
17385
17641
17386
17642
17387
17643
17388
17644
17389
17645
17390
17646
17391
17647
17392
17648
17393
17649
17394
17650
17395
17651
17396
17652
17397
17653
17398
17654
17399
17655
17400
17656
17401
17657
17402
17658
17403
17659
17404
17660
17405
17661
17406
17662
17407
17663
17408
17664
17409
17410
17411
17412
17414
17415
17416
17417
17418
17419
17665
17420
17666
17421
17667
17422
17668
17423
17669
17424
17670
17425
17671
17426
17672
17427
17673
17428
17674
17429
17675
17430
17676
17431
17677
17432
17678
17433
17679
17434
17680
17435
17681
17436
17682
17437
17683
17438
17684
17439
17685
17440
17686
17441
17687
17442
17688
17443
17689
17444
17690
17445
17691
17446
17692
17447
17693
17448
17694
17449
17695
17450
17696
17451
17697
17452
17698
17453
17699
17454
17700
17455
17701
17702
17457
17719
17458
17720
17459
17721
17460
17722
17461
17723
17462
17724
17463
17725
17464
17726
17465
17727
17466
17728
17467
17729
17468
17730
17469
17731
17470
17732
17471
17733
17472
17734
17473
17735
17474
17736
17475
17737
17476
17738
17477
17739
17478
17740
17479
17741
17480
17742
17481
17743
17482
17744
17483
17745
17484
17746
17485
17747
17486
17748
17487
17749
17488
17750
17489
17751
17490
17752
17491
17753
17492
17754
17493
17755
17494
17756
17757
17496
17758
17497
17759
17498
17760
17499
17761
17500
17762
17501
17763
17502
17764
17503
17765
17504
17766
17505
17767
17506
17768
17507
17769
17508
17770
17509
17771
17510
17772
17511
17773
17512
17774
17513
17775
17514
17776
17515
17777
17516
17778
17517
17779
17518
17780
17519
17781
17520
17782
17521
17783
17522
17784
17523
17785
17524
17786
17525
17787
17526
17788
17527
17789
17528
17790
17529
17791
17530
17792
17531
17793
17532
17794
17533
17795
17534
17796
17535
17797
17536
17798
17537
17799
17538
17800
17539
17801
17540
17802
17541
17803
17542
17804
17543
17805
17544
17806
17545
17807
17546
17808
17547
17809
17548
17810
17549
17811
17550
17812
17551
17813
17552
17814
17553
17815
17554
17816
17555
17817
17556
17818
17557
17819
17558
17820
17559
17821
17560
17822
17561
17823
17562
17824
17563
17825
17564
17826
17565
17827
17566
17828
17567
17829
17568
17830
17569
17831
17570
17832
17571
17833
17572
17834
17573
17835
17574
17836
17575
17837
17576
17838
17577
17839
17578
17840
17579
17841
17580
17842
17581
17843
17582
17844
17583
17845
17584
17846
17585
17847
17586
17848
17587
17849
17850
17589
17851
17590
17852
17591
17853
17592
17854
17593
17855
17594
17856
17595
17857
17596
17858
17597
17859
17598
17860
17599
17861
17600
17862
17601
17863
17602
17864
17603
17865
17604
17866
17605
17867
17606
17868
17607
17869
17608
17870
17609
17871
17610
17872
17611
17873
17612
17874
17613
17875
17614
17876
17615
17877
17616
17878
17617
17879
17618
17619
17621
17622
17623
17624
17880
17625
17881
17626
17882
17627
17883
17628
17884
17629
17885
17630
17886
17631
17887
17632
17888
17633
17889
17634
17890
17635
17891
17636
17892
17637
17893
17638
17894
17639
17895
17640
17896
17641
17897
17642
17898
17643
17899
17644
17900
17645
17901
17646
17902
17647
17903
17648
17904
17649
17905
17650
17906
17651
17907
17652
17908
17653
17909
17654
17910
17655
17911
17656
17912
17657
17913
17658
17914
17659
17915
17660
17916
17661
17917
17662
17918
17663
17919
17664
17666
17667
17668
17920
17669
17921
17670
17922
17671
17923
17672
17924
17673
17925
17674
17926
17675
17927
17676
17928
17677
17929
17678
17930
17679
17931
17680
17932
17681
17933
17682
17934
17683
17935
17684
17936
17685
17937
17686
17938
17687
17939
17688
17940
17689
17941
17690
17942
17691
17943
17692
17944
17693
17945
17694
17946
17695
17947
17696
17948
17697
17949
17698
17950
17699
17951
17700
17952
17701
17953
17702
17954
17703
17955
17704
17956
17705
17957
17706
17958
17707
17959
17708
17960
17709
17961
17710
17962
17711
17963
17712
17964
17713
17965
17714
17966
17715
17967
17716
17968
17717
17969
17718
17970
17719
17971
17720
17972
17721
17973
17722
17974
17723
17975
17724
17976
17725
17977
17726
17978
17727
17979
17728
17980
17729
17981
17730
17982
17731
17983
17732
17984
17733
17985
17734
17986
17735
17987
17736
17988
17737
17989
17738
17990
17739
17991
17740
17992
17741
17993
17742
17994
17743
17995
17744
17996
17745
17997
17746
17998
17747
17999
17748
18000
17749
18001
17750
18002
17751
18003
17752
18004
17753
18005
17754
18006
17755
18007
17756
18008
17757
18009
18010
17759
18011
17760
18012
17761
18013
17762
18014
17763
18015
17764
18016
17765
18017
17766
18018
17767
18019
17768
18020
17769
18021
17770
18022
17771
18023
17772
18024
17773
18025
17774
18026
17775
18027
17776
18028
17777
18029
17778
18030
17779
18031
17780
18032
17781
18033
17782
18034
17783
18035
17784
18036
17785
18037
17786
18038
17787
18039
17788
18040
17789
18041
17790
18042
17791
18043
17792
18044
17793
18045
17794
18046
17795
18047
17796
18048
17797
18049
17798
18050
17799
18051
17800
18052
17801
18053
17802
18054
17803
18055
17804
18056
17805
18057
17806
18058
17807
18059
17808
18060
17809
18061
17810
18062
17811
18063
17812
18064
17813
18065
17814
18066
17815
18067
17816
18068
17817
18069
17818
18070
17819
18071
17820
18072
17821
18073
17822
18074
17823
18075
17824
18076
17825
18077
17826
18078
17827
18079
17828
18080
17829
18081
17830
18082
17831
18083
17832
18084
17833
18085
17834
18086
17835
18087
17836
18088
17837
18089
17838
18090
17839
18091
17840
18092
17841
18093
17842
18094
17843
18095
17844
18096
17845
18097
17846
18098
17847
18099
17848
18100
17849
18101
17850
18102
18103
17852
18104
17853
18105
17854
18106
17855
18107
17856
18108
17857
18109
17858
18110
17859
18111
17860
18112
17861
18113
17862
18114
17863
18115
17864
18116
17865
18117
17866
18118
17867
18119
17868
18120
17869
18121
17870
18122
17871
18123
17872
18124
17873
18125
17874
18126
17875
18127
17876
18128
17877
18129
17878
18130
17879
17881
17882
17883
18131
17884
18132
17885
18133
17886
18134
17887
18135
17888
18136
17889
18137
17890
18138
17891
18139
17892
18140
17893
18141
17894
18142
17895
18143
17896
18144
17897
18145
17898
18146
17899
18147
17900
18148
17901
18149
17902
18150
17903
18151
17904
18152
17905
18153
17906
18154
17907
18155
17908
18156
17909
18157
17910
18158
17911
18159
17912
18160
17913
18161
17914
18162
17915
18163
17916
18164
17917
18165
17918
18166
17919
17921
17922
17923
18167
17924
18168
17925
18169
17926
18170
17927
18171
17928
18172
17929
18173
17930
18174
17931
18175
17932
18176
17933
18177
17934
18178
17935
18179
17936
18180
17937
18181
17938
18182
17939
18183
17940
18184
17941
18185
17942
18186
17943
18187
17944
18188
17945
18189
17946
18190
17947
18191
17948
18192
17949
18193
17950
18194
17951
18195
17952
18196
17953
18197
17954
18198
17955
18199
17956
18200
17957
18201
17958
18202
17959
18203
17960
18204
17961
18205
17962
18206
17963
18207
17964
18208
17965
18209
17966
18210
17967
18211
17968
18212
17969
18213
17970
18214
17971
18215
17972
18216
17973
18217
17974
18218
17975
18219
17976
18220
17977
18221
17978
18222
17979
18223
17980
18224
17981
18225
17982
18226
17983
18227
17984
18228
17985
18229
17986
18230
17987
18231
17988
18232
17989
18233
17990
18234
17991
18235
17992
18236
17993
18237
17994
18238
17995
18239
17996
18240
17997
18241
17998
18242
17999
18243
18000
18244
18001
18245
18002
18246
18003
18247
18004
18248
18005
18249
18006
18250
18007
18251
18008
18252
18009
18253
18010
18254
18255
18012
18256
18013
18257
18014
18258
18015
18259
18016
18260
18017
18261
18018
18262
18019
18263
18020
18264
18021
18265
18022
18266
18023
18267
18024
18268
18025
18269
18026
18270
18027
18271
18028
18272
18029
18273
18030
18274
18031
18275
18032
18276
18033
18277
18034
18278
18035
18279
18036
18280
18037
18281
18038
18282
18039
18283
18040
18284
18041
18285
18042
18286
18043
18287
18044
18288
18045
18289
18046
18290
18047
18291
18048
18292
18049
18293
18050
18294
18051
18295
18052
18296
18053
18297
18054
18298
18055
18299
18056
18300
18057
18301
18058
18302
18059
18303
18060
18304
18061
18305
18062
18306
18063
18307
18064
18308
18065
18309
18066
18310
18067
18311
18068
18312
18069
18313
18070
18314
18071
18315
18072
18316
18073
18317
18074
18318
18075
18319
18076
18320
18077
18321
18078
18322
18079
18323
18080
18324
18081
18325
18082
18326
18083
18327
18084
18328
18085
18329
18086
18330
18087
18331
18088
18332
18089
18333
18090
18334
18091
18335
18092
18336
18093
18337
18094
18338
18095
18339
18096
18340
18097
18341
18098
18342
18099
18343
18100
18344
18101
18345
18102
18346
18103
18347
18348
18105
18349
18106
18350
18107
18351
18108
18352
18109
18353
18110
18354
18111
18355
18112
18356
18113
18357
18114
18358
18115
18359
18116
18360
18117
18361
18118
18362
18119
18363
18120
18364
18121
18365
18122
18366
18123
18367
18124
18368
18125
18369
18126
18370
18127
18371
18128
18372
18129
18373
18130
18132
18133
18134
18374
18135
18375
18136
18376
18137
18377
18138
18378
18139
18379
18140
18380
18141
18381
18142
18382
18143
18383
18144
18384
18145
18385
18146
18386
18147
18387
18148
18388
18149
18389
18150
18390
18151
18391
18152
18392
18153
18393
18154
18394
18155
18395
18156
18396
18157
18397
18158
18398
18159
18399
18160
18400
18161
18401
18162
18402
18163
18403
18164
18404
18165
18405
18166
18168
18169
18406
18170
18407
18171
18408
18172
18409
18173
18410
18174
18411
18175
18412
18176
18413
18177
18414
18178
18415
18179
18416
18180
18417
18181
18418
18182
18419
18183
18420
18184
18421
18185
18422
18186
18423
18187
18424
18188
18425
18189
18426
18190
18427
18191
18428
18192
18429
18193
18430
18194
18431
18195
18432
18196
18433
18197
18434
18198
18435
18199
18436
18200
18437
18201
18438
18202
18439
18203
18440
18204
18441
18205
18442
18206
18443
18207
18444
18208
18445
18209
18446
18210
18447
18211
18448
18212
18449
18213
18450
18214
18451
18215
18452
18216
18453
18217
18454
18218
18455
18219
18456
18220
18457
18221
18458
18222
18459
18223
18460
18224
18461
18225
18462
18226
18463
18227
18464
18228
18465
18229
18466
18230
18467
18231
18468
18232
18469
18233
18470
18234
18471
18235
18472
18236
18473
18237
18474
18238
18475
18239
18476
18240
18477
18241
18478
18242
18479
18243
18480
18244
18481
18245
18482
18246
18483
18247
18484
18248
18485
18249
18486
18250
18487
18251
18488
18252
18489
18253
18490
18254
18491
18255
18492
18493
18257
18494
18258
18495
18259
18496
18260
18497
18261
18498
18262
18499
18263
18500
18264
18501
18265
18502
18266
18503
18267
18504
18268
18505
18269
18506
18270
18507
18271
18508
18272
18509
18273
18510
18274
18511
18275
18512
18276
18513
18277
18514
18278
18515
18279
18516
18280
18517
18281
18518
18282
18519
18283
18520
18284
18521
18285
18522
18286
18523
18287
18524
18288
18525
18289
18526
18290
18527
18291
18528
18292
18529
18293
18530
18294
18531
18295
18532
18296
18533
18297
18534
18298
18535
18299
18536
18300
18537
18301
18538
18302
18539
18303
18540
18304
18541
18305
18542
18306
18543
18307
18544
18308
18545
18309
18546
18310
18547
18311
18548
18312
18549
18313
18550
18314
18551
18315
18552
18316
18553
18317
18554
18318
18555
18319
18556
18320
18557
18321
18558
18322
18559
18323
18560
18324
18561
18325
18562
18326
18563
18327
18564
18328
18565
18329
18566
18330
18567
18331
18568
18332
18569
18333
18570
18334
18571
18335
18572
18336
18573
18337
18574
18338
18575
18339
18576
18340
18577
18341
18578
18342
18579
18343
18580
18344
18581
18345
18582
18346
18583
18347
18584
18348
18585
18586
18350
18587
18351
18588
18352
18589
18353
18590
18354
18591
18355
18592
18356
18593
18357
18594
18358
18595
18359
18596
18360
18597
18361
18598
18362
18599
18363
18600
18364
18601
18365
18602
18366
18603
18367
18604
18368
18605
18369
18606
18370
18607
18371
18608
18372
18609
18373
18610
18375
18376
18611
18377
18612
18378
18613
18379
18614
18380
18615
18381
18616
18382
18617
18383
18618
18384
18619
18385
18620
18386
18621
18387
18622
18388
18623
18389
18624
18390
18625
18391
18626
18392
18627
18393
18628
18394
18629
18395
18630
18396
18631
18397
18632
18398
18633
18399
18634
18400
18635
18401
18636
18402
18637
18403
18638
18404
18639
18405
18640
18407
18408
18409
18641
18410
18642
18411
18643
18412
18644
18413
18645
18414
18646
18415
18647
18416
18648
18417
18649
18418
18650
18419
18651
18420
18652
18421
18653
18422
18654
18423
18655
18424
18656
18425
18657
18426
18658
18427
18659
18428
18660
18429
18661
18430
18662
18431
18663
18432
18664
18433
18665
18434
18666
18435
18667
18436
18668
18437
18669
18438
18670
18439
18671
18440
18672
18441
18673
18442
18674
18443
18675
18444
18676
18445
18677
18446
18678
18447
18679
18448
18680
18449
18681
18450
18682
18451
18683
18452
18684
18453
18685
18454
18686
18455
18687
18456
18688
18457
18689
18458
18690
18459
18691
18460
18692
18461
18693
18462
18694
18463
18695
18464
18696
18465
18697
18466
18698
18467
18699
18468
18700
18469
18701
18470
18702
18471
18703
18472
18704
18473
18705
18474
18706
18475
18707
18476
18708
18477
18709
18478
18710
18479
18711
18480
18712
18481
18713
18482
18714
18483
18715
18484
18716
18485
18717
18486
18718
18487
18719
18488
18720
18489
18721
18490
18722
18491
18723
18492
18724
18493
18725
18726
18495
18727
18496
18728
18497
18729
18498
18730
18499
18731
18500
18732
18501
18733
18502
18734
18503
18735
18504
18736
18505
18737
18506
18738
18507
18739
18508
18740
18509
18741
18510
18742
18511
18743
18512
18744
18513
18745
18514
18746
18515
18747
18516
18748
18517
18749
18518
18750
18519
18751
18520
18752
18521
18753
18522
18754
18523
18755
18524
18756
18525
18757
18526
18758
18527
18759
18528
18760
18529
18761
18530
18762
18531
18763
18532
18764
18533
18765
18534
18766
18535
18767
18536
18768
18537
18769
18538
18770
18539
18771
18540
18772
18541
18773
18542
18774
18543
18775
18544
18776
18545
18777
18546
18778
18547
18779
18548
18780
18549
18781
18550
18782
18551
18783
18552
18784
18553
18785
18554
18786
18555
18787
18556
18788
18557
18789
18558
18790
18559
18791
18560
18792
18561
18793
18562
18794
18563
18795
18564
18796
18565
18797
18566
18798
18567
18799
18568
18800
18569
18801
18570
18802
18571
18803
18572
18804
18573
18805
18574
18806
18575
18807
18576
18808
18577
18809
18578
18810
18579
18811
18580
18812
18581
18813
18582
18814
18583
18815
18584
18816
18585
18817
18586
18818
18819
18588
18820
18589
18821
18590
18822
18591
18823
18592
18824
18593
18825
18594
18826
18595
18827
18596
18828
18597
18829
18598
18830
18599
18831
18600
18832
18601
18833
18602
18834
18603
18835
18604
18836
18605
18837
18606
18838
18607
18839
18608
18840
18609
18841
18610
18842
18612
18613
18843
18614
18844
18615
18845
18616
18846
18617
18847
18618
18848
18619
18849
18620
18850
18621
18851
18622
18852
18623
18853
18624
18854
18625
18855
18626
18856
18627
18857
18628
18858
18629
18859
18630
18860
18631
18861
18632
18862
18633
18863
18634
18864
18635
18865
18636
18866
18637
18867
18638
18868
18639
18869
18640
18870
18642
18643
18871
18644
18872
18645
18873
18646
18874
18647
18875
18648
18876
18649
18877
18650
18878
18651
18879
18652
18880
18653
18881
18654
18882
18655
18883
18656
18884
18657
18885
18658
18886
18659
18887
18660
18888
18661
18889
18662
18890
18663
18891
18664
18892
18665
18893
18666
18894
18667
18895
18668
18896
18669
18897
18670
18898
18671
18899
18672
18900
18673
18901
18674
18902
18675
18903
18676
18904
18677
18905
18678
18906
18679
18907
18680
18908
18681
18909
18682
18910
18683
18911
18684
18912
18685
18913
18686
18914
18687
18915
18688
18916
18689
18917
18690
18918
18691
18919
18692
18920
18693
18921
18694
18922
18695
18923
18696
18924
18697
18925
18698
18926
18699
18927
18700
18928
18701
18929
18702
18930
18703
18931
18704
18932
18705
18933
18706
18934
18707
18935
18708
18936
18709
18937
18710
18938
18711
18939
18712
18940
18713
18941
18714
18942
18715
18943
18716
18944
18717
18945
18718
18946
18719
18947
18720
18948
18721
18949
18722
18950
18723
18951
18724
18952
18725
18953
18726
18954
18955
18728
18956
18729
18957
18730
18958
18731
18959
18732
18960
18733
18961
18734
18962
18735
18963
18736
18964
18737
18965
18738
18966
18739
18967
18740
18968
18741
18969
18742
18970
18743
18971
18744
18972
18745
18973
18746
18974
18747
18975
18748
18976
18749
18977
18750
18978
18751
18979
18752
18980
18753
18981
18754
18982
18755
18983
18756
18984
18757
18985
18758
18986
18759
18987
18760
18988
18761
18989
18762
18990
18763
18991
18764
18992
18765
18993
18766
18994
18767
18995
18768
18996
18769
18997
18770
18998
18771
18999
18772
19000
18773
19001
18774
19002
18775
19003
18776
19004
18777
19005
18778
19006
18779
19007
18780
19008
18781
19009
18782
19010
18783
19011
18784
19012
18785
19013
18786
19014
18787
19015
18788
19016
18789
19017
18790
19018
18791
19019
18792
19020
18793
19021
18794
19022
18795
19023
18796
19024
18797
19025
18798
19026
18799
19027
18800
19028
18801
19029
18802
19030
18803
19031
18804
19032
18805
19033
18806
19034
18807
19035
18808
19036
18809
19037
18810
19038
18811
19039
18812
19040
18813
19041
18814
19042
18815
19043
18816
19044
18817
19045
18818
19046
18819
19047
19048
18821
19049
18822
19050
18823
19051
18824
19052
18825
19053
18826
19054
18827
19055
18828
19056
18829
19057
18830
19058
18831
19059
18832
19060
18833
19061
18834
19062
18835
19063
18836
19064
18837
19065
18838
19066
18839
19067
18840
19068
18841
19069
18842
18844
18845
18846
19070
18847
19071
18848
19072
18849
19073
18850
19074
18851
19075
18852
19076
18853
19077
18854
19078
18855
19079
18856
19080
18857
19081
18858
19082
18859
19083
18860
19084
18861
19085
18862
19086
18863
19087
18864
19088
18865
19089
18866
19090
18867
19091
18868
19092
18869
19093
18870
19094
18872
18873
19095
18874
19096
18875
19097
18876
19098
18877
19099
18878
19100
18879
19101
18880
19102
18881
19103
18882
19104
18883
19105
18884
19106
18885
19107
18886
19108
18887
19109
18888
19110
18889
19111
18890
19112
18891
19113
18892
19114
18893
19115
18894
19116
18895
19117
18896
19118
18897
19119
18898
19120
18899
19121
18900
19122
18901
19123
18902
19124
18903
19125
18904
19126
18905
19127
18906
19128
18907
19129
18908
19130
18909
19131
18910
19132
18911
19133
18912
19134
18913
19135
18914
19136
18915
19137
18916
19138
18917
19139
18918
19140
18919
19141
18920
19142
18921
19143
18922
19144
18923
19145
18924
19146
18925
19147
18926
19148
18927
19149
18928
19150
18929
19151
18930
19152
18931
19153
18932
19154
18933
19155
18934
19156
18935
19157
18936
19158
18937
19159
18938
19160
18939
19161
18940
19162
18941
19163
18942
19164
18943
19165
18944
19166
18945
19167
18946
19168
18947
19169
18948
19170
18949
19171
18950
19172
18951
19173
18952
19174
18953
19175
18954
19176
18955
19177
19178
18957
19179
18958
19180
18959
19181
18960
19182
18961
19183
18962
19184
18963
19185
18964
19186
18965
19187
18966
19188
18967
19189
18968
19190
18969
19191
18970
19192
18971
19193
18972
19194
18973
19195
18974
19196
18975
19197
18976
19198
18977
19199
18978
19200
18979
19201
18980
19202
18981
19203
18982
19204
18983
19205
18984
19206
18985
19207
18986
19208
18987
19209
18988
19210
18989
19211
18990
19212
18991
19213
18992
19214
18993
19215
18994
19216
18995
19217
18996
19218
18997
19219
18998
19220
18999
19221
19000
19222
19001
19223
19002
19224
19003
19225
19004
19226
19005
19227
19006
19228
19007
19229
19008
19230
19009
19231
19010
19232
19011
19233
19012
19234
19013
19235
19014
19236
19015
19237
19016
19238
19017
19239
19018
19240
19019
19241
19020
19242
19021
19243
19022
19244
19023
19245
19024
19246
19025
19247
19026
19248
19027
19249
19028
19250
19029
19251
19030
19252
19031
19253
19032
19254
19033
19255
19034
19256
19035
19257
19036
19258
19037
19259
19038
19260
19039
19261
19040
19262
19041
19263
19042
19264
19043
19265
19044
19266
19045
19267
19046
19268
19047
19269
19048
19270
19271
19050
19272
19051
19273
19052
19274
19053
19275
19054
19276
19055
19277
19056
19278
19057
19279
19058
19280
19059
19281
19060
19282
19061
19283
19062
19284
19063
19285
19064
19286
19065
19287
19066
19288
19067
19289
19068
19290
19069
19291
19071
19072
19292
19073
19293
19074
19294
19075
19295
19076
19296
19077
19297
19078
19298
19079
19299
19080
19300
19081
19301
19082
19302
19083
19303
19084
19304
19085
19305
19086
19306
19087
19307
19088
19308
19089
19309
19090
19310
19091
19311
19092
19312
19093
19313
19094
19314
19315
19096
19316
19097
19317
19098
19318
19099
19319
19100
19320
19101
19321
19102
19322
19103
19323
19104
19324
19105
19325
19106
19326
19107
19327
19108
19328
19109
19329
19110
19330
19111
19331
19112
19332
19113
19333
19114
19334
19115
19335
19116
19336
19117
19337
19118
19338
19119
19339
19120
19340
19121
19341
19122
19342
19123
19343
19124
19344
19125
19345
19126
19346
19127
19347
19128
19348
19129
19349
19130
19350
19131
19351
19132
19352
19133
19353
19134
19354
19135
19355
19136
19356
19137
19357
19138
19358
19139
19359
19140
19360
19141
19361
19142
19362
19143
19363
19144
19364
19145
19365
19146
19366
19147
19367
19148
19368
19149
19369
19150
19370
19151
19371
19152
19372
19153
19373
19154
19374
19155
19375
19156
19376
19157
19377
19158
19378
19159
19379
19160
19380
19161
19381
19162
19382
19163
19383
19164
19384
19165
19385
19166
19386
19167
19387
19168
19388
19169
19389
19170
19390
19171
19391
19172
19392
19173
19393
19174
19394
19175
19395
19176
19396
19177
19397
19178
19398
19399
19180
19400
19181
19401
19182
19402
19183
19403
19184
19404
19185
19405
19186
19406
19187
19407
19188
19408
19189
19409
19190
19410
19191
19411
19192
19412
19193
19413
19194
19414
19195
19415
19196
19416
19197
19417
19198
19418
19199
19419
19200
19420
19201
19421
19202
19422
19203
19423
19204
19424
19205
19425
19206
19426
19207
19427
19208
19428
19209
19429
19210
19430
19211
19431
19212
19432
19213
19433
19214
19434
19215
19435
19216
19436
19217
19437
19218
19438
19219
19439
19220
19440
19221
19441
19222
19442
19223
19443
19224
19444
19225
19445
19226
19446
19227
19447
19228
19448
19229
19449
19230
19450
19231
19451
19232
19452
19233
19453
19234
19454
19235
19455
19236
19456
19237
19457
19238
19458
19239
19459
19240
19460
19241
19461
19242
19462
19243
19463
19244
19464
19245
19465
19246
19466
19247
19467
19248
19468
19249
19469
19250
19470
19251
19471
19252
19472
19253
19473
19254
19474
19255
19475
19256
19476
19257
19477
19258
19478
19259
19479
19260
19480
19261
19481
19262
19482
19263
19483
19264
19484
19265
19485
19266
19486
19267
19487
19268
19488
19269
19489
19270
19490
19271
19491
19492
19273
19493
19274
19494
19275
19495
19276
19496
19277
19497
19278
19498
19279
19499
19280
19500
19281
19501
19282
19502
19283
19503
19284
19504
19285
19505
19286
19506
19287
19507
19288
19508
19289
19509
19290
19510
19291
19511
19293
19294
19512
19295
19513
19296
19514
19297
19515
19298
19516
19299
19517
19300
19518
19301
19519
19302
19520
19303
19521
19304
19522
19305
19523
19306
19524
19307
19525
19308
19526
19309
19527
19310
19528
19311
19529
19312
19530
19313
19531
19314
19532
19315
19533
19317
19318
19534
19319
19535
19320
19536
19321
19537
19322
19538
19323
19539
19324
19540
19325
19541
19326
19542
19327
19543
19328
19544
19329
19545
19330
19546
19331
19547
19332
19548
19333
19549
19334
19550
19335
19551
19336
19552
19337
19553
19338
19554
19339
19555
19340
19556
19341
19557
19342
19558
19343
19559
19344
19560
19345
19561
19346
19562
19347
19563
19348
19564
19349
19565
19350
19566
19351
19567
19352
19568
19353
19569
19354
19570
19355
19571
19356
19572
19357
19573
19358
19574
19359
19575
19360
19576
19361
19577
19362
19578
19363
19579
19364
19580
19365
19581
19366
19582
19367
19583
19368
19584
19369
19585
19370
19586
19371
19587
19372
19588
19373
19589
19374
19590
19375
19591
19376
19592
19377
19593
19378
19594
19379
19595
19380
19596
19381
19597
19382
19598
19383
19599
19384
19600
19385
19601
19386
19602
19387
19603
19388
19604
19389
19605
19390
19606
19391
19607
19392
19608
19393
19609
19394
19610
19395
19611
19396
19612
19397
19613
19398
19614
19399
19615
19616
19401
19617
19402
19618
19403
19619
19404
19620
19405
19621
19406
19622
19407
19623
19408
19624
19409
19625
19410
19626
19411
19627
19412
19628
19413
19629
19414
19630
19415
19631
19416
19632
19417
19633
19418
19634
19419
19635
19420
19636
19421
19637
19422
19638
19423
19639
19424
19640
19425
19641
19426
19642
19427
19643
19428
19644
19429
19645
19430
19646
19431
19647
19432
19648
19433
19649
19434
19650
19435
19651
19436
19652
19437
19653
19438
19654
19439
19655
19440
19656
19441
19657
19442
19658
19443
19659
19444
19660
19445
19661
19446
19662
19447
19663
19448
19664
19449
19665
19450
19666
19451
19667
19452
19668
19453
19669
19454
19670
19455
19671
19456
19672
19457
19673
19458
19674
19459
19675
19460
19676
19461
19677
19462
19678
19463
19679
19464
19680
19465
19681
19466
19682
19467
19683
19468
19684
19469
19685
19470
19686
19471
19687
19472
19688
19473
19689
19474
19690
19475
19691
19476
19692
19477
19693
19478
19694
19479
19695
19480
19696
19481
19697
19482
19698
19483
19699
19484
19700
19485
19701
19486
19702
19487
19703
19488
19704
19489
19705
19490
19706
19491
19707
19492
19708
19709
19494
19710
19495
19711
19496
19712
19497
19713
19498
19714
19499
19715
19500
19716
19501
19717
19502
19718
19503
19719
19504
19720
19505
19721
19506
19722
19507
19723
19508
19724
19509
19725
19510
19726
19511
19727
19728
19513
19729
19514
19730
19515
19731
19516
19732
19517
19733
19518
19734
19519
19735
19520
19736
19521
19737
19522
19738
19523
19739
19524
19740
19525
19741
19526
19742
19527
19743
19528
19744
19529
19745
19530
19746
19531
19747
19532
19748
19533
19749
19535
19536
19750
19537
19751
19538
19752
19539
19753
19540
19754
19541
19755
19542
19756
19543
19757
19544
19758
19545
19759
19546
19760
19547
19761
19548
19762
19549
19763
19550
19764
19551
19765
19552
19766
19553
19767
19554
19768
19555
19769
19556
19770
19557
19771
19558
19772
19559
19773
19560
19774
19561
19775
19562
19776
19563
19777
19564
19778
19565
19779
19566
19780
19567
19781
19568
19782
19569
19783
19570
19784
19571
19785
19572
19786
19573
19787
19574
19788
19575
19789
19576
19790
19577
19791
19578
19792
19579
19793
19580
19794
19581
19795
19582
19796
19583
19797
19584
19798
19585
19799
19586
19800
19587
19801
19588
19802
19589
19803
19590
19804
19591
19805
19592
19806
19593
19807
19594
19808
19595
19809
19596
19810
19597
19811
19598
19812
19599
19813
19600
19814
19601
19815
19602
19816
19603
19817
19604
19818
19605
19819
19606
19820
19607
19821
19608
19822
19609
19823
19610
19824
19611
19825
19612
19826
19613
19827
19614
19828
19615
19829
19616
19830
19831
19618
19832
19619
19833
19620
19834
19621
19835
19622
19836
19623
19837
19624
19838
19625
19839
19626
19840
19627
19841
19628
19842
19629
19843
19630
19844
19631
19845
19632
19846
19633
19847
19634
19848
19635
19849
19636
19850
19637
19851
19638
19852
19639
19853
19640
19854
19641
19855
19642
19856
19643
19857
19644
19858
19645
19859
19646
19860
19647
19861
19648
19862
19649
19863
19650
19864
19651
19865
19652
19866
19653
19867
19654
19868
19655
19869
19656
19870
19657
19871
19658
19872
19659
19873
19660
19874
19661
19875
19662
19876
19663
19877
19664
19878
19665
19879
19666
19880
19667
19881
19668
19882
19669
19883
19670
19884
19671
19885
19672
19886
19673
19887
19674
19888
19675
19889
19676
19890
19677
19891
19678
19892
19679
19893
19680
19894
19681
19895
19682
19896
19683
19897
19684
19898
19685
19899
19686
19900
19687
19901
19688
19902
19689
19903
19690
19904
19691
19905
19692
19906
19693
19907
19694
19908
19695
19909
19696
19910
19697
19911
19698
19912
19699
19913
19700
19914
19701
19915
19702
19916
19703
19917
19704
19918
19705
19919
19706
19920
19707
19921
19708
19922
19709
19923
19924
19711
19925
19712
19926
19713
19927
19714
19928
19715
19929
19716
19930
19717
19931
19718
19932
19719
19933
19720
19934
19721
19935
19722
19936
19723
19937
19724
19938
19725
19939
19726
19940
19727
19941
19728
19942
19730
19731
19943
19732
19944
19733
19945
19734
19946
19735
19947
19736
19948
19737
19949
19738
19950
19739
19951
19740
19952
19741
19953
19742
19954
19743
19955
19744
19956
19745
19957
19746
19958
19747
19959
19748
19960
19749
19961
19962
19751
19963
19752
19964
19753
19965
19754
19966
19755
19967
19756
19968
19757
19969
19758
19970
19759
19971
19760
19972
19761
19973
19762
19974
19763
19975
19764
19976
19765
19977
19766
19978
19767
19979
19768
19980
19769
19981
19770
19982
19771
19983
19772
19984
19773
19985
19774
19986
19775
19987
19776
19988
19777
19989
19778
19990
19779
19991
19780
19992
19781
19993
19782
19994
19783
19995
19784
19996
19785
19997
19786
19998
19787
19999
19788
20000
19789
20001
19790
20002
19791
20003
19792
20004
19793
20005
19794
20006
19795
20007
19796
20008
19797
20009
19798
20010
19799
20011
19800
20012
19801
20013
19802
20014
19803
20015
19804
20016
19805
20017
19806
20018
19807
20019
19808
20020
19809
20021
19810
20022
19811
20023
19812
20024
19813
20025
19814
20026
19815
20027
19816
20028
19817
20029
19818
20030
19819
20031
19820
20032
19821
20033
19822
20034
19823
20035
19824
20036
19825
20037
19826
20038
19827
20039
19828
20040
19829
20041
19830
20042
19831
20043
20044
19833
20045
19834
20046
19835
20047
19836
20048
19837
20049
19838
20050
19839
20051
19840
20052
19841
20053
19842
20054
19843
20055
19844
20056
19845
20057
19846
20058
19847
20059
19848
20060
19849
20061
19850
20062
19851
20063
19852
20064
19853
20065
19854
20066
19855
20067
19856
20068
19857
20069
19858
20070
19859
20071
19860
20072
19861
20073
19862
20074
19863
20075
19864
20076
19865
20077
19866
20078
19867
20079
19868
20080
19869
20081
19870
20082
19871
20083
19872
20084
19873
20085
19874
20086
19875
20087
19876
20088
19877
20089
19878
20090
19879
20091
19880
20092
19881
20093
19882
20094
19883
20095
19884
20096
19885
20097
19886
20098
19887
20099
19888
20100
19889
20101
19890
20102
19891
20103
19892
20104
19893
20105
19894
20106
19895
20107
19896
20108
19897
20109
19898
20110
19899
20111
19900
20112
19901
20113
19902
20114
19903
20115
19904
20116
19905
20117
19906
20118
19907
20119
19908
20120
19909
20121
19910
20122
19911
20123
19912
20124
19913
20125
19914
20126
19915
20127
19916
20128
19917
20129
19918
20130
19919
20131
19920
20132
19921
20133
19922
20134
19923
20135
19924
20136
20137
19926
20138
19927
20139
19928
20140
19929
20141
19930
20142
19931
20143
19932
20144
19933
20145
19934
20146
19935
20147
19936
20148
19937
20149
19938
20150
19939
20151
19940
20152
19941
20153
19942
20154
19944
19945
20155
19946
20156
19947
20157
19948
20158
19949
20159
19950
20160
19951
20161
19952
20162
19953
20163
19954
20164
19955
20165
19956
20166
19957
20167
19958
20168
19959
20169
19960
20170
19961
20171
19962
20172
19964
19965
20173
19966
20174
19967
20175
19968
20176
19969
20177
19970
20178
19971
20179
19972
20180
19973
20181
19974
20182
19975
20183
19976
20184
19977
20185
19978
20186
19979
20187
19980
20188
19981
20189
19982
20190
19983
20191
19984
20192
19985
20193
19986
20194
19987
20195
19988
20196
19989
20197
19990
20198
19991
20199
19992
20200
19993
20201
19994
20202
19995
20203
19996
20204
19997
20205
19998
20206
19999
20207
20000
20208
20001
20209
20002
20210
20003
20211
20004
20212
20005
20213
20006
20214
20007
20215
20008
20216
20009
20217
20010
20218
20011
20219
20012
20220
20013
20221
20014
20222
20015
20223
20016
20224
20017
20225
20018
20226
20019
20227
20020
20228
20021
20229
20022
20230
20023
20231
20024
20232
20025
20233
20026
20234
20027
20235
20028
20236
20029
20237
20030
20238
20031
20239
20032
20240
20033
20241
20034
20242
20035
20243
20036
20244
20037
20245
20038
20246
20039
20247
20040
20248
20041
20249
20042
20250
20043
20251
20044
20252
20253
20046
20254
20047
20255
20048
20256
20049
20257
20050
20258
20051
20259
20052
20260
20053
20261
20054
20262
20055
20263
20056
20264
20057
20265
20058
20266
20059
20267
20060
20268
20061
20269
20062
20270
20063
20271
20064
20272
20065
20273
20066
20274
20067
20275
20068
20276
20069
20277
20070
20278
20071
20279
20072
20280
20073
20281
20074
20282
20075
20283
20076
20284
20077
20285
20078
20286
20079
20287
20080
20288
20081
20289
20082
20290
20083
20291
20084
20292
20085
20293
20086
20294
20087
20295
20088
20296
20089
20297
20090
20298
20091
20299
20092
20300
20093
20301
20094
20302
20095
20303
20096
20304
20097
20305
20098
20306
20099
20307
20100
20308
20101
20309
20102
20310
20103
20311
20104
20312
20105
20313
20106
20314
20107
20315
20108
20316
20109
20317
20110
20318
20111
20319
20112
20320
20113
20321
20114
20322
20115
20323
20116
20324
20117
20325
20118
20326
20119
20327
20120
20328
20121
20329
20122
20330
20123
20331
20124
20332
20125
20333
20126
20334
20127
20335
20128
20336
20129
20337
20130
20338
20131
20339
20132
20340
20133
20341
20134
20342
20135
20343
20136
20344
20137
20345
20346
20139
20347
20140
20348
20141
20349
20142
20350
20143
20351
20144
20352
20145
20353
20146
20354
20147
20355
20148
20356
20149
20357
20150
20358
20151
20359
20152
20360
20153
20361
20154
20362
20363
20156
20364
20157
20365
20158
20366
20159
20367
20160
20368
20161
20369
20162
20370
20163
20371
20164
20372
20165
20373
20166
20374
20167
20375
20168
20376
20169
20377
20170
20378
20171
20379
20172
20380
20381
20174
20382
20175
20383
20176
20384
20177
20385
20178
20386
20179
20387
20180
20388
20181
20389
20182
20390
20183
20391
20184
20392
20185
20393
20186
20394
20187
20395
20188
20396
20189
20397
20190
20398
20191
20399
20192
20400
20193
20401
20194
20402
20195
20403
20196
20404
20197
20405
20198
20406
20199
20407
20200
20408
20201
20409
20202
20410
20203
20411
20204
20412
20205
20413
20206
20414
20207
20415
20208
20416
20209
20417
20210
20418
20211
20419
20212
20420
20213
20421
20214
20422
20215
20423
20216
20424
20217
20425
20218
20426
20219
20427
20220
20428
20221
20429
20222
20430
20223
20431
20224
20432
20225
20433
20226
20434
20227
20435
20228
20436
20229
20437
20230
20438
20231
20439
20232
20440
20233
20441
20234
20442
20235
20443
20236
20444
20237
20445
20238
20446
20239
20447
20240
20448
20241
20449
20242
20450
20243
20451
20244
20452
20245
20453
20246
20454
20247
20455
20248
20456
20249
20457
20250
20458
20251
20459
20252
20460
20253
20461
20462
20255
20463
20256
20464
20257
20465
20258
20466
20259
20467
20260
20468
20261
20469
20262
20470
20263
20471
20264
20472
20265
20473
20266
20474
20267
20475
20268
20476
20269
20477
20270
20478
20271
20479
20272
20480
20273
20481
20274
20482
20275
20483
20276
20484
20277
20485
20278
20486
20279
20487
20280
20488
20281
20489
20282
20490
20283
20491
20284
20492
20285
20493
20286
20494
20287
20495
20288
20496
20289
20497
20290
20498
20291
20499
20292
20500
20293
20501
20294
20502
20295
20503
20296
20504
20297
20505
20298
20506
20299
20507
20300
20508
20301
20509
20302
20510
20303
20511
20304
20512
20305
20513
20306
20514
20307
20515
20308
20516
20309
20517
20310
20518
20311
20519
20312
20520
20313
20521
20314
20522
20315
20316
20317
20318
20319
20320
20321
20322
20323
20324
20325
20326
20327
20328
20329
20523
20330
20524
20331
20525
20332
20526
20333
20527
20334
20528
20335
20529
20336
20530
20337
20531
20338
20532
20339
20533
20340
20534
20341
20535
20342
20536
20343
20537
20344
20538
20345
20539
20346
20540
20541
20348
20543
20349
20544
20350
20545
20351
20546
20352
20547
20353
20548
20354
20549
20355
20550
20356
20551
20357
20552
20358
20553
20359
20554
20360
20555
20361
20556
20362
20557
20363
20558
20365
20366
20559
20367
20560
20368
20561
20369
20562
20370
20563
20371
20564
20372
20565
20373
20566
20374
20567
20375
20568
20376
20569
20377
20570
20378
20571
20379
20572
20380
20573
20381
20574
20383
20384
20575
20385
20576
20386
20577
20387
20578
20388
20579
20389
20580
20390
20581
20391
20582
20392
20583
20393
20584
20394
20585
20395
20586
20396
20587
20397
20588
20398
20589
20399
20590
20400
20591
20401
20592
20402
20593
20403
20594
20404
20595
20405
20596
20406
20597
20407
20598
20408
20599
20409
20600
20410
20411
20412
20413
20414
20415
20416
20417
20418
20419
20420
20421
20422
20423
20424
20425
20601
20426
20602
20427
20603
20428
20604
20429
20605
20430
20606
20431
20607
20432
20608
20433
20609
20434
20610
20435
20611
20436
20612
20437
20613
20438
20614
20439
20615
20440
20616
20441
20617
20442
20618
20443
20619
20444
20620
20445
20621
20446
20622
20447
20623
20448
20624
20449
20625
20450
20626
20451
20627
20452
20628
20453
20629
20454
20630
20455
20631
20456
20632
20457
20633
20458
20634
20459
20635
20460
20636
20461
20637
20462
20638
20639
20464
20640
20465
20641
20466
20642
20467
20643
20468
20644
20469
20645
20470
20646
20471
20647
20472
20648
20473
20649
20474
20650
20475
20651
20476
20652
20477
20653
20478
20654
20479
20655
20480
20656
20481
20657
20482
20658
20483
20659
20484
20660
20485
20661
20486
20662
20487
20663
20488
20664
20489
20665
20490
20666
20491
20667
20492
20668
20493
20669
20494
20670
20495
20671
20496
20672
20497
20673
20498
20674
20499
20675
20500
20676
20501
20677
20502
20678
20503
20679
20504
20680
20505
20681
20506
20682
20507
20683
20508
20684
20509
20685
20510
20686
20511
20687
20512
20688
20513
20689
20514
20690
20515
20691
20516
20692
20517
20693
20518
20694
20519
20695
20520
20696
20521
20522
20524
20525
20526
20527
20697
20528
20698
20529
20699
20530
20700
20531
20701
20532
20702
20533
20703
20534
20704
20535
20705
20536
20706
20537
20707
20538
20708
20539
20709
20540
20710
20541
20711
20542
20712
20713
20544
20714
20545
20715
20546
20716
20547
20717
20548
20718
20549
20719
20550
20720
20551
20721
20552
20722
20553
20723
20554
20724
20555
20725
20556
20726
20557
20727
20558
20728
20729
20560
20561
20730
20562
20731
20563
20732
20564
20733
20565
20734
20566
20735
20567
20736
20568
20737
20569
20738
20570
20739
20571
20740
20572
20741
20573
20742
20574
20743
20744
20576
20745
20577
20746
20578
20747
20579
20748
20580
20749
20581
20750
20582
20751
20583
20752
20584
20753
20585
20754
20586
20755
20587
20756
20588
20757
20589
20758
20590
20759
20591
20760
20592
20761
20593
20762
20594
20763
20595
20764
20596
20765
20597
20766
20598
20599
20600
20602
20603
20604
20605
20767
20606
20768
20607
20769
20608
20770
20609
20771
20610
20772
20611
20773
20612
20774
20613
20775
20614
20776
20615
20777
20616
20778
20617
20779
20618
20780
20619
20781
20620
20782
20621
20783
20622
20784
20623
20785
20624
20786
20625
20787
20626
20788
20627
20789
20628
20790
20629
20791
20630
20792
20631
20793
20632
20794
20633
20795
20634
20796
20635
20797
20636
20798
20637
20799
20638
20800
20639
20801
20802
20641
20803
20642
20804
20643
20805
20644
20806
20645
20807
20646
20808
20647
20809
20648
20810
20649
20811
20650
20812
20651
20813
20652
20814
20653
20815
20654
20816
20655
20817
20656
20818
20657
20819
20658
20820
20659
20821
20660
20822
20661
20823
20662
20824
20663
20825
20664
20826
20665
20827
20666
20828
20667
20829
20668
20830
20669
20831
20670
20832
20671
20833
20672
20834
20673
20835
20674
20836
20675
20837
20676
20838
20677
20839
20678
20840
20679
20841
20680
20842
20681
20843
20682
20844
20683
20845
20684
20846
20685
20847
20686
20848
20687
20849
20688
20850
20689
20851
20690
20852
20691
20853
20692
20854
20693
20855
20694
20856
20695
20696
20698
20699
20700
20857
20701
20858
20702
20859
20703
20860
20704
20861
20705
20862
20706
20863
20707
20864
20708
20865
20709
20866
20710
20867
20711
20868
20712
20869
20713
20870
20871
20715
20873
20716
20874
20717
20875
20718
20876
20719
20877
20720
20878
20721
20879
20722
20880
20723
20881
20724
20882
20725
20883
20726
20884
20727
20885
20728
20886
20729
20887
20731
20888
20732
20889
20733
20890
20734
20891
20735
20892
20736
20893
20737
20894
20738
20895
20739
20896
20740
20897
20741
20898
20742
20899
20743
20900
20744
20901
20902
20746
20903
20747
20904
20748
20905
20749
20906
20750
20907
20751
20908
20752
20909
20753
20910
20754
20911
20755
20912
20756
20913
20757
20914
20758
20915
20759
20916
20760
20917
20761
20918
20762
20919
20763
20920
20764
20921
20765
20922
20766
20768
20769
20770
20771
20923
20772
20924
20773
20925
20774
20926
20775
20927
20776
20928
20777
20929
20778
20930
20779
20931
20780
20932
20781
20933
20782
20934
20783
20935
20784
20936
20785
20937
20786
20938
20787
20939
20788
20940
20789
20941
20790
20942
20791
20943
20792
20944
20793
20945
20794
20946
20795
20947
20796
20948
20797
20949
20798
20950
20799
20951
20800
20952
20801
20953
20802
20954
20955
20804
20956
20805
20957
20806
20958
20807
20959
20808
20960
20809
20961
20810
20962
20811
20963
20812
20964
20813
20965
20814
20966
20815
20967
20816
20968
20817
20969
20818
20970
20819
20971
20820
20972
20821
20973
20822
20974
20823
20975
20824
20976
20825
20977
20826
20978
20827
20979
20828
20980
20829
20981
20830
20982
20831
20983
20832
20984
20833
20985
20834
20986
20835
20987
20836
20988
20837
20989
20838
20990
20839
20991
20840
20992
20841
20993
20842
20994
20843
20995
20844
20996
20845
20997
20846
20998
20847
20999
20848
21000
20849
21001
20850
21002
20851
21003
20852
21004
20853
21005
20854
21006
20855
21007
20856
21008
20858
20859
20860
21009
20861
21010
20862
21011
20863
21012
20864
21013
20865
21014
20866
21015
20867
21016
20868
21017
20869
21018
20870
21019
20871
21020
21021
20873
21022
20874
21023
20875
21024
20876
21025
20877
21026
20878
21027
20879
21028
20880
21029
20881
21030
20882
21031
20883
21032
20884
21033
20885
21034
20886
21035
20887
21036
21037
20889
21038
20890
21039
20891
21040
20892
21041
20893
21042
20894
21043
20895
21044
20896
21045
20897
21046
20898
21047
20899
21048
20900
21049
20901
21050
20902
21051
21052
20904
21053
20905
21054
20906
21055
20907
21056
20908
21057
20909
21058
20910
21059
20911
21060
20912
21061
20913
21062
20914
21063
20915
21064
20916
21065
20917
21066
20918
21067
20919
21068
20920
21069
20921
21070
20922
20924
20925
20926
21071
20927
21072
20928
21073
20929
21074
20930
21075
20931
21076
20932
21077
20933
21078
20934
21079
20935
21080
20936
21081
20937
21082
20938
21083
20939
21084
20940
21085
20941
21086
20942
21087
20943
21088
20944
21089
20945
21090
20946
21091
20947
21092
20948
21093
20949
21094
20950
21095
20951
21096
20952
21097
20953
21098
20954
21099
20955
21100
21101
20957
21102
20958
21103
20959
21104
20960
21105
20961
21106
20962
21107
20963
21108
20964
21109
20965
21110
20966
21111
20967
21112
20968
21113
20969
21114
20970
21115
20971
21116
20972
21117
20973
21118
20974
21119
20975
21120
20976
21121
20977
21122
20978
21123
20979
21124
20980
21125
20981
21126
20982
21127
20983
21128
20984
21129
20985
21130
20986
21131
20987
21132
20988
21133
20989
21134
20990
21135
20991
21136
20992
21137
20993
21138
20994
21139
20995
21140
20996
21141
20997
21142
20998
21143
20999
21144
21000
21145
21001
21146
21002
21147
21003
21148
21004
21149
21005
21150
21006
21151
21007
21152
21008
21010
21011
21153
21012
21154
21013
21155
21014
21156
21015
21157
21016
21158
21017
21159
21018
21160
21019
21161
21020
21162
21021
21163
21164
21023
21166
21024
21167
21025
21168
21026
21169
21027
21170
21028
21171
21029
21172
21030
21173
21031
21174
21032
21175
21033
21176
21034
21177
21035
21178
21036
21179
21037
21180
21039
21040
21181
21041
21182
21042
21183
21043
21184
21044
21185
21045
21186
21046
21187
21047
21188
21048
21189
21049
21190
21050
21191
21051
21192
21052
21193
21194
21054
21195
21055
21196
21056
21197
21057
21198
21058
21199
21059
21200
21060
21201
21061
21202
21062
21203
21063
21204
21064
21205
21065
21206
21066
21207
21067
21208
21068
21209
21069
21210
21070
21072
21073
21074
21211
21075
21212
21076
21213
21077
21214
21078
21215
21079
21216
21080
21217
21081
21218
21082
21219
21083
21220
21084
21221
21085
21222
21086
21223
21087
21224
21088
21225
21089
21226
21090
21227
21091
21228
21092
21229
21093
21230
21094
21231
21095
21232
21096
21233
21097
21234
21098
21235
21099
21236
21100
21237
21101
21238
21239
21103
21240
21104
21241
21105
21242
21106
21243
21107
21244
21108
21245
21109
21246
21110
21247
21111
21248
21112
21249
21113
21250
21114
21251
21115
21252
21116
21253
21117
21254
21118
21255
21119
21256
21120
21257
21121
21258
21122
21259
21123
21260
21124
21261
21125
21262
21126
21263
21127
21264
21128
21265
21129
21266
21130
21267
21131
21268
21132
21269
21133
21270
21134
21271
21135
21272
21136
21273
21137
21274
21138
21275
21139
21276
21140
21277
21141
21278
21142
21279
21143
21280
21144
21281
21145
21282
21146
21283
21147
21284
21148
21285
21149
21286
21150
21287
21151
21288
21152
21289
21154
21155
21156
21290
21157
21291
21158
21292
21159
21293
21160
21294
21161
21295
21162
21296
21163
21297
21164
21298
21165
21299
21300
21167
21302
21168
21303
21169
21304
21170
21305
21171
21306
21172
21307
21173
21308
21174
21309
21175
21310
21176
21311
21177
21312
21178
21313
21179
21314
21180
21315
21316
21182
21317
21183
21318
21184
21319
21185
21320
21186
21321
21187
21322
21188
21323
21189
21324
21190
21325
21191
21326
21192
21327
21193
21328
21194
21329
21330
21196
21331
21197
21332
21198
21333
21199
21334
21200
21335
21201
21336
21202
21337
21203
21338
21204
21339
21205
21340
21206
21341
21207
21342
21208
21343
21209
21344
21210
21212
21213
21345
21214
21346
21215
21347
21216
21348
21217
21349
21218
21350
21219
21351
21220
21352
21221
21353
21222
21354
21223
21355
21224
21356
21225
21357
21226
21358
21227
21359
21228
21360
21229
21361
21230
21362
21231
21363
21232
21364
21233
21365
21234
21366
21235
21367
21236
21368
21237
21369
21238
21370
21239
21371
21372
21241
21373
21242
21374
21243
21375
21244
21376
21245
21377
21246
21378
21247
21379
21248
21380
21249
21381
21250
21382
21251
21383
21252
21384
21253
21385
21254
21386
21255
21387
21256
21388
21257
21389
21258
21390
21259
21391
21260
21392
21261
21393
21262
21394
21263
21395
21264
21396
21265
21397
21266
21398
21267
21399
21268
21400
21269
21401
21270
21402
21271
21403
21272
21404
21273
21405
21274
21406
21275
21407
21276
21408
21277
21409
21278
21410
21279
21411
21280
21412
21281
21413
21282
21414
21283
21415
21284
21416
21285
21417
21286
21418
21287
21419
21288
21420
21289
21291
21292
21421
21293
21422
21294
21423
21295
21424
21296
21425
21297
21426
21298
21427
21299
21428
21300
21429
21430
21302
21431
21303
21432
21304
21433
21305
21434
21306
21435
21307
21436
21308
21437
21309
21438
21310
21439
21311
21440
21312
21441
21313
21442
21314
21443
21315
21444
21316
21445
21446
21318
21447
21319
21448
21320
21449
21321
21450
21322
21451
21323
21452
21324
21453
21325
21454
21326
21455
21327
21456
21328
21457
21329
21458
21330
21459
21460
21332
21461
21333
21462
21334
21463
21335
21464
21336
21465
21337
21466
21338
21467
21339
21468
21340
21469
21341
21470
21342
21471
21343
21472
21344
21473
21346
21347
21348
21474
21349
21475
21350
21476
21351
21477
21352
21478
21353
21479
21354
21480
21355
21481
21356
21482
21357
21483
21358
21484
21359
21485
21360
21486
21361
21487
21362
21488
21363
21489
21364
21490
21365
21491
21366
21492
21367
21493
21368
21494
21369
21495
21370
21496
21371
21497
21372
21498
21499
21374
21500
21375
21501
21376
21502
21377
21503
21378
21504
21379
21505
21380
21506
21381
21507
21382
21508
21383
21509
21384
21510
21385
21511
21386
21512
21387
21513
21388
21514
21389
21515
21390
21516
21391
21517
21392
21518
21393
21519
21394
21520
21395
21521
21396
21522
21397
21523
21398
21524
21399
21525
21400
21526
21401
21527
21402
21528
21403
21529
21404
21530
21405
21531
21406
21532
21407
21533
21408
21534
21409
21535
21410
21536
21411
21537
21412
21538
21413
21539
21414
21540
21415
21541
21416
21542
21417
21543
21418
21544
21419
21545
21420
21546
21422
21423
21547
21424
21548
21425
21549
21426
21550
21427
21551
21428
21552
21429
21553
21430
21554
21555
21432
21557
21433
21558
21434
21559
21435
21560
21436
21561
21437
21562
21438
21563
21439
21564
21440
21565
21441
21566
21442
21567
21443
21568
21444
21569
21445
21570
21446
21571
21448
21449
21572
21450
21573
21451
21574
21452
21575
21453
21576
21454
21577
21455
21578
21456
21579
21457
21580
21458
21581
21459
21582
21460
21583
21584
21462
21585
21463
21586
21464
21587
21465
21588
21466
21589
21467
21590
21468
21591
21469
21592
21470
21593
21471
21594
21472
21595
21473
21596
21475
21476
21597
21477
21598
21478
21599
21479
21600
21480
21601
21481
21602
21482
21603
21483
21604
21484
21605
21485
21606
21486
21607
21487
21608
21488
21609
21489
21610
21490
21611
21491
21612
21492
21613
21493
21614
21494
21615
21495
21616
21496
21617
21497
21618
21498
21619
21499
21620
21621
21501
21622
21502
21623
21503
21624
21504
21625
21505
21626
21506
21627
21507
21628
21508
21629
21509
21630
21510
21631
21511
21632
21512
21633
21513
21634
21514
21635
21515
21636
21516
21637
21517
21638
21518
21639
21519
21640
21520
21641
21521
21642
21522
21643
21523
21644
21524
21645
21525
21646
21526
21647
21527
21648
21528
21649
21529
21650
21530
21651
21531
21652
21532
21653
21533
21654
21534
21655
21535
21656
21536
21657
21537
21658
21538
21659
21539
21660
21540
21661
21541
21662
21542
21663
21543
21664
21544
21665
21545
21666
21546
21667
21548
21549
21668
21550
21669
21551
21670
21552
21671
21553
21672
21554
21673
21555
21674
21556
21675
21676
21558
21678
21559
21679
21560
21680
21561
21681
21562
21682
21563
21683
21564
21684
21565
21685
21566
21686
21567
21687
21568
21688
21569
21689
21570
21690
21571
21691
21692
21573
21693
21574
21694
21575
21695
21576
21696
21577
21697
21578
21698
21579
21699
21580
21700
21581
21701
21582
21702
21583
21703
21584
21704
21705
21586
21706
21587
21707
21588
21708
21589
21709
21590
21710
21591
21711
21592
21712
21593
21713
21594
21714
21595
21715
21596
21598
21599
21716
21600
21717
21601
21718
21602
21719
21603
21720
21604
21721
21605
21722
21606
21723
21607
21724
21608
21725
21609
21726
21610
21727
21611
21728
21612
21729
21613
21730
21614
21731
21615
21732
21616
21733
21617
21734
21618
21735
21619
21736
21620
21737
21621
21738
21739
21623
21740
21624
21741
21625
21742
21626
21743
21627
21744
21628
21745
21629
21746
21630
21747
21631
21748
21632
21749
21633
21750
21634
21751
21635
21752
21636
21753
21637
21754
21638
21755
21639
21756
21640
21757
21641
21758
21642
21759
21643
21760
21644
21761
21645
21762
21646
21763
21647
21764
21648
21765
21649
21766
21650
21767
21651
21768
21652
21769
21653
21770
21654
21771
21655
21772
21656
21773
21657
21774
21658
21775
21659
21776
21660
21777
21661
21778
21662
21779
21663
21780
21664
21781
21665
21782
21666
21783
21667
21784
21785
21669
21670
21786
21671
21787
21672
21788
21673
21789
21674
21790
21675
21791
21676
21792
21793
21678
21795
21679
21796
21680
21797
21681
21798
21682
21799
21683
21800
21684
21801
21685
21802
21686
21803
21687
21804
21688
21805
21689
21806
21690
21807
21691
21808
21692
21809
21810
21694
21811
21695
21812
21696
21813
21697
21814
21698
21815
21699
21816
21700
21817
21701
21818
21702
21819
21703
21820
21704
21821
21705
21822
21823
21707
21824
21708
21825
21709
21826
21710
21827
21711
21828
21712
21829
21713
21830
21714
21831
21715
21832
21717
21718
21833
21719
21834
21720
21835
21721
21836
21722
21837
21723
21838
21724
21839
21725
21840
21726
21841
21727
21842
21728
21843
21729
21844
21730
21845
21731
21846
21732
21847
21733
21848
21734
21849
21735
21850
21736
21851
21737
21852
21738
21853
21739
21854
21855
21741
21856
21742
21857
21743
21858
21744
21859
21745
21860
21746
21861
21747
21862
21748
21863
21749
21864
21750
21865
21751
21866
21752
21867
21753
21868
21754
21869
21755
21870
21756
21871
21757
21872
21758
21873
21759
21874
21760
21875
21761
21876
21762
21877
21763
21878
21764
21879
21765
21880
21766
21881
21767
21882
21768
21883
21769
21884
21770
21885
21771
21886
21772
21887
21773
21888
21774
21889
21775
21890
21776
21891
21777
21892
21778
21893
21779
21894
21780
21895
21781
21896
21782
21897
21783
21898
21784
21899
21785
21900
21787
21788
21901
21789
21902
21790
21903
21791
21904
21792
21905
21793
21906
21794
21907
21908
21796
21910
21797
21911
21798
21912
21799
21913
21800
21914
21801
21915
21802
21916
21803
21917
21804
21918
21805
21919
21806
21920
21807
21921
21808
21922
21809
21923
21810
21924
21925
21812
21926
21813
21927
21814
21928
21815
21929
21816
21930
21817
21931
21818
21932
21819
21933
21820
21934
21821
21935
21822
21936
21823
21937
21938
21825
21939
21826
21940
21827
21941
21828
21942
21829
21943
21830
21944
21831
21945
21832
21946
21834
21835
21947
21836
21948
21837
21949
21838
21950
21839
21951
21840
21952
21841
21953
21842
21954
21843
21955
21844
21956
21845
21957
21846
21958
21847
21959
21848
21960
21849
21961
21850
21962
21851
21963
21852
21964
21853
21965
21854
21966
21855
21967
21968
21857
21969
21858
21970
21859
21971
21860
21972
21861
21973
21862
21974
21863
21975
21864
21976
21865
21977
21866
21978
21867
21979
21868
21980
21869
21981
21870
21982
21871
21983
21872
21984
21873
21985
21874
21986
21875
21987
21876
21988
21877
21989
21878
21990
21879
21991
21880
21992
21881
21993
21882
21994
21883
21995
21884
21996
21885
21997
21886
21998
21887
21999
21888
22000
21889
22001
21890
22002
21891
22003
21892
22004
21893
22005
21894
22006
21895
22007
21896
22008
21897
22009
21898
22010
21899
22011
21900
22012
21902
22013
21903
22014
21904
22015
21905
22016
21906
22017
21907
22018
21908
22019
22020
21910
22023
21911
22024
21912
22025
21913
22026
21914
22027
21915
22028
21916
22029
21917
22030
21918
22031
21919
22032
21920
22033
21921
22034
21922
22035
21923
22036
21924
22037
21925
22038
22039
21927
22040
21928
22041
21929
22042
21930
22043
21931
22044
21932
22045
21933
22046
21934
22047
21935
22048
21936
22049
21937
22050
21938
22051
22052
21940
22053
21941
22054
21942
22055
21943
22056
21944
22057
21945
22058
21946
22059
22060
21948
21949
22061
21950
22062
21951
22063
21952
22064
21953
22065
21954
22066
21955
22067
21956
22068
21957
22069
21958
22070
21959
22071
21960
22072
21961
22073
21962
22074
21963
22075
21964
22076
21965
22077
21966
22078
21967
22079
21968
22080
22081
21970
22082
21971
22083
21972
22084
21973
22085
21974
22086
21975
22087
21976
22088
21977
22089
21978
22090
21979
22091
21980
22092
21981
22093
21982
22094
21983
22095
21984
22096
21985
22097
21986
22098
21987
22099
21988
22100
21989
22101
21990
22102
21991
22103
21992
22104
21993
22105
21994
22106
21995
22107
21996
22108
21997
22109
21998
22110
21999
22111
22000
22112
22001
22113
22002
22114
22003
22115
22004
22116
22005
22117
22006
22118
22007
22119
22008
22120
22009
22121
22010
22122
22011
22123
22012
22124
22014
22015
22125
22016
22126
22017
22127
22018
22128
22019
22129
22020
22130
22021
22131
22132
22023
22134
22024
22135
22025
22136
22026
22137
22027
22138
22028
22139
22029
22140
22030
22141
22031
22142
22032
22143
22033
22144
22034
22145
22035
22146
22036
22147
22037
22148
22038
22149
22039
22150
22151
22041
22152
22042
22153
22043
22154
22044
22155
22045
22156
22046
22157
22047
22158
22048
22159
22049
22160
22050
22161
22051
22162
22052
22163
22164
22054
22165
22055
22166
22056
22167
22057
22168
22058
22169
22059
22170
22060
22171
22062
22063
22172
22064
22173
22065
22174
22066
22175
22067
22176
22068
22177
22069
22178
22070
22179
22071
22180
22072
22181
22073
22182
22074
22183
22075
22184
22076
22185
22077
22186
22078
22187
22079
22188
22080
22189
22081
22190
22191
22083
22192
22084
22193
22085
22194
22086
22195
22087
22196
22088
22197
22089
22198
22090
22199
22091
22200
22092
22201
22093
22202
22094
22203
22095
22204
22096
22205
22097
22206
22098
22207
22099
22208
22100
22209
22101
22210
22102
22211
22103
22212
22104
22213
22105
22214
22106
22215
22107
22216
22108
22217
22109
22218
22110
22219
22111
22220
22112
22221
22113
22222
22114
22223
22115
22224
22116
22225
22117
22226
22118
22227
22119
22228
22120
22229
22121
22230
22122
22231
22123
22232
22124
22233
22234
22126
22127
22235
22128
22236
22129
22237
22130
22238
22131
22239
22132
22240
22133
22241
22242
22135
22244
22136
22245
22137
22246
22138
22247
22139
22248
22140
22249
22141
22250
22142
22251
22143
22252
22144
22253
22145
22254
22146
22255
22147
22256
22148
22257
22149
22258
22150
22259
22151
22260
22261
22153
22262
22154
22263
22155
22264
22156
22265
22157
22266
22158
22267
22159
22268
22160
22269
22161
22270
22162
22271
22163
22272
22164
22273
22274
22166
22277
22167
22278
22168
22279
22169
22280
22170
22281
22171
22282
22173
22174
22283
22175
22284
22176
22285
22177
22286
22178
22287
22179
22288
22180
22289
22181
22290
22182
22291
22183
22292
22184
22293
22185
22294
22186
22295
22187
22296
22188
22297
22189
22298
22190
22299
22191
22300
22301
22193
22302
22194
22303
22195
22304
22196
22305
22197
22306
22198
22307
22199
22308
22200
22309
22201
22310
22202
22311
22203
22312
22204
22313
22205
22314
22206
22315
22207
22316
22208
22317
22209
22318
22210
22319
22211
22320
22212
22321
22213
22322
22214
22323
22215
22324
22216
22325
22217
22326
22218
22327
22219
22328
22220
22329
22221
22330
22222
22331
22223
22332
22224
22333
22225
22334
22226
22335
22227
22336
22228
22337
22229
22338
22230
22339
22231
22340
22232
22341
22233
22342
22234
22343
22236
22344
22237
22345
22238
22346
22239
22347
22240
22348
22241
22349
22242
22350
22351
22244
22354
22245
22355
22246
22356
22247
22357
22248
22358
22249
22359
22250
22360
22251
22361
22252
22362
22253
22363
22254
22364
22255
22365
22256
22366
22257
22367
22258
22368
22259
22369
22260
22370
22261
22371
22372
22263
22373
22264
22374
22265
22375
22266
22376
22267
22377
22268
22378
22269
22379
22270
22380
22271
22381
22272
22382
22273
22383
22274
22384
22275
22385
22386
22277
22387
22278
22388
22279
22389
22280
22390
22281
22391
22282
22392
22284
22393
22285
22394
22286
22395
22287
22396
22288
22397
22289
22398
22290
22399
22291
22400
22292
22401
22293
22402
22294
22403
22295
22404
22296
22405
22297
22406
22298
22407
22299
22408
22300
22409
22301
22410
22411
22303
22412
22304
22413
22305
22414
22306
22415
22307
22416
22308
22417
22309
22418
22310
22419
22311
22420
22312
22421
22313
22422
22314
22423
22315
22424
22316
22425
22317
22426
22318
22427
22319
22428
22320
22429
22321
22430
22322
22431
22323
22432
22324
22433
22325
22434
22326
22435
22327
22436
22328
22437
22329
22438
22330
22439
22331
22440
22332
22441
22333
22442
22334
22443
22335
22444
22336
22445
22337
22446
22338
22447
22339
22448
22340
22449
22341
22450
22342
22451
22343
22452
22453
22345
22346
22454
22347
22455
22348
22456
22349
22457
22350
22458
22351
22459
22352
22460
22461
22354
22463
22355
22464
22356
22465
22357
22466
22358
22467
22359
22468
22360
22469
22361
22470
22362
22471
22363
22472
22364
22473
22365
22474
22366
22475
22367
22476
22368
22477
22369
22478
22370
22479
22371
22480
22372
22481
22482
22374
22483
22375
22484
22376
22485
22377
22486
22378
22487
22379
22488
22380
22489
22381
22490
22382
22491
22383
22492
22384
22493
22385
22494
22386
22495
22496
22388
22497
22389
22498
22390
22499
22391
22500
22392
22501
22502
22394
22395
22503
22396
22504
22397
22505
22398
22506
22399
22507
22400
22508
22401
22509
22402
22510
22403
22511
22404
22512
22405
22513
22406
22514
22407
22515
22408
22516
22409
22517
22410
22518
22411
22519
22520
22413
22521
22414
22522
22415
22523
22416
22524
22417
22525
22418
22526
22419
22527
22420
22528
22421
22529
22422
22530
22423
22531
22424
22532
22425
22533
22426
22534
22427
22535
22428
22536
22429
22537
22430
22538
22431
22539
22432
22540
22433
22541
22434
22542
22435
22543
22436
22544
22437
22545
22438
22546
22439
22547
22440
22548
22441
22549
22442
22550
22443
22551
22444
22552
22445
22553
22446
22554
22447
22555
22448
22556
22449
22557
22450
22558
22451
22559
22452
22560
22453
22561
22455
22562
22456
22563
22457
22564
22458
22565
22459
22566
22460
22567
22461
22568
22462
22569
22570
22464
22573
22465
22574
22466
22575
22467
22576
22468
22577
22469
22578
22470
22579
22471
22580
22472
22581
22473
22582
22474
22583
22475
22584
22476
22585
22477
22586
22478
22587
22479
22588
22480
22589
22481
22590
22482
22591
22592
22484
22593
22485
22594
22486
22595
22487
22596
22488
22597
22489
22598
22490
22599
22491
22600
22492
22601
22493
22602
22494
22603
22495
22604
22496
22605
22606
22498
22609
22499
22610
22500
22611
22501
22612
22502
22613
22504
22505
22614
22506
22615
22507
22616
22508
22617
22509
22618
22510
22619
22511
22620
22512
22621
22513
22622
22514
22623
22515
22624
22516
22625
22517
22626
22518
22627
22519
22628
22520
22629
22630
22522
22631
22523
22632
22524
22633
22525
22634
22526
22635
22527
22636
22528
22637
22529
22638
22530
22639
22531
22640
22532
22641
22533
22642
22534
22643
22535
22644
22536
22645
22537
22646
22538
22647
22539
22648
22540
22649
22541
22650
22542
22651
22543
22652
22544
22653
22545
22654
22546
22655
22547
22656
22548
22657
22549
22658
22550
22659
22551
22660
22552
22661
22553
22662
22554
22663
22555
22664
22556
22665
22557
22666
22558
22667
22559
22668
22560
22669
22561
22670
22671
22563
22672
22564
22673
22565
22674
22566
22675
22567
22676
22568
22677
22569
22678
22570
22679
22571
22680
22681
22573
22684
22574
22685
22575
22686
22576
22687
22577
22688
22578
22689
22579
22690
22580
22691
22581
22692
22582
22693
22583
22694
22584
22695
22585
22696
22586
22697
22587
22698
22588
22699
22589
22700
22590
22701
22591
22702
22592
22703
22704
22594
22705
22595
22706
22596
22707
22597
22708
22598
22709
22599
22710
22600
22711
22601
22712
22602
22713
22603
22714
22604
22715
22605
22716
22606
22717
22607
22718
22719
22609
22720
22610
22721
22611
22722
22612
22723
22613
22724
22615
22725
22616
22726
22617
22727
22618
22728
22619
22729
22620
22730
22621
22731
22622
22732
22623
22733
22624
22734
22625
22735
22626
22736
22627
22737
22628
22738
22629
22739
22630
22740
22741
22632
22742
22633
22743
22634
22744
22635
22745
22636
22746
22637
22747
22638
22748
22639
22749
22640
22750
22641
22751
22642
22752
22643
22753
22644
22754
22645
22755
22646
22756
22647
22757
22648
22758
22649
22759
22650
22760
22651
22761
22652
22762
22653
22763
22654
22764
22655
22765
22656
22766
22657
22767
22658
22768
22659
22769
22660
22770
22661
22771
22662
22772
22663
22773
22664
22774
22665
22775
22666
22776
22667
22777
22668
22778
22669
22779
22670
22780
22671
22781
22782
22673
22674
22783
22675
22784
22676
22785
22677
22786
22678
22787
22679
22788
22680
22789
22681
22790
22682
22791
22792
22684
22795
22685
22796
22686
22797
22687
22798
22688
22799
22689
22800
22690
22801
22691
22802
22692
22803
22693
22804
22694
22805
22695
22806
22696
22807
22697
22808
22698
22809
22699
22810
22700
22811
22701
22812
22702
22813
22703
22814
22704
22815
22816
22706
22817
22707
22818
22708
22819
22709
22820
22710
22821
22711
22822
22712
22823
22713
22824
22714
22825
22715
22826
22716
22827
22717
22828
22718
22829
22719
22830
22831
22721
22834
22722
22835
22723
22836
22724
22837
22838
22726
22727
22839
22728
22840
22729
22841
22730
22842
22731
22843
22732
22844
22733
22845
22734
22846
22735
22847
22736
22848
22737
22849
22738
22850
22739
22851
22740
22852
22741
22853
22854
22743
22855
22744
22856
22745
22857
22746
22858
22747
22859
22748
22860
22749
22861
22750
22862
22751
22863
22752
22864
22753
22865
22754
22866
22755
22867
22756
22868
22757
22869
22758
22870
22759
22871
22760
22872
22761
22873
22762
22874
22763
22875
22764
22876
22765
22877
22766
22878
22767
22879
22768
22880
22769
22881
22770
22882
22771
22883
22772
22884
22773
22885
22774
22886
22775
22887
22776
22888
22777
22889
22778
22890
22779
22891
22780
22892
22781
22893
22782
22894
22784
22895
22785
22896
22786
22897
22787
22898
22788
22899
22789
22900
22790
22901
22791
22902
22792
22903
22793
22904
22905
22795
22909
22796
22910
22797
22911
22798
22912
22799
22913
22800
22914
22801
22915
22802
22916
22803
22917
22804
22918
22805
22919
22806
22920
22807
22921
22808
22922
22809
22923
22810
22924
22811
22925
22812
22926
22813
22927
22814
22928
22815
22929
22816
22930
22931
22818
22932
22819
22933
22820
22934
22821
22935
22822
22936
22823
22937
22824
22938
22825
22939
22826
22940
22827
22941
22828
22942
22829
22943
22830
22944
22831
22945
22832
22946
22947
22834
22950
22835
22951
22836
22952
22837
22953
22838
22954
22840
22955
22841
22956
22842
22957
22843
22958
22844
22959
22845
22960
22846
22961
22847
22962
22848
22963
22849
22964
22850
22965
22851
22966
22852
22967
22853
22968
22854
22969
22970
22856
22971
22857
22972
22858
22973
22859
22974
22860
22975
22861
22976
22862
22977
22863
22978
22864
22979
22865
22980
22866
22981
22867
22982
22868
22983
22869
22984
22870
22985
22871
22986
22872
22987
22873
22988
22874
22989
22875
22990
22876
22991
22877
22992
22878
22993
22879
22994
22880
22995
22881
22996
22882
22997
22883
22998
22884
22999
22885
23000
22886
23001
22887
23002
22888
23003
22889
23004
22890
23005
22891
23006
22892
23007
22893
23008
22894
23009
23010
22896
23011
22897
23012
22898
23013
22899
23014
22900
23015
22901
23016
22902
23017
22903
23018
22904
23019
22905
23020
22906
23021
23022
22908
23025
22909
23026
22910
23027
22911
23028
22912
23029
22913
23030
22914
23031
22915
23032
22916
23033
22917
23034
22918
23035
22919
23036
22920
23037
22921
23038
22922
23039
22923
23040
22924
23041
22925
23042
22926
23043
22927
23044
22928
23045
22929
23046
22930
23047
22931
23048
23049
22933
23052
22934
23053
22935
23054
22936
23055
22937
23056
22938
23057
22939
23058
22940
23059
22941
23060
22942
23061
22943
23062
22944
23063
22945
23064
22946
23065
22947
23066
22948
23067
23068
22950
23071
22951
23072
22952
23073
22953
23074
22954
23075
23076
22956
22957
23077
22958
23078
22959
23079
22960
23080
22961
23081
22962
23082
22963
23083
22964
23084
22965
23085
22966
23086
22967
23087
22968
23088
22969
23089
22970
23090
23091
22972
23092
22973
23093
22974
23094
22975
23095
22976
23096
22977
23097
22978
23098
22979
23099
22980
23100
22981
23101
22982
23102
22983
23103
22984
23104
22985
23105
22986
23106
22987
23107
22988
23108
22989
23109
22990
23110
22991
23111
22992
23112
22993
23113
22994
23114
22995
23115
22996
23116
22997
23117
22998
23118
22999
23119
23000
23120
23001
23121
23002
23122
23003
23123
23004
23124
23005
23125
23006
23126
23007
23127
23008
23128
23009
23129
23010
23130
23131
23012
23132
23013
23133
23014
23134
23015
23135
23016
23136
23017
23137
23018
23138
23019
23139
23020
23140
23021
23141
23022
23142
23023
23143
23144
23025
23147
23026
23148
23027
23149
23028
23150
23029
23151
23030
23152
23031
23153
23032
23154
23033
23155
23034
23156
23035
23157
23036
23158
23037
23159
23038
23160
23039
23161
23040
23162
23041
23163
23042
23164
23043
23165
23044
23166
23045
23167
23046
23168
23047
23169
23048
23170
23049
23171
23050
23172
23173
23052
23174
23053
23175
23054
23176
23055
23177
23056
23178
23057
23179
23058
23180
23059
23181
23060
23182
23061
23183
23062
23184
23063
23185
23064
23186
23065
23187
23066
23188
23067
23189
23068
23190
23069
23191
23192
23071
23194
23072
23195
23073
23196
23074
23197
23075
23198
23076
23199
23200
23078
23201
23079
23202
23080
23203
23081
23204
23082
23205
23083
23206
23084
23207
23085
23208
23086
23209
23087
23210
23088
23211
23089
23212
23090
23213
23091
23214
23215
23093
23216
23094
23217
23095
23218
23096
23219
23097
23220
23098
23221
23099
23222
23100
23223
23101
23224
23102
23225
23103
23226
23104
23227
23105
23228
23106
23229
23107
23230
23108
23231
23109
23232
23110
23233
23111
23234
23112
23235
23113
23236
23114
23237
23115
23238
23116
23239
23117
23240
23118
23241
23119
23242
23120
23243
23121
23244
23122
23245
23123
23246
23124
23247
23125
23248
23126
23249
23127
23250
23128
23251
23129
23252
23130
23253
23131
23254
23255
23133
23134
23256
23135
23257
23136
23258
23137
23259
23138
23260
23139
23261
23140
23262
23141
23263
23142
23264
23143
23265
23144
23266
23145
23267
23268
23147
23273
23148
23274
23149
23275
23150
23276
23151
23277
23152
23278
23153
23279
23154
23280
23155
23281
23156
23282
23157
23283
23158
23284
23159
23285
23160
23286
23161
23287
23162
23288
23163
23289
23164
23290
23165
23291
23166
23292
23167
23293
23168
23294
23169
23295
23170
23296
23171
23297
23172
23298
23173
23299
23300
23175
23301
23176
23302
23177
23303
23178
23304
23179
23305
23180
23306
23181
23307
23182
23308
23183
23309
23184
23310
23185
23311
23186
23312
23187
23313
23188
23314
23189
23315
23190
23316
23191
23317
23192
23318
23193
23319
23320
23195
23324
23196
23325
23197
23326
23198
23327
23199
23328
23200
23329
23202
23330
23203
23331
23204
23332
23205
23333
23206
23334
23207
23335
23208
23336
23209
23337
23210
23338
23211
23339
23212
23340
23213
23341
23214
23342
23215
23343
23344
23217
23345
23218
23346
23219
23347
23220
23348
23221
23349
23222
23350
23223
23351
23224
23352
23225
23353
23226
23354
23227
23355
23228
23356
23229
23357
23230
23358
23231
23359
23232
23360
23233
23361
23234
23362
23235
23363
23236
23364
23237
23365
23238
23366
23239
23367
23240
23368
23241
23369
23242
23370
23243
23371
23244
23372
23245
23373
23246
23374
23247
23375
23248
23376
23249
23377
23250
23378
23251
23379
23252
23380
23253
23381
23254
23382
23255
23383
23384
23257
23385
23258
23386
23259
23387
23260
23388
23261
23389
23262
23390
23263
23391
23264
23392
23265
23393
23266
23394
23267
23395
23268
23396
23269
23397
23270
23398
23399
23272
23403
23273
23404
23274
23405
23275
23406
23276
23407
23277
23408
23278
23409
23279
23410
23280
23411
23281
23412
23282
23413
23283
23414
23284
23415
23285
23416
23286
23417
23287
23418
23288
23419
23289
23420
23290
23421
23291
23422
23292
23423
23293
23424
23294
23425
23295
23426
23296
23427
23297
23428
23298
23429
23299
23430
23300
23431
23432
23302
23435
23303
23436
23304
23437
23305
23438
23306
23439
23307
23440
23308
23441
23309
23442
23310
23443
23311
23444
23312
23445
23313
23446
23314
23447
23315
23448
23316
23449
23317
23450
23318
23451
23319
23452
23320
23453
23321
23454
23455
23323
23458
23324
23459
23325
23460
23326
23461
23327
23462
23328
23463
23329
23464
23465
23331
23332
23466
23333
23467
23334
23468
23335
23469
23336
23470
23337
23471
23338
23472
23339
23473
23340
23474
23341
23475
23342
23476
23343
23477
23344
23478
23479
23346
23480
23347
23481
23348
23482
23349
23483
23350
23484
23351
23485
23352
23486
23353
23487
23354
23488
23355
23489
23356
23490
23357
23491
23358
23492
23359
23493
23360
23494
23361
23495
23362
23496
23363
23497
23364
23498
23365
23499
23366
23500
23367
23501
23368
23502
23369
23503
23370
23504
23371
23505
23372
23506
23373
23507
23374
23508
23375
23509
23376
23510
23377
23511
23378
23512
23379
23513
23380
23514
23381
23515
23382
23516
23383
23517
23384
23518
23519
23386
23520
23387
23521
23388
23522
23389
23523
23390
23524
23391
23525
23392
23526
23393
23527
23394
23528
23395
23529
23396
23530
23397
23531
23398
23532
23399
23533
23400
23534
23401
23535
23536
23403
23542
23404
23543
23405
23544
23406
23545
23407
23546
23408
23547
23409
23548
23410
23549
23411
23550
23412
23551
23413
23552
23414
23553
23415
23554
23416
23555
23417
23556
23418
23557
23419
23558
23420
23559
23421
23560
23422
23561
23423
23562
23424
23563
23425
23564
23426
23565
23427
23566
23428
23567
23429
23568
23430
23569
23431
23570
23432
23571
23433
23572
23573
23435
23574
23436
23575
23437
23576
23438
23577
23439
23578
23440
23579
23441
23580
23442
23581
23443
23582
23444
23583
23445
23584
23446
23585
23447
23586
23448
23587
23449
23588
23450
23589
23451
23590
23452
23591
23453
23592
23454
23593
23455
23594
23456
23595
23596
23458
23599
23459
23600
23460
23601
23461
23602
23462
23603
23463
23604
23464
23605
23465
23606
23607
23467
23608
23468
23609
23469
23610
23470
23611
23471
23612
23472
23613
23473
23614
23474
23615
23475
23616
23476
23617
23477
23618
23478
23619
23479
23620
23621
23481
23622
23482
23623
23483
23624
23484
23625
23485
23626
23486
23627
23487
23628
23488
23629
23489
23630
23490
23631
23491
23632
23492
23633
23493
23634
23494
23635
23495
23636
23496
23637
23497
23638
23498
23639
23499
23640
23500
23641
23501
23642
23502
23643
23503
23644
23504
23645
23505
23646
23506
23647
23507
23648
23508
23649
23509
23650
23510
23651
23511
23652
23512
23653
23513
23654
23514
23655
23515
23656
23516
23657
23517
23658
23518
23659
23519
23660
23661
23521
23662
23522
23663
23523
23664
23524
23665
23525
23666
23526
23667
23527
23668
23528
23669
23529
23670
23530
23671
23531
23672
23532
23673
23533
23674
23534
23675
23535
23676
23536
23677
23537
23678
23538
23679
23680
23540
23686
23541
23687
23542
23688
23543
23689
23544
23690
23545
23691
23546
23692
23547
23693
23548
23694
23549
23695
23550
23696
23551
23697
23552
23698
23553
23699
23554
23700
23555
23701
23556
23702
23557
23703
23558
23704
23559
23705
23560
23706
23561
23707
23562
23708
23563
23709
23564
23710
23565
23711
23566
23712
23567
23713
23568
23714
23569
23715
23570
23716
23571
23717
23572
23718
23573
23719
23720
23575
23721
23576
23722
23577
23723
23578
23724
23579
23725
23580
23726
23581
23727
23582
23728
23583
23729
23584
23730
23585
23731
23586
23732
23587
23733
23588
23734
23589
23735
23590
23736
23591
23737
23592
23738
23593
23739
23594
23740
23595
23741
23596
23742
23597
23743
23744
23599
23749
23600
23750
23601
23751
23602
23752
23603
23753
23604
23754
23605
23755
23606
23756
23607
23757
23609
23758
23610
23759
23611
23760
23612
23761
23613
23762
23614
23763
23615
23764
23616
23765
23617
23766
23618
23767
23619
23768
23620
23769
23621
23770
23771
23623
23772
23624
23773
23625
23774
23626
23775
23627
23776
23628
23777
23629
23778
23630
23779
23631
23780
23632
23781
23633
23782
23634
23783
23635
23784
23636
23785
23637
23786
23638
23787
23639
23788
23640
23789
23641
23790
23642
23791
23643
23792
23644
23793
23645
23794
23646
23795
23647
23796
23648
23797
23649
23798
23650
23799
23651
23800
23652
23801
23653
23802
23654
23803
23655
23804
23656
23805
23657
23806
23658
23807
23659
23808
23660
23809
23661
23810
23663
23811
23664
23812
23665
23813
23666
23814
23667
23815
23668
23816
23669
23817
23670
23818
23671
23819
23672
23820
23673
23821
23674
23822
23675
23823
23676
23824
23677
23825
23678
23826
23679
23827
23680
23828
23681
23829
23682
23830
23683
23831
23832
23685
23840
23686
23841
23687
23842
23688
23843
23689
23844
23690
23845
23691
23846
23692
23847
23693
23848
23694
23849
23695
23850
23696
23851
23697
23852
23698
23853
23699
23854
23700
23855
23701
23856
23702
23857
23703
23858
23704
23859
23705
23860
23706
23861
23707
23862
23708
23863
23709
23864
23710
23865
23711
23866
23712
23867
23713
23868
23714
23869
23715
23870
23716
23871
23717
23872
23718
23873
23719
23874
23720
23875
23876
23722
23879
23723
23880
23724
23881
23725
23882
23726
23883
23727
23884
23728
23885
23729
23886
23730
23887
23731
23888
23732
23889
23733
23890
23734
23891
23735
23892
23736
23893
23737
23894
23738
23895
23739
23896
23740
23897
23741
23898
23742
23899
23743
23900
23744
23901
23745
23902
23746
23903
23904
23748
23911
23749
23912
23750
23913
23751
23914
23752
23915
23753
23916
23754
23917
23755
23918
23756
23919
23757
23920
23921
23759
23922
23760
23923
23761
23924
23762
23925
23763
23926
23764
23927
23765
23928
23766
23929
23767
23930
23768
23931
23769
23932
23770
23933
23771
23934
23935
23773
23936
23774
23937
23775
23938
23776
23939
23777
23940
23778
23941
23779
23942
23780
23943
23781
23944
23782
23945
23783
23946
23784
23947
23785
23948
23786
23949
23787
23950
23788
23951
23789
23952
23790
23953
23791
23954
23792
23955
23793
23956
23794
23957
23795
23958
23796
23959
23797
23960
23798
23961
23799
23962
23800
23963
23801
23964
23802
23965
23803
23966
23804
23967
23805
23968
23806
23969
23807
23970
23808
23971
23809
23972
23810
23973
23974
23812
23975
23813
23976
23814
23977
23815
23978
23816
23979
23817
23980
23818
23981
23819
23982
23820
23983
23821
23984
23822
23985
23823
23986
23824
23987
23825
23988
23826
23989
23827
23990
23828
23991
23829
23992
23830
23993
23831
23994
23832
23995
23833
23996
23834
23997
23835
23998
23999
23837
24015
23838
24016
23839
24017
23840
24018
23841
24019
23842
24020
23843
24021
23844
24022
23845
24023
23846
24024
23847
24025
23848
24026
23849
24027
23850
24028
23851
24029
23852
24030
23853
24031
23854
24032
23855
24033
23856
24034
23857
24035
23858
24036
23859
24037
23860
24038
23861
24039
23862
24040
23863
24041
23864
24042
23865
24043
23866
24044
23867
24045
23868
24046
23869
24047
23870
24048
23871
24049
23872
24050
23873
24051
23874
24052
23875
24053
23876
24054
23877
24055
24056
23879
24059
23880
24060
23881
24061
23882
24062
23883
24063
23884
24064
23885
24065
23886
24066
23887
24067
23888
24068
23889
24069
23890
24070
23891
24071
23892
24072
23893
24073
23894
24074
23895
24075
23896
24076
23897
24077
23898
24078
23899
24079
23900
24080
23901
24081
23902
24082
23903
24083
23904
24084
23905
24085
23906
24086
23907
24087
24088
23909
24101
23910
24102
23911
24103
23912
24104
23913
24105
23914
24106
23915
24107
23916
24108
23917
24109
23918
24110
23919
24111
23920
24112
23921
24113
24114
23923
23924
24115
23925
24116
23926
24117
23927
24118
23928
24119
23929
24120
23930
24121
23931
24122
23932
24123
23933
24124
23934
24125
23935
24126
24127
23937
24128
23938
24129
23939
24130
23940
24131
23941
24132
23942
24133
23943
24134
23944
24135
23945
24136
23946
24137
23947
24138
23948
24139
23949
24140
23950
24141
23951
24142
23952
24143
23953
24144
23954
24145
23955
24146
23956
24147
23957
24148
23958
24149
23959
24150
23960
24151
23961
24152
23962
24153
23963
24154
23964
24155
23965
24156
23966
24157
23967
24158
23968
24159
23969
24160
23970
24161
23971
24162
23972
24163
23973
24164
23974
24165
24166
23976
24168
23977
24169
23978
24170
23979
24171
23980
24172
23981
24173
23982
24174
23983
24175
23984
24176
23985
24177
23986
24178
23987
24179
23988
24180
23989
24181
23990
24182
23991
24183
23992
24184
23993
24185
23994
24186
23995
24187
23996
24188
23997
24189
23998
24190
23999
24191
24000
24192
24001
24193
24002
24194
24003
24195
24004
24196
24005
24197
24006
24198
24007
24199
24008
24200
24009
24201
24010
24202
24011
24203
24012
24204
24013
24205
24014
24206
24015
24207
24016
24208
24017
24209
24018
24210
24019
24211
24020
24212
24021
24213
24022
24214
24023
24215
24024
24216
24025
24217
24026
24218
24027
24219
24028
24220
24029
24221
24030
24222
24031
24223
24032
24224
24033
24225
24034
24226
24035
24227
24036
24228
24037
24229
24038
24230
24039
24231
24040
24232
24041
24233
24042
24234
24043
24235
24044
24236
24045
24237
24046
24238
24047
24239
24048
24240
24049
24241
24050
24242
24051
24243
24052
24244
24053
24245
24054
24246
24055
24247
24056
24248
24057
24249
24250
24059
24251
24060
24252
24061
24253
24062
24254
24063
24255
24064
24256
24065
24257
24066
24258
24067
24259
24068
24260
24069
24261
24070
24262
24071
24263
24072
24264
24073
24265
24074
24266
24075
24267
24076
24268
24077
24269
24078
24270
24079
24271
24080
24272
24081
24273
24082
24274
24083
24275
24084
24276
24085
24277
24086
24278
24087
24279
24088
24280
24089
24281
24090
24282
24091
24283
24092
24284
24093
24285
24094
24286
24095
24287
24096
24288
24097
24289
24098
24290
24099
24291
24100
24292
24101
24293
24102
24294
24103
24295
24104
24296
24105
24297
24106
24298
24107
24299
24108
24300
24109
24301
24110
24302
24111
24303
24112
24304
24113
24305
24114
24306
24307
24116
24308
24117
24309
24118
24310
24119
24311
24120
24312
24121
24313
24122
24314
24123
24315
24124
24316
24125
24317
24126
24318
24127
24319
24320
24129
24321
24130
24322
24131
24323
24132
24324
24133
24325
24134
24326
24135
24327
24136
24328
24137
24329
24138
24330
24139
24331
24140
24332
24141
24333
24142
24334
24143
24335
24144
24336
24145
24337
24146
24338
24147
24339
24148
24340
24149
24341
24150
24342
24151
24343
24152
24344
24153
24345
24154
24346
24155
24347
24156
24348
24157
24349
24158
24350
24159
24351
24160
24352
24161
24353
24162
24354
24163
24355
24164
24356
24165
24357
24166
24358
24167
24359
24360
24169
24361
24170
24362
24171
24363
24172
24364
24173
24365
24174
24366
24175
24367
24176
24368
24177
24369
24178
24370
24179
24371
24180
24372
24181
24373
24182
24374
24183
24375
24184
24376
24185
24377
24186
24378
24187
24379
24188
24380
24189
24381
24190
24382
24191
24383
24192
24384
24193
24385
24194
24386
24195
24387
24196
24388
24197
24389
24198
24390
24199
24391
24200
24392
24201
24393
24202
24394
24203
24395
24204
24396
24205
24397
24206
24398
24207
24399
24208
24400
24209
24401
24210
24402
24211
24403
24212
24404
24213
24405
24214
24406
24215
24407
24216
24408
24217
24409
24218
24410
24219
24411
24220
24412
24221
24413
24222
24414
24223
24415
24224
24416
24225
24417
24226
24418
24227
24419
24228
24420
24229
24421
24230
24422
24231
24423
24232
24424
24233
24425
24234
24426
24235
24427
24236
24428
24237
24429
24238
24430
24239
24431
24240
24432
24241
24433
24242
24434
24243
24435
24244
24436
24245
24437
24246
24438
24247
24439
24248
24440
24249
24441
24250
24442
24443
24252
24446
24253
24447
24254
24448
24255
24449
24256
24450
24257
24451
24258
24452
24259
24453
24260
24454
24261
24455
24262
24456
24263
24457
24264
24458
24265
24459
24266
24460
24267
24461
24268
24462
24269
24463
24270
24464
24271
24465
24272
24466
24273
24467
24274
24468
24275
24469
24276
24470
24277
24471
24278
24472
24279
24473
24280
24474
24281
24475
24282
24476
24283
24477
24284
24478
24285
24479
24286
24480
24287
24481
24288
24482
24289
24483
24290
24484
24291
24485
24292
24486
24293
24487
24294
24488
24295
24489
24296
24490
24297
24491
24298
24492
24299
24493
24300
24494
24301
24495
24302
24496
24303
24497
24304
24498
24305
24499
24306
24500
24307
24501
24502
24309
24503
24310
24504
24311
24505
24312
24506
24313
24507
24314
24508
24315
24509
24316
24510
24317
24511
24318
24512
24319
24513
24320
24514
24515
24322
24516
24323
24517
24324
24518
24325
24519
24326
24520
24327
24521
24328
24522
24329
24523
24330
24524
24331
24525
24332
24526
24333
24527
24334
24528
24335
24529
24336
24530
24337
24531
24338
24532
24339
24533
24340
24534
24341
24535
24342
24536
24343
24537
24344
24538
24345
24539
24346
24540
24347
24541
24348
24542
24349
24543
24350
24544
24351
24545
24352
24546
24353
24547
24354
24548
24355
24549
24356
24550
24357
24551
24358
24552
24359
24553
24360
24554
24555
24362
24556
24363
24557
24364
24558
24365
24559
24366
24560
24367
24561
24368
24562
24369
24563
24370
24564
24371
24565
24372
24566
24373
24567
24374
24568
24375
24569
24376
24570
24377
24571
24378
24572
24379
24573
24380
24574
24381
24575
24382
24576
24383
24577
24384
24578
24385
24579
24386
24580
24387
24581
24388
24582
24389
24583
24390
24584
24391
24585
24392
24586
24393
24587
24394
24588
24395
24589
24396
24590
24397
24591
24398
24592
24399
24593
24400
24594
24401
24595
24402
24596
24403
24597
24404
24598
24405
24599
24406
24600
24407
24601
24408
24602
24409
24603
24410
24604
24411
24605
24412
24606
24413
24607
24414
24608
24415
24609
24416
24610
24417
24611
24418
24612
24419
24613
24420
24614
24421
24615
24422
24616
24423
24617
24424
24618
24425
24619
24426
24620
24427
24621
24428
24622
24429
24623
24430
24624
24431
24625
24432
24626
24433
24627
24434
24628
24435
24629
24436
24630
24437
24631
24438
24632
24439
24633
24440
24634
24441
24635
24442
24636
24443
24637
24444
24638
24639
24446
24642
24447
24643
24448
24644
24449
24645
24450
24646
24451
24647
24452
24648
24453
24649
24454
24650
24455
24651
24456
24652
24457
24653
24458
24654
24459
24655
24460
24656
24461
24657
24462
24658
24463
24659
24464
24660
24465
24661
24466
24662
24467
24663
24468
24664
24469
24665
24470
24666
24471
24667
24472
24668
24473
24669
24474
24670
24475
24671
24476
24672
24477
24673
24478
24674
24479
24675
24480
24676
24481
24677
24482
24678
24483
24679
24484
24680
24485
24681
24486
24682
24487
24683
24488
24684
24489
24685
24490
24686
24491
24687
24492
24688
24493
24689
24494
24690
24495
24691
24496
24692
24497
24693
24498
24694
24499
24695
24500
24696
24501
24697
24502
24698
24699
24504
24700
24505
24701
24506
24702
24507
24703
24508
24704
24509
24705
24510
24706
24511
24707
24512
24708
24513
24709
24514
24710
24515
24711
24712
24517
24713
24518
24714
24519
24715
24520
24716
24521
24717
24522
24718
24523
24719
24524
24720
24525
24721
24526
24722
24527
24723
24528
24724
24529
24725
24530
24726
24531
24727
24532
24728
24533
24729
24534
24730
24535
24731
24536
24732
24537
24733
24538
24734
24539
24735
24540
24736
24541
24737
24542
24738
24543
24739
24544
24740
24545
24741
24546
24742
24547
24743
24548
24744
24549
24745
24550
24746
24551
24747
24552
24748
24553
24749
24554
24750
24555
24751
24752
24557
24754
24558
24755
24559
24756
24560
24757
24561
24758
24562
24759
24563
24760
24564
24761
24565
24762
24566
24763
24567
24764
24568
24765
24569
24766
24570
24767
24571
24768
24572
24769
24573
24770
24574
24771
24575
24772
24576
24773
24577
24774
24578
24775
24579
24776
24580
24777
24581
24778
24582
24779
24583
24780
24584
24781
24585
24782
24586
24783
24587
24784
24588
24785
24589
24786
24590
24787
24591
24788
24592
24789
24593
24790
24594
24791
24595
24792
24596
24793
24597
24794
24598
24795
24599
24796
24600
24797
24601
24798
24602
24799
24603
24800
24604
24801
24605
24802
24606
24803
24607
24804
24608
24805
24609
24806
24610
24807
24611
24808
24612
24809
24613
24810
24614
24811
24615
24812
24616
24813
24617
24814
24618
24815
24619
24816
24620
24817
24621
24818
24622
24819
24623
24820
24624
24821
24625
24822
24626
24823
24627
24824
24628
24825
24629
24826
24630
24827
24631
24828
24632
24829
24633
24830
24634
24831
24635
24832
24636
24833
24637
24834
24638
24835
24639
24836
24640
24837
24838
24642
24839
24643
24840
24644
24841
24645
24842
24646
24843
24647
24844
24648
24845
24649
24846
24650
24847
24651
24848
24652
24849
24653
24850
24654
24851
24655
24852
24656
24853
24657
24854
24658
24855
24659
24856
24660
24857
24661
24858
24662
24859
24663
24860
24664
24861
24665
24862
24666
24863
24667
24864
24668
24865
24669
24866
24670
24867
24671
24868
24672
24869
24673
24870
24674
24871
24675
24872
24676
24873
24677
24874
24678
24875
24679
24876
24680
24877
24681
24878
24682
24879
24683
24880
24684
24881
24685
24882
24686
24883
24687
24884
24688
24885
24689
24886
24690
24887
24691
24888
24692
24889
24693
24890
24694
24891
24695
24892
24696
24893
24697
24894
24698
24895
24699
24896
24897
24701
24898
24702
24899
24703
24900
24704
24901
24705
24902
24706
24903
24707
24904
24708
24905
24709
24906
24710
24907
24711
24908
24712
24909
24910
24714
24911
24715
24912
24716
24913
24717
24914
24718
24915
24719
24916
24720
24917
24721
24918
24722
24919
24723
24920
24724
24921
24725
24922
24726
24923
24727
24924
24728
24925
24729
24926
24730
24927
24731
24928
24732
24929
24733
24930
24734
24931
24735
24932
24736
24933
24737
24934
24738
24935
24739
24936
24740
24937
24741
24938
24742
24939
24743
24940
24744
24941
24745
24942
24746
24943
24747
24944
24748
24945
24749
24946
24750
24947
24751
24948
24752
24949
24950
24754
24951
24755
24952
24756
24953
24757
24954
24758
24955
24759
24956
24760
24957
24761
24958
24762
24959
24763
24960
24764
24961
24765
24962
24766
24963
24767
24964
24768
24965
24769
24966
24770
24967
24771
24968
24772
24969
24773
24970
24774
24971
24775
24972
24776
24973
24777
24974
24778
24975
24779
24976
24780
24977
24781
24978
24782
24979
24783
24980
24784
24981
24785
24982
24786
24983
24787
24984
24788
24985
24789
24986
24790
24987
24791
24988
24792
24989
24793
24990
24794
24991
24795
24992
24796
24993
24797
24994
24798
24995
24799
24996
24800
24997
24801
24998
24802
24999
24803
25000
24804
25001
24805
25002
24806
25003
24807
25004
24808
25005
24809
25006
24810
25007
24811
25008
24812
25009
24813
25010
24814
25011
24815
25012
24816
25013
24817
25014
24818
25015
24819
25016
24820
25017
24821
25018
24822
25019
24823
25020
24824
25021
24825
25022
24826
25023
24827
25024
24828
25025
24829
25026
24830
25027
24831
25028
24832
25029
24833
25030
24834
25031
24835
25032
24836
25033
24837
25034
24838
25035
25036
24840
25039
24841
25040
24842
25041
24843
25042
24844
25043
24845
25044
24846
25045
24847
25046
24848
25047
24849
25048
24850
25049
24851
25050
24852
25051
24853
25052
24854
25053
24855
25054
24856
25055
24857
25056
24858
25057
24859
25058
24860
25059
24861
25060
24862
25061
24863
25062
24864
25063
24865
25064
24866
25065
24867
25066
24868
25067
24869
25068
24870
25069
24871
25070
24872
25071
24873
25072
24874
25073
24875
25074
24876
25075
24877
25076
24878
25077
24879
25078
24880
25079
24881
25080
24882
25081
24883
25082
24884
25083
24885
25084
24886
25085
24887
25086
24888
25087
24889
25088
24890
25089
24891
25090
24892
25091
24893
25092
24894
25093
24895
25094
24896
25095
24897
25096
25097
24899
25098
24900
25099
24901
25100
24902
25101
24903
25102
24904
25103
24905
25104
24906
25105
24907
25106
24908
25107
24909
25108
24910
25109
25110
24912
25111
24913
25112
24914
25113
24915
25114
24916
25115
24917
25116
24918
25117
24919
25118
24920
25119
24921
25120
24922
25121
24923
25122
24924
25123
24925
25124
24926
25125
24927
25126
24928
25127
24929
25128
24930
25129
24931
25130
24932
25131
24933
25132
24934
25133
24935
25134
24936
25135
24937
25136
24938
25137
24939
25138
24940
25139
24941
25140
24942
25141
24943
25142
24944
25143
24945
25144
24946
25145
24947
25146
24948
25147
24949
25148
24950
25149
25150
24952
25151
24953
25152
24954
25153
24955
25154
24956
25155
24957
25156
24958
25157
24959
25158
24960
25159
24961
25160
24962
25161
24963
25162
24964
25163
24965
25164
24966
25165
24967
25166
24968
25167
24969
25168
24970
25169
24971
25170
24972
25171
24973
25172
24974
25173
24975
25174
24976
25175
24977
25176
24978
25177
24979
25178
24980
25179
24981
25180
24982
25181
24983
25182
24984
25183
24985
25184
24986
25185
24987
25186
24988
25187
24989
25188
24990
25189
24991
25190
24992
25191
24993
25192
24994
25193
24995
25194
24996
25195
24997
25196
24998
25197
24999
25198
25000
25199
25001
25200
25002
25201
25003
25202
25004
25203
25005
25204
25006
25205
25007
25206
25008
25207
25009
25208
25010
25209
25011
25210
25012
25211
25013
25212
25014
25213
25015
25214
25016
25215
25017
25216
25018
25217
25019
25218
25020
25219
25021
25220
25022
25221
25023
25222
25024
25223
25025
25224
25026
25225
25027
25226
25028
25227
25029
25228
25030
25229
25031
25230
25032
25231
25033
25232
25034
25233
25035
25234
25036
25235
25037
25236
25237
25039
25240
25040
25241
25041
25242
25042
25243
25043
25244
25044
25245
25045
25246
25046
25247
25047
25248
25048
25249
25049
25250
25050
25251
25051
25252
25052
25253
25053
25254
25054
25255
25055
25256
25056
25257
25057
25258
25058
25259
25059
25260
25060
25261
25061
25262
25062
25263
25063
25264
25064
25265
25065
25266
25066
25267
25067
25268
25068
25269
25069
25270
25070
25271
25071
25272
25072
25273
25073
25274
25074
25275
25075
25276
25076
25277
25077
25278
25078
25279
25079
25280
25080
25281
25081
25282
25082
25283
25083
25284
25084
25285
25085
25286
25086
25287
25087
25288
25088
25289
25089
25290
25090
25291
25091
25292
25092
25293
25093
25294
25094
25295
25095
25296
25096
25297
25097
25298
25299
25099
25300
25100
25301
25101
25302
25102
25303
25103
25304
25104
25305
25105
25306
25106
25307
25107
25308
25108
25309
25109
25310
25110
25311
25312
25112
25313
25113
25314
25114
25315
25115
25316
25116
25317
25117
25318
25118
25319
25119
25320
25120
25321
25121
25322
25122
25323
25123
25324
25124
25325
25125
25326
25126
25327
25127
25328
25128
25329
25129
25330
25130
25331
25131
25332
25132
25333
25133
25334
25134
25335
25135
25336
25136
25337
25137
25338
25138
25339
25139
25340
25140
25341
25141
25342
25142
25343
25143
25344
25144
25345
25145
25346
25146
25347
25147
25348
25148
25349
25149
25350
25150
25351
25352
25152
25353
25153
25354
25154
25355
25155
25356
25156
25357
25157
25358
25158
25359
25159
25360
25160
25361
25161
25362
25162
25363
25163
25364
25164
25365
25165
25366
25166
25367
25167
25368
25168
25369
25169
25370
25170
25371
25171
25372
25172
25373
25173
25374
25174
25375
25175
25376
25176
25377
25177
25378
25178
25379
25179
25380
25180
25381
25181
25382
25182
25383
25183
25384
25184
25385
25185
25386
25186
25387
25187
25388
25188
25389
25189
25390
25190
25391
25191
25392
25192
25393
25193
25394
25194
25395
25195
25396
25196
25397
25197
25398
25198
25399
25199
25400
25200
25401
25201
25402
25202
25403
25203
25404
25204
25405
25205
25406
25206
25407
25207
25408
25208
25409
25209
25410
25210
25411
25211
25412
25212
25413
25213
25414
25214
25415
25215
25416
25216
25417
25217
25418
25218
25419
25219
25420
25220
25421
25221
25422
25222
25423
25223
25424
25224
25425
25225
25426
25226
25427
25227
25428
25228
25429
25229
25430
25230
25431
25231
25432
25232
25433
25233
25434
25234
25435
25235
25436
25236
25437
25237
25438
25238
25439
25440
25240
25443
25241
25444
25242
25445
25243
25446
25244
25447
25245
25448
25246
25449
25247
25450
25248
25451
25249
25452
25250
25453
25251
25454
25252
25455
25253
25456
25254
25457
25255
25458
25256
25459
25257
25460
25258
25461
25259
25462
25260
25463
25261
25464
25262
25465
25263
25466
25264
25467
25265
25468
25266
25469
25267
25470
25268
25471
25269
25472
25270
25473
25271
25474
25272
25475
25273
25476
25274
25477
25275
25478
25276
25479
25277
25480
25278
25481
25279
25482
25280
25483
25281
25484
25282
25485
25283
25486
25284
25487
25285
25488
25286
25489
25287
25490
25288
25491
25289
25492
25290
25493
25291
25494
25292
25495
25293
25496
25294
25497
25295
25498
25296
25499
25297
25500
25298
25501
25299
25502
25503
25301
25504
25302
25505
25303
25506
25304
25507
25305
25508
25306
25509
25307
25510
25308
25511
25309
25512
25310
25513
25311
25514
25312
25515
25516
25314
25517
25315
25518
25316
25519
25317
25520
25318
25521
25319
25522
25320
25523
25321
25524
25322
25525
25323
25526
25324
25527
25325
25528
25326
25529
25327
25530
25328
25531
25329
25532
25330
25533
25331
25534
25332
25535
25333
25536
25334
25537
25335
25538
25336
25539
25337
25540
25338
25541
25339
25542
25340
25543
25341
25544
25342
25545
25343
25546
25344
25547
25345
25548
25346
25549
25347
25550
25348
25551
25349
25552
25350
25553
25351
25554
25352
25555
25556
25354
25558
25355
25559
25356
25560
25357
25561
25358
25562
25359
25563
25360
25564
25361
25565
25362
25566
25363
25567
25364
25568
25365
25569
25366
25570
25367
25571
25368
25572
25369
25573
25370
25574
25371
25575
25372
25576
25373
25577
25374
25578
25375
25579
25376
25580
25377
25581
25378
25582
25379
25583
25380
25584
25381
25585
25382
25586
25383
25587
25384
25588
25385
25589
25386
25590
25387
25591
25388
25592
25389
25593
25390
25594
25391
25595
25392
25596
25393
25597
25394
25598
25395
25599
25396
25600
25397
25601
25398
25602
25399
25603
25400
25604
25401
25605
25402
25606
25403
25607
25404
25608
25405
25609
25406
25610
25407
25611
25408
25612
25409
25613
25410
25614
25411
25615
25412
25616
25413
25617
25414
25618
25415
25619
25416
25620
25417
25621
25418
25622
25419
25623
25420
25624
25421
25625
25422
25626
25423
25627
25424
25628
25425
25629
25426
25630
25427
25631
25428
25632
25429
25633
25430
25634
25431
25635
25432
25636
25433
25637
25434
25638
25435
25639
25436
25640
25437
25641
25438
25642
25439
25643
25440
25644
25441
25645
25646
25443
25651
25444
25652
25445
25653
25446
25654
25447
25655
25448
25656
25449
25657
25450
25658
25451
25659
25452
25660
25453
25661
25454
25662
25455
25663
25456
25664
25457
25665
25458
25666
25459
25667
25460
25668
25461
25669
25462
25670
25463
25671
25464
25672
25465
25673
25466
25674
25467
25675
25468
25676
25469
25677
25470
25678
25471
25679
25472
25680
25473
25681
25474
25682
25475
25683
25476
25684
25477
25685
25478
25686
25479
25687
25480
25688
25481
25689
25482
25690
25483
25691
25484
25692
25485
25693
25486
25694
25487
25695
25488
25696
25489
25697
25490
25698
25491
25699
25492
25700
25493
25701
25494
25702
25495
25703
25496
25704
25497
25705
25498
25706
25499
25707
25500
25708
25501
25709
25502
25710
25503
25711
25712
25505
25713
25506
25714
25507
25715
25508
25716
25509
25717
25510
25718
25511
25719
25512
25720
25513
25721
25514
25722
25515
25723
25516
25724
25725
25518
25726
25519
25727
25520
25728
25521
25729
25522
25730
25523
25731
25524
25732
25525
25733
25526
25734
25527
25735
25528
25736
25529
25737
25530
25738
25531
25739
25532
25740
25533
25741
25534
25742
25535
25743
25536
25744
25537
25745
25538
25746
25539
25747
25540
25748
25541
25749
25542
25750
25543
25751
25544
25752
25545
25753
25546
25754
25547
25755
25548
25756
25549
25757
25550
25758
25551
25759
25552
25760
25553
25761
25554
25762
25555
25763
25556
25764
25557
25765
25766
25559
25768
25560
25769
25561
25770
25562
25771
25563
25772
25564
25773
25565
25774
25566
25775
25567
25776
25568
25777
25569
25778
25570
25779
25571
25780
25572
25781
25573
25782
25574
25783
25575
25784
25576
25785
25577
25786
25578
25787
25579
25788
25580
25789
25581
25790
25582
25791
25583
25792
25584
25793
25585
25794
25586
25795
25587
25796
25588
25797
25589
25798
25590
25799
25591
25800
25592
25801
25593
25802
25594
25803
25595
25804
25596
25805
25597
25806
25598
25807
25599
25808
25600
25809
25601
25810
25602
25811
25603
25812
25604
25813
25605
25814
25606
25815
25607
25816
25608
25817
25609
25818
25610
25819
25611
25820
25612
25821
25613
25822
25614
25823
25615
25824
25616
25825
25617
25826
25618
25827
25619
25828
25620
25829
25621
25830
25622
25831
25623
25832
25624
25833
25625
25834
25626
25835
25627
25836
25628
25837
25629
25838
25630
25839
25631
25840
25632
25841
25633
25842
25634
25843
25635
25844
25636
25845
25637
25846
25638
25847
25639
25848
25640
25849
25641
25850
25642
25851
25643
25852
25644
25853
25645
25854
25646
25855
25647
25856
25648
25857
25858
25650
25861
25651
25862
25652
25863
25653
25864
25654
25865
25655
25866
25656
25867
25657
25868
25658
25869
25659
25870
25660
25871
25661
25872
25662
25873
25663
25874
25664
25875
25665
25876
25666
25877
25667
25878
25668
25879
25669
25880
25670
25881
25671
25882
25672
25883
25673
25884
25674
25885
25675
25886
25676
25887
25677
25888
25678
25889
25679
25890
25680
25891
25681
25892
25682
25893
25683
25894
25684
25895
25685
25896
25686
25897
25687
25898
25688
25899
25689
25900
25690
25901
25691
25902
25692
25903
25693
25904
25694
25905
25695
25906
25696
25907
25697
25908
25698
25909
25699
25910
25700
25911
25701
25912
25702
25913
25703
25914
25704
25915
25705
25916
25706
25917
25707
25918
25708
25919
25709
25920
25710
25921
25711
25922
25712
25923
25924
25714
25925
25715
25926
25716
25927
25717
25928
25718
25929
25719
25930
25720
25931
25721
25932
25722
25933
25723
25934
25724
25935
25725
25936
25937
25727
25938
25728
25939
25729
25940
25730
25941
25731
25942
25732
25943
25733
25944
25734
25945
25735
25946
25736
25947
25737
25948
25738
25949
25739
25950
25740
25951
25741
25952
25742
25953
25743
25954
25744
25955
25745
25956
25746
25957
25747
25958
25748
25959
25749
25960
25750
25961
25751
25962
25752
25963
25753
25964
25754
25965
25755
25966
25756
25967
25757
25968
25758
25969
25759
25970
25760
25971
25761
25972
25762
25973
25763
25974
25764
25975
25765
25976
25766
25977
25978
25768
25980
25769
25981
25770
25982
25771
25983
25772
25984
25773
25985
25774
25986
25775
25987
25776
25988
25777
25989
25778
25990
25779
25991
25780
25992
25781
25993
25782
25994
25783
25995
25784
25996
25785
25997
25786
25998
25787
25999
25788
26000
25789
26001
25790
26002
25791
26003
25792
26004
25793
26005
25794
26006
25795
26007
25796
26008
25797
26009
25798
26010
25799
26011
25800
26012
25801
26013
25802
26014
25803
26015
25804
26016
25805
26017
25806
26018
25807
26019
25808
26020
25809
26021
25810
26022
25811
26023
25812
26024
25813
26025
25814
26026
25815
26027
25816
26028
25817
26029
25818
26030
25819
26031
25820
26032
25821
26033
25822
26034
25823
26035
25824
26036
25825
26037
25826
26038
25827
26039
25828
26040
25829
26041
25830
26042
25831
26043
25832
26044
25833
26045
25834
26046
25835
26047
25836
26048
25837
26049
25838
26050
25839
26051
25840
26052
25841
26053
25842
26054
25843
26055
25844
26056
25845
26057
25846
26058
25847
26059
25848
26060
25849
26061
25850
26062
25851
26063
25852
26064
25853
26065
25854
26066
25855
26067
25856
26068
25857
26069
25858
26070
25859
26071
26072
25861
26077
25862
26078
25863
26079
25864
26080
25865
26081
25866
26082
25867
26083
25868
26084
25869
26085
25870
26086
25871
26087
25872
26088
25873
26089
25874
26090
25875
26091
25876
26092
25877
26093
25878
26094
25879
26095
25880
26096
25881
26097
25882
26098
25883
26099
25884
26100
25885
26101
25886
26102
25887
26103
25888
26104
25889
26105
25890
26106
25891
26107
25892
26108
25893
26109
25894
26110
25895
26111
25896
26112
25897
26113
25898
26114
25899
26115
25900
26116
25901
26117
25902
26118
25903
26119
25904
26120
25905
26121
25906
26122
25907
26123
25908
26124
25909
26125
25910
26126
25911
26127
25912
26128
25913
26129
25914
26130
25915
26131
25916
26132
25917
26133
25918
26134
25919
26135
25920
26136
25921
26137
25922
26138
25923
26139
25924
26140
26141
25926
26142
25927
26143
25928
26144
25929
26145
25930
26146
25931
26147
25932
26148
25933
26149
25934
26150
25935
26151
25936
26152
25937
26153
26154
25939
26155
25940
26156
25941
26157
25942
26158
25943
26159
25944
26160
25945
26161
25946
26162
25947
26163
25948
26164
25949
26165
25950
26166
25951
26167
25952
26168
25953
26169
25954
26170
25955
26171
25956
26172
25957
26173
25958
26174
25959
26175
25960
26176
25961
26177
25962
26178
25963
26179
25964
26180
25965
26181
25966
26182
25967
26183
25968
26184
25969
26185
25970
26186
25971
26187
25972
26188
25973
26189
25974
26190
25975
26191
25976
26192
25977
26193
25978
26194
25979
26195
26196
25981
26198
25982
26199
25983
26200
25984
26201
25985
26202
25986
26203
25987
26204
25988
26205
25989
26206
25990
26207
25991
26208
25992
26209
25993
26210
25994
26211
25995
26212
25996
26213
25997
26214
25998
26215
25999
26216
26000
26217
26001
26218
26002
26219
26003
26220
26004
26221
26005
26222
26006
26223
26007
26224
26008
26225
26009
26226
26010
26227
26011
26228
26012
26229
26013
26230
26014
26231
26015
26232
26016
26233
26017
26234
26018
26235
26019
26236
26020
26237
26021
26238
26022
26239
26023
26240
26024
26241
26025
26242
26026
26243
26027
26244
26028
26245
26029
26246
26030
26247
26031
26248
26032
26249
26033
26250
26034
26251
26035
26252
26036
26253
26037
26254
26038
26255
26039
26256
26040
26257
26041
26258
26042
26259
26043
26260
26044
26261
26045
26262
26046
26263
26047
26264
26048
26265
26049
26266
26050
26267
26051
26268
26052
26269
26053
26270
26054
26271
26055
26272
26056
26273
26057
26274
26058
26275
26059
26276
26060
26277
26061
26278
26062
26279
26063
26280
26064
26281
26065
26282
26066
26283
26067
26284
26068
26285
26069
26286
26070
26287
26071
26288
26072
26289
26073
26290
26074
26291
26292
26076
26297
26077
26298
26078
26299
26079
26300
26080
26301
26081
26302
26082
26303
26083
26304
26084
26305
26085
26306
26086
26307
26087
26308
26088
26309
26089
26310
26090
26311
26091
26312
26092
26313
26093
26314
26094
26315
26095
26316
26096
26317
26097
26318
26098
26319
26099
26320
26100
26321
26101
26322
26102
26323
26103
26324
26104
26325
26105
26326
26106
26327
26107
26328
26108
26329
26109
26330
26110
26331
26111
26332
26112
26333
26113
26334
26114
26335
26115
26336
26116
26337
26117
26338
26118
26339
26119
26340
26120
26341
26121
26342
26122
26343
26123
26344
26124
26345
26125
26346
26126
26347
26127
26348
26128
26349
26129
26350
26130
26351
26131
26352
26132
26353
26133
26354
26134
26355
26135
26356
26136
26357
26137
26358
26138
26359
26139
26360
26140
26361
26141
26362
26363
26143
26364
26144
26365
26145
26366
26146
26367
26147
26368
26148
26369
26149
26370
26150
26371
26151
26372
26152
26373
26153
26374
26154
26375
26376
26156
26377
26157
26378
26158
26379
26159
26380
26160
26381
26161
26382
26162
26383
26163
26384
26164
26385
26165
26386
26166
26387
26167
26388
26168
26389
26169
26390
26170
26391
26171
26392
26172
26393
26173
26394
26174
26395
26175
26396
26176
26397
26177
26398
26178
26399
26179
26400
26180
26401
26181
26402
26182
26403
26183
26404
26184
26405
26185
26406
26186
26407
26187
26408
26188
26409
26189
26410
26190
26411
26191
26412
26192
26413
26193
26414
26194
26415
26195
26416
26196
26417
26418
26198
26419
26199
26420
26200
26421
26201
26422
26202
26423
26203
26424
26204
26425
26205
26426
26206
26427
26207
26428
26208
26429
26209
26430
26210
26431
26211
26432
26212
26433
26213
26434
26214
26435
26215
26436
26216
26437
26217
26438
26218
26439
26219
26440
26220
26441
26221
26442
26222
26443
26223
26444
26224
26445
26225
26446
26226
26447
26227
26448
26228
26449
26229
26450
26230
26451
26231
26452
26232
26453
26233
26454
26234
26455
26235
26456
26236
26457
26237
26458
26238
26459
26239
26460
26240
26461
26241
26462
26242
26463
26243
26464
26244
26465
26245
26466
26246
26467
26247
26468
26248
26469
26249
26470
26250
26471
26251
26472
26252
26473
26253
26474
26254
26475
26255
26476
26256
26477
26257
26478
26258
26479
26259
26480
26260
26481
26261
26482
26262
26483
26263
26484
26264
26485
26265
26486
26266
26487
26267
26488
26268
26489
26269
26490
26270
26491
26271
26492
26272
26493
26273
26494
26274
26495
26275
26496
26276
26497
26277
26498
26278
26499
26279
26500
26280
26501
26281
26502
26282
26503
26283
26504
26284
26505
26285
26506
26286
26507
26287
26508
26288
26509
26289
26510
26290
26511
26291
26512
26292
26513
26293
26514
26294
26515
26516
26296
26523
26297
26524
26298
26525
26299
26526
26300
26527
26301
26528
26302
26529
26303
26530
26304
26531
26305
26532
26306
26533
26307
26534
26308
26535
26309
26536
26310
26537
26311
26538
26312
26539
26313
26540
26314
26541
26315
26542
26316
26543
26317
26544
26318
26545
26319
26546
26320
26547
26321
26548
26322
26549
26323
26550
26324
26551
26325
26552
26326
26553
26327
26554
26328
26555
26329
26556
26330
26557
26331
26558
26332
26559
26333
26560
26334
26561
26335
26562
26336
26563
26337
26564
26338
26565
26339
26566
26340
26567
26341
26568
26342
26569
26343
26570
26344
26571
26345
26572
26346
26573
26347
26574
26348
26575
26349
26576
26350
26577
26351
26578
26352
26579
26353
26580
26354
26581
26355
26582
26356
26583
26357
26584
26358
26585
26359
26586
26360
26587
26361
26588
26362
26589
26363
26590
26591
26365
26592
26366
26593
26367
26594
26368
26595
26369
26596
26370
26597
26371
26598
26372
26599
26373
26600
26374
26601
26375
26602
26376
26603
26604
26378
26605
26379
26606
26380
26607
26381
26608
26382
26609
26383
26610
26384
26611
26385
26612
26386
26613
26387
26614
26388
26615
26389
26616
26390
26617
26391
26618
26392
26619
26393
26620
26394
26621
26395
26622
26396
26623
26397
26624
26398
26625
26399
26626
26400
26627
26401
26628
26402
26629
26403
26630
26404
26631
26405
26632
26406
26633
26407
26634
26408
26635
26409
26636
26410
26637
26411
26638
26412
26639
26413
26640
26414
26641
26415
26642
26416
26643
26417
26644
26418
26645
26646
26420
26649
26421
26650
26422
26651
26423
26652
26424
26653
26425
26654
26426
26655
26427
26656
26428
26657
26429
26658
26430
26659
26431
26660
26432
26661
26433
26662
26434
26663
26435
26664
26436
26665
26437
26666
26438
26667
26439
26668
26440
26669
26441
26670
26442
26671
26443
26672
26444
26673
26445
26674
26446
26675
26447
26676
26448
26677
26449
26678
26450
26679
26451
26680
26452
26681
26453
26682
26454
26683
26455
26684
26456
26685
26457
26686
26458
26687
26459
26688
26460
26689
26461
26690
26462
26691
26463
26692
26464
26693
26465
26694
26466
26695
26467
26696
26468
26697
26469
26698
26470
26699
26471
26700
26472
26701
26473
26702
26474
26703
26475
26704
26476
26477
26478
26479
26480
26481
26482
26483
26484
26485
26486
26487
26488
26489
26705
26490
26706
26491
26707
26492
26708
26493
26709
26494
26710
26495
26711
26496
26712
26497
26713
26498
26714
26499
26715
26500
26716
26501
26717
26502
26718
26503
26719
26504
26720
26505
26721
26506
26722
26507
26723
26508
26724
26509
26725
26510
26726
26511
26727
26512
26728
26513
26729
26514
26730
26515
26731
26516
26732
26517
26733
26518
26734
26519
26735
26736
26521
26747
26522
26748
26523
26749
26524
26750
26525
26751
26526
26752
26527
26753
26528
26754
26529
26755
26530
26756
26531
26757
26532
26758
26533
26759
26534
26760
26535
26761
26536
26762
26537
26763
26538
26764
26539
26765
26540
26766
26541
26767
26542
26768
26543
26769
26544
26770
26545
26771
26546
26772
26547
26773
26548
26774
26549
26775
26550
26776
26551
26777
26552
26778
26553
26554
26555
26556
26557
26558
26559
26560
26561
26562
26563
26564
26565
26566
26779
26567
26780
26568
26781
26569
26782
26570
26783
26571
26784
26572
26785
26573
26786
26574
26787
26575
26788
26576
26789
26577
26790
26578
26791
26579
26792
26580
26793
26581
26794
26582
26795
26583
26796
26584
26797
26585
26798
26586
26799
26587
26800
26588
26801
26589
26802
26590
26803
26591
26804
26805
26593
26807
26594
26808
26595
26809
26596
26810
26597
26811
26598
26812
26599
26813
26600
26814
26601
26815
26602
26816
26603
26817
26604
26818
26819
26606
26820
26607
26821
26608
26822
26609
26823
26610
26824
26611
26825
26612
26826
26613
26827
26614
26828
26615
26829
26616
26830
26617
26831
26618
26832
26619
26833
26620
26834
26621
26835
26622
26836
26623
26837
26624
26838
26625
26839
26626
26840
26627
26841
26628
26842
26629
26843
26630
26844
26631
26845
26632
26846
26633
26847
26634
26848
26635
26849
26636
26850
26637
26851
26638
26852
26639
26853
26640
26854
26641
26855
26642
26856
26643
26857
26644
26858
26645
26859
26646
26860
26647
26861
26862
26649
26864
26650
26865
26651
26866
26652
26867
26653
26868
26654
26869
26655
26870
26656
26871
26657
26872
26658
26873
26659
26874
26660
26875
26661
26876
26662
26877
26663
26878
26664
26879
26665
26880
26666
26881
26667
26882
26668
26883
26669
26884
26670
26885
26671
26886
26672
26887
26673
26888
26674
26889
26675
26890
26676
26891
26677
26892
26678
26893
26679
26894
26680
26895
26681
26896
26682
26897
26683
26898
26684
26899
26685
26900
26686
26901
26687
26902
26688
26903
26689
26904
26690
26905
26691
26906
26692
26907
26693
26908
26694
26909
26695
26910
26696
26911
26697
26912
26698
26913
26699
26914
26700
26915
26701
26916
26702
26917
26703
26704
26706
26707
26708
26918
26709
26919
26710
26920
26711
26921
26712
26922
26713
26923
26714
26924
26715
26925
26716
26926
26717
26927
26718
26928
26719
26929
26720
26930
26721
26931
26722
26932
26723
26933
26724
26934
26725
26935
26726
26936
26727
26937
26728
26938
26729
26939
26730
26940
26731
26941
26732
26942
26733
26943
26734
26944
26735
26945
26736
26946
26737
26947
26738
26948
26739
26949
26740
26950
26741
26951
26952
26743
26959
26744
26960
26745
26961
26746
26962
26747
26963
26748
26964
26749
26965
26750
26966
26751
26967
26752
26968
26753
26969
26754
26970
26755
26971
26756
26972
26757
26973
26758
26974
26759
26975
26760
26976
26761
26977
26762
26978
26763
26979
26764
26980
26765
26981
26766
26982
26767
26983
26768
26984
26769
26985
26770
26986
26771
26987
26772
26988
26773
26989
26774
26990
26775
26991
26776
26992
26777
26993
26778
26780
26781
26782
26783
26994
26784
26995
26785
26996
26786
26997
26787
26998
26788
26999
26789
27000
26790
27001
26791
27002
26792
27003
26793
27004
26794
27005
26795
27006
26796
27007
26797
27008
26798
27009
26799
27010
26800
27011
26801
27012
26802
27013
26803
27014
26804
27015
26805
27016
27017
26807
27018
26808
27019
26809
27020
26810
27021
26811
27022
26812
27023
26813
27024
26814
27025
26815
27026
26816
27027
26817
27028
26818
27029
26819
27030
27031
26821
27032
26822
27033
26823
27034
26824
27035
26825
27036
26826
27037
26827
27038
26828
27039
26829
27040
26830
27041
26831
27042
26832
27043
26833
27044
26834
27045
26835
27046
26836
27047
26837
27048
26838
27049
26839
27050
26840
27051
26841
27052
26842
27053
26843
27054
26844
27055
26845
27056
26846
27057
26847
27058
26848
27059
26849
27060
26850
27061
26851
27062
26852
27063
26853
27064
26854
27065
26855
27066
26856
27067
26857
27068
26858
27069
26859
27070
26860
27071
26861
27072
26862
27073
26863
27074
27075
26865
27077
26866
27078
26867
27079
26868
27080
26869
27081
26870
27082
26871
27083
26872
27084
26873
27085
26874
27086
26875
27087
26876
27088
26877
27089
26878
27090
26879
27091
26880
27092
26881
27093
26882
27094
26883
27095
26884
27096
26885
27097
26886
27098
26887
27099
26888
27100
26889
27101
26890
27102
26891
27103
26892
27104
26893
27105
26894
27106
26895
27107
26896
27108
26897
27109
26898
27110
26899
27111
26900
27112
26901
27113
26902
27114
26903
27115
26904
27116
26905
27117
26906
27118
26907
27119
26908
27120
26909
27121
26910
27122
26911
27123
26912
27124
26913
27125
26914
27126
26915
27127
26916
27128
26917
27129
26919
26920
26921
27130
26922
27131
26923
27132
26924
27133
26925
27134
26926
27135
26927
27136
26928
27137
26929
27138
26930
27139
26931
27140
26932
27141
26933
27142
26934
27143
26935
27144
26936
27145
26937
27146
26938
27147
26939
27148
26940
27149
26941
27150
26942
27151
26943
27152
26944
27153
26945
27154
26946
27155
26947
27156
26948
27157
26949
27158
26950
27159
26951
27160
26952
27161
26953
27162
26954
27163
26955
27164
26956
27165
26957
27166
26958
27167
26959
27168
26960
27169
26961
27170
26962
27171
26963
27172
26964
27173
26965
27174
26966
27175
26967
27176
26968
27177
26969
27178
26970
27179
26971
27180
26972
27181
26973
27182
26974
27183
26975
27184
26976
27185
26977
27186
26978
27187
26979
27188
26980
27189
26981
27190
26982
27191
26983
27192
26984
27193
26985
27194
26986
27195
26987
27196
26988
27197
26989
27198
26990
27199
26991
27200
26992
27201
26993
26995
26996
27202
26997
27203
26998
27204
26999
27205
27000
27206
27001
27207
27002
27208
27003
27209
27004
27210
27005
27211
27006
27212
27007
27213
27008
27214
27009
27215
27010
27216
27011
27217
27012
27218
27013
27219
27014
27220
27015
27221
27016
27222
27017
27223
27224
27019
27226
27020
27227
27021
27228
27022
27229
27023
27230
27024
27231
27025
27232
27026
27233
27027
27234
27028
27235
27029
27236
27030
27237
27031
27238
27239
27033
27240
27034
27241
27035
27242
27036
27243
27037
27244
27038
27245
27039
27246
27040
27247
27041
27248
27042
27249
27043
27250
27044
27251
27045
27252
27046
27253
27047
27254
27048
27255
27049
27256
27050
27257
27051
27258
27052
27259
27053
27260
27054
27261
27055
27262
27056
27263
27057
27264
27058
27265
27059
27266
27060
27267
27061
27268
27062
27269
27063
27270
27064
27271
27065
27272
27066
27273
27067
27274
27068
27275
27069
27276
27070
27277
27071
27278
27072
27279
27073
27280
27074
27281
27075
27282
27283
27077
27286
27078
27287
27079
27288
27080
27289
27081
27290
27082
27291
27083
27292
27084
27293
27085
27294
27086
27295
27087
27296
27088
27297
27089
27298
27090
27299
27091
27300
27092
27301
27093
27302
27094
27303
27095
27304
27096
27305
27097
27306
27098
27307
27099
27308
27100
27309
27101
27310
27102
27311
27103
27312
27104
27313
27105
27314
27106
27315
27107
27316
27108
27317
27109
27318
27110
27319
27111
27320
27112
27321
27113
27322
27114
27323
27115
27324
27116
27325
27117
27326
27118
27327
27119
27328
27120
27329
27121
27330
27122
27331
27123
27332
27124
27333
27125
27334
27126
27335
27127
27336
27128
27337
27129
27131
27132
27133
27338
27134
27339
27135
27340
27136
27341
27137
27342
27138
27343
27139
27344
27140
27345
27141
27346
27142
27347
27143
27348
27144
27349
27145
27350
27146
27351
27147
27352
27148
27353
27149
27354
27150
27355
27151
27356
27152
27357
27153
27358
27154
27359
27155
27360
27156
27361
27157
27362
27158
27363
27159
27364
27160
27365
27161
27366
27162
27367
27163
27368
27164
27369
27165
27370
27166
27371
27167
27372
27168
27373
27169
27374
27170
27375
27171
27376
27172
27377
27173
27378
27174
27379
27175
27380
27176
27381
27177
27382
27178
27383
27179
27384
27180
27385
27181
27386
27182
27387
27183
27388
27184
27389
27185
27390
27186
27391
27187
27392
27188
27393
27189
27394
27190
27395
27191
27396
27192
27397
27193
27398
27194
27399
27195
27400
27196
27401
27197
27402
27198
27403
27199
27404
27200
27405
27201
27203
27204
27205
27406
27206
27407
27207
27408
27208
27409
27209
27410
27210
27411
27211
27412
27212
27413
27213
27414
27214
27415
27215
27416
27216
27417
27217
27418
27218
27419
27219
27420
27220
27421
27221
27422
27222
27423
27223
27424
27224
27425
27225
27426
27427
27227
27428
27228
27429
27229
27430
27230
27431
27231
27432
27232
27433
27233
27434
27234
27435
27235
27436
27236
27437
27237
27438
27238
27439
27239
27440
27441
27241
27442
27242
27443
27243
27444
27244
27445
27245
27446
27246
27447
27247
27448
27248
27449
27249
27450
27250
27451
27251
27452
27252
27453
27253
27454
27254
27455
27255
27456
27256
27457
27257
27458
27258
27459
27259
27460
27260
27461
27261
27462
27262
27463
27263
27464
27264
27465
27265
27466
27266
27467
27267
27468
27268
27469
27269
27470
27270
27471
27271
27472
27272
27473
27273
27474
27274
27475
27275
27476
27276
27477
27277
27478
27278
27479
27279
27480
27280
27481
27281
27482
27282
27483
27283
27484
27284
27485
27486
27286
27488
27287
27489
27288
27490
27289
27491
27290
27492
27291
27493
27292
27494
27293
27495
27294
27496
27295
27497
27296
27498
27297
27499
27298
27500
27299
27501
27300
27502
27301
27503
27302
27504
27303
27505
27304
27506
27305
27507
27306
27508
27307
27509
27308
27510
27309
27511
27310
27512
27311
27513
27312
27514
27313
27515
27314
27516
27315
27517
27316
27518
27317
27519
27318
27520
27319
27521
27320
27522
27321
27523
27322
27524
27323
27525
27324
27526
27325
27527
27326
27528
27327
27529
27328
27530
27329
27531
27330
27532
27331
27533
27332
27534
27333
27535
27334
27536
27335
27537
27336
27538
27337
27539
27339
27340
27540
27341
27541
27342
27542
27343
27543
27344
27544
27345
27545
27346
27546
27347
27547
27348
27548
27349
27549
27350
27550
27351
27551
27352
27552
27353
27553
27354
27554
27355
27555
27356
27556
27357
27557
27358
27558
27359
27559
27360
27560
27361
27561
27362
27562
27363
27563
27364
27564
27365
27565
27366
27566
27367
27567
27368
27568
27369
27569
27370
27570
27371
27571
27372
27572
27373
27573
27374
27574
27375
27575
27376
27576
27377
27577
27378
27578
27379
27579
27380
27580
27381
27581
27382
27582
27383
27583
27384
27584
27385
27585
27386
27586
27387
27587
27388
27588
27389
27589
27390
27590
27391
27591
27392
27592
27393
27593
27394
27594
27395
27595
27396
27596
27397
27597
27398
27598
27399
27599
27400
27600
27401
27601
27402
27602
27403
27603
27404
27604
27405
27605
27407
27408
27606
27409
27607
27410
27608
27411
27609
27412
27610
27413
27611
27414
27612
27415
27613
27416
27614
27417
27615
27418
27616
27419
27617
27420
27618
27421
27619
27422
27620
27423
27621
27424
27622
27425
27623
27426
27624
27427
27625
27626
27429
27628
27430
27629
27431
27630
27432
27631
27433
27632
27434
27633
27435
27634
27436
27635
27437
27636
27438
27637
27439
27638
27440
27639
27441
27640
27641
27443
27642
27444
27643
27445
27644
27446
27645
27447
27646
27448
27647
27449
27648
27450
27649
27451
27650
27452
27651
27453
27652
27454
27653
27455
27654
27456
27655
27457
27656
27458
27657
27459
27658
27460
27659
27461
27660
27462
27661
27463
27662
27464
27663
27465
27664
27466
27665
27467
27666
27468
27667
27469
27668
27470
27669
27471
27670
27472
27671
27473
27672
27474
27673
27475
27674
27476
27675
27477
27676
27478
27677
27479
27678
27480
27679
27481
27680
27482
27681
27483
27682
27484
27683
27485
27684
27486
27685
27487
27686
27687
27489
27690
27490
27691
27491
27692
27492
27693
27493
27694
27494
27695
27495
27696
27496
27697
27497
27698
27498
27699
27499
27700
27500
27701
27501
27702
27502
27703
27503
27704
27504
27705
27505
27706
27506
27707
27507
27708
27508
27709
27509
27710
27510
27711
27511
27712
27512
27713
27513
27714
27514
27715
27515
27716
27516
27717
27517
27718
27518
27719
27519
27720
27520
27721
27521
27722
27522
27723
27523
27724
27524
27725
27525
27726
27526
27727
27527
27728
27528
27729
27529
27730
27530
27731
27531
27732
27532
27733
27533
27734
27534
27735
27535
27736
27536
27737
27537
27738
27538
27739
27539
27740
27541
27542
27741
27543
27742
27544
27743
27545
27744
27546
27745
27547
27746
27548
27747
27549
27748
27550
27749
27551
27750
27552
27751
27553
27752
27554
27753
27555
27754
27556
27755
27557
27756
27558
27757
27559
27758
27560
27759
27561
27760
27562
27761
27563
27762
27564
27763
27565
27764
27566
27765
27567
27766
27568
27767
27569
27768
27570
27769
27571
27770
27572
27771
27573
27772
27574
27773
27575
27774
27576
27775
27577
27776
27578
27777
27579
27778
27580
27779
27581
27780
27582
27781
27583
27782
27584
27783
27585
27784
27586
27785
27587
27786
27588
27787
27589
27788
27590
27789
27591
27790
27592
27791
27593
27792
27594
27793
27595
27794
27596
27795
27597
27796
27598
27797
27599
27798
27600
27799
27601
27800
27602
27801
27603
27802
27604
27803
27605
27804
27607
27608
27805
27609
27806
27610
27807
27611
27808
27612
27809
27613
27810
27614
27811
27615
27812
27616
27813
27617
27814
27618
27815
27619
27816
27620
27817
27621
27818
27622
27819
27623
27820
27624
27821
27625
27822
27626
27823
27824
27628
27826
27629
27827
27630
27828
27631
27829
27632
27830
27633
27831
27634
27832
27635
27833
27636
27834
27637
27835
27638
27836
27639
27837
27640
27838
27641
27839
27840
27643
27841
27644
27842
27645
27843
27646
27844
27647
27845
27648
27846
27649
27847
27650
27848
27651
27849
27652
27850
27653
27851
27654
27852
27655
27853
27656
27854
27657
27855
27658
27856
27659
27857
27660
27858
27661
27859
27662
27860
27663
27861
27664
27862
27665
27863
27666
27864
27667
27865
27668
27866
27669
27867
27670
27868
27671
27869
27672
27870
27673
27871
27674
27872
27675
27873
27676
27874
27677
27875
27678
27876
27679
27877
27680
27878
27681
27879
27682
27880
27683
27881
27684
27882
27685
27883
27686
27884
27687
27885
27688
27886
27887
27690
27890
27691
27891
27692
27892
27693
27893
27694
27894
27695
27895
27696
27896
27697
27897
27698
27898
27699
27899
27700
27900
27701
27901
27702
27902
27703
27903
27704
27904
27705
27905
27706
27906
27707
27907
27708
27908
27709
27909
27710
27910
27711
27911
27712
27912
27713
27913
27714
27914
27715
27915
27716
27916
27717
27917
27718
27918
27719
27919
27720
27920
27721
27921
27722
27922
27723
27923
27724
27924
27725
27925
27726
27926
27727
27927
27728
27928
27729
27929
27730
27930
27731
27931
27732
27932
27733
27933
27734
27934
27735
27935
27736
27936
27737
27937
27738
27938
27739
27939
27740
27940
27742
27743
27941
27744
27942
27745
27943
27746
27944
27747
27945
27748
27946
27749
27947
27750
27948
27751
27949
27752
27950
27753
27951
27754
27952
27755
27953
27756
27954
27757
27955
27758
27956
27759
27957
27760
27958
27761
27959
27762
27960
27763
27961
27764
27962
27765
27963
27766
27964
27767
27965
27768
27966
27769
27967
27770
27968
27771
27969
27772
27970
27773
27971
27774
27972
27775
27973
27776
27974
27777
27975
27778
27976
27779
27977
27780
27978
27781
27979
27782
27980
27783
27981
27784
27982
27785
27983
27786
27984
27787
27985
27788
27986
27789
27987
27790
27988
27791
27989
27792
27990
27793
27991
27794
27992
27795
27993
27796
27994
27797
27995
27798
27996
27799
27997
27800
27998
27801
27999
27802
28000
27803
28001
27804
28002
27806
27807
28003
27808
28004
27809
28005
27810
28006
27811
28007
27812
28008
27813
28009
27814
28010
27815
28011
27816
28012
27817
28013
27818
28014
27819
28015
27820
28016
27821
28017
27822
28018
27823
28019
27824
28020
27825
28021
28022
27827
28023
27828
28024
27829
28025
27830
28026
27831
28027
27832
28028
27833
28029
27834
28030
27835
28031
27836
28032
27837
28033
27838
28034
27839
28035
27840
28036
28037
27842
28038
27843
28039
27844
28040
27845
28041
27846
28042
27847
28043
27848
28044
27849
28045
27850
28046
27851
28047
27852
28048
27853
28049
27854
28050
27855
28051
27856
28052
27857
28053
27858
28054
27859
28055
27860
28056
27861
28057
27862
28058
27863
28059
27864
28060
27865
28061
27866
28062
27867
28063
27868
28064
27869
28065
27870
28066
27871
28067
27872
28068
27873
28069
27874
28070
27875
28071
27876
28072
27877
28073
27878
28074
27879
28075
27880
28076
27881
28077
27882
28078
27883
28079
27884
28080
27885
28081
27886
28082
27887
28083
27888
28084
28085
27890
28088
27891
28089
27892
28090
27893
28091
27894
28092
27895
28093
27896
28094
27897
28095
27898
28096
27899
28097
27900
28098
27901
28099
27902
28100
27903
28101
27904
28102
27905
28103
27906
28104
27907
28105
27908
28106
27909
28107
27910
28108
27911
28109
27912
28110
27913
28111
27914
28112
27915
28113
27916
28114
27917
28115
27918
28116
27919
28117
27920
28118
27921
28119
27922
28120
27923
28121
27924
28122
27925
28123
27926
28124
27927
28125
27928
28126
27929
28127
27930
28128
27931
28129
27932
28130
27933
28131
27934
28132
27935
28133
27936
28134
27937
28135
27938
28136
27939
28137
27940
28138
27942
27943
28139
27944
28140
27945
28141
27946
28142
27947
28143
27948
28144
27949
28145
27950
28146
27951
28147
27952
28148
27953
28149
27954
28150
27955
28151
27956
28152
27957
28153
27958
28154
27959
28155
27960
28156
27961
28157
27962
28158
27963
28159
27964
28160
27965
28161
27966
28162
27967
28163
27968
28164
27969
28165
27970
28166
27971
28167
27972
28168
27973
28169
27974
28170
27975
28171
27976
28172
27977
28173
27978
28174
27979
28175
27980
28176
27981
28177
27982
28178
27983
28179
27984
28180
27985
28181
27986
28182
27987
28183
27988
28184
27989
28185
27990
28186
27991
28187
27992
28188
27993
28189
27994
28190
27995
28191
27996
28192
27997
28193
27998
28194
27999
28195
28000
28196
28001
28197
28002
28198
28004
28005
28199
28006
28200
28007
28201
28008
28202
28009
28203
28010
28204
28011
28205
28012
28206
28013
28207
28014
28208
28015
28209
28016
28210
28017
28211
28018
28212
28019
28213
28020
28214
28021
28215
28022
28216
28217
28024
28219
28025
28220
28026
28221
28027
28222
28028
28223
28029
28224
28030
28225
28031
28226
28032
28227
28033
28228
28034
28229
28035
28230
28036
28231
28037
28232
28233
28039
28234
28040
28235
28041
28236
28042
28237
28043
28238
28044
28239
28045
28240
28046
28241
28047
28242
28048
28243
28049
28244
28050
28245
28051
28246
28052
28247
28053
28248
28054
28249
28055
28250
28056
28251
28057
28252
28058
28253
28059
28254
28060
28255
28061
28256
28062
28257
28063
28258
28064
28259
28065
28260
28066
28261
28067
28262
28068
28263
28069
28264
28070
28265
28071
28266
28072
28267
28073
28268
28074
28269
28075
28270
28076
28271
28077
28272
28078
28273
28079
28274
28080
28275
28081
28276
28082
28277
28083
28278
28084
28279
28085
28280
28086
28281
28282
28088
28286
28089
28287
28090
28288
28091
28289
28092
28290
28093
28291
28094
28292
28095
28293
28096
28294
28097
28295
28098
28296
28099
28297
28100
28298
28101
28299
28102
28300
28103
28301
28104
28302
28105
28303
28106
28304
28107
28305
28108
28306
28109
28307
28110
28308
28111
28309
28112
28310
28113
28311
28114
28312
28115
28313
28116
28314
28117
28315
28118
28316
28119
28317
28120
28318
28121
28319
28122
28320
28123
28321
28124
28322
28125
28323
28126
28324
28127
28325
28128
28326
28129
28327
28130
28328
28131
28329
28132
28330
28133
28331
28134
28332
28135
28333
28136
28334
28137
28335
28138
28336
28140
28337
28141
28338
28142
28339
28143
28340
28144
28341
28145
28342
28146
28343
28147
28344
28148
28345
28149
28346
28150
28347
28151
28348
28152
28349
28153
28350
28154
28351
28155
28352
28156
28353
28157
28354
28158
28355
28159
28356
28160
28357
28161
28358
28162
28359
28163
28360
28164
28361
28165
28362
28166
28363
28167
28364
28168
28365
28169
28366
28170
28367
28171
28368
28172
28369
28173
28370
28174
28371
28175
28372
28176
28373
28177
28374
28178
28375
28179
28376
28180
28377
28181
28378
28182
28379
28183
28380
28184
28381
28185
28382
28186
28383
28187
28384
28188
28385
28189
28386
28190
28387
28191
28388
28192
28389
28193
28390
28194
28391
28195
28392
28196
28393
28197
28394
28198
28395
28396
28200
28201
28397
28202
28398
28203
28399
28204
28400
28205
28401
28206
28402
28207
28403
28208
28404
28209
28405
28210
28406
28211
28407
28212
28408
28213
28409
28214
28410
28215
28411
28216
28412
28217
28413
28414
28219
28416
28220
28417
28221
28418
28222
28419
28223
28420
28224
28421
28225
28422
28226
28423
28227
28424
28228
28425
28229
28426
28230
28427
28231
28428
28232
28429
28233
28430
28431
28235
28432
28236
28433
28237
28434
28238
28435
28239
28436
28240
28437
28241
28438
28242
28439
28243
28440
28244
28441
28245
28442
28246
28443
28247
28444
28248
28445
28249
28446
28250
28447
28251
28448
28252
28449
28253
28450
28254
28451
28255
28452
28256
28453
28257
28454
28258
28455
28259
28456
28260
28457
28261
28458
28262
28459
28263
28460
28264
28461
28265
28462
28266
28463
28267
28464
28268
28465
28269
28466
28270
28467
28271
28468
28272
28469
28273
28470
28274
28471
28275
28472
28276
28473
28277
28474
28278
28475
28279
28476
28280
28477
28281
28478
28282
28479
28283
28480
28481
28285
28484
28286
28485
28287
28486
28288
28487
28289
28488
28290
28489
28291
28490
28292
28491
28293
28492
28294
28493
28295
28494
28296
28495
28297
28496
28298
28497
28299
28498
28300
28499
28301
28500
28302
28501
28303
28502
28304
28503
28305
28504
28306
28505
28307
28506
28308
28507
28309
28508
28310
28509
28311
28510
28312
28511
28313
28512
28314
28513
28315
28514
28316
28515
28317
28516
28318
28517
28319
28518
28320
28519
28321
28520
28322
28521
28323
28522
28324
28523
28325
28524
28326
28525
28327
28526
28328
28527
28329
28528
28330
28529
28331
28530
28332
28531
28333
28532
28334
28533
28335
28534
28336
28535
28536
28338
28339
28537
28340
28538
28341
28539
28342
28540
28343
28541
28344
28542
28345
28543
28346
28544
28347
28545
28348
28546
28349
28547
28350
28548
28351
28549
28352
28550
28353
28551
28354
28552
28355
28553
28356
28554
28357
28555
28358
28556
28359
28557
28360
28558
28361
28559
28362
28560
28363
28561
28364
28562
28365
28563
28366
28564
28367
28565
28368
28566
28369
28567
28370
28568
28371
28569
28372
28570
28373
28571
28374
28572
28375
28573
28376
28574
28377
28575
28378
28576
28379
28577
28380
28578
28381
28579
28382
28580
28383
28581
28384
28582
28385
28583
28386
28584
28387
28585
28388
28586
28389
28587
28390
28588
28391
28589
28392
28590
28393
28591
28394
28592
28395
28593
28396
28594
28398
28595
28399
28596
28400
28597
28401
28598
28402
28599
28403
28600
28404
28601
28405
28602
28406
28603
28407
28604
28408
28605
28409
28606
28410
28607
28411
28608
28412
28609
28413
28610
28414
28611
28415
28612
28613
28417
28615
28418
28616
28419
28617
28420
28618
28421
28619
28422
28620
28423
28621
28424
28622
28425
28623
28426
28624
28427
28625
28428
28626
28429
28627
28430
28628
28431
28629
28630
28433
28631
28434
28632
28435
28633
28436
28634
28437
28635
28438
28636
28439
28637
28440
28638
28441
28639
28442
28640
28443
28641
28444
28642
28445
28643
28446
28644
28447
28645
28448
28646
28449
28647
28450
28648
28451
28649
28452
28650
28453
28651
28454
28652
28455
28653
28456
28654
28457
28655
28458
28656
28459
28657
28460
28658
28461
28659
28462
28660
28463
28661
28464
28662
28465
28663
28466
28664
28467
28665
28468
28666
28469
28667
28470
28668
28471
28669
28472
28670
28473
28671
28474
28672
28475
28673
28476
28674
28477
28675
28478
28676
28479
28677
28480
28678
28481
28679
28482
28680
28681
28484
28686
28485
28687
28486
28688
28487
28689
28488
28690
28489
28691
28490
28692
28491
28693
28492
28694
28493
28695
28494
28696
28495
28697
28496
28698
28497
28699
28498
28700
28499
28701
28500
28702
28501
28703
28502
28704
28503
28705
28504
28706
28505
28707
28506
28708
28507
28709
28508
28710
28509
28711
28510
28712
28511
28713
28512
28714
28513
28715
28514
28716
28515
28717
28516
28718
28517
28719
28518
28720
28519
28721
28520
28722
28521
28723
28522
28724
28523
28725
28524
28726
28525
28727
28526
28728
28527
28729
28528
28730
28529
28731
28530
28732
28531
28733
28532
28734
28533
28735
28534
28736
28535
28737
28536
28738
28538
28539
28739
28540
28740
28541
28741
28542
28742
28543
28743
28544
28744
28545
28745
28546
28746
28547
28747
28548
28748
28549
28749
28550
28750
28551
28751
28552
28752
28553
28753
28554
28754
28555
28755
28556
28756
28557
28757
28558
28758
28559
28759
28560
28760
28561
28761
28562
28762
28563
28763
28564
28764
28565
28765
28566
28766
28567
28767
28568
28768
28569
28769
28570
28770
28571
28771
28572
28772
28573
28773
28574
28774
28575
28775
28576
28776
28577
28777
28578
28778
28579
28779
28580
28780
28581
28781
28582
28782
28583
28783
28584
28784
28585
28785
28586
28786
28587
28787
28588
28788
28589
28789
28590
28790
28591
28791
28592
28792
28593
28793
28594
28794
28596
28597
28795
28598
28796
28599
28797
28600
28798
28601
28799
28602
28800
28603
28801
28604
28802
28605
28803
28606
28804
28607
28805
28608
28806
28609
28807
28610
28808
28611
28809
28612
28810
28613
28811
28812
28615
28814
28616
28815
28617
28816
28618
28817
28619
28818
28620
28819
28621
28820
28622
28821
28623
28822
28624
28823
28625
28824
28626
28825
28627
28826
28628
28827
28629
28828
28630
28829
28830
28632
28831
28633
28832
28634
28833
28635
28834
28636
28835
28637
28836
28638
28837
28639
28838
28640
28839
28641
28840
28642
28841
28643
28842
28644
28843
28645
28844
28646
28845
28647
28846
28648
28847
28649
28848
28650
28849
28651
28850
28652
28851
28653
28852
28654
28853
28655
28854
28656
28855
28657
28856
28658
28857
28659
28858
28660
28859
28661
28860
28662
28861
28663
28862
28664
28863
28665
28864
28666
28865
28667
28866
28668
28867
28669
28868
28670
28869
28671
28870
28672
28871
28673
28872
28674
28873
28675
28874
28676
28875
28677
28876
28678
28877
28679
28878
28680
28879
28681
28880
28682
28881
28683
28882
28883
28685
28888
28686
28889
28687
28890
28688
28891
28689
28892
28690
28893
28691
28894
28692
28895
28693
28896
28694
28897
28695
28898
28696
28899
28697
28900
28698
28901
28699
28902
28700
28903
28701
28904
28702
28905
28703
28906
28704
28907
28705
28908
28706
28909
28707
28910
28708
28911
28709
28912
28710
28913
28711
28914
28712
28915
28713
28916
28714
28917
28715
28918
28716
28919
28717
28920
28718
28921
28719
28922
28720
28923
28721
28924
28722
28925
28723
28926
28724
28927
28725
28928
28726
28929
28727
28930
28728
28931
28729
28932
28730
28933
28731
28934
28732
28935
28733
28936
28734
28937
28735
28938
28736
28939
28737
28940
28738
28941
28942
28740
28943
28741
28944
28742
28945
28743
28946
28744
28947
28745
28948
28746
28949
28747
28950
28748
28951
28749
28952
28750
28953
28751
28954
28752
28955
28753
28956
28754
28957
28755
28958
28756
28959
28757
28960
28758
28961
28759
28962
28760
28963
28761
28964
28762
28965
28763
28966
28764
28967
28765
28968
28766
28969
28767
28970
28768
28971
28769
28972
28770
28973
28771
28974
28772
28975
28773
28976
28774
28977
28775
28978
28776
28979
28777
28980
28778
28981
28779
28982
28780
28983
28781
28984
28782
28985
28783
28986
28784
28987
28785
28988
28786
28989
28787
28990
28788
28991
28789
28992
28790
28993
28791
28994
28792
28995
28793
28996
28794
28997
28998
28796
28999
28797
29000
28798
29001
28799
29002
28800
29003
28801
29004
28802
29005
28803
29006
28804
29007
28805
29008
28806
29009
28807
29010
28808
29011
28809
29012
28810
29013
28811
29014
28812
29015
28813
29016
29017
28815
29020
28816
29021
28817
29022
28818
29023
28819
29024
28820
29025
28821
29026
28822
29027
28823
29028
28824
29029
28825
29030
28826
29031
28827
29032
28828
29033
28829
29034
28830
29035
29036
28832
29037
28833
29038
28834
29039
28835
29040
28836
29041
28837
29042
28838
29043
28839
29044
28840
29045
28841
29046
28842
29047
28843
29048
28844
29049
28845
29050
28846
29051
28847
29052
28848
29053
28849
29054
28850
29055
28851
29056
28852
29057
28853
29058
28854
29059
28855
29060
28856
29061
28857
29062
28858
29063
28859
29064
28860
29065
28861
29066
28862
29067
28863
29068
28864
29069
28865
29070
28866
29071
28867
29072
28868
29073
28869
29074
28870
29075
28871
29076
28872
29077
28873
29078
28874
29079
28875
29080
28876
29081
28877
29082
28878
29083
28879
29084
28880
29085
28881
29086
28882
29087
28883
29088
28884
29089
28885
29090
29091
28887
29097
28888
29098
28889
29099
28890
29100
28891
29101
28892
29102
28893
29103
28894
29104
28895
29105
28896
29106
28897
29107
28898
29108
28899
29109
28900
29110
28901
29111
28902
29112
28903
29113
28904
29114
28905
29115
28906
29116
28907
29117
28908
29118
28909
29119
28910
29120
28911
29121
28912
29122
28913
29123
28914
29124
28915
29125
28916
29126
28917
29127
28918
29128
28919
29129
28920
29130
28921
29131
28922
29132
28923
29133
28924
29134
28925
29135
28926
29136
28927
29137
28928
29138
28929
29139
28930
29140
28931
29141
28932
29142
28933
29143
28934
29144
28935
29145
28936
29146
28937
29147
28938
29148
28939
29149
28940
29150
28941
29151
28942
29152
28944
28945
29153
28946
29154
28947
29155
28948
29156
28949
29157
28950
29158
28951
29159
28952
29160
28953
29161
28954
29162
28955
29163
28956
29164
28957
29165
28958
29166
28959
29167
28960
29168
28961
29169
28962
29170
28963
29171
28964
29172
28965
29173
28966
29174
28967
29175
28968
29176
28969
29177
28970
29178
28971
29179
28972
29180
28973
29181
28974
29182
28975
29183
28976
29184
28977
29185
28978
29186
28979
29187
28980
29188
28981
29189
28982
29190
28983
29191
28984
29192
28985
29193
28986
29194
28987
29195
28988
29196
28989
29197
28990
29198
28991
29199
28992
29200
28993
29201
28994
29202
28995
29203
28996
29204
28997
29205
28998
29206
29000
29001
29207
29002
29208
29003
29209
29004
29210
29005
29211
29006
29212
29007
29213
29008
29214
29009
29215
29010
29216
29011
29217
29012
29218
29013
29219
29014
29220
29015
29221
29016
29222
29017
29223
29018
29224
29225
29020
29227
29021
29228
29022
29229
29023
29230
29024
29231
29025
29232
29026
29233
29027
29234
29028
29235
29029
29236
29030
29237
29031
29238
29032
29239
29033
29240
29034
29241
29035
29242
29036
29243
29244
29038
29245
29039
29246
29040
29247
29041
29248
29042
29249
29043
29250
29044
29251
29045
29252
29046
29253
29047
29254
29048
29255
29049
29256
29050
29257
29051
29258
29052
29259
29053
29260
29054
29261
29055
29262
29056
29263
29057
29264
29058
29265
29059
29266
29060
29267
29061
29268
29062
29269
29063
29270
29064
29271
29065
29272
29066
29273
29067
29274
29068
29275
29069
29276
29070
29277
29071
29278
29072
29279
29073
29280
29074
29281
29075
29282
29076
29283
29077
29284
29078
29285
29079
29286
29080
29287
29081
29288
29082
29289
29083
29290
29084
29291
29085
29292
29086
29293
29087
29294
29088
29295
29089
29296
29090
29297
29091
29298
29092
29299
29093
29300
29094
29301
29302
29096
29310
29097
29311
29098
29312
29099
29313
29100
29314
29101
29315
29102
29316
29103
29317
29104
29318
29105
29319
29106
29320
29107
29321
29108
29322
29109
29323
29110
29324
29111
29325
29112
29326
29113
29327
29114
29328
29115
29329
29116
29330
29117
29331
29118
29332
29119
29333
29120
29334
29121
29335
29122
29336
29123
29337
29124
29338
29125
29339
29126
29340
29127
29341
29128
29342
29129
29343
29130
29344
29131
29345
29132
29346
29133
29347
29134
29348
29135
29349
29136
29350
29137
29351
29138
29352
29139
29353
29140
29354
29141
29355
29142
29356
29143
29357
29144
29358
29145
29359
29146
29360
29147
29361
29148
29362
29149
29363
29150
29364
29151
29365
29152
29366
29367
29154
29368
29155
29369
29156
29370
29157
29371
29158
29372
29159
29373
29160
29374
29161
29375
29162
29376
29163
29377
29164
29378
29165
29379
29166
29380
29167
29381
29168
29382
29169
29383
29170
29384
29171
29385
29172
29386
29173
29387
29174
29388
29175
29389
29176
29390
29177
29391
29178
29392
29179
29393
29180
29394
29181
29395
29182
29396
29183
29397
29184
29398
29185
29399
29186
29400
29187
29401
29188
29402
29189
29403
29190
29404
29191
29405
29192
29406
29193
29407
29194
29408
29195
29409
29196
29410
29197
29411
29198
29412
29199
29413
29200
29414
29201
29415
29202
29416
29203
29417
29204
29418
29205
29419
29206
29420
29421
29208
29422
29209
29423
29210
29424
29211
29425
29212
29426
29213
29427
29214
29428
29215
29429
29216
29430
29217
29431
29218
29432
29219
29433
29220
29434
29221
29435
29222
29436
29223
29437
29224
29438
29225
29439
29440
29227
29442
29228
29443
29229
29444
29230
29445
29231
29446
29232
29447
29233
29448
29234
29449
29235
29450
29236
29451
29237
29452
29238
29453
29239
29454
29240
29455
29241
29456
29242
29457
29243
29458
29244
29459
29460
29246
29461
29247
29462
29248
29463
29249
29464
29250
29465
29251
29466
29252
29467
29253
29468
29254
29469
29255
29470
29256
29471
29257
29472
29258
29473
29259
29474
29260
29475
29261
29476
29262
29477
29263
29478
29264
29479
29265
29480
29266
29481
29267
29482
29268
29483
29269
29484
29270
29485
29271
29486
29272
29487
29273
29488
29274
29489
29275
29490
29276
29491
29277
29492
29278
29493
29279
29494
29280
29495
29281
29496
29282
29497
29283
29498
29284
29499
29285
29500
29286
29501
29287
29502
29288
29503
29289
29504
29290
29505
29291
29506
29292
29507
29293
29508
29294
29509
29295
29510
29296
29511
29297
29512
29298
29513
29299
29514
29300
29515
29301
29516
29302
29517
29303
29518
29304
29519
29305
29520
29521
29307
29533
29308
29534
29309
29535
29310
29536
29311
29537
29312
29538
29313
29539
29314
29540
29315
29541
29316
29542
29317
29543
29318
29544
29319
29545
29320
29546
29321
29547
29322
29548
29323
29549
29324
29550
29325
29551
29326
29552
29327
29553
29328
29554
29329
29555
29330
29556
29331
29557
29332
29558
29333
29559
29334
29560
29335
29561
29336
29562
29337
29563
29338
29564
29339
29565
29340
29566
29341
29567
29342
29568
29343
29569
29344
29570
29345
29571
29346
29572
29347
29573
29348
29574
29349
29575
29350
29576
29351
29577
29352
29578
29353
29579
29354
29580
29355
29581
29356
29582
29357
29583
29358
29584
29359
29585
29360
29586
29361
29587
29362
29588
29363
29589
29364
29590
29365
29591
29366
29592
29367
29593
29369
29594
29370
29595
29371
29596
29372
29597
29373
29598
29374
29599
29375
29600
29376
29601
29377
29602
29378
29603
29379
29604
29380
29605
29381
29606
29382
29607
29383
29608
29384
29609
29385
29610
29386
29611
29387
29612
29388
29613
29389
29614
29390
29615
29391
29616
29392
29617
29393
29618
29394
29619
29395
29620
29396
29621
29397
29622
29398
29623
29399
29624
29400
29625
29401
29626
29402
29627
29403
29628
29404
29629
29405
29630
29406
29631
29407
29632
29408
29633
29409
29634
29410
29635
29411
29636
29412
29637
29413
29638
29414
29639
29415
29640
29416
29641
29417
29642
29418
29643
29419
29644
29420
29645
29421
29646
29647
29423
29424
29648
29425
29649
29426
29650
29427
29651
29428
29652
29429
29653
29430
29654
29431
29655
29432
29656
29433
29657
29434
29658
29435
29659
29436
29660
29437
29661
29438
29662
29439
29663
29440
29664
29441
29665
29666
29443
29669
29444
29670
29445
29671
29446
29672
29447
29673
29448
29674
29449
29675
29450
29676
29451
29677
29452
29678
29453
29679
29454
29680
29455
29681
29456
29682
29457
29683
29458
29684
29459
29685
29460
29686
29687
29462
29688
29463
29689
29464
29690
29465
29691
29466
29692
29467
29693
29468
29694
29469
29695
29470
29696
29471
29697
29472
29698
29473
29699
29474
29700
29475
29701
29476
29702
29477
29703
29478
29704
29479
29705
29480
29706
29481
29707
29482
29708
29483
29709
29484
29710
29485
29711
29486
29712
29487
29713
29488
29714
29489
29715
29490
29716
29491
29717
29492
29718
29493
29719
29494
29720
29495
29721
29496
29722
29497
29723
29498
29724
29499
29725
29500
29726
29501
29727
29502
29728
29503
29729
29504
29730
29505
29731
29506
29732
29507
29733
29508
29734
29509
29735
29510
29736
29511
29737
29512
29738
29513
29739
29514
29740
29515
29741
29516
29742
29517
29743
29518
29744
29519
29745
29520
29746
29521
29747
29522
29748
29523
29749
29524
29750
29525
29751
29526
29752
29527
29753
29528
29754
29529
29755
29530
29756
29531
29757
29532
29758
29533
29759
29534
29760
29535
29761
29536
29762
29537
29763
29538
29764
29539
29765
29540
29766
29541
29767
29542
29768
29543
29769
29544
29770
29545
29771
29546
29772
29547
29773
29548
29774
29549
29775
29550
29776
29551
29777
29552
29778
29553
29779
29554
29780
29555
29781
29556
29782
29557
29783
29558
29784
29559
29785
29560
29786
29561
29787
29562
29788
29563
29789
29564
29790
29565
29791
29566
29792
29567
29793
29568
29794
29569
29795
29570
29796
29571
29797
29572
29798
29573
29799
29574
29800
29575
29801
29576
29802
29577
29803
29578
29804
29579
29805
29580
29806
29581
29807
29582
29808
29583
29809
29584
29810
29585
29811
29586
29812
29587
29813
29588
29814
29589
29815
29590
29816
29591
29817
29592
29818
29593
29819
29820
29595
29821
29596
29822
29597
29823
29598
29824
29599
29825
29600
29826
29601
29827
29602
29828
29603
29829
29604
29830
29605
29831
29606
29832
29607
29833
29608
29834
29609
29835
29610
29836
29611
29837
29612
29838
29613
29839
29614
29840
29615
29841
29616
29842
29617
29843
29618
29844
29619
29845
29620
29846
29621
29847
29622
29848
29623
29849
29624
29850
29625
29851
29626
29852
29627
29853
29628
29854
29629
29855
29630
29856
29631
29857
29632
29858
29633
29859
29634
29860
29635
29861
29636
29862
29637
29863
29638
29864
29639
29865
29640
29866
29641
29867
29642
29868
29643
29869
29644
29870
29645
29871
29646
29872
29647
29873
29874
29649
29875
29650
29876
29651
29877
29652
29878
29653
29879
29654
29880
29655
29881
29656
29882
29657
29883
29658
29884
29659
29885
29660
29886
29661
29887
29662
29888
29663
29889
29664
29890
29665
29891
29666
29892
29667
29893
29894
29669
29897
29670
29898
29671
29899
29672
29900
29673
29901
29674
29902
29675
29903
29676
29904
29677
29905
29678
29906
29679
29907
29680
29908
29681
29909
29682
29910
29683
29911
29684
29912
29685
29913
29686
29914
29687
29915
29916
29689
29917
29690
29918
29691
29919
29692
29920
29693
29921
29694
29922
29695
29923
29696
29924
29697
29925
29698
29926
29699
29927
29700
29928
29701
29929
29702
29930
29703
29931
29704
29932
29705
29933
29706
29934
29707
29935
29708
29936
29709
29937
29710
29938
29711
29939
29712
29940
29713
29941
29714
29942
29715
29943
29716
29944
29717
29945
29718
29946
29719
29947
29720
29948
29721
29949
29722
29950
29723
29951
29724
29952
29725
29953
29726
29954
29727
29955
29728
29956
29729
29957
29730
29958
29731
29959
29732
29960
29733
29961
29734
29962
29735
29963
29736
29964
29737
29965
29738
29966
29739
29967
29740
29968
29741
29969
29742
29970
29743
29971
29744
29972
29745
29973
29746
29974
29747
29975
29748
29976
29749
29977
29750
29978
29751
29979
29752
29980
29753
29981
29754
29982
29755
29983
29756
29984
29757
29985
29758
29986
29759
29987
29760
29988
29761
29989
29762
29990
29763
29991
29764
29992
29765
29993
29766
29994
29767
29995
29768
29996
29769
29997
29770
29998
29771
29999
29772
30000
29773
30001
29774
30002
29775
30003
29776
30004
29777
30005
29778
30006
29779
30007
29780
30008
29781
30009
29782
30010
29783
30011
29784
30012
29785
30013
29786
30014
29787
30015
29788
30016
29789
30017
29790
30018
29791
30019
29792
30020
29793
30021
29794
30022
29795
30023
29796
30024
29797
30025
29798
30026
29799
30027
29800
30028
29801
30029
29802
30030
29803
30031
29804
30032
29805
30033
29806
30034
29807
30035
29808
30036
29809
30037
29810
30038
29811
30039
29812
30040
29813
30041
29814
30042
29815
30043
29816
30044
29817
30045
29818
30046
29819
30047
29820
30048
30049
29822
29823
30050
29824
30051
29825
30052
29826
30053
29827
30054
29828
30055
29829
30056
29830
30057
29831
30058
29832
30059
29833
30060
29834
30061
29835
30062
29836
30063
29837
30064
29838
30065
29839
30066
29840
30067
29841
30068
29842
30069
29843
30070
29844
30071
29845
30072
29846
30073
29847
30074
29848
30075
29849
30076
29850
30077
29851
30078
29852
30079
29853
30080
29854
30081
29855
30082
29856
30083
29857
30084
29858
30085
29859
30086
29860
30087
29861
30088
29862
30089
29863
30090
29864
30091
29865
30092
29866
30093
29867
30094
29868
30095
29869
30096
29870
30097
29871
30098
29872
30099
29873
30100
29874
30101
29876
30102
29877
30103
29878
30104
29879
30105
29880
30106
29881
30107
29882
30108
29883
30109
29884
30110
29885
30111
29886
30112
29887
30113
29888
30114
29889
30115
29890
30116
29891
30117
29892
30118
29893
30119
29894
30120
29895
30121
30122
29897
30124
29898
30125
29899
30126
29900
30127
29901
30128
29902
30129
29903
30130
29904
30131
29905
30132
29906
30133
29907
30134
29908
30135
29909
30136
29910
30137
29911
30138
29912
30139
29913
30140
29914
30141
29915
30142
29916
30143
30144
29918
30145
29919
30146
29920
30147
29921
30148
29922
30149
29923
30150
29924
30151
29925
30152
29926
30153
29927
30154
29928
30155
29929
30156
29930
30157
29931
30158
29932
30159
29933
30160
29934
30161
29935
30162
29936
30163
29937
30164
29938
30165
29939
30166
29940
30167
29941
30168
29942
30169
29943
30170
29944
30171
29945
30172
29946
30173
29947
30174
29948
30175
29949
30176
29950
30177
29951
30178
29952
30179
29953
30180
29954
30181
29955
30182
29956
30183
29957
30184
29958
30185
29959
30186
29960
30187
29961
30188
29962
30189
29963
30190
29964
30191
29965
30192
29966
30193
29967
30194
29968
30195
29969
30196
29970
30197
29971
30198
29972
30199
29973
30200
29974
30201
29975
30202
29976
30203
29977
30204
29978
30205
29979
30206
29980
30207
29981
30208
29982
30209
29983
30210
29984
30211
29985
30212
29986
30213
29987
30214
29988
30215
29989
30216
29990
30217
29991
30218
29992
30219
29993
30220
29994
30221
29995
30222
29996
30223
29997
30224
29998
30225
29999
30226
30000
30227
30001
30228
30002
30229
30003
30230
30004
30231
30005
30232
30006
30233
30007
30234
30008
30235
30009
30236
30010
30237
30011
30238
30012
30239
30013
30240
30014
30241
30015
30242
30016
30243
30017
30244
30018
30245
30019
30246
30020
30247
30021
30248
30022
30249
30023
30250
30024
30251
30025
30252
30026
30253
30027
30254
30028
30255
30029
30256
30030
30257
30031
30258
30032
30259
30033
30260
30034
30261
30035
30262
30036
30263
30037
30264
30038
30265
30039
30266
30040
30267
30041
30268
30042
30269
30043
30270
30044
30271
30045
30272
30046
30273
30047
30274
30048
30275
30049
30276
30277
30051
30278
30052
30279
30053
30280
30054
30281
30055
30282
30056
30283
30057
30284
30058
30285
30059
30286
30060
30287
30061
30288
30062
30289
30063
30290
30064
30291
30065
30292
30066
30293
30067
30294
30068
30295
30069
30296
30070
30297
30071
30298
30072
30299
30073
30300
30074
30301
30075
30302
30076
30303
30077
30304
30078
30305
30079
30306
30080
30307
30081
30308
30082
30309
30083
30310
30084
30311
30085
30312
30086
30313
30087
30314
30088
30315
30089
30316
30090
30317
30091
30318
30092
30319
30093
30320
30094
30321
30095
30322
30096
30323
30097
30324
30098
30325
30099
30326
30100
30327
30101
30328
30329
30103
30330
30104
30331
30105
30332
30106
30333
30107
30334
30108
30335
30109
30336
30110
30337
30111
30338
30112
30339
30113
30340
30114
30341
30115
30342
30116
30343
30117
30344
30118
30345
30119
30346
30120
30347
30121
30348
30122
30349
30350
30124
30353
30125
30354
30126
30355
30127
30356
30128
30357
30129
30358
30130
30359
30131
30360
30132
30361
30133
30362
30134
30363
30135
30364
30136
30365
30137
30366
30138
30367
30139
30368
30140
30369
30141
30370
30142
30371
30143
30372
30144
30373
30374
30146
30375
30147
30376
30148
30377
30149
30378
30150
30379
30151
30380
30152
30381
30153
30382
30154
30383
30155
30384
30156
30385
30157
30386
30158
30387
30159
30388
30160
30389
30161
30390
30162
30391
30163
30392
30164
30393
30165
30394
30166
30395
30167
30396
30168
30397
30169
30398
30170
30399
30171
30400
30172
30401
30173
30402
30174
30403
30175
30404
30176
30405
30177
30406
30178
30407
30179
30408
30180
30409
30181
30410
30182
30411
30183
30412
30184
30413
30185
30414
30186
30415
30187
30416
30188
30417
30189
30418
30190
30419
30191
30420
30192
30421
30193
30422
30194
30423
30195
30424
30196
30425
30197
30426
30198
30427
30199
30428
30200
30429
30201
30430
30202
30431
30203
30432
30204
30433
30205
30434
30206
30435
30207
30436
30208
30437
30209
30438
30210
30439
30211
30440
30212
30441
30213
30442
30214
30443
30215
30444
30216
30445
30217
30446
30218
30447
30219
30448
30220
30449
30221
30450
30222
30451
30223
30452
30224
30453
30225
30454
30226
30455
30227
30456
30228
30457
30229
30458
30230
30459
30231
30460
30232
30461
30233
30462
30234
30463
30235
30464
30236
30465
30237
30466
30238
30467
30239
30468
30240
30469
30241
30470
30242
30471
30243
30472
30244
30473
30245
30474
30246
30475
30247
30476
30248
30477
30249
30478
30250
30479
30251
30480
30252
30481
30253
30482
30254
30483
30255
30484
30256
30485
30257
30486
30258
30487
30259
30488
30260
30489
30261
30490
30262
30491
30263
30492
30264
30493
30265
30494
30266
30495
30267
30496
30268
30497
30269
30498
30270
30499
30271
30500
30272
30501
30273
30502
30274
30503
30275
30504
30276
30505
30277
30506
30507
30279
30508
30280
30509
30281
30510
30282
30511
30283
30512
30284
30513
30285
30514
30286
30515
30287
30516
30288
30517
30289
30518
30290
30519
30291
30520
30292
30521
30293
30522
30294
30523
30295
30524
30296
30525
30297
30526
30298
30527
30299
30528
30300
30529
30301
30530
30302
30531
30303
30532
30304
30533
30305
30534
30306
30535
30307
30536
30308
30537
30309
30538
30310
30539
30311
30540
30312
30541
30313
30542
30314
30543
30315
30544
30316
30545
30317
30546
30318
30547
30319
30548
30320
30549
30321
30550
30322
30551
30323
30552
30324
30553
30325
30554
30326
30555
30327
30556
30328
30557
30329
30558
30559
30331
30560
30332
30561
30333
30562
30334
30563
30335
30564
30336
30565
30337
30566
30338
30567
30339
30568
30340
30569
30341
30570
30342
30571
30343
30572
30344
30573
30345
30574
30346
30575
30347
30576
30348
30577
30349
30578
30350
30579
30351
30580
30581
30353
30584
30354
30585
30355
30586
30356
30587
30357
30588
30358
30589
30359
30590
30360
30591
30361
30592
30362
30593
30363
30594
30364
30595
30365
30596
30366
30597
30367
30598
30368
30599
30369
30600
30370
30601
30371
30602
30372
30603
30373
30604
30374
30605
30606
30376
30607
30377
30608
30378
30609
30379
30610
30380
30611
30381
30612
30382
30613
30383
30614
30384
30615
30385
30616
30386
30617
30387
30618
30388
30619
30389
30620
30390
30621
30391
30622
30392
30623
30393
30624
30394
30625
30395
30626
30396
30627
30397
30628
30398
30629
30399
30630
30400
30631
30401
30632
30402
30633
30403
30634
30404
30635
30405
30636
30406
30637
30407
30638
30408
30639
30409
30640
30410
30641
30411
30642
30412
30643
30413
30644
30414
30645
30415
30646
30416
30647
30417
30648
30418
30649
30419
30650
30420
30651
30421
30652
30422
30653
30423
30654
30424
30655
30425
30656
30426
30657
30427
30658
30428
30659
30429
30660
30430
30661
30431
30662
30432
30663
30433
30664
30434
30665
30435
30666
30436
30667
30437
30668
30438
30669
30439
30670
30440
30671
30441
30672
30442
30673
30443
30674
30444
30675
30445
30676
30446
30677
30447
30678
30448
30679
30449
30680
30450
30681
30451
30682
30452
30683
30453
30684
30454
30685
30455
30686
30456
30687
30457
30688
30458
30689
30459
30690
30460
30691
30461
30692
30462
30693
30463
30694
30464
30695
30465
30696
30466
30697
30467
30698
30468
30699
30469
30700
30470
30701
30471
30702
30472
30703
30473
30704
30474
30705
30475
30706
30476
30707
30477
30708
30478
30709
30479
30710
30480
30711
30481
30712
30482
30713
30483
30714
30484
30715
30485
30716
30486
30717
30487
30718
30488
30719
30489
30720
30490
30721
30491
30722
30492
30723
30493
30724
30494
30725
30495
30726
30496
30727
30497
30728
30498
30729
30499
30730
30500
30731
30501
30732
30502
30733
30503
30734
30504
30735
30505
30736
30506
30737
30507
30738
30739
30509
30740
30510
30741
30511
30742
30512
30743
30513
30744
30514
30745
30515
30746
30516
30747
30517
30748
30518
30749
30519
30750
30520
30751
30521
30752
30522
30753
30523
30754
30524
30755
30525
30756
30526
30757
30527
30758
30528
30759
30529
30760
30530
30761
30531
30762
30532
30763
30533
30764
30534
30765
30535
30766
30536
30767
30537
30768
30538
30769
30539
30770
30540
30771
30541
30772
30542
30773
30543
30774
30544
30775
30545
30776
30546
30777
30547
30778
30548
30779
30549
30780
30550
30781
30551
30782
30552
30783
30553
30784
30554
30785
30555
30786
30556
30787
30557
30788
30558
30789
30559
30790
30791
30561
30792
30562
30793
30563
30794
30564
30795
30565
30796
30566
30797
30567
30798
30568
30799
30569
30800
30570
30801
30571
30802
30572
30803
30573
30804
30574
30805
30575
30806
30576
30807
30577
30808
30578
30809
30579
30810
30580
30811
30581
30812
30582
30813
30814
30584
30818
30585
30819
30586
30820
30587
30821
30588
30822
30589
30823
30590
30824
30591
30825
30592
30826
30593
30827
30594
30828
30595
30829
30596
30830
30597
30831
30598
30832
30599
30833
30600
30834
30601
30835
30602
30836
30603
30837
30604
30838
30605
30839
30606
30840
30841
30608
30842
30609
30843
30610
30844
30611
30845
30612
30846
30613
30847
30614
30848
30615
30849
30616
30850
30617
30851
30618
30852
30619
30853
30620
30854
30621
30855
30622
30856
30623
30857
30624
30858
30625
30859
30626
30860
30627
30861
30628
30862
30629
30863
30630
30864
30631
30865
30632
30866
30633
30867
30634
30868
30635
30869
30636
30870
30637
30871
30638
30872
30639
30873
30640
30874
30641
30875
30642
30876
30643
30877
30644
30878
30645
30879
30646
30880
30647
30881
30648
30882
30649
30883
30650
30884
30651
30885
30652
30886
30653
30887
30654
30888
30655
30889
30656
30890
30657
30891
30658
30892
30659
30893
30660
30894
30661
30895
30662
30896
30663
30897
30664
30898
30665
30899
30666
30900
30667
30901
30668
30902
30669
30903
30670
30904
30671
30905
30672
30906
30673
30907
30674
30908
30675
30909
30676
30910
30677
30911
30678
30912
30679
30913
30680
30914
30681
30915
30682
30916
30683
30917
30684
30918
30685
30919
30686
30920
30687
30921
30688
30922
30689
30923
30690
30924
30691
30925
30692
30926
30693
30927
30694
30928
30695
30929
30696
30930
30697
30931
30698
30932
30699
30933
30700
30934
30701
30935
30702
30936
30703
30937
30704
30938
30705
30939
30706
30940
30707
30941
30708
30942
30709
30943
30710
30944
30711
30945
30712
30946
30713
30947
30714
30948
30715
30949
30716
30950
30717
30951
30718
30952
30719
30953
30720
30954
30721
30955
30722
30956
30723
30957
30724
30958
30725
30959
30726
30960
30727
30961
30728
30962
30729
30963
30730
30964
30731
30965
30732
30966
30733
30967
30734
30968
30735
30969
30736
30970
30737
30971
30738
30972
30739
30973
30974
30741
30975
30742
30976
30743
30977
30744
30978
30745
30979
30746
30980
30747
30981
30748
30982
30749
30983
30750
30984
30751
30985
30752
30986
30753
30987
30754
30988
30755
30989
30756
30990
30757
30991
30758
30992
30759
30993
30760
30994
30761
30995
30762
30996
30763
30997
30764
30998
30765
30999
30766
31000
30767
31001
30768
31002
30769
31003
30770
31004
30771
31005
30772
31006
30773
31007
30774
31008
30775
31009
30776
31010
30777
31011
30778
31012
30779
31013
30780
31014
30781
31015
30782
31016
30783
31017
30784
31018
30785
31019
30786
31020
30787
31021
30788
31022
30789
31023
30790
31024
30791
31025
31026
30793
31027
30794
31028
30795
31029
30796
31030
30797
31031
30798
31032
30799
31033
30800
31034
30801
31035
30802
31036
30803
31037
30804
31038
30805
31039
30806
31040
30807
31041
30808
31042
30809
31043
30810
31044
30811
31045
30812
31046
30813
31047
30814
31048
30815
31049
30816
31050
31051
30818
31054
30819
31055
30820
31056
30821
31057
30822
31058
30823
31059
30824
31060
30825
31061
30826
31062
30827
31063
30828
31064
30829
31065
30830
31066
30831
31067
30832
31068
30833
31069
30834
31070
30835
31071
30836
31072
30837
31073
30838
31074
30839
31075
30840
31076
30841
31077
31078
30843
31079
30844
31080
30845
31081
30846
31082
30847
31083
30848
31084
30849
31085
30850
31086
30851
31087
30852
31088
30853
31089
30854
31090
30855
31091
30856
31092
30857
31093
30858
31094
30859
31095
30860
31096
30861
31097
30862
31098
30863
31099
30864
31100
30865
31101
30866
31102
30867
31103
30868
31104
30869
31105
30870
31106
30871
31107
30872
31108
30873
31109
30874
31110
30875
31111
30876
31112
30877
31113
30878
31114
30879
31115
30880
31116
30881
31117
30882
31118
30883
31119
30884
31120
30885
31121
30886
31122
30887
31123
30888
31124
30889
31125
30890
31126
30891
31127
30892
31128
30893
31129
30894
31130
30895
31131
30896
31132
30897
31133
30898
31134
30899
31135
30900
31136
30901
31137
30902
31138
30903
31139
30904
31140
30905
31141
30906
31142
30907
31143
30908
31144
30909
31145
30910
31146
30911
31147
30912
31148
30913
31149
30914
31150
30915
31151
30916
31152
30917
31153
30918
31154
30919
31155
30920
31156
30921
31157
30922
31158
30923
31159
30924
31160
30925
31161
30926
31162
30927
31163
30928
31164
30929
31165
30930
31166
30931
31167
30932
31168
30933
31169
30934
31170
30935
31171
30936
31172
30937
31173
30938
31174
30939
31175
30940
31176
30941
31177
30942
31178
30943
31179
30944
31180
30945
31181
30946
31182
30947
31183
30948
31184
30949
31185
30950
31186
30951
31187
30952
31188
30953
31189
30954
31190
30955
31191
30956
31192
30957
31193
30958
31194
30959
31195
30960
31196
30961
31197
30962
31198
30963
31199
30964
31200
30965
31201
30966
31202
30967
31203
30968
31204
30969
31205
30970
31206
30971
31207
30972
31208
30973
31209
30974
31210
31211
30976
31212
30977
31213
30978
31214
30979
31215
30980
31216
30981
31217
30982
31218
30983
31219
30984
31220
30985
31221
30986
31222
30987
31223
30988
31224
30989
31225
30990
31226
30991
31227
30992
31228
30993
31229
30994
31230
30995
31231
30996
31232
30997
31233
30998
31234
30999
31235
31000
31236
31001
31237
31002
31238
31003
31239
31004
31240
31005
31241
31006
31242
31007
31243
31008
31244
31009
31245
31010
31246
31011
31247
31012
31248
31013
31249
31014
31250
31015
31251
31016
31252
31017
31253
31018
31254
31019
31255
31020
31256
31021
31257
31022
31258
31023
31259
31024
31260
31025
31261
31026
31262
31263
31028
31264
31029
31265
31030
31266
31031
31267
31032
31268
31033
31269
31034
31270
31035
31271
31036
31272
31037
31273
31038
31274
31039
31275
31040
31276
31041
31277
31042
31278
31043
31279
31044
31280
31045
31281
31046
31282
31047
31283
31048
31284
31049
31285
31050
31286
31051
31287
31052
31288
31289
31054
31293
31055
31294
31056
31295
31057
31296
31058
31297
31059
31298
31060
31299
31061
31300
31062
31301
31063
31302
31064
31303
31065
31304
31066
31305
31067
31306
31068
31307
31069
31308
31070
31309
31071
31310
31072
31311
31073
31312
31074
31313
31075
31314
31076
31315
31077
31316
31078
31317
31318
31080
31319
31081
31320
31082
31321
31083
31322
31084
31323
31085
31324
31086
31325
31087
31326
31088
31327
31089
31328
31090
31329
31091
31330
31092
31331
31093
31332
31094
31333
31095
31334
31096
31335
31097
31336
31098
31337
31099
31338
31100
31339
31101
31340
31102
31341
31103
31342
31104
31343
31105
31344
31106
31345
31107
31346
31108
31347
31109
31348
31110
31349
31111
31350
31112
31351
31113
31352
31114
31353
31115
31354
31116
31355
31117
31356
31118
31357
31119
31358
31120
31359
31121
31360
31122
31361
31123
31362
31124
31363
31125
31364
31126
31365
31127
31366
31128
31367
31129
31368
31130
31369
31131
31370
31132
31371
31133
31372
31134
31373
31135
31374
31136
31375
31137
31376
31138
31377
31139
31378
31140
31379
31141
31380
31142
31381
31143
31382
31144
31383
31145
31384
31146
31385
31147
31386
31148
31387
31149
31388
31150
31389
31151
31390
31152
31391
31153
31392
31154
31393
31155
31394
31156
31395
31157
31396
31158
31397
31159
31398
31160
31399
31161
31400
31162
31401
31163
31402
31164
31403
31165
31404
31166
31405
31167
31406
31168
31407
31169
31408
31170
31409
31171
31410
31172
31411
31173
31412
31174
31413
31175
31414
31176
31415
31177
31416
31178
31417
31179
31418
31180
31419
31181
31420
31182
31421
31183
31422
31184
31423
31185
31424
31186
31425
31187
31426
31188
31427
31189
31428
31190
31429
31191
31430
31192
31431
31193
31432
31194
31433
31195
31434
31196
31435
31197
31436
31198
31437
31199
31438
31200
31439
31201
31440
31202
31441
31203
31442
31204
31443
31205
31444
31206
31445
31207
31446
31208
31447
31209
31448
31210
31449
31211
31450
31451
31213
31452
31214
31453
31215
31454
31216
31455
31217
31456
31218
31457
31219
31458
31220
31459
31221
31460
31222
31461
31223
31462
31224
31463
31225
31464
31226
31465
31227
31466
31228
31467
31229
31468
31230
31469
31231
31470
31232
31471
31233
31472
31234
31473
31235
31474
31236
31475
31237
31476
31238
31477
31239
31478
31240
31479
31241
31480
31242
31481
31243
31482
31244
31483
31245
31484
31246
31485
31247
31486
31248
31487
31249
31488
31250
31489
31251
31490
31252
31491
31253
31492
31254
31493
31255
31494
31256
31495
31257
31496
31258
31497
31259
31498
31260
31499
31261
31500
31262
31501
31263
31502
31503
31265
31504
31266
31505
31267
31506
31268
31507
31269
31508
31270
31509
31271
31510
31272
31511
31273
31512
31274
31513
31275
31514
31276
31515
31277
31516
31278
31517
31279
31518
31280
31519
31281
31520
31282
31521
31283
31522
31284
31523
31285
31524
31286
31525
31287
31526
31288
31527
31289
31528
31290
31529
31530
31292
31534
31293
31535
31294
31536
31295
31537
31296
31538
31297
31539
31298
31540
31299
31541
31300
31542
31301
31543
31302
31544
31303
31545
31304
31546
31305
31547
31306
31548
31307
31549
31308
31550
31309
31551
31310
31552
31311
31553
31312
31554
31313
31555
31314
31556
31315
31557
31316
31558
31317
31559
31318
31560
31561
31320
31562
31321
31563
31322
31564
31323
31565
31324
31566
31325
31567
31326
31568
31327
31569
31328
31570
31329
31571
31330
31572
31331
31573
31332
31574
31333
31575
31334
31576
31335
31577
31336
31578
31337
31579
31338
31580
31339
31581
31340
31582
31341
31583
31342
31584
31343
31585
31344
31586
31345
31587
31346
31588
31347
31589
31348
31590
31349
31591
31350
31592
31351
31593
31352
31594
31353
31595
31354
31596
31355
31597
31356
31598
31357
31599
31358
31600
31359
31601
31360
31602
31361
31603
31362
31604
31363
31605
31364
31606
31365
31607
31366
31608
31367
31609
31368
31610
31369
31611
31370
31612
31371
31613
31372
31614
31373
31615
31374
31616
31375
31617
31376
31618
31377
31619
31378
31620
31379
31621
31380
31622
31381
31623
31382
31624
31383
31625
31384
31626
31385
31627
31386
31628
31387
31629
31388
31630
31389
31631
31390
31632
31391
31633
31392
31634
31393
31635
31394
31636
31395
31637
31396
31638
31397
31639
31398
31640
31399
31641
31400
31642
31401
31643
31402
31644
31403
31645
31404
31646
31405
31647
31406
31648
31407
31649
31408
31650
31409
31651
31410
31652
31411
31653
31412
31654
31413
31655
31414
31656
31415
31657
31416
31658
31417
31659
31418
31660
31419
31661
31420
31662
31421
31663
31422
31664
31423
31665
31424
31666
31425
31667
31426
31668
31427
31669
31428
31670
31429
31671
31430
31672
31431
31673
31432
31674
31433
31675
31434
31676
31435
31677
31436
31678
31437
31679
31438
31680
31439
31681
31440
31682
31441
31683
31442
31684
31443
31685
31444
31686
31445
31687
31446
31688
31447
31689
31448
31690
31449
31691
31450
31692
31451
31693
31694
31453
31695
31454
31696
31455
31697
31456
31698
31457
31699
31458
31700
31459
31701
31460
31702
31461
31703
31462
31704
31463
31705
31464
31706
31465
31707
31466
31708
31467
31709
31468
31710
31469
31711
31470
31712
31471
31713
31472
31714
31473
31715
31474
31716
31475
31717
31476
31718
31477
31719
31478
31720
31479
31721
31480
31722
31481
31723
31482
31724
31483
31725
31484
31726
31485
31727
31486
31728
31487
31729
31488
31730
31489
31731
31490
31732
31491
31733
31492
31734
31493
31735
31494
31736
31495
31737
31496
31738
31497
31739
31498
31740
31499
31741
31500
31742
31501
31743
31502
31744
31503
31745
31746
31505
31747
31506
31748
31507
31749
31508
31750
31509
31751
31510
31752
31511
31753
31512
31754
31513
31755
31514
31756
31515
31757
31516
31758
31517
31759
31518
31760
31519
31761
31520
31762
31521
31763
31522
31764
31523
31765
31524
31766
31525
31767
31526
31768
31527
31769
31528
31770
31529
31771
31530
31772
31531
31773
31532
31774
31775
31534
31780
31535
31781
31536
31782
31537
31783
31538
31784
31539
31785
31540
31786
31541
31787
31542
31788
31543
31789
31544
31790
31545
31791
31546
31792
31547
31793
31548
31794
31549
31795
31550
31796
31551
31797
31552
31798
31553
31799
31554
31800
31555
31801
31556
31802
31557
31803
31558
31804
31559
31805
31560
31806
31561
31807
31808
31563
31809
31564
31810
31565
31811
31566
31812
31567
31813
31568
31814
31569
31815
31570
31816
31571
31817
31572
31818
31573
31819
31574
31820
31575
31821
31576
31822
31577
31823
31578
31824
31579
31825
31580
31826
31581
31827
31582
31828
31583
31829
31584
31830
31585
31831
31586
31832
31587
31833
31588
31834
31589
31835
31590
31836
31591
31837
31592
31838
31593
31839
31594
31840
31595
31841
31596
31842
31597
31843
31598
31844
31599
31845
31600
31846
31601
31847
31602
31848
31603
31849
31604
31850
31605
31851
31606
31852
31607
31853
31608
31854
31609
31855
31610
31856
31611
31857
31612
31858
31613
31859
31614
31860
31615
31861
31616
31862
31617
31863
31618
31864
31619
31865
31620
31866
31621
31867
31622
31868
31623
31869
31624
31870
31625
31871
31626
31872
31627
31873
31628
31874
31629
31875
31630
31876
31631
31877
31632
31878
31633
31879
31634
31880
31635
31881
31636
31882
31637
31883
31638
31884
31639
31885
31640
31886
31641
31887
31642
31888
31643
31889
31644
31890
31645
31891
31646
31892
31647
31893
31648
31894
31649
31895
31650
31896
31651
31897
31652
31898
31653
31899
31654
31900
31655
31901
31656
31902
31657
31903
31658
31904
31659
31905
31660
31906
31661
31907
31662
31908
31663
31909
31664
31910
31665
31911
31666
31912
31667
31913
31668
31914
31669
31915
31670
31916
31671
31917
31672
31918
31673
31919
31674
31920
31675
31921
31676
31922
31677
31923
31678
31924
31679
31925
31680
31926
31681
31927
31682
31928
31683
31929
31684
31930
31685
31931
31686
31932
31687
31933
31688
31934
31689
31935
31690
31936
31691
31937
31692
31938
31693
31939
31694
31940
31941
31696
31942
31697
31943
31698
31944
31699
31945
31700
31946
31701
31947
31702
31948
31703
31949
31704
31950
31705
31951
31706
31952
31707
31953
31708
31954
31709
31955
31710
31956
31711
31957
31712
31958
31713
31959
31714
31960
31715
31961
31716
31962
31717
31963
31718
31964
31719
31965
31720
31966
31721
31967
31722
31968
31723
31969
31724
31970
31725
31971
31726
31972
31727
31973
31728
31974
31729
31975
31730
31976
31731
31977
31732
31978
31733
31979
31734
31980
31735
31981
31736
31982
31737
31983
31738
31984
31739
31985
31740
31986
31741
31987
31742
31988
31743
31989
31744
31990
31745
31991
31746
31992
31993
31748
31994
31749
31995
31750
31996
31751
31997
31752
31998
31753
31999
31754
32000
31755
32001
31756
32002
31757
32003
31758
32004
31759
32005
31760
32006
31761
32007
31762
32008
31763
32009
31764
32010
31765
32011
31766
32012
31767
32013
31768
32014
31769
32015
31770
32016
31771
32017
31772
32018
31773
32019
31774
32020
31775
32021
31776
32022
31777
32023
32024
31779
32029
31780
32030
31781
32031
31782
32032
31783
32033
31784
32034
31785
32035
31786
32036
31787
32037
31788
32038
31789
32039
31790
32040
31791
32041
31792
32042
31793
32043
31794
32044
31795
32045
31796
32046
31797
32047
31798
32048
31799
32049
31800
32050
31801
32051
31802
32052
31803
32053
31804
32054
31805
32055
31806
32056
31807
32057
31808
32058
32059
31810
32060
31811
32061
31812
32062
31813
32063
31814
32064
31815
32065
31816
32066
31817
32067
31818
32068
31819
32069
31820
32070
31821
32071
31822
32072
31823
32073
31824
32074
31825
32075
31826
32076
31827
32077
31828
32078
31829
32079
31830
32080
31831
32081
31832
32082
31833
32083
31834
32084
31835
32085
31836
32086
31837
32087
31838
32088
31839
32089
31840
32090
31841
32091
31842
32092
31843
32093
31844
32094
31845
32095
31846
32096
31847
32097
31848
32098
31849
32099
31850
32100
31851
32101
31852
32102
31853
32103
31854
32104
31855
32105
31856
32106
31857
32107
31858
32108
31859
32109
31860
32110
31861
32111
31862
32112
31863
32113
31864
32114
31865
32115
31866
32116
31867
32117
31868
32118
31869
32119
31870
32120
31871
32121
31872
32122
31873
32123
31874
32124
31875
32125
31876
32126
31877
32127
31878
32128
31879
32129
31880
32130
31881
32131
31882
32132
31883
32133
31884
32134
31885
32135
31886
32136
31887
32137
31888
32138
31889
32139
31890
32140
31891
32141
31892
32142
31893
32143
31894
32144
31895
32145
31896
32146
31897
32147
31898
32148
31899
32149
31900
32150
31901
32151
31902
32152
31903
32153
31904
32154
31905
32155
31906
32156
31907
32157
31908
32158
31909
32159
31910
32160
31911
32161
31912
32162
31913
32163
31914
32164
31915
32165
31916
32166
31917
32167
31918
32168
31919
32169
31920
32170
31921
32171
31922
32172
31923
32173
31924
32174
31925
32175
31926
32176
31927
32177
31928
32178
31929
32179
31930
32180
31931
32181
31932
32182
31933
32183
31934
32184
31935
32185
31936
32186
31937
32187
31938
32188
31939
32189
31940
32190
31941
32191
32192
31943
32194
31944
32195
31945
32196
31946
32197
31947
32198
31948
32199
31949
32200
31950
32201
31951
32202
31952
32203
31953
32204
31954
32205
31955
32206
31956
32207
31957
32208
31958
32209
31959
32210
31960
32211
31961
32212
31962
32213
31963
32214
31964
32215
31965
32216
31966
32217
31967
32218
31968
32219
31969
32220
31970
32221
31971
32222
31972
32223
31973
32224
31974
32225
31975
32226
31976
32227
31977
32228
31978
32229
31979
32230
31980
32231
31981
32232
31982
32233
31983
32234
31984
32235
31985
32236
31986
32237
31987
32238
31988
32239
31989
32240
31990
32241
31991
32242
31992
32243
31993
32244
32245
31995
32247
31996
32248
31997
32249
31998
32250
31999
32251
32000
32252
32001
32253
32002
32254
32003
32255
32004
32256
32005
32257
32006
32258
32007
32259
32008
32260
32009
32261
32010
32262
32011
32263
32012
32264
32013
32265
32014
32266
32015
32267
32016
32268
32017
32269
32018
32270
32019
32271
32020
32272
32021
32273
32022
32274
32023
32275
32024
32276
32025
32277
32026
32278
32279
32028
32285
32029
32286
32030
32287
32031
32288
32032
32289
32033
32290
32034
32291
32035
32292
32036
32293
32037
32294
32038
32295
32039
32296
32040
32297
32041
32298
32042
32299
32043
32300
32044
32301
32045
32302
32046
32303
32047
32304
32048
32305
32049
32306
32050
32307
32051
32308
32052
32309
32053
32310
32054
32311
32055
32312
32056
32313
32057
32314
32058
32315
32059
32316
32317
32061
32318
32062
32319
32063
32320
32064
32321
32065
32322
32066
32323
32067
32324
32068
32325
32069
32326
32070
32327
32071
32328
32072
32329
32073
32330
32074
32331
32075
32332
32076
32333
32077
32334
32078
32335
32079
32336
32080
32337
32081
32338
32082
32339
32083
32340
32084
32341
32085
32342
32086
32343
32087
32344
32088
32345
32089
32346
32090
32347
32091
32348
32092
32349
32093
32350
32094
32351
32095
32352
32096
32353
32097
32354
32098
32099
32100
32101
32102
32103
32104
32355
32105
32356
32106
32357
32107
32358
32108
32359
32109
32360
32110
32361
32111
32362
32112
32363
32113
32364
32114
32365
32115
32366
32116
32367
32117
32368
32118
32369
32119
32370
32120
32371
32121
32372
32122
32373
32123
32374
32124
32375
32125
32376
32126
32377
32127
32378
32128
32379
32129
32380
32130
32381
32131
32382
32132
32383
32133
32384
32134
32385
32135
32386
32136
32387
32137
32388
32138
32389
32139
32390
32140
32391
32141
32392
32142
32393
32143
32394
32144
32395
32145
32396
32146
32397
32147
32398
32148
32399
32149
32400
32150
32401
32151
32402
32152
32403
32153
32404
32154
32405
32155
32406
32156
32407
32157
32408
32158
32409
32159
32410
32160
32411
32161
32412
32162
32413
32163
32414
32164
32415
32165
32416
32166
32417
32167
32418
32168
32419
32169
32420
32170
32421
32171
32422
32172
32423
32173
32424
32174
32425
32175
32426
32176
32427
32177
32428
32178
32429
32179
32430
32180
32431
32181
32432
32182
32433
32183
32434
32184
32435
32185
32436
32186
32437
32187
32438
32188
32439
32189
32440
32190
32441
32191
32442
32192
32443
32444
32194
32446
32195
32447
32196
32448
32197
32449
32198
32450
32199
32451
32200
32452
32201
32453
32202
32454
32203
32455
32204
32456
32205
32457
32206
32458
32207
32459
32208
32460
32209
32461
32210
32462
32211
32463
32212
32464
32213
32465
32214
32466
32215
32467
32216
32468
32217
32469
32218
32470
32219
32471
32220
32472
32221
32473
32222
32474
32223
32475
32224
32476
32225
32477
32226
32478
32227
32479
32228
32480
32229
32481
32230
32482
32231
32483
32232
32484
32233
32485
32234
32486
32235
32487
32236
32488
32237
32489
32238
32490
32239
32491
32240
32492
32241
32493
32242
32494
32243
32495
32244
32496
32245
32497
32246
32498
32499
32248
32501
32249
32502
32250
32503
32251
32504
32252
32505
32253
32506
32254
32507
32255
32508
32256
32509
32257
32510
32258
32511
32259
32512
32260
32513
32261
32514
32262
32515
32263
32516
32264
32517
32265
32518
32266
32519
32267
32520
32268
32521
32269
32522
32270
32523
32271
32524
32272
32525
32273
32526
32274
32527
32275
32528
32276
32529
32277
32530
32278
32531
32279
32532
32280
32533
32281
32534
32535
32283
32543
32284
32544
32285
32545
32286
32546
32287
32547
32288
32548
32289
32549
32290
32550
32291
32551
32292
32552
32293
32553
32294
32554
32295
32555
32296
32556
32297
32557
32298
32558
32299
32559
32300
32560
32301
32561
32302
32562
32303
32563
32304
32564
32305
32565
32306
32566
32307
32567
32308
32568
32309
32569
32310
32570
32311
32571
32312
32572
32313
32573
32314
32574
32315
32575
32316
32576
32317
32577
32578
32319
32579
32320
32580
32321
32581
32322
32582
32323
32583
32324
32584
32325
32585
32326
32586
32327
32587
32328
32588
32329
32589
32330
32590
32331
32591
32332
32592
32333
32593
32334
32594
32335
32595
32336
32596
32337
32597
32338
32598
32339
32599
32340
32600
32341
32601
32342
32602
32343
32603
32344
32604
32345
32605
32346
32606
32347
32607
32348
32608
32349
32609
32350
32610
32351
32352
32353
32354
32356
32357
32358
32359
32360
32361
32611
32362
32612
32363
32613
32364
32614
32365
32615
32366
32616
32367
32617
32368
32618
32369
32619
32370
32620
32371
32621
32372
32622
32373
32623
32374
32624
32375
32625
32376
32626
32377
32627
32378
32628
32379
32629
32380
32630
32381
32631
32382
32632
32383
32633
32384
32634
32385
32635
32386
32636
32387
32637
32388
32638
32389
32639
32390
32640
32391
32641
32392
32642
32393
32643
32394
32644
32395
32645
32396
32646
32397
32647
32398
32648
32399
32649
32400
32650
32401
32651
32402
32652
32403
32653
32404
32654
32405
32655
32406
32656
32407
32657
32408
32658
32409
32659
32410
32660
32411
32661
32412
32662
32413
32663
32414
32664
32415
32665
32416
32666
32417
32667
32418
32668
32419
32669
32420
32670
32421
32671
32422
32672
32423
32673
32424
32674
32425
32675
32426
32676
32427
32677
32428
32678
32429
32679
32430
32680
32431
32681
32432
32682
32433
32683
32434
32684
32435
32685
32436
32686
32437
32687
32438
32688
32439
32689
32440
32690
32441
32691
32442
32692
32443
32693
32444
32694
32445
32695
32696
32447
32697
32448
32698
32449
32699
32450
32700
32451
32701
32452
32702
32453
32703
32454
32704
32455
32705
32456
32706
32457
32707
32458
32708
32459
32709
32460
32710
32461
32711
32462
32712
32463
32713
32464
32714
32465
32715
32466
32716
32467
32717
32468
32718
32469
32719
32470
32720
32471
32721
32472
32722
32473
32723
32474
32724
32475
32725
32476
32726
32477
32727
32478
32728
32479
32729
32480
32730
32481
32731
32482
32732
32483
32733
32484
32734
32485
32735
32486
32736
32487
32737
32488
32738
32489
32739
32490
32740
32491
32741
32492
32742
32493
32743
32494
32744
32495
32745
32496
32746
32497
32747
32498
32748
32499
32749
32750
32501
32751
32502
32752
32503
32753
32504
32754
32505
32755
32506
32756
32507
32757
32508
32758
32509
32759
32510
32760
32511
32761
32512
32762
32513
32763
32514
32764
32515
32765
32516
32766
32517
32767
32518
32768
32519
32769
32520
32770
32521
32771
32522
32772
32523
32773
32524
32774
32525
32775
32526
32776
32527
32777
32528
32778
32529
32779
32530
32780
32531
32781
32532
32782
32533
32783
32534
32784
32535
32785
32536
32786
32537
32787
32538
32788
32539
32789
32790
32541
32806
32542
32807
32543
32808
32544
32809
32545
32810
32546
32811
32547
32812
32548
32813
32549
32814
32550
32815
32551
32816
32552
32817
32553
32818
32554
32819
32555
32820
32556
32821
32557
32822
32558
32823
32559
32824
32560
32825
32561
32826
32562
32827
32563
32828
32564
32829
32565
32830
32566
32831
32567
32832
32568
32833
32569
32834
32570
32835
32571
32836
32572
32837
32573
32838
32574
32839
32575
32840
32576
32841
32577
32842
32578
32843
32844
32580
32845
32581
32846
32582
32847
32583
32848
32584
32849
32585
32850
32586
32851
32587
32852
32588
32853
32589
32854
32590
32855
32591
32856
32592
32857
32593
32858
32594
32859
32595
32860
32596
32861
32597
32862
32598
32863
32599
32864
32600
32865
32601
32866
32602
32867
32603
32868
32604
32869
32605
32870
32606
32871
32607
32872
32608
32873
32609
32610
32612
32613
32614
32615
32874
32616
32875
32617
32876
32618
32877
32619
32878
32620
32879
32621
32880
32622
32881
32623
32882
32624
32883
32625
32884
32626
32885
32627
32886
32628
32887
32629
32888
32630
32889
32631
32890
32632
32891
32633
32892
32634
32893
32635
32894
32636
32895
32637
32896
32638
32897
32639
32898
32640
32899
32641
32900
32642
32901
32643
32902
32644
32903
32645
32904
32646
32905
32647
32906
32648
32907
32649
32908
32650
32909
32651
32910
32652
32911
32653
32912
32654
32913
32655
32914
32656
32915
32657
32916
32658
32917
32659
32918
32660
32919
32661
32920
32662
32921
32663
32922
32664
32923
32665
32924
32666
32925
32667
32926
32668
32927
32669
32928
32670
32929
32671
32930
32672
32931
32673
32932
32674
32933
32675
32934
32676
32935
32677
32936
32678
32937
32679
32938
32680
32939
32681
32940
32682
32941
32683
32942
32684
32943
32685
32944
32686
32945
32687
32946
32688
32947
32689
32948
32690
32949
32691
32950
32692
32951
32693
32952
32694
32953
32695
32954
32696
32955
32956
32698
32958
32699
32959
32700
32960
32701
32961
32702
32962
32703
32963
32704
32964
32705
32965
32706
32966
32707
32967
32708
32968
32709
32969
32710
32970
32711
32971
32712
32972
32713
32973
32714
32974
32715
32975
32716
32976
32717
32977
32718
32978
32719
32979
32720
32980
32721
32981
32722
32982
32723
32983
32724
32984
32725
32985
32726
32986
32727
32987
32728
32988
32729
32989
32730
32990
32731
32991
32732
32992
32733
32993
32734
32994
32735
32995
32736
32996
32737
32997
32738
32998
32739
32999
32740
33000
32741
33001
32742
33002
32743
33003
32744
33004
32745
33005
32746
33006
32747
33007
32748
33008
32749
33009
32750
33010
33011
32752
33013
32753
33014
32754
33015
32755
33016
32756
33017
32757
33018
32758
33019
32759
33020
32760
33021
32761
33022
32762
33023
32763
33024
32764
33025
32765
33026
32766
33027
32767
33028
32768
33029
32769
33030
32770
33031
32771
33032
32772
33033
32773
33034
32774
33035
32775
33036
32776
33037
32777
33038
32778
33039
32779
33040
32780
33041
32781
33042
32782
33043
32783
33044
32784
33045
32785
33046
32786
33047
32787
33048
32788
33049
32789
33050
32790
33051
32791
33052
32792
33053
32793
33054
32794
33055
32795
33056
32796
33057
32797
33058
32798
33059
32799
33060
32800
33061
32801
33062
32802
33063
32803
33064
32804
33065
32805
33066
32806
33067
32807
33068
32808
33069
32809
33070
32810
33071
32811
33072
32812
33073
32813
33074
32814
33075
32815
33076
32816
33077
32817
33078
32818
33079
32819
33080
32820
33081
32821
33082
32822
33083
32823
33084
32824
33085
32825
33086
32826
33087
32827
33088
32828
33089
32829
33090
32830
33091
32831
33092
32832
33093
32833
33094
32834
33095
32835
33096
32836
33097
32837
33098
32838
33099
32839
33100
32840
33101
32841
33102
32842
33103
32843
33104
32844
33105
33106
32846
33107
32847
33108
32848
33109
32849
33110
32850
33111
32851
33112
32852
33113
32853
33114
32854
33115
32855
33116
32856
33117
32857
33118
32858
33119
32859
33120
32860
33121
32861
33122
32862
33123
32863
33124
32864
33125
32865
33126
32866
33127
32867
33128
32868
33129
32869
33130
32870
33131
32871
33132
32872
33133
32873
32875
32876
32877
33134
32878
33135
32879
33136
32880
33137
32881
33138
32882
33139
32883
33140
32884
33141
32885
33142
32886
33143
32887
33144
32888
33145
32889
33146
32890
33147
32891
33148
32892
33149
32893
33150
32894
33151
32895
33152
32896
33153
32897
33154
32898
33155
32899
33156
32900
33157
32901
33158
32902
33159
32903
33160
32904
33161
32905
33162
32906
33163
32907
33164
32908
33165
32909
33166
32910
33167
32911
33168
32912
33169
32913
33170
32914
33171
32915
33172
32916
33173
32917
33174
32918
33175
32919
33176
32920
33177
32921
33178
32922
33179
32923
33180
32924
33181
32925
33182
32926
33183
32927
33184
32928
33185
32929
33186
32930
33187
32931
33188
32932
33189
32933
33190
32934
33191
32935
33192
32936
33193
32937
33194
32938
33195
32939
33196
32940
33197
32941
33198
32942
33199
32943
33200
32944
33201
32945
33202
32946
33203
32947
33204
32948
33205
32949
33206
32950
33207
32951
33208
32952
33209
32953
33210
32954
33211
32955
33212
32956
33213
33214
32958
33216
32959
33217
32960
33218
32961
33219
32962
33220
32963
33221
32964
33222
32965
33223
32966
33224
32967
33225
32968
33226
32969
33227
32970
33228
32971
33229
32972
33230
32973
33231
32974
33232
32975
33233
32976
33234
32977
33235
32978
33236
32979
33237
32980
33238
32981
33239
32982
33240
32983
33241
32984
33242
32985
33243
32986
33244
32987
33245
32988
33246
32989
33247
32990
33248
32991
33249
32992
33250
32993
33251
32994
33252
32995
33253
32996
33254
32997
33255
32998
33256
32999
33257
33000
33258
33001
33259
33002
33260
33003
33261
33004
33262
33005
33263
33006
33264
33007
33265
33008
33266
33009
33267
33010
33268
33011
33269
33012
33270
33271
33014
33273
33015
33274
33016
33275
33017
33276
33018
33277
33019
33278
33020
33279
33021
33280
33022
33281
33023
33282
33024
33283
33025
33284
33026
33285
33027
33286
33028
33287
33029
33288
33030
33289
33031
33290
33032
33291
33033
33292
33034
33293
33035
33294
33036
33295
33037
33296
33038
33297
33039
33298
33040
33299
33041
33300
33042
33301
33043
33302
33044
33303
33045
33304
33046
33305
33047
33306
33048
33307
33049
33308
33050
33309
33051
33310
33052
33311
33053
33312
33054
33313
33055
33314
33056
33315
33057
33316
33058
33317
33059
33318
33060
33319
33061
33320
33062
33321
33063
33322
33064
33323
33065
33324
33066
33325
33067
33326
33068
33327
33069
33328
33070
33329
33071
33330
33072
33331
33073
33332
33074
33333
33075
33334
33076
33335
33077
33336
33078
33337
33079
33338
33080
33339
33081
33340
33082
33341
33083
33342
33084
33343
33085
33344
33086
33345
33087
33346
33088
33347
33089
33348
33090
33349
33091
33350
33092
33351
33093
33352
33094
33353
33095
33354
33096
33355
33097
33356
33098
33357
33099
33358
33100
33359
33101
33360
33102
33361
33103
33362
33104
33363
33105
33364
33106
33365
33366
33108
33367
33109
33368
33110
33369
33111
33370
33112
33371
33113
33372
33114
33373
33115
33374
33116
33375
33117
33376
33118
33377
33119
33378
33120
33379
33121
33380
33122
33381
33123
33382
33124
33383
33125
33384
33126
33385
33127
33386
33128
33387
33129
33388
33130
33389
33131
33390
33132
33391
33133
33135
33136
33137
33392
33138
33393
33139
33394
33140
33395
33141
33396
33142
33397
33143
33398
33144
33399
33145
33400
33146
33401
33147
33402
33148
33403
33149
33404
33150
33405
33151
33406
33152
33407
33153
33408
33154
33409
33155
33410
33156
33411
33157
33412
33158
33413
33159
33414
33160
33415
33161
33416
33162
33417
33163
33418
33164
33419
33165
33420
33166
33421
33167
33422
33168
33423
33169
33424
33170
33425
33171
33426
33172
33427
33173
33428
33174
33429
33175
33430
33176
33431
33177
33432
33178
33433
33179
33434
33180
33435
33181
33436
33182
33437
33183
33438
33184
33439
33185
33440
33186
33441
33187
33442
33188
33443
33189
33444
33190
33445
33191
33446
33192
33447
33193
33448
33194
33449
33195
33450
33196
33451
33197
33452
33198
33453
33199
33454
33200
33455
33201
33456
33202
33457
33203
33458
33204
33459
33205
33460
33206
33461
33207
33462
33208
33463
33209
33464
33210
33465
33211
33466
33212
33467
33213
33468
33214
33469
33215
33470
33471
33217
33473
33218
33474
33219
33475
33220
33476
33221
33477
33222
33478
33223
33479
33224
33480
33225
33481
33226
33482
33227
33483
33228
33484
33229
33485
33230
33486
33231
33487
33232
33488
33233
33489
33234
33490
33235
33491
33236
33492
33237
33493
33238
33494
33239
33495
33240
33496
33241
33497
33242
33498
33243
33499
33244
33500
33245
33501
33246
33502
33247
33503
33248
33504
33249
33505
33250
33506
33251
33507
33252
33508
33253
33509
33254
33510
33255
33511
33256
33512
33257
33513
33258
33514
33259
33515
33260
33516
33261
33517
33262
33518
33263
33519
33264
33520
33265
33521
33266
33522
33267
33523
33268
33524
33269
33525
33270
33526
33271
33527
33528
33273
33530
33274
33531
33275
33532
33276
33533
33277
33534
33278
33535
33279
33536
33280
33537
33281
33538
33282
33539
33283
33540
33284
33541
33285
33542
33286
33543
33287
33544
33288
33545
33289
33546
33290
33547
33291
33548
33292
33549
33293
33550
33294
33551
33295
33552
33296
33553
33297
33554
33298
33555
33299
33556
33300
33557
33301
33558
33302
33559
33303
33560
33304
33561
33305
33562
33306
33563
33307
33564
33308
33565
33309
33566
33310
33567
33311
33568
33312
33569
33313
33570
33314
33571
33315
33572
33316
33573
33317
33574
33318
33575
33319
33576
33320
33577
33321
33578
33322
33579
33323
33580
33324
33581
33325
33582
33326
33583
33327
33584
33328
33585
33329
33586
33330
33587
33331
33588
33332
33589
33333
33590
33334
33591
33335
33592
33336
33593
33337
33594
33338
33595
33339
33596
33340
33597
33341
33598
33342
33599
33343
33600
33344
33601
33345
33602
33346
33603
33347
33604
33348
33605
33349
33606
33350
33607
33351
33608
33352
33609
33353
33610
33354
33611
33355
33612
33356
33613
33357
33614
33358
33615
33359
33616
33360
33617
33361
33618
33362
33619
33363
33620
33364
33621
33365
33622
33366
33623
33624
33368
33625
33369
33626
33370
33627
33371
33628
33372
33629
33373
33630
33374
33631
33375
33632
33376
33633
33377
33634
33378
33635
33379
33636
33380
33637
33381
33638
33382
33639
33383
33640
33384
33641
33385
33642
33386
33643
33387
33644
33388
33645
33389
33646
33390
33647
33391
33648
33393
33394
33649
33395
33650
33396
33651
33397
33652
33398
33653
33399
33654
33400
33655
33401
33656
33402
33657
33403
33658
33404
33659
33405
33660
33406
33661
33407
33662
33408
33663
33409
33664
33410
33665
33411
33666
33412
33667
33413
33668
33414
33669
33415
33670
33416
33671
33417
33672
33418
33673
33419
33674
33420
33675
33421
33676
33422
33677
33423
33678
33424
33679
33425
33680
33426
33681
33427
33682
33428
33683
33429
33684
33430
33685
33431
33686
33432
33687
33433
33688
33434
33689
33435
33690
33436
33691
33437
33692
33438
33693
33439
33694
33440
33695
33441
33696
33442
33697
33443
33698
33444
33699
33445
33700
33446
33701
33447
33702
33448
33703
33449
33704
33450
33705
33451
33706
33452
33707
33453
33708
33454
33709
33455
33710
33456
33711
33457
33712
33458
33713
33459
33714
33460
33715
33461
33716
33462
33717
33463
33718
33464
33719
33465
33720
33466
33721
33467
33722
33468
33723
33469
33724
33470
33725
33471
33726
33727
33473
33729
33474
33730
33475
33731
33476
33732
33477
33733
33478
33734
33479
33735
33480
33736
33481
33737
33482
33738
33483
33739
33484
33740
33485
33741
33486
33742
33487
33743
33488
33744
33489
33745
33490
33746
33491
33747
33492
33748
33493
33749
33494
33750
33495
33751
33496
33752
33497
33753
33498
33754
33499
33755
33500
33756
33501
33757
33502
33758
33503
33759
33504
33760
33505
33761
33506
33762
33507
33763
33508
33764
33509
33765
33510
33766
33511
33767
33512
33768
33513
33769
33514
33770
33515
33771
33516
33772
33517
33773
33518
33774
33519
33775
33520
33776
33521
33777
33522
33778
33523
33779
33524
33780
33525
33781
33526
33782
33527
33783
33528
33784
33529
33785
33786
33531
33788
33532
33789
33533
33790
33534
33791
33535
33792
33536
33793
33537
33794
33538
33795
33539
33796
33540
33797
33541
33798
33542
33799
33543
33800
33544
33801
33545
33802
33546
33803
33547
33804
33548
33805
33549
33806
33550
33807
33551
33808
33552
33809
33553
33810
33554
33811
33555
33812
33556
33813
33557
33814
33558
33815
33559
33816
33560
33817
33561
33818
33562
33819
33563
33820
33564
33821
33565
33822
33566
33823
33567
33824
33568
33825
33569
33826
33570
33827
33571
33828
33572
33829
33573
33830
33574
33831
33575
33832
33576
33833
33577
33834
33578
33835
33579
33836
33580
33837
33581
33838
33582
33839
33583
33840
33584
33841
33585
33842
33586
33843
33587
33844
33588
33845
33589
33846
33590
33847
33591
33848
33592
33849
33593
33850
33594
33851
33595
33852
33596
33853
33597
33854
33598
33855
33599
33856
33600
33857
33601
33858
33602
33859
33603
33860
33604
33861
33605
33862
33606
33863
33607
33864
33608
33865
33609
33866
33610
33867
33611
33868
33612
33869
33613
33870
33614
33871
33615
33872
33616
33873
33617
33874
33618
33875
33619
33876
33620
33877
33621
33878
33622
33879
33623
33880
33624
33881
33882
33626
33883
33627
33884
33628
33885
33629
33886
33630
33887
33631
33888
33632
33889
33633
33890
33634
33891
33635
33892
33636
33893
33637
33894
33638
33895
33639
33896
33640
33897
33641
33898
33642
33899
33643
33900
33644
33901
33645
33902
33646
33903
33647
33904
33648
33905
33650
33651
33906
33652
33907
33653
33908
33654
33909
33655
33910
33656
33911
33657
33912
33658
33913
33659
33914
33660
33915
33661
33916
33662
33917
33663
33918
33664
33919
33665
33920
33666
33921
33667
33922
33668
33923
33669
33924
33670
33925
33671
33926
33672
33927
33673
33928
33674
33929
33675
33930
33676
33931
33677
33932
33678
33933
33679
33934
33680
33935
33681
33936
33682
33937
33683
33938
33684
33939
33685
33940
33686
33941
33687
33942
33688
33943
33689
33944
33690
33945
33691
33946
33692
33947
33693
33948
33694
33949
33695
33950
33696
33951
33697
33952
33698
33953
33699
33954
33700
33955
33701
33956
33702
33957
33703
33958
33704
33959
33705
33960
33706
33961
33707
33962
33708
33963
33709
33964
33710
33965
33711
33966
33712
33967
33713
33968
33714
33969
33715
33970
33716
33971
33717
33972
33718
33973
33719
33974
33720
33975
33721
33976
33722
33977
33723
33978
33724
33979
33725
33980
33726
33981
33727
33982
33728
33983
33984
33730
33987
33731
33988
33732
33989
33733
33990
33734
33991
33735
33992
33736
33993
33737
33994
33738
33995
33739
33996
33740
33997
33741
33998
33742
33999
33743
34000
33744
34001
33745
34002
33746
34003
33747
34004
33748
34005
33749
34006
33750
34007
33751
34008
33752
34009
33753
34010
33754
34011
33755
34012
33756
34013
33757
34014
33758
34015
33759
34016
33760
34017
33761
34018
33762
34019
33763
34020
33764
34021
33765
34022
33766
34023
33767
34024
33768
34025
33769
34026
33770
34027
33771
34028
33772
34029
33773
34030
33774
34031
33775
34032
33776
34033
33777
34034
33778
34035
33779
34036
33780
34037
33781
34038
33782
34039
33783
34040
33784
34041
33785
34042
33786
34043
34044
33788
34047
33789
34048
33790
34049
33791
34050
33792
34051
33793
34052
33794
34053
33795
34054
33796
34055
33797
34056
33798
34057
33799
34058
33800
34059
33801
34060
33802
34061
33803
34062
33804
34063
33805
34064
33806
34065
33807
34066
33808
34067
33809
34068
33810
34069
33811
34070
33812
34071
33813
34072
33814
34073
33815
34074
33816
34075
33817
34076
33818
34077
33819
34078
33820
34079
33821
34080
33822
34081
33823
34082
33824
34083
33825
34084
33826
34085
33827
34086
33828
34087
33829
34088
33830
34089
33831
34090
33832
34091
33833
34092
33834
34093
33835
34094
33836
34095
33837
34096
33838
34097
33839
34098
33840
34099
33841
34100
33842
34101
33843
34102
33844
34103
33845
34104
33846
34105
33847
34106
33848
34107
33849
34108
33850
34109
33851
34110
33852
34111
33853
34112
33854
34113
33855
34114
33856
34115
33857
34116
33858
34117
33859
34118
33860
34119
33861
34120
33862
34121
33863
34122
33864
34123
33865
34124
33866
34125
33867
34126
33868
34127
33869
34128
33870
34129
33871
34130
33872
34131
33873
34132
33874
34133
33875
34134
33876
34135
33877
34136
33878
34137
33879
34138
33880
34139
33881
34140
33882
34141
34142
33884
34143
33885
34144
33886
34145
33887
34146
33888
34147
33889
34148
33890
34149
33891
34150
33892
34151
33893
34152
33894
34153
33895
34154
33896
34155
33897
34156
33898
34157
33899
34158
33900
34159
33901
34160
33902
34161
33903
34162
33904
34163
33905
34164
33907
33908
33909
34165
33910
34166
33911
34167
33912
34168
33913
34169
33914
34170
33915
34171
33916
34172
33917
34173
33918
34174
33919
34175
33920
34176
33921
34177
33922
34178
33923
34179
33924
34180
33925
34181
33926
34182
33927
34183
33928
34184
33929
34185
33930
34186
33931
34187
33932
34188
33933
34189
33934
34190
33935
34191
33936
34192
33937
34193
33938
34194
33939
34195
33940
34196
33941
34197
33942
34198
33943
34199
33944
34200
33945
34201
33946
34202
33947
34203
33948
34204
33949
34205
33950
34206
33951
34207
33952
34208
33953
34209
33954
34210
33955
34211
33956
34212
33957
34213
33958
34214
33959
34215
33960
34216
33961
34217
33962
34218
33963
34219
33964
34220
33965
34221
33966
34222
33967
34223
33968
34224
33969
34225
33970
34226
33971
34227
33972
34228
33973
34229
33974
34230
33975
34231
33976
34232
33977
34233
33978
34234
33979
34235
33980
34236
33981
34237
33982
34238
33983
34239
33984
34240
33985
34241
34242
33987
34245
33988
34246
33989
34247
33990
34248
33991
34249
33992
34250
33993
34251
33994
34252
33995
34253
33996
34254
33997
34255
33998
34256
33999
34257
34000
34258
34001
34259
34002
34260
34003
34261
34004
34262
34005
34263
34006
34264
34007
34265
34008
34266
34009
34267
34010
34268
34011
34269
34012
34270
34013
34271
34014
34272
34015
34273
34016
34274
34017
34275
34018
34276
34019
34277
34020
34278
34021
34279
34022
34280
34023
34281
34024
34282
34025
34283
34026
34284
34027
34285
34028
34286
34029
34287
34030
34288
34031
34289
34032
34290
34033
34291
34034
34292
34035
34293
34036
34294
34037
34295
34038
34296
34039
34297
34040
34298
34041
34299
34042
34300
34043
34301
34044
34302
34045
34303
34304
34047
34307
34048
34308
34049
34309
34050
34310
34051
34311
34052
34312
34053
34313
34054
34314
34055
34315
34056
34316
34057
34317
34058
34318
34059
34319
34060
34320
34061
34321
34062
34322
34063
34323
34064
34324
34065
34325
34066
34326
34067
34327
34068
34328
34069
34329
34070
34330
34071
34331
34072
34332
34073
34333
34074
34334
34075
34335
34076
34336
34077
34337
34078
34338
34079
34339
34080
34340
34081
34341
34082
34342
34083
34343
34084
34344
34085
34345
34086
34346
34087
34347
34088
34348
34089
34349
34090
34350
34091
34351
34092
34352
34093
34353
34094
34354
34095
34355
34096
34356
34097
34357
34098
34358
34099
34359
34100
34360
34101
34361
34102
34362
34103
34363
34104
34364
34105
34365
34106
34366
34107
34367
34108
34368
34109
34369
34110
34370
34111
34371
34112
34372
34113
34373
34114
34374
34115
34375
34116
34376
34117
34377
34118
34378
34119
34379
34120
34380
34121
34381
34122
34382
34123
34383
34124
34384
34125
34385
34126
34386
34127
34387
34128
34388
34129
34389
34130
34390
34131
34391
34132
34392
34133
34393
34134
34394
34135
34395
34136
34396
34137
34397
34138
34398
34139
34399
34140
34400
34141
34401
34142
34402
34403
34144
34404
34145
34405
34146
34406
34147
34407
34148
34408
34149
34409
34150
34410
34151
34411
34152
34412
34153
34413
34154
34414
34155
34415
34156
34416
34157
34417
34158
34418
34159
34419
34160
34420
34161
34421
34162
34422
34163
34423
34164
34166
34167
34424
34168
34425
34169
34426
34170
34427
34171
34428
34172
34429
34173
34430
34174
34431
34175
34432
34176
34433
34177
34434
34178
34435
34179
34436
34180
34437
34181
34438
34182
34439
34183
34440
34184
34441
34185
34442
34186
34443
34187
34444
34188
34445
34189
34446
34190
34447
34191
34448
34192
34449
34193
34450
34194
34451
34195
34452
34196
34453
34197
34454
34198
34455
34199
34456
34200
34457
34201
34458
34202
34459
34203
34460
34204
34461
34205
34462
34206
34463
34207
34464
34208
34465
34209
34466
34210
34467
34211
34468
34212
34469
34213
34470
34214
34471
34215
34472
34216
34473
34217
34474
34218
34475
34219
34476
34220
34477
34221
34478
34222
34479
34223
34480
34224
34481
34225
34482
34226
34483
34227
34484
34228
34485
34229
34486
34230
34487
34231
34488
34232
34489
34233
34490
34234
34491
34235
34492
34236
34493
34237
34494
34238
34495
34239
34496
34240
34497
34241
34498
34242
34499
34243
34500
34501
34245
34503
34246
34504
34247
34505
34248
34506
34249
34507
34250
34508
34251
34509
34252
34510
34253
34511
34254
34512
34255
34513
34256
34514
34257
34515
34258
34516
34259
34517
34260
34518
34261
34519
34262
34520
34263
34521
34264
34522
34265
34523
34266
34524
34267
34525
34268
34526
34269
34527
34270
34528
34271
34529
34272
34530
34273
34531
34274
34532
34275
34533
34276
34534
34277
34535
34278
34536
34279
34537
34280
34538
34281
34539
34282
34540
34283
34541
34284
34542
34285
34543
34286
34544
34287
34545
34288
34546
34289
34547
34290
34548
34291
34549
34292
34550
34293
34551
34294
34552
34295
34553
34296
34554
34297
34555
34298
34556
34299
34557
34300
34558
34301
34559
34302
34560
34303
34561
34304
34562
34305
34563
34564
34307
34566
34308
34567
34309
34568
34310
34569
34311
34570
34312
34571
34313
34572
34314
34573
34315
34574
34316
34575
34317
34576
34318
34577
34319
34578
34320
34579
34321
34580
34322
34581
34323
34582
34324
34583
34325
34584
34326
34585
34327
34586
34328
34587
34329
34588
34330
34589
34331
34590
34332
34591
34333
34592
34334
34593
34335
34594
34336
34595
34337
34596
34338
34597
34339
34598
34340
34599
34341
34600
34342
34601
34343
34602
34344
34603
34345
34604
34346
34605
34347
34606
34348
34607
34349
34608
34350
34609
34351
34610
34352
34611
34353
34612
34354
34613
34355
34614
34356
34615
34357
34616
34358
34617
34359
34618
34360
34619
34361
34620
34362
34621
34363
34622
34364
34623
34365
34624
34366
34625
34367
34626
34368
34627
34369
34628
34370
34629
34371
34630
34372
34631
34373
34632
34374
34633
34375
34634
34376
34635
34377
34636
34378
34637
34379
34638
34380
34639
34381
34640
34382
34641
34383
34642
34384
34643
34385
34644
34386
34645
34387
34646
34388
34647
34389
34648
34390
34649
34391
34650
34392
34651
34393
34652
34394
34653
34395
34654
34396
34655
34397
34656
34398
34657
34399
34658
34400
34659
34401
34660
34402
34661
34403
34662
34663
34405
34664
34406
34665
34407
34666
34408
34667
34409
34668
34410
34669
34411
34670
34412
34671
34413
34672
34414
34673
34415
34674
34416
34675
34417
34676
34418
34677
34419
34678
34420
34679
34421
34680
34422
34681
34423
34682
34683
34425
34684
34426
34685
34427
34686
34428
34687
34429
34688
34430
34689
34431
34690
34432
34691
34433
34692
34434
34693
34435
34694
34436
34695
34437
34696
34438
34697
34439
34698
34440
34699
34441
34700
34442
34701
34443
34702
34444
34703
34445
34704
34446
34705
34447
34706
34448
34707
34449
34708
34450
34709
34451
34710
34452
34711
34453
34712
34454
34713
34455
34714
34456
34715
34457
34716
34458
34717
34459
34718
34460
34719
34461
34720
34462
34721
34463
34722
34464
34723
34465
34724
34466
34725
34467
34726
34468
34727
34469
34728
34470
34729
34471
34730
34472
34731
34473
34732
34474
34733
34475
34734
34476
34735
34477
34736
34478
34737
34479
34738
34480
34739
34481
34740
34482
34741
34483
34742
34484
34743
34485
34744
34486
34745
34487
34746
34488
34747
34489
34748
34490
34749
34491
34750
34492
34751
34493
34752
34494
34753
34495
34754
34496
34755
34497
34756
34498
34757
34499
34758
34500
34759
34501
34760
34761
34503
34764
34504
34765
34505
34766
34506
34767
34507
34768
34508
34769
34509
34770
34510
34771
34511
34772
34512
34773
34513
34774
34514
34775
34515
34776
34516
34777
34517
34778
34518
34779
34519
34780
34520
34781
34521
34782
34522
34783
34523
34784
34524
34785
34525
34786
34526
34787
34527
34788
34528
34789
34529
34790
34530
34791
34531
34792
34532
34793
34533
34794
34534
34795
34535
34796
34536
34797
34537
34798
34538
34799
34539
34800
34540
34801
34541
34802
34542
34803
34543
34804
34544
34805
34545
34806
34546
34807
34547
34808
34548
34809
34549
34810
34550
34811
34551
34812
34552
34813
34553
34814
34554
34815
34555
34816
34556
34817
34557
34818
34558
34819
34559
34820
34560
34821
34561
34822
34562
34823
34563
34824
34564
34825
34565
34826
34827
34567
34830
34568
34831
34569
34832
34570
34833
34571
34834
34572
34835
34573
34836
34574
34837
34575
34838
34576
34839
34577
34840
34578
34841
34579
34842
34580
34843
34581
34844
34582
34845
34583
34846
34584
34847
34585
34848
34586
34849
34587
34850
34588
34851
34589
34852
34590
34853
34591
34854
34592
34855
34593
34856
34594
34857
34595
34858
34596
34859
34597
34860
34598
34861
34599
34862
34600
34863
34601
34864
34602
34865
34603
34866
34604
34867
34605
34868
34606
34869
34607
34870
34608
34871
34609
34872
34610
34873
34611
34874
34612
34875
34613
34876
34614
34877
34615
34878
34616
34879
34617
34880
34618
34881
34619
34882
34620
34883
34621
34884
34622
34885
34623
34886
34624
34887
34625
34888
34626
34889
34627
34890
34628
34891
34629
34892
34630
34893
34631
34894
34632
34895
34633
34896
34634
34897
34635
34898
34636
34899
34637
34900
34638
34901
34639
34902
34640
34903
34641
34904
34642
34905
34643
34906
34644
34907
34645
34908
34646
34909
34647
34910
34648
34911
34649
34912
34650
34913
34651
34914
34652
34915
34653
34916
34654
34917
34655
34918
34656
34919
34657
34920
34658
34921
34659
34922
34660
34923
34661
34924
34662
34925
34663
34926
34927
34665
34928
34666
34929
34667
34930
34668
34931
34669
34932
34670
34933
34671
34934
34672
34935
34673
34936
34674
34937
34675
34938
34676
34939
34677
34940
34678
34941
34679
34942
34680
34943
34681
34944
34682
34945
34683
34946
34685
34686
34947
34687
34948
34688
34949
34689
34950
34690
34951
34691
34952
34692
34953
34693
34954
34694
34955
34695
34956
34696
34957
34697
34958
34698
34959
34699
34960
34700
34961
34701
34962
34702
34963
34703
34964
34704
34965
34705
34966
34706
34967
34707
34968
34708
34969
34709
34970
34710
34971
34711
34972
34712
34973
34713
34974
34714
34975
34715
34976
34716
34977
34717
34978
34718
34979
34719
34980
34720
34981
34721
34982
34722
34983
34723
34984
34724
34985
34725
34986
34726
34987
34727
34988
34728
34989
34729
34990
34730
34991
34731
34992
34732
34993
34733
34994
34734
34995
34735
34996
34736
34997
34737
34998
34738
34999
34739
35000
34740
35001
34741
35002
34742
35003
34743
35004
34744
35005
34745
35006
34746
35007
34747
35008
34748
35009
34749
35010
34750
35011
34751
35012
34752
35013
34753
35014
34754
35015
34755
35016
34756
35017
34757
35018
34758
35019
34759
35020
34760
35021
34761
35022
34762
35023
35024
34764
35028
34765
35029
34766
35030
34767
35031
34768
35032
34769
35033
34770
35034
34771
35035
34772
35036
34773
35037
34774
35038
34775
35039
34776
35040
34777
35041
34778
35042
34779
35043
34780
35044
34781
35045
34782
35046
34783
35047
34784
35048
34785
35049
34786
35050
34787
35051
34788
35052
34789
35053
34790
35054
34791
35055
34792
35056
34793
35057
34794
35058
34795
35059
34796
35060
34797
35061
34798
35062
34799
35063
34800
35064
34801
35065
34802
35066
34803
35067
34804
35068
34805
35069
34806
35070
34807
35071
34808
35072
34809
35073
34810
35074
34811
35075
34812
35076
34813
35077
34814
35078
34815
35079
34816
35080
34817
35081
34818
35082
34819
35083
34820
35084
34821
35085
34822
35086
34823
35087
34824
35088
34825
35089
34826
35090
34827
35091
34828
35092
35093
34830
35097
34831
35098
34832
35099
34833
35100
34834
35101
34835
35102
34836
35103
34837
35104
34838
35105
34839
35106
34840
35107
34841
35108
34842
35109
34843
35110
34844
35111
34845
35112
34846
35113
34847
35114
34848
35115
34849
35116
34850
35117
34851
35118
34852
35119
34853
35120
34854
35121
34855
35122
34856
35123
34857
35124
34858
35125
34859
35126
34860
35127
34861
35128
34862
35129
34863
35130
34864
35131
34865
35132
34866
35133
34867
35134
34868
35135
34869
35136
34870
35137
34871
35138
34872
35139
34873
35140
34874
35141
34875
35142
34876
35143
34877
35144
34878
35145
34879
35146
34880
35147
34881
35148
34882
35149
34883
35150
34884
35151
34885
35152
34886
35153
34887
35154
34888
35155
34889
35156
34890
35157
34891
35158
34892
35159
34893
35160
34894
35161
34895
35162
34896
35163
34897
35164
34898
35165
34899
35166
34900
35167
34901
35168
34902
35169
34903
35170
34904
35171
34905
35172
34906
35173
34907
35174
34908
35175
34909
35176
34910
35177
34911
35178
34912
35179
34913
35180
34914
35181
34915
35182
34916
35183
34917
35184
34918
35185
34919
35186
34920
35187
34921
35188
34922
35189
34923
35190
34924
35191
34925
35192
34926
35193
34927
35194
35195
34929
35196
34930
35197
34931
35198
34932
35199
34933
35200
34934
35201
34935
35202
34936
35203
34937
35204
34938
35205
34939
35206
34940
35207
34941
35208
34942
35209
34943
35210
34944
35211
34945
35212
34946
35213
34948
34949
35214
34950
35215
34951
35216
34952
35217
34953
35218
34954
35219
34955
35220
34956
35221
34957
35222
34958
35223
34959
35224
34960
35225
34961
35226
34962
35227
34963
35228
34964
35229
34965
35230
34966
35231
34967
35232
34968
35233
34969
35234
34970
35235
34971
35236
34972
35237
34973
35238
34974
35239
34975
35240
34976
35241
34977
35242
34978
35243
34979
35244
34980
35245
34981
35246
34982
35247
34983
35248
34984
35249
34985
35250
34986
35251
34987
35252
34988
35253
34989
35254
34990
35255
34991
35256
34992
35257
34993
35258
34994
35259
34995
35260
34996
35261
34997
35262
34998
35263
34999
35264
35000
35265
35001
35266
35002
35267
35003
35268
35004
35269
35005
35270
35006
35271
35007
35272
35008
35273
35009
35274
35010
35275
35011
35276
35012
35277
35013
35278
35014
35279
35015
35280
35016
35281
35017
35282
35018
35283
35019
35284
35020
35285
35021
35286
35022
35287
35023
35288
35024
35289
35025
35290
35026
35291
35292
35028
35295
35029
35296
35030
35297
35031
35298
35032
35299
35033
35300
35034
35301
35035
35302
35036
35303
35037
35304
35038
35305
35039
35306
35040
35307
35041
35308
35042
35309
35043
35310
35044
35311
35045
35312
35046
35313
35047
35314
35048
35315
35049
35316
35050
35317
35051
35318
35052
35319
35053
35320
35054
35321
35055
35322
35056
35323
35057
35324
35058
35325
35059
35326
35060
35327
35061
35328
35062
35329
35063
35330
35064
35331
35065
35332
35066
35333
35067
35334
35068
35335
35069
35336
35070
35337
35071
35338
35072
35339
35073
35340
35074
35341
35075
35342
35076
35343
35077
35344
35078
35345
35079
35346
35080
35347
35081
35348
35082
35349
35083
35350
35084
35351
35085
35352
35086
35353
35087
35354
35088
35355
35089
35356
35090
35357
35091
35358
35092
35359
35093
35360
35094
35361
35362
35096
35365
35097
35366
35098
35367
35099
35368
35100
35369
35101
35370
35102
35371
35103
35372
35104
35373
35105
35374
35106
35375
35107
35376
35108
35377
35109
35378
35110
35379
35111
35380
35112
35381
35113
35382
35114
35383
35115
35384
35116
35385
35117
35386
35118
35387
35119
35388
35120
35389
35121
35390
35122
35391
35123
35392
35124
35393
35125
35394
35126
35395
35127
35396
35128
35397
35129
35398
35130
35399
35131
35400
35132
35401
35133
35402
35134
35403
35135
35404
35136
35405
35137
35406
35138
35407
35139
35408
35140
35409
35141
35410
35142
35411
35143
35412
35144
35413
35145
35414
35146
35415
35147
35416
35148
35417
35149
35418
35150
35419
35151
35420
35152
35421
35153
35422
35154
35423
35155
35424
35156
35425
35157
35426
35158
35427
35159
35428
35160
35429
35161
35430
35162
35431
35163
35432
35164
35433
35165
35434
35166
35435
35167
35436
35168
35437
35169
35438
35170
35439
35171
35440
35172
35441
35173
35442
35174
35443
35175
35444
35176
35445
35177
35446
35178
35447
35179
35448
35180
35449
35181
35450
35182
35451
35183
35452
35184
35453
35185
35454
35186
35455
35187
35456
35188
35457
35189
35458
35190
35459
35191
35460
35192
35461
35193
35462
35194
35463
35195
35464
35465
35197
35466
35198
35467
35199
35468
35200
35469
35201
35470
35202
35471
35203
35472
35204
35473
35205
35474
35206
35475
35207
35476
35208
35477
35209
35478
35210
35479
35211
35480
35212
35481
35213
35482
35215
35216
35483
35217
35484
35218
35485
35219
35486
35220
35487
35221
35488
35222
35489
35223
35490
35224
35491
35225
35492
35226
35493
35227
35494
35228
35495
35229
35496
35230
35497
35231
35498
35232
35499
35233
35500
35234
35501
35235
35502
35236
35503
35237
35504
35238
35505
35239
35506
35240
35507
35241
35508
35242
35509
35243
35510
35244
35511
35245
35512
35246
35513
35247
35514
35248
35515
35249
35516
35250
35517
35251
35518
35252
35519
35253
35520
35254
35521
35255
35522
35256
35523
35257
35524
35258
35525
35259
35526
35260
35527
35261
35528
35262
35529
35263
35530
35264
35531
35265
35532
35266
35533
35267
35534
35268
35535
35269
35536
35270
35537
35271
35538
35272
35539
35273
35540
35274
35541
35275
35542
35276
35543
35277
35544
35278
35545
35279
35546
35280
35547
35281
35548
35282
35549
35283
35550
35284
35551
35285
35552
35286
35553
35287
35554
35288
35555
35289
35556
35290
35557
35291
35558
35292
35559
35293
35560
35561
35295
35566
35296
35567
35297
35568
35298
35569
35299
35570
35300
35571
35301
35572
35302
35573
35303
35574
35304
35575
35305
35576
35306
35577
35307
35578
35308
35579
35309
35580
35310
35581
35311
35582
35312
35583
35313
35584
35314
35585
35315
35586
35316
35587
35317
35588
35318
35589
35319
35590
35320
35591
35321
35592
35322
35593
35323
35594
35324
35595
35325
35596
35326
35597
35327
35598
35328
35599
35329
35600
35330
35601
35331
35602
35332
35603
35333
35604
35334
35605
35335
35606
35336
35607
35337
35608
35338
35609
35339
35610
35340
35611
35341
35612
35342
35613
35343
35614
35344
35615
35345
35616
35346
35617
35347
35618
35348
35619
35349
35620
35350
35621
35351
35622
35352
35623
35353
35624
35354
35625
35355
35626
35356
35627
35357
35628
35358
35629
35359
35630
35360
35631
35361
35632
35362
35633
35363
35634
35635
35365
35640
35366
35641
35367
35642
35368
35643
35369
35644
35370
35645
35371
35646
35372
35647
35373
35648
35374
35649
35375
35650
35376
35651
35377
35652
35378
35653
35379
35654
35380
35655
35381
35656
35382
35657
35383
35658
35384
35659
35385
35660
35386
35661
35387
35662
35388
35663
35389
35664
35390
35665
35391
35666
35392
35667
35393
35668
35394
35669
35395
35670
35396
35671
35397
35672
35398
35673
35399
35674
35400
35675
35401
35676
35402
35677
35403
35678
35404
35679
35405
35680
35406
35681
35407
35682
35408
35683
35409
35684
35410
35685
35411
35686
35412
35687
35413
35688
35414
35689
35415
35690
35416
35691
35417
35692
35418
35693
35419
35694
35420
35695
35421
35696
35422
35697
35423
35698
35424
35699
35425
35700
35426
35701
35427
35702
35428
35703
35429
35704
35430
35705
35431
35706
35432
35707
35433
35708
35434
35709
35435
35710
35436
35711
35437
35712
35438
35713
35439
35714
35440
35715
35441
35716
35442
35717
35443
35718
35444
35719
35445
35720
35446
35721
35447
35722
35448
35723
35449
35724
35450
35725
35451
35726
35452
35727
35453
35728
35454
35729
35455
35730
35456
35731
35457
35732
35458
35733
35459
35734
35460
35735
35461
35736
35462
35737
35463
35738
35464
35739
35465
35740
35741
35467
35742
35468
35743
35469
35744
35470
35745
35471
35746
35472
35747
35473
35748
35474
35749
35475
35750
35476
35751
35477
35752
35478
35753
35479
35754
35480
35755
35481
35756
35482
35757
35758
35484
35759
35485
35760
35486
35761
35487
35762
35488
35763
35489
35764
35490
35765
35491
35766
35492
35767
35493
35768
35494
35769
35495
35770
35496
35771
35497
35772
35498
35773
35499
35774
35500
35775
35501
35776
35502
35777
35503
35778
35504
35779
35505
35780
35506
35781
35507
35782
35508
35783
35509
35784
35510
35785
35511
35786
35512
35787
35513
35788
35514
35789
35515
35790
35516
35791
35517
35792
35518
35793
35519
35794
35520
35795
35521
35796
35522
35797
35523
35798
35524
35799
35525
35800
35526
35801
35527
35802
35528
35803
35529
35804
35530
35805
35531
35806
35532
35807
35533
35808
35534
35809
35535
35810
35536
35811
35537
35812
35538
35813
35539
35814
35540
35815
35541
35816
35542
35817
35543
35818
35544
35819
35545
35820
35546
35821
35547
35822
35548
35823
35549
35824
35550
35825
35551
35826
35552
35827
35553
35828
35554
35829
35555
35830
35556
35831
35557
35832
35558
35833
35559
35834
35560
35835
35561
35836
35562
35837
35563
35838
35839
35565
35845
35566
35846
35567
35847
35568
35848
35569
35849
35570
35850
35571
35851
35572
35852
35573
35853
35574
35854
35575
35855
35576
35856
35577
35857
35578
35858
35579
35859
35580
35860
35581
35861
35582
35862
35583
35863
35584
35864
35585
35865
35586
35866
35587
35867
35588
35868
35589
35869
35590
35870
35591
35871
35592
35872
35593
35873
35594
35874
35595
35875
35596
35876
35597
35877
35598
35878
35599
35879
35600
35880
35601
35881
35602
35882
35603
35883
35604
35884
35605
35885
35606
35886
35607
35887
35608
35888
35609
35889
35610
35890
35611
35891
35612
35892
35613
35893
35614
35894
35615
35895
35616
35896
35617
35897
35618
35898
35619
35899
35620
35900
35621
35901
35622
35902
35623
35903
35624
35904
35625
35905
35626
35906
35627
35907
35628
35908
35629
35909
35630
35910
35631
35911
35632
35912
35633
35913
35634
35914
35635
35915
35636
35916
35637
35917
35918
35639
35924
35640
35925
35641
35926
35642
35927
35643
35928
35644
35929
35645
35930
35646
35931
35647
35932
35648
35933
35649
35934
35650
35935
35651
35936
35652
35937
35653
35938
35654
35939
35655
35940
35656
35941
35657
35942
35658
35943
35659
35944
35660
35945
35661
35946
35662
35947
35663
35948
35664
35949
35665
35950
35666
35951
35667
35952
35668
35953
35669
35954
35670
35955
35671
35956
35672
35957
35673
35958
35674
35959
35675
35960
35676
35961
35677
35962
35678
35963
35679
35964
35680
35965
35681
35966
35682
35967
35683
35968
35684
35969
35685
35970
35686
35971
35687
35972
35688
35973
35689
35974
35690
35975
35691
35976
35692
35977
35693
35978
35694
35979
35695
35980
35696
35981
35697
35982
35698
35983
35699
35984
35700
35985
35701
35986
35702
35987
35703
35988
35704
35989
35705
35990
35706
35991
35707
35992
35708
35993
35709
35994
35710
35995
35711
35996
35712
35997
35713
35998
35714
35999
35715
36000
35716
36001
35717
36002
35718
36003
35719
36004
35720
36005
35721
36006
35722
36007
35723
36008
35724
36009
35725
36010
35726
36011
35727
36012
35728
36013
35729
36014
35730
36015
35731
36016
35732
36017
35733
36018
35734
36019
35735
36020
35736
36021
35737
36022
35738
36023
35739
36024
35740
36025
35741
36026
36027
35743
36028
35744
36029
35745
36030
35746
36031
35747
36032
35748
36033
35749
36034
35750
36035
35751
36036
35752
36037
35753
36038
35754
36039
35755
36040
35756
36041
35757
36042
35758
36043
35760
35761
36044
35762
36045
35763
36046
35764
36047
35765
36048
35766
36049
35767
36050
35768
36051
35769
36052
35770
36053
35771
36054
35772
36055
35773
36056
35774
36057
35775
36058
35776
36059
35777
36060
35778
36061
35779
36062
35780
36063
35781
36064
35782
36065
35783
36066
35784
36067
35785
36068
35786
36069
35787
36070
35788
36071
35789
36072
35790
36073
35791
36074
35792
36075
35793
36076
35794
36077
35795
36078
35796
36079
35797
36080
35798
36081
35799
36082
35800
36083
35801
36084
35802
35803
35804
35805
35806
35807
35808
35809
35810
35811
35812
35813
35814
35815
35816
35817
35818
36085
35819
36086
35820
36087
35821
36088
35822
36089
35823
36090
35824
36091
35825
36092
35826
36093
35827
36094
35828
36095
35829
36096
35830
36097
35831
36098
35832
36099
35833
36100
35834
36101
35835
36102
35836
36103
35837
36104
35838
36105
35839
36106
35840
36107
35841
36108
36109
35843
36118
35844
36119
35845
36120
35846
36121
35847
36122
35848
36123
35849
36124
35850
36125
35851
36126
35852
36127
35853
36128
35854
36129
35855
36130
35856
36131
35857
36132
35858
36133
35859
36134
35860
36135
35861
36136
35862
36137
35863
36138
35864
36139
35865
36140
35866
36141
35867
36142
35868
36143
35869
36144
35870
36145
35871
36146
35872
36147
35873
36148
35874
36149
35875
36150
35876
36151
35877
36152
35878
36153
35879
36154
35880
36155
35881
36156
35882
35883
35884
35885
35886
35887
35888
35889
35890
35891
35892
35893
35894
35895
35896
35897
35898
36157
35899
36158
35900
36159
35901
36160
35902
36161
35903
36162
35904
36163
35905
36164
35906
36165
35907
36166
35908
36167
35909
36168
35910
36169
35911
36170
35912
36171
35913
36172
35914
36173
35915
36174
35916
36175
35917
36176
35918
36177
35919
36178
35920
36179
35921
36180
36181
35923
36190
35924
36191
35925
36192
35926
36193
35927
36194
35928
36195
35929
36196
35930
36197
35931
36198
35932
36199
35933
36200
35934
36201
35935
36202
35936
36203
35937
36204
35938
36205
35939
36206
35940
36207
35941
36208
35942
36209
35943
36210
35944
36211
35945
36212
35946
36213
35947
36214
35948
36215
35949
36216
35950
36217
35951
36218
35952
36219
35953
36220
35954
36221
35955
35956
35957
35958
35959
35960
35961
35962
35963
35964
35965
35966
35967
35968
35969
35970
36222
35971
36223
35972
36224
35973
36225
35974
36226
35975
36227
35976
36228
35977
36229
35978
36230
35979
36231
35980
36232
35981
36233
35982
36234
35983
36235
35984
36236
35985
36237
35986
36238
35987
36239
35988
36240
35989
36241
35990
36242
35991
36243
35992
36244
35993
36245
35994
36246
35995
36247
35996
36248
35997
36249
35998
36250
35999
36251
36000
36252
36001
36253
36002
36254
36003
36255
36004
36256
36005
36257
36006
36258
36007
36259
36008
36260
36009
36261
36010
36262
36011
36263
36012
36264
36013
36265
36014
36266
36015
36267
36016
36268
36017
36269
36018
36270
36019
36271
36020
36272
36021
36273
36022
36274
36023
36275
36024
36276
36025
36277
36026
36278
36027
36279
36280
36029
36281
36030
36282
36031
36283
36032
36284
36033
36285
36034
36286
36035
36287
36036
36288
36037
36289
36038
36290
36039
36291
36040
36292
36041
36293
36042
36294
36043
36295
36296
36045
36297
36046
36298
36047
36299
36048
36300
36049
36301
36050
36302
36051
36303
36052
36304
36053
36305
36054
36306
36055
36307
36056
36308
36057
36309
36058
36310
36059
36311
36060
36312
36061
36313
36062
36314
36063
36315
36064
36316
36065
36317
36066
36318
36067
36319
36068
36320
36069
36321
36070
36322
36071
36323
36072
36324
36073
36325
36074
36326
36075
36327
36076
36328
36077
36329
36078
36330
36079
36331
36080
36332
36081
36333
36082
36334
36083
36084
36086
36087
36088
36089
36090
36335
36091
36336
36092
36337
36093
36338
36094
36339
36095
36340
36096
36341
36097
36342
36098
36343
36099
36344
36100
36345
36101
36346
36102
36347
36103
36348
36104
36349
36105
36350
36106
36351
36107
36352
36108
36353
36109
36354
36110
36355
36111
36356
36112
36357
36113
36358
36359
36115
36366
36116
36367
36117
36368
36118
36369
36119
36370
36120
36371
36121
36372
36122
36373
36123
36374
36124
36375
36125
36376
36126
36377
36127
36378
36128
36379
36129
36380
36130
36381
36131
36382
36132
36383
36133
36384
36134
36385
36135
36386
36136
36387
36137
36388
36138
36389
36139
36390
36140
36391
36141
36392
36142
36393
36143
36394
36144
36395
36145
36396
36146
36397
36147
36398
36148
36399
36149
36400
36150
36401
36151
36402
36152
36403
36153
36404
36154
36155
36156
36158
36159
36160
36161
36405
36162
36406
36163
36407
36164
36408
36165
36409
36166
36410
36167
36411
36168
36412
36169
36413
36170
36414
36171
36415
36172
36416
36173
36417
36174
36418
36175
36419
36176
36420
36177
36421
36178
36422
36179
36423
36180
36424
36181
36425
36182
36426
36183
36427
36184
36428
36185
36429
36430
36187
36437
36188
36438
36189
36439
36190
36440
36191
36441
36192
36442
36193
36443
36194
36444
36195
36445
36196
36446
36197
36447
36198
36448
36199
36449
36200
36450
36201
36451
36202
36452
36203
36453
36204
36454
36205
36455
36206
36456
36207
36457
36208
36458
36209
36459
36210
36460
36211
36461
36212
36462
36213
36463
36214
36464
36215
36465
36216
36466
36217
36467
36218
36468
36219
36469
36220
36221
36223
36224
36225
36226
36470
36227
36471
36228
36472
36229
36473
36230
36474
36231
36475
36232
36476
36233
36477
36234
36478
36235
36479
36236
36480
36237
36481
36238
36482
36239
36483
36240
36484
36241
36485
36242
36486
36243
36487
36244
36488
36245
36489
36246
36490
36247
36491
36248
36492
36249
36493
36250
36494
36251
36495
36252
36496
36253
36497
36254
36498
36255
36499
36256
36500
36257
36501
36258
36502
36259
36503
36260
36504
36261
36505
36262
36506
36263
36507
36264
36508
36265
36509
36266
36510
36267
36511
36268
36512
36269
36513
36270
36514
36271
36515
36272
36516
36273
36517
36274
36518
36275
36519
36276
36520
36277
36521
36278
36522
36279
36523
36280
36524
36525
36282
36526
36283
36527
36284
36528
36285
36529
36286
36530
36287
36531
36288
36532
36289
36533
36290
36534
36291
36535
36292
36536
36293
36537
36294
36538
36295
36539
36296
36540
36298
36299
36541
36300
36542
36301
36543
36302
36544
36303
36545
36304
36546
36305
36547
36306
36548
36307
36549
36308
36550
36309
36551
36310
36552
36311
36553
36312
36554
36313
36555
36314
36556
36315
36557
36316
36558
36317
36559
36318
36560
36319
36561
36320
36562
36321
36563
36322
36564
36323
36565
36324
36566
36325
36567
36326
36568
36327
36569
36328
36570
36329
36571
36330
36572
36331
36573
36332
36574
36333
36334
36336
36337
36338
36575
36339
36576
36340
36577
36341
36578
36342
36579
36343
36580
36344
36581
36345
36582
36346
36583
36347
36584
36348
36585
36349
36586
36350
36587
36351
36588
36352
36589
36353
36590
36354
36591
36355
36592
36356
36593
36357
36594
36358
36595
36359
36596
36360
36597
36361
36598
36362
36599
36363
36600
36364
36601
36365
36602
36366
36603
36367
36604
36368
36605
36369
36606
36370
36607
36371
36608
36372
36609
36373
36610
36374
36611
36375
36612
36376
36613
36377
36614
36378
36615
36379
36616
36380
36617
36381
36618
36382
36619
36383
36620
36384
36621
36385
36622
36386
36623
36387
36624
36388
36625
36389
36626
36390
36627
36391
36628
36392
36629
36393
36630
36394
36631
36395
36632
36396
36633
36397
36634
36398
36635
36399
36636
36400
36637
36401
36638
36402
36639
36403
36640
36404
36406
36407
36408
36409
36641
36410
36642
36411
36643
36412
36644
36413
36645
36414
36646
36415
36647
36416
36648
36417
36649
36418
36650
36419
36651
36420
36652
36421
36653
36422
36654
36423
36655
36424
36656
36425
36657
36426
36658
36427
36659
36428
36660
36429
36661
36430
36662
36431
36663
36432
36664
36433
36665
36434
36666
36435
36667
36436
36668
36437
36669
36438
36670
36439
36671
36440
36672
36441
36673
36442
36674
36443
36675
36444
36676
36445
36677
36446
36678
36447
36679
36448
36680
36449
36681
36450
36682
36451
36683
36452
36684
36453
36685
36454
36686
36455
36687
36456
36688
36457
36689
36458
36690
36459
36691
36460
36692
36461
36693
36462
36694
36463
36695
36464
36696
36465
36697
36466
36698
36467
36699
36468
36700
36469
36471
36472
36473
36701
36474
36702
36475
36703
36476
36704
36477
36705
36478
36706
36479
36707
36480
36708
36481
36709
36482
36710
36483
36711
36484
36712
36485
36713
36486
36714
36487
36715
36488
36716
36489
36717
36490
36718
36491
36719
36492
36720
36493
36721
36494
36722
36495
36723
36496
36724
36497
36725
36498
36726
36499
36727
36500
36728
36501
36729
36502
36730
36503
36731
36504
36732
36505
36733
36506
36734
36507
36735
36508
36736
36509
36737
36510
36738
36511
36739
36512
36740
36513
36741
36514
36742
36515
36743
36516
36744
36517
36745
36518
36746
36519
36747
36520
36748
36521
36749
36522
36750
36523
36751
36524
36752
36525
36753
36754
36527
36755
36528
36756
36529
36757
36530
36758
36531
36759
36532
36760
36533
36761
36534
36762
36535
36763
36536
36764
36537
36765
36538
36766
36539
36767
36540
36768
36769
36542
36770
36543
36771
36544
36772
36545
36773
36546
36774
36547
36775
36548
36776
36549
36777
36550
36778
36551
36779
36552
36780
36553
36781
36554
36782
36555
36783
36556
36784
36557
36785
36558
36786
36559
36787
36560
36788
36561
36789
36562
36790
36563
36791
36564
36792
36565
36793
36566
36794
36567
36795
36568
36796
36569
36797
36570
36798
36571
36799
36572
36800
36573
36801
36574
36576
36577
36578
36802
36579
36803
36580
36804
36581
36805
36582
36806
36583
36807
36584
36808
36585
36809
36586
36810
36587
36811
36588
36812
36589
36813
36590
36814
36591
36815
36592
36816
36593
36817
36594
36818
36595
36819
36596
36820
36597
36821
36598
36822
36599
36823
36600
36824
36601
36825
36602
36826
36603
36827
36604
36828
36605
36829
36606
36830
36607
36831
36608
36832
36609
36833
36610
36834
36611
36835
36612
36836
36613
36837
36614
36838
36615
36839
36616
36840
36617
36841
36618
36842
36619
36843
36620
36844
36621
36845
36622
36846
36623
36847
36624
36848
36625
36849
36626
36850
36627
36851
36628
36852
36629
36853
36630
36854
36631
36855
36632
36856
36633
36857
36634
36858
36635
36859
36636
36860
36637
36861
36638
36862
36639
36863
36640
36642
36643
36644
36864
36645
36865
36646
36866
36647
36867
36648
36868
36649
36869
36650
36870
36651
36871
36652
36872
36653
36873
36654
36874
36655
36875
36656
36876
36657
36877
36658
36878
36659
36879
36660
36880
36661
36881
36662
36882
36663
36883
36664
36884
36665
36885
36666
36886
36667
36887
36668
36888
36669
36889
36670
36890
36671
36891
36672
36892
36673
36893
36674
36894
36675
36895
36676
36896
36677
36897
36678
36898
36679
36899
36680
36900
36681
36901
36682
36902
36683
36903
36684
36904
36685
36905
36686
36906
36687
36907
36688
36908
36689
36909
36690
36910
36691
36911
36692
36912
36693
36913
36694
36914
36695
36915
36696
36916
36697
36917
36698
36918
36699
36919
36700
36702
36703
36704
36920
36705
36921
36706
36922
36707
36923
36708
36924
36709
36925
36710
36926
36711
36927
36712
36928
36713
36929
36714
36930
36715
36931
36716
36932
36717
36933
36718
36934
36719
36935
36720
36936
36721
36937
36722
36938
36723
36939
36724
36940
36725
36941
36726
36942
36727
36943
36728
36944
36729
36945
36730
36946
36731
36947
36732
36948
36733
36949
36734
36950
36735
36951
36736
36952
36737
36953
36738
36954
36739
36955
36740
36956
36741
36957
36742
36958
36743
36959
36744
36960
36745
36961
36746
36962
36747
36963
36748
36964
36749
36965
36750
36966
36751
36967
36752
36968
36753
36969
36754
36970
36971
36756
36972
36757
36973
36758
36974
36759
36975
36760
36976
36761
36977
36762
36978
36763
36979
36764
36980
36765
36981
36766
36982
36767
36983
36768
36984
36769
36985
36771
36772
36986
36773
36987
36774
36988
36775
36989
36776
36990
36777
36991
36778
36992
36779
36993
36780
36994
36781
36995
36782
36996
36783
36997
36784
36998
36785
36999
36786
37000
36787
37001
36788
37002
36789
37003
36790
37004
36791
37005
36792
37006
36793
37007
36794
37008
36795
37009
36796
37010
36797
37011
36798
37012
36799
37013
36800
37014
36801
37015
36803
36804
36805
37016
36806
37017
36807
37018
36808
37019
36809
37020
36810
37021
36811
37022
36812
37023
36813
37024
36814
37025
36815
37026
36816
37027
36817
37028
36818
37029
36819
37030
36820
37031
36821
37032
36822
37033
36823
37034
36824
37035
36825
37036
36826
37037
36827
37038
36828
37039
36829
37040
36830
37041
36831
37042
36832
37043
36833
37044
36834
37045
36835
37046
36836
37047
36837
37048
36838
37049
36839
37050
36840
37051
36841
37052
36842
37053
36843
37054
36844
37055
36845
37056
36846
37057
36847
37058
36848
37059
36849
37060
36850
37061
36851
37062
36852
37063
36853
37064
36854
37065
36855
37066
36856
37067
36857
37068
36858
37069
36859
37070
36860
37071
36861
37072
36862
37073
36863
36865
36866
37074
36867
37075
36868
37076
36869
37077
36870
37078
36871
37079
36872
37080
36873
37081
36874
37082
36875
37083
36876
37084
36877
37085
36878
37086
36879
37087
36880
37088
36881
37089
36882
37090
36883
37091
36884
37092
36885
37093
36886
37094
36887
37095
36888
37096
36889
37097
36890
37098
36891
37099
36892
37100
36893
37101
36894
37102
36895
37103
36896
37104
36897
37105
36898
37106
36899
37107
36900
37108
36901
37109
36902
37110
36903
37111
36904
37112
36905
37113
36906
37114
36907
37115
36908
37116
36909
37117
36910
37118
36911
37119
36912
37120
36913
37121
36914
37122
36915
37123
36916
37124
36917
37125
36918
37126
36919
36921
36922
37127
36923
37128
36924
37129
36925
37130
36926
37131
36927
37132
36928
37133
36929
37134
36930
37135
36931
37136
36932
37137
36933
37138
36934
37139
36935
37140
36936
37141
36937
37142
36938
37143
36939
37144
36940
37145
36941
37146
36942
37147
36943
37148
36944
37149
36945
37150
36946
37151
36947
37152
36948
37153
36949
37154
36950
37155
36951
37156
36952
37157
36953
37158
36954
37159
36955
37160
36956
37161
36957
37162
36958
37163
36959
37164
36960
37165
36961
37166
36962
37167
36963
37168
36964
37169
36965
37170
36966
37171
36967
37172
36968
37173
36969
37174
36970
37175
36971
37176
37177
36973
37178
36974
37179
36975
37180
36976
37181
36977
37182
36978
37183
36979
37184
36980
37185
36981
37186
36982
37187
36983
37188
36984
37189
36985
37190
37191
36987
37192
36988
37193
36989
37194
36990
37195
36991
37196
36992
37197
36993
37198
36994
37199
36995
37200
36996
37201
36997
37202
36998
37203
36999
37204
37000
37205
37001
37206
37002
37207
37003
37208
37004
37209
37005
37210
37006
37211
37007
37212
37008
37213
37009
37214
37010
37215
37011
37216
37012
37217
37013
37218
37014
37219
37015
37017
37018
37019
37220
37020
37221
37021
37222
37022
37223
37023
37224
37024
37225
37025
37226
37026
37227
37027
37228
37028
37229
37029
37230
37030
37231
37031
37232
37032
37233
37033
37234
37034
37235
37035
37236
37036
37237
37037
37238
37038
37239
37039
37240
37040
37241
37041
37242
37042
37243
37043
37244
37044
37245
37045
37246
37046
37247
37047
37248
37048
37249
37049
37250
37050
37251
37051
37252
37052
37253
37053
37254
37054
37255
37055
37256
37056
37257
37057
37258
37058
37259
37059
37260
37060
37261
37061
37262
37062
37263
37063
37264
37064
37265
37065
37266
37066
37267
37067
37268
37068
37269
37069
37270
37070
37271
37071
37272
37072
37273
37073
37075
37076
37077
37274
37078
37275
37079
37276
37080
37277
37081
37278
37082
37279
37083
37280
37084
37281
37085
37282
37086
37283
37087
37284
37088
37285
37089
37286
37090
37287
37091
37288
37092
37289
37093
37290
37094
37291
37095
37292
37096
37293
37097
37294
37098
37295
37099
37296
37100
37297
37101
37298
37102
37299
37103
37300
37104
37301
37105
37302
37106
37303
37107
37304
37108
37305
37109
37306
37110
37307
37111
37308
37112
37309
37113
37310
37114
37311
37115
37312
37116
37313
37117
37314
37118
37315
37119
37316
37120
37317
37121
37318
37122
37319
37123
37320
37124
37321
37125
37322
37126
37323
37128
37129
37130
37324
37131
37325
37132
37326
37133
37327
37134
37328
37135
37329
37136
37330
37137
37331
37138
37332
37139
37333
37140
37334
37141
37335
37142
37336
37143
37337
37144
37338
37145
37339
37146
37340
37147
37341
37148
37342
37149
37343
37150
37344
37151
37345
37152
37346
37153
37347
37154
37348
37155
37349
37156
37350
37157
37351
37158
37352
37159
37353
37160
37354
37161
37355
37162
37356
37163
37357
37164
37358
37165
37359
37166
37360
37167
37361
37168
37362
37169
37363
37170
37364
37171
37365
37172
37366
37173
37367
37174
37368
37175
37369
37176
37370
37177
37371
37372
37179
37373
37180
37374
37181
37375
37182
37376
37183
37377
37184
37378
37185
37379
37186
37380
37187
37381
37188
37382
37189
37383
37190
37384
37191
37385
37386
37193
37387
37194
37388
37195
37389
37196
37390
37197
37391
37198
37392
37199
37393
37200
37394
37201
37395
37202
37396
37203
37397
37204
37398
37205
37399
37206
37400
37207
37401
37208
37402
37209
37403
37210
37404
37211
37405
37212
37406
37213
37407
37214
37408
37215
37409
37216
37410
37217
37411
37218
37412
37219
37413
37221
37222
37414
37223
37415
37224
37416
37225
37417
37226
37418
37227
37419
37228
37420
37229
37421
37230
37422
37231
37423
37232
37424
37233
37425
37234
37426
37235
37427
37236
37428
37237
37429
37238
37430
37239
37431
37240
37432
37241
37433
37242
37434
37243
37435
37244
37436
37245
37437
37246
37438
37247
37439
37248
37440
37249
37441
37250
37442
37251
37443
37252
37444
37253
37445
37254
37446
37255
37447
37256
37448
37257
37449
37258
37450
37259
37451
37260
37452
37261
37453
37262
37454
37263
37455
37264
37456
37265
37457
37266
37458
37267
37459
37268
37460
37269
37461
37270
37462
37271
37463
37272
37464
37273
37465
37275
37276
37466
37277
37467
37278
37468
37279
37469
37280
37470
37281
37471
37282
37472
37283
37473
37284
37474
37285
37475
37286
37476
37287
37477
37288
37478
37289
37479
37290
37480
37291
37481
37292
37482
37293
37483
37294
37484
37295
37485
37296
37486
37297
37487
37298
37488
37299
37489
37300
37490
37301
37491
37302
37492
37303
37493
37304
37494
37305
37495
37306
37496
37307
37497
37308
37498
37309
37499
37310
37500
37311
37501
37312
37502
37313
37503
37314
37504
37315
37505
37316
37506
37317
37507
37318
37508
37319
37509
37320
37510
37321
37511
37322
37512
37323
37513
37325
37326
37514
37327
37515
37328
37516
37329
37517
37330
37518
37331
37519
37332
37520
37333
37521
37334
37522
37335
37523
37336
37524
37337
37525
37338
37526
37339
37527
37340
37528
37341
37529
37342
37530
37343
37531
37344
37532
37345
37533
37346
37534
37347
37535
37348
37536
37349
37537
37350
37538
37351
37539
37352
37540
37353
37541
37354
37542
37355
37543
37356
37544
37357
37545
37358
37546
37359
37547
37360
37548
37361
37549
37362
37550
37363
37551
37364
37552
37365
37553
37366
37554
37367
37555
37368
37556
37369
37557
37370
37558
37371
37559
37372
37560
37561
37374
37562
37375
37563
37376
37564
37377
37565
37378
37566
37379
37567
37380
37568
37381
37569
37382
37570
37383
37571
37384
37572
37385
37573
37386
37574
37388
37389
37575
37390
37576
37391
37577
37392
37578
37393
37579
37394
37580
37395
37581
37396
37582
37397
37583
37398
37584
37399
37585
37400
37586
37401
37587
37402
37588
37403
37589
37404
37590
37405
37591
37406
37592
37407
37593
37408
37594
37409
37595
37410
37596
37411
37597
37412
37598
37413
37415
37416
37599
37417
37600
37418
37601
37419
37602
37420
37603
37421
37604
37422
37605
37423
37606
37424
37607
37425
37608
37426
37609
37427
37610
37428
37611
37429
37612
37430
37613
37431
37614
37432
37615
37433
37616
37434
37617
37435
37618
37436
37619
37437
37620
37438
37621
37439
37622
37440
37623
37441
37624
37442
37625
37443
37626
37444
37627
37445
37628
37446
37629
37447
37630
37448
37631
37449
37632
37450
37633
37451
37634
37452
37635
37453
37636
37454
37637
37455
37638
37456
37639
37457
37640
37458
37641
37459
37642
37460
37643
37461
37644
37462
37645
37463
37646
37464
37647
37465
37648
37467
37468
37469
37649
37470
37650
37471
37651
37472
37652
37473
37653
37474
37654
37475
37655
37476
37656
37477
37657
37478
37658
37479
37659
37480
37660
37481
37661
37482
37662
37483
37663
37484
37664
37485
37665
37486
37666
37487
37667
37488
37668
37489
37669
37490
37670
37491
37671
37492
37672
37493
37673
37494
37674
37495
37675
37496
37676
37497
37677
37498
37678
37499
37679
37500
37680
37501
37681
37502
37682
37503
37683
37504
37684
37505
37685
37506
37686
37507
37687
37508
37688
37509
37689
37510
37690
37511
37691
37512
37692
37513
37693
37515
37516
37694
37517
37695
37518
37696
37519
37697
37520
37698
37521
37699
37522
37700
37523
37701
37524
37702
37525
37703
37526
37704
37527
37705
37528
37706
37529
37707
37530
37708
37531
37709
37532
37710
37533
37711
37534
37712
37535
37713
37536
37714
37537
37715
37538
37716
37539
37717
37540
37718
37541
37719
37542
37720
37543
37721
37544
37722
37545
37723
37546
37724
37547
37725
37548
37726
37549
37727
37550
37728
37551
37729
37552
37730
37553
37731
37554
37732
37555
37733
37556
37734
37557
37735
37558
37736
37559
37737
37560
37738
37561
37739
37740
37563
37741
37564
37742
37565
37743
37566
37744
37567
37745
37568
37746
37569
37747
37570
37748
37571
37749
37572
37750
37573
37751
37574
37752
37753
37576
37754
37577
37755
37578
37756
37579
37757
37580
37758
37581
37759
37582
37760
37583
37761
37584
37762
37585
37763
37586
37764
37587
37765
37588
37766
37589
37767
37590
37768
37591
37769
37592
37770
37593
37771
37594
37772
37595
37773
37596
37774
37597
37775
37598
37776
37600
37601
37777
37602
37778
37603
37779
37604
37780
37605
37781
37606
37782
37607
37783
37608
37784
37609
37785
37610
37786
37611
37787
37612
37788
37613
37789
37614
37790
37615
37791
37616
37792
37617
37793
37618
37794
37619
37795
37620
37796
37621
37797
37622
37798
37623
37799
37624
37800
37625
37801
37626
37802
37627
37803
37628
37804
37629
37805
37630
37806
37631
37807
37632
37808
37633
37809
37634
37810
37635
37811
37636
37812
37637
37813
37638
37814
37639
37815
37640
37816
37641
37817
37642
37818
37643
37819
37644
37820
37645
37821
37646
37822
37647
37823
37648
37824
37650
37651
37825
37652
37826
37653
37827
37654
37828
37655
37829
37656
37830
37657
37831
37658
37832
37659
37833
37660
37834
37661
37835
37662
37836
37663
37837
37664
37838
37665
37839
37666
37840
37667
37841
37668
37842
37669
37843
37670
37844
37671
37845
37672
37846
37673
37847
37674
37848
37675
37849
37676
37850
37677
37851
37678
37852
37679
37853
37680
37854
37681
37855
37682
37856
37683
37857
37684
37858
37685
37859
37686
37860
37687
37861
37688
37862
37689
37863
37690
37864
37691
37865
37692
37866
37693
37867
37695
37696
37868
37697
37869
37698
37870
37699
37871
37700
37872
37701
37873
37702
37874
37703
37875
37704
37876
37705
37877
37706
37878
37707
37879
37708
37880
37709
37881
37710
37882
37711
37883
37712
37884
37713
37885
37714
37886
37715
37887
37716
37888
37717
37889
37718
37890
37719
37891
37720
37892
37721
37893
37722
37894
37723
37895
37724
37896
37725
37897
37726
37898
37727
37899
37728
37900
37729
37901
37730
37902
37731
37903
37732
37904
37733
37905
37734
37906
37735
37907
37736
37908
37737
37909
37738
37910
37739
37911
37740
37912
37913
37742
37914
37743
37915
37744
37916
37745
37917
37746
37918
37747
37919
37748
37920
37749
37921
37750
37922
37751
37923
37752
37924
37753
37925
37926
37755
37927
37756
37928
37757
37929
37758
37930
37759
37931
37760
37932
37761
37933
37762
37934
37763
37935
37764
37936
37765
37937
37766
37938
37767
37939
37768
37940
37769
37941
37770
37942
37771
37943
37772
37944
37773
37945
37774
37946
37775
37947
37776
37948
37778
37779
37949
37780
37950
37781
37951
37782
37952
37783
37953
37784
37954
37785
37955
37786
37956
37787
37957
37788
37958
37789
37959
37790
37960
37791
37961
37792
37962
37793
37963
37794
37964
37795
37965
37796
37966
37797
37967
37798
37968
37799
37969
37800
37970
37801
37971
37802
37972
37803
37973
37804
37974
37805
37975
37806
37976
37807
37977
37808
37978
37809
37979
37810
37980
37811
37981
37812
37982
37813
37983
37814
37984
37815
37985
37816
37986
37817
37987
37818
37988
37819
37989
37820
37990
37821
37991
37822
37992
37823
37993
37824
37994
37826
37827
37995
37828
37996
37829
37997
37830
37998
37831
37999
37832
38000
37833
38001
37834
38002
37835
38003
37836
38004
37837
38005
37838
38006
37839
38007
37840
38008
37841
38009
37842
38010
37843
38011
37844
38012
37845
38013
37846
38014
37847
38015
37848
38016
37849
38017
37850
38018
37851
38019
37852
38020
37853
38021
37854
38022
37855
38023
37856
38024
37857
38025
37858
38026
37859
38027
37860
38028
37861
38029
37862
38030
37863
38031
37864
38032
37865
38033
37866
38034
37867
38035
37869
37870
38036
37871
38037
37872
38038
37873
38039
37874
38040
37875
38041
37876
38042
37877
38043
37878
38044
37879
38045
37880
38046
37881
38047
37882
38048
37883
38049
37884
38050
37885
38051
37886
38052
37887
38053
37888
38054
37889
38055
37890
38056
37891
38057
37892
38058
37893
38059
37894
38060
37895
38061
37896
38062
37897
38063
37898
38064
37899
38065
37900
38066
37901
38067
37902
38068
37903
38069
37904
38070
37905
38071
37906
38072
37907
38073
37908
38074
37909
38075
37910
38076
37911
38077
37912
38078
37913
38079
38080
37915
38081
37916
38082
37917
38083
37918
38084
37919
38085
37920
38086
37921
38087
37922
38088
37923
38089
37924
38090
37925
38091
37926
38092
38093
37928
38094
37929
38095
37930
38096
37931
38097
37932
38098
37933
38099
37934
38100
37935
38101
37936
38102
37937
38103
37938
38104
37939
38105
37940
38106
37941
38107
37942
38108
37943
38109
37944
38110
37945
38111
37946
38112
37947
38113
37948
38114
37950
37951
38115
37952
38116
37953
38117
37954
38118
37955
38119
37956
38120
37957
38121
37958
38122
37959
38123
37960
38124
37961
38125
37962
38126
37963
38127
37964
38128
37965
38129
37966
38130
37967
38131
37968
38132
37969
38133
37970
38134
37971
38135
37972
38136
37973
38137
37974
38138
37975
38139
37976
38140
37977
38141
37978
38142
37979
38143
37980
38144
37981
38145
37982
38146
37983
38147
37984
38148
37985
38149
37986
38150
37987
38151
37988
38152
37989
38153
37990
38154
37991
38155
37992
38156
37993
38157
37994
38158
37996
37997
38159
37998
38160
37999
38161
38000
38162
38001
38163
38002
38164
38003
38165
38004
38166
38005
38167
38006
38168
38007
38169
38008
38170
38009
38171
38010
38172
38011
38173
38012
38174
38013
38175
38014
38176
38015
38177
38016
38178
38017
38179
38018
38180
38019
38181
38020
38182
38021
38183
38022
38184
38023
38185
38024
38186
38025
38187
38026
38188
38027
38189
38028
38190
38029
38191
38030
38192
38031
38193
38032
38194
38033
38195
38034
38196
38035
38197
38037
38198
38038
38199
38039
38200
38040
38201
38041
38202
38042
38203
38043
38204
38044
38205
38045
38206
38046
38207
38047
38208
38048
38209
38049
38210
38050
38211
38051
38212
38052
38213
38053
38214
38054
38215
38055
38216
38056
38217
38057
38218
38058
38219
38059
38220
38060
38221
38061
38222
38062
38223
38063
38224
38064
38225
38065
38226
38066
38227
38067
38228
38068
38229
38069
38230
38070
38231
38071
38232
38072
38233
38073
38234
38074
38235
38075
38236
38076
38237
38077
38238
38078
38239
38079
38240
38080
38241
38242
38082
38243
38083
38244
38084
38245
38085
38246
38086
38247
38087
38248
38088
38249
38089
38250
38090
38251
38091
38252
38092
38253
38093
38254
38255
38095
38256
38096
38257
38097
38258
38098
38259
38099
38260
38100
38261
38101
38262
38102
38263
38103
38264
38104
38265
38105
38266
38106
38267
38107
38268
38108
38269
38109
38270
38110
38271
38111
38272
38112
38273
38113
38274
38114
38275
38116
38117
38276
38118
38277
38119
38278
38120
38279
38121
38280
38122
38281
38123
38282
38124
38283
38125
38284
38126
38285
38127
38286
38128
38287
38129
38288
38130
38289
38131
38290
38132
38291
38133
38292
38134
38293
38135
38294
38136
38295
38137
38296
38138
38297
38139
38298
38140
38299
38141
38300
38142
38301
38143
38302
38144
38303
38145
38304
38146
38305
38147
38306
38148
38307
38149
38308
38150
38309
38151
38310
38152
38311
38153
38312
38154
38313
38155
38314
38156
38315
38157
38316
38158
38317
38160
38161
38318
38162
38319
38163
38320
38164
38321
38165
38322
38166
38323
38167
38324
38168
38325
38169
38326
38170
38327
38171
38328
38172
38329
38173
38330
38174
38331
38175
38332
38176
38333
38177
38334
38178
38335
38179
38336
38180
38337
38181
38338
38182
38339
38183
38340
38184
38341
38185
38342
38186
38343
38187
38344
38188
38345
38189
38346
38190
38347
38191
38348
38192
38349
38193
38350
38194
38351
38195
38352
38196
38353
38197
38354
38355
38199
38200
38356
38201
38357
38202
38358
38203
38359
38204
38360
38205
38361
38206
38362
38207
38363
38208
38364
38209
38365
38210
38366
38211
38367
38212
38368
38213
38369
38214
38370
38215
38371
38216
38372
38217
38373
38218
38374
38219
38375
38220
38376
38221
38377
38222
38378
38223
38379
38224
38380
38225
38381
38226
38382
38227
38383
38228
38384
38229
38385
38230
38386
38231
38387
38232
38388
38233
38389
38234
38390
38235
38391
38236
38392
38237
38393
38238
38394
38239
38395
38240
38396
38241
38397
38242
38398
38399
38244
38400
38245
38401
38246
38402
38247
38403
38248
38404
38249
38405
38250
38406
38251
38407
38252
38408
38253
38409
38254
38410
38255
38411
38412
38257
38413
38258
38414
38259
38415
38260
38416
38261
38417
38262
38418
38263
38419
38264
38420
38265
38421
38266
38422
38267
38423
38268
38424
38269
38425
38270
38426
38271
38427
38272
38428
38273
38429
38274
38430
38275
38431
38432
38277
38278
38433
38279
38434
38280
38435
38281
38436
38282
38437
38283
38438
38284
38439
38285
38440
38286
38441
38287
38442
38288
38443
38289
38444
38290
38445
38291
38446
38292
38447
38293
38448
38294
38449
38295
38450
38296
38451
38297
38452
38298
38453
38299
38454
38300
38455
38301
38456
38302
38457
38303
38458
38304
38459
38305
38460
38306
38461
38307
38462
38308
38463
38309
38464
38310
38465
38311
38466
38312
38467
38313
38468
38314
38469
38315
38470
38316
38471
38317
38472
38319
38473
38320
38474
38321
38475
38322
38476
38323
38477
38324
38478
38325
38479
38326
38480
38327
38481
38328
38482
38329
38483
38330
38484
38331
38485
38332
38486
38333
38487
38334
38488
38335
38489
38336
38490
38337
38491
38338
38492
38339
38493
38340
38494
38341
38495
38342
38496
38343
38497
38344
38498
38345
38499
38346
38500
38347
38501
38348
38502
38349
38503
38350
38504
38351
38505
38352
38506
38353
38507
38354
38508
38355
38509
38357
38358
38510
38359
38511
38360
38512
38361
38513
38362
38514
38363
38515
38364
38516
38365
38517
38366
38518
38367
38519
38368
38520
38369
38521
38370
38522
38371
38523
38372
38524
38373
38525
38374
38526
38375
38527
38376
38528
38377
38529
38378
38530
38379
38531
38380
38532
38381
38533
38382
38534
38383
38535
38384
38536
38385
38537
38386
38538
38387
38539
38388
38540
38389
38541
38390
38542
38391
38543
38392
38544
38393
38545
38394
38546
38395
38547
38396
38548
38397
38549
38398
38550
38399
38551
38552
38401
38553
38402
38554
38403
38555
38404
38556
38405
38557
38406
38558
38407
38559
38408
38560
38409
38561
38410
38562
38411
38563
38412
38564
38565
38414
38566
38415
38567
38416
38568
38417
38569
38418
38570
38419
38571
38420
38572
38421
38573
38422
38574
38423
38575
38424
38576
38425
38577
38426
38578
38427
38579
38428
38580
38429
38581
38430
38582
38431
38583
38432
38584
38434
38435
38585
38436
38586
38437
38587
38438
38588
38439
38589
38440
38590
38441
38591
38442
38592
38443
38593
38444
38594
38445
38595
38446
38596
38447
38597
38448
38598
38449
38599
38450
38600
38451
38601
38452
38602
38453
38603
38454
38604
38455
38605
38456
38606
38457
38607
38458
38608
38459
38609
38460
38610
38461
38611
38462
38612
38463
38613
38464
38614
38465
38615
38466
38616
38467
38617
38468
38618
38469
38619
38470
38620
38471
38621
38472
38622
38474
38475
38623
38476
38624
38477
38625
38478
38626
38479
38627
38480
38628
38481
38629
38482
38630
38483
38631
38484
38632
38485
38633
38486
38634
38487
38635
38488
38636
38489
38637
38490
38638
38491
38639
38492
38640
38493
38641
38494
38642
38495
38643
38496
38644
38497
38645
38498
38646
38499
38647
38500
38648
38501
38649
38502
38650
38503
38651
38504
38652
38505
38653
38506
38654
38507
38655
38508
38656
38509
38657
38511
38658
38512
38659
38513
38660
38514
38661
38515
38662
38516
38663
38517
38664
38518
38665
38519
38666
38520
38667
38521
38668
38522
38669
38523
38670
38524
38671
38525
38672
38526
38673
38527
38674
38528
38675
38529
38676
38530
38677
38531
38678
38532
38679
38533
38680
38534
38681
38535
38682
38536
38683
38537
38684
38538
38685
38539
38686
38540
38687
38541
38688
38542
38689
38543
38690
38544
38691
38545
38692
38546
38693
38547
38694
38548
38695
38549
38696
38550
38697
38551
38698
38552
38699
38700
38554
38701
38555
38702
38556
38703
38557
38704
38558
38705
38559
38706
38560
38707
38561
38708
38562
38709
38563
38710
38564
38711
38565
38712
38713
38567
38714
38568
38715
38569
38716
38570
38717
38571
38718
38572
38719
38573
38720
38574
38721
38575
38722
38576
38723
38577
38724
38578
38725
38579
38726
38580
38727
38581
38728
38582
38729
38583
38730
38584
38731
38586
38587
38732
38588
38733
38589
38734
38590
38735
38591
38736
38592
38737
38593
38738
38594
38739
38595
38740
38596
38741
38597
38742
38598
38743
38599
38744
38600
38745
38601
38746
38602
38747
38603
38748
38604
38749
38605
38750
38606
38751
38607
38752
38608
38753
38609
38754
38610
38755
38611
38756
38612
38757
38613
38758
38614
38759
38615
38760
38616
38761
38617
38762
38618
38763
38619
38764
38620
38765
38621
38766
38622
38767
38624
38625
38768
38626
38769
38627
38770
38628
38771
38629
38772
38630
38773
38631
38774
38632
38775
38633
38776
38634
38777
38635
38778
38636
38779
38637
38780
38638
38781
38639
38782
38640
38783
38641
38784
38642
38785
38643
38786
38644
38787
38645
38788
38646
38789
38647
38790
38648
38791
38649
38792
38650
38793
38651
38794
38652
38795
38653
38796
38654
38797
38655
38798
38656
38799
38657
38800
38801
38659
38660
38802
38661
38803
38662
38804
38663
38805
38664
38806
38665
38807
38666
38808
38667
38809
38668
38810
38669
38811
38670
38812
38671
38813
38672
38814
38673
38815
38674
38816
38675
38817
38676
38818
38677
38819
38678
38820
38679
38821
38680
38822
38681
38823
38682
38824
38683
38825
38684
38826
38685
38827
38686
38828
38687
38829
38688
38830
38689
38831
38690
38832
38691
38833
38692
38834
38693
38835
38694
38836
38695
38837
38696
38838
38697
38839
38698
38840
38699
38841
38700
38842
38843
38702
38844
38703
38845
38704
38846
38705
38847
38706
38848
38707
38849
38708
38850
38709
38851
38710
38852
38711
38853
38712
38854
38713
38855
38856
38715
38857
38716
38858
38717
38859
38718
38860
38719
38861
38720
38862
38721
38863
38722
38864
38723
38865
38724
38866
38725
38867
38726
38868
38727
38869
38728
38870
38729
38871
38730
38872
38731
38873
38874
38733
38875
38734
38876
38735
38877
38736
38878
38737
38879
38738
38880
38739
38881
38740
38882
38741
38883
38742
38884
38743
38885
38744
38886
38745
38887
38746
38888
38747
38889
38748
38890
38749
38891
38750
38892
38751
38893
38752
38894
38753
38895
38754
38896
38755
38897
38756
38898
38757
38899
38758
38900
38759
38901
38760
38902
38761
38903
38762
38904
38763
38905
38764
38906
38765
38907
38766
38908
38767
38909
38910
38769
38911
38770
38912
38771
38913
38772
38914
38773
38915
38774
38916
38775
38917
38776
38918
38777
38919
38778
38920
38779
38921
38780
38922
38781
38923
38782
38924
38783
38925
38784
38926
38785
38927
38786
38928
38787
38929
38788
38930
38789
38931
38790
38932
38791
38933
38792
38934
38793
38935
38794
38936
38795
38937
38796
38938
38797
38939
38798
38940
38799
38941
38800
38942
38801
38943
38803
38944
38804
38945
38805
38946
38806
38947
38807
38948
38808
38949
38809
38950
38810
38951
38811
38952
38812
38953
38813
38954
38814
38955
38815
38956
38816
38957
38817
38958
38818
38959
38819
38960
38820
38961
38821
38962
38822
38963
38823
38964
38824
38965
38825
38966
38826
38967
38827
38968
38828
38969
38829
38970
38830
38971
38831
38972
38832
38973
38833
38974
38834
38975
38835
38976
38836
38977
38837
38978
38838
38979
38839
38980
38840
38981
38841
38982
38842
38983
38843
38984
38985
38845
38986
38846
38987
38847
38988
38848
38989
38849
38990
38850
38991
38851
38992
38852
38993
38853
38994
38854
38995
38855
38996
38856
38997
38998
38858
38999
38859
39000
38860
39001
38861
39002
38862
39003
38863
39004
38864
39005
38865
39006
38866
39007
38867
39008
38868
39009
38869
39010
38870
39011
38871
39012
38872
39013
38873
39014
38874
39015
38876
38877
39016
38878
39017
38879
39018
38880
39019
38881
39020
38882
39021
38883
39022
38884
39023
38885
39024
38886
39025
38887
39026
38888
39027
38889
39028
38890
39029
38891
39030
38892
39031
38893
39032
38894
39033
38895
39034
38896
39035
38897
39036
38898
39037
38899
39038
38900
39039
38901
39040
38902
39041
38903
39042
38904
39043
38905
39044
38906
39045
38907
39046
38908
39047
38909
39048
38910
39049
38912
38913
39050
38914
39051
38915
39052
38916
39053
38917
39054
38918
39055
38919
39056
38920
39057
38921
39058
38922
39059
38923
39060
38924
39061
38925
39062
38926
39063
38927
39064
38928
39065
38929
39066
38930
39067
38931
39068
38932
39069
38933
39070
38934
39071
38935
39072
38936
39073
38937
39074
38938
39075
38939
39076
38940
39077
38941
39078
38942
39079
38943
39080
39081
38945
38946
39082
38947
39083
38948
39084
38949
39085
38950
39086
38951
39087
38952
39088
38953
39089
38954
39090
38955
39091
38956
39092
38957
39093
38958
39094
38959
39095
38960
39096
38961
39097
38962
39098
38963
39099
38964
39100
38965
39101
38966
39102
38967
39103
38968
39104
38969
39105
38970
39106
38971
39107
38972
39108
38973
39109
38974
39110
38975
39111
38976
39112
38977
39113
38978
39114
38979
39115
38980
39116
38981
39117
38982
39118
38983
39119
38984
39120
38985
39121
39122
38987
39123
38988
39124
38989
39125
38990
39126
38991
39127
38992
39128
38993
39129
38994
39130
38995
39131
38996
39132
38997
39133
38998
39134
39135
39000
39136
39001
39137
39002
39138
39003
39139
39004
39140
39005
39141
39006
39142
39007
39143
39008
39144
39009
39145
39010
39146
39011
39147
39012
39148
39013
39149
39014
39150
39015
39151
39017
39152
39018
39153
39019
39154
39020
39155
39021
39156
39022
39157
39023
39158
39024
39159
39025
39160
39026
39161
39027
39162
39028
39163
39029
39164
39030
39165
39031
39166
39032
39167
39033
39168
39034
39169
39035
39170
39036
39171
39037
39172
39038
39173
39039
39174
39040
39175
39041
39176
39042
39177
39043
39178
39044
39179
39045
39180
39046
39181
39047
39182
39048
39183
39049
39184
39185
39051
39052
39186
39053
39187
39054
39188
39055
39189
39056
39190
39057
39191
39058
39192
39059
39193
39060
39194
39061
39195
39062
39196
39063
39197
39064
39198
39065
39199
39066
39200
39067
39201
39068
39202
39069
39203
39070
39204
39071
39205
39072
39206
39073
39207
39074
39208
39075
39209
39076
39210
39077
39211
39078
39212
39079
39213
39080
39214
39081
39215
39216
39083
39217
39084
39218
39085
39219
39086
39220
39087
39221
39088
39222
39089
39223
39090
39224
39091
39225
39092
39226
39093
39227
39094
39228
39095
39229
39096
39230
39097
39231
39098
39232
39099
39233
39100
39234
39101
39235
39102
39236
39103
39237
39104
39238
39105
39239
39106
39240
39107
39241
39108
39242
39109
39243
39110
39244
39111
39245
39112
39246
39113
39247
39114
39248
39115
39249
39116
39250
39117
39251
39118
39252
39119
39253
39120
39254
39121
39255
39122
39256
39257
39124
39258
39125
39259
39126
39260
39127
39261
39128
39262
39129
39263
39130
39264
39131
39265
39132
39266
39133
39267
39134
39268
39135
39269
39270
39137
39271
39138
39272
39139
39273
39140
39274
39141
39275
39142
39276
39143
39277
39144
39278
39145
39279
39146
39280
39147
39281
39148
39282
39149
39283
39150
39284
39151
39285
39286
39153
39154
39287
39155
39288
39156
39289
39157
39290
39158
39291
39159
39292
39160
39293
39161
39294
39162
39295
39163
39296
39164
39297
39165
39298
39166
39299
39167
39300
39168
39301
39169
39302
39170
39303
39171
39304
39172
39305
39173
39306
39174
39307
39175
39308
39176
39309
39177
39310
39178
39311
39179
39312
39180
39313
39181
39314
39182
39315
39183
39316
39184
39317
39185
39318
39187
39319
39188
39320
39189
39321
39190
39322
39191
39323
39192
39324
39193
39325
39194
39326
39195
39327
39196
39328
39197
39329
39198
39330
39199
39331
39200
39332
39201
39333
39202
39334
39203
39335
39204
39336
39205
39337
39206
39338
39207
39339
39208
39340
39209
39341
39210
39342
39211
39343
39212
39344
39213
39345
39214
39346
39215
39347
39216
39348
39218
39349
39219
39350
39220
39351
39221
39352
39222
39353
39223
39354
39224
39355
39225
39356
39226
39357
39227
39358
39228
39359
39229
39360
39230
39361
39231
39362
39232
39363
39233
39364
39234
39365
39235
39366
39236
39367
39237
39368
39238
39369
39239
39370
39240
39371
39241
39372
39242
39373
39243
39374
39244
39375
39245
39376
39246
39377
39247
39378
39248
39379
39249
39380
39250
39381
39251
39382
39252
39383
39253
39384
39254
39385
39255
39386
39256
39387
39257
39388
39389
39259
39390
39260
39391
39261
39392
39262
39393
39263
39394
39264
39395
39265
39396
39266
39397
39267
39398
39268
39399
39269
39400
39270
39401
39402
39272
39405
39273
39406
39274
39407
39275
39408
39276
39409
39277
39410
39278
39411
39279
39412
39280
39413
39281
39414
39282
39415
39283
39416
39284
39417
39285
39418
39286
39419
39288
39420
39289
39421
39290
39422
39291
39423
39292
39424
39293
39425
39294
39426
39295
39427
39296
39428
39297
39429
39298
39430
39299
39431
39300
39432
39301
39433
39302
39434
39303
39435
39304
39436
39305
39437
39306
39438
39307
39439
39308
39440
39309
39441
39310
39442
39311
39443
39312
39444
39313
39445
39314
39446
39315
39447
39316
39448
39317
39449
39318
39450
39451
39320
39321
39452
39322
39453
39323
39454
39324
39455
39325
39456
39326
39457
39327
39458
39328
39459
39329
39460
39330
39461
39331
39462
39332
39463
39333
39464
39334
39465
39335
39466
39336
39467
39337
39468
39338
39469
39339
39470
39340
39471
39341
39472
39342
39473
39343
39474
39344
39475
39345
39476
39346
39477
39347
39478
39348
39479
39480
39350
39351
39481
39352
39482
39353
39483
39354
39484
39355
39485
39356
39486
39357
39487
39358
39488
39359
39489
39360
39490
39361
39491
39362
39492
39363
39493
39364
39494
39365
39495
39366
39496
39367
39497
39368
39498
39369
39499
39370
39500
39371
39501
39372
39502
39373
39503
39374
39504
39375
39505
39376
39506
39377
39507
39378
39508
39379
39509
39380
39510
39381
39511
39382
39512
39383
39513
39384
39514
39385
39515
39386
39516
39387
39517
39388
39518
39389
39519
39520
39391
39521
39392
39522
39393
39523
39394
39524
39395
39525
39396
39526
39397
39527
39398
39528
39399
39529
39400
39530
39401
39531
39402
39532
39403
39533
39534
39405
39535
39406
39536
39407
39537
39408
39538
39409
39539
39410
39540
39411
39541
39412
39542
39413
39543
39414
39544
39415
39545
39416
39546
39417
39547
39418
39548
39419
39549
39550
39421
39422
39551
39423
39552
39424
39553
39425
39554
39426
39555
39427
39556
39428
39557
39429
39558
39430
39559
39431
39560
39432
39561
39433
39562
39434
39563
39435
39564
39436
39565
39437
39566
39438
39567
39439
39568
39440
39569
39441
39570
39442
39571
39443
39572
39444
39573
39445
39574
39446
39575
39447
39576
39448
39577
39449
39578
39450
39579
39451
39580
39453
39581
39454
39582
39455
39583
39456
39584
39457
39585
39458
39586
39459
39587
39460
39588
39461
39589
39462
39590
39463
39591
39464
39592
39465
39593
39466
39594
39467
39595
39468
39596
39469
39597
39470
39598
39471
39599
39472
39600
39473
39601
39474
39602
39475
39603
39476
39604
39477
39605
39478
39606
39479
39607
39480
39608
39609
39482
39610
39483
39611
39484
39612
39485
39613
39486
39614
39487
39615
39488
39616
39489
39617
39490
39618
39491
39619
39492
39620
39493
39621
39494
39622
39495
39623
39496
39624
39497
39625
39498
39626
39499
39627
39500
39628
39501
39629
39502
39630
39503
39631
39504
39632
39505
39633
39506
39634
39507
39635
39508
39636
39509
39637
39510
39638
39511
39639
39512
39640
39513
39641
39514
39642
39515
39643
39516
39644
39517
39645
39518
39646
39519
39647
39520
39648
39649
39522
39650
39523
39651
39524
39652
39525
39653
39526
39654
39527
39655
39528
39656
39529
39657
39530
39658
39531
39659
39532
39660
39533
39661
39534
39662
39663
39536
39664
39537
39665
39538
39666
39539
39667
39540
39668
39541
39669
39542
39670
39543
39671
39544
39672
39545
39673
39546
39674
39547
39675
39548
39676
39549
39677
39550
39678
39679
39552
39680
39553
39681
39554
39682
39555
39683
39556
39684
39557
39685
39558
39686
39559
39687
39560
39688
39561
39689
39562
39690
39563
39691
39564
39692
39565
39693
39566
39694
39567
39695
39568
39696
39569
39697
39570
39698
39571
39699
39572
39700
39573
39701
39574
39702
39575
39703
39576
39704
39577
39705
39578
39706
39579
39707
39580
39708
39709
39582
39710
39583
39711
39584
39712
39585
39713
39586
39714
39587
39715
39588
39716
39589
39717
39590
39718
39591
39719
39592
39720
39593
39721
39594
39722
39595
39723
39596
39724
39597
39725
39598
39726
39599
39727
39600
39728
39601
39729
39602
39730
39603
39731
39604
39732
39605
39733
39606
39734
39607
39735
39608
39736
39609
39737
39738
39611
39739
39612
39740
39613
39741
39614
39742
39615
39743
39616
39744
39617
39745
39618
39746
39619
39747
39620
39748
39621
39749
39622
39750
39623
39751
39624
39752
39625
39753
39626
39754
39627
39755
39628
39756
39629
39757
39630
39758
39631
39759
39632
39760
39633
39761
39634
39762
39635
39763
39636
39764
39637
39765
39638
39766
39639
39767
39640
39768
39641
39769
39642
39770
39643
39771
39644
39772
39645
39773
39646
39774
39647
39775
39648
39776
39649
39777
39778
39651
39779
39652
39780
39653
39781
39654
39782
39655
39783
39656
39784
39657
39785
39658
39786
39659
39787
39660
39788
39661
39789
39662
39790
39663
39791
39792
39665
39793
39666
39794
39667
39795
39668
39796
39669
39797
39670
39798
39671
39799
39672
39800
39673
39801
39674
39802
39675
39803
39676
39804
39677
39805
39678
39806
39679
39807
39681
39808
39682
39809
39683
39810
39684
39811
39685
39812
39686
39813
39687
39814
39688
39815
39689
39816
39690
39817
39691
39818
39692
39819
39693
39820
39694
39821
39695
39822
39696
39823
39697
39824
39698
39825
39699
39826
39700
39827
39701
39828
39702
39829
39703
39830
39704
39831
39705
39832
39706
39833
39707
39834
39708
39835
39709
39836
39837
39711
39712
39838
39713
39839
39714
39840
39715
39841
39716
39842
39717
39843
39718
39844
39719
39845
39720
39846
39721
39847
39722
39848
39723
39849
39724
39850
39725
39851
39726
39852
39727
39853
39728
39854
39729
39855
39730
39856
39731
39857
39732
39858
39733
39859
39734
39860
39735
39861
39736
39862
39737
39863
39738
39864
39740
39865
39741
39866
39742
39867
39743
39868
39744
39869
39745
39870
39746
39871
39747
39872
39748
39873
39749
39874
39750
39875
39751
39876
39752
39877
39753
39878
39754
39879
39755
39880
39756
39881
39757
39882
39758
39883
39759
39884
39760
39885
39761
39886
39762
39887
39763
39888
39764
39889
39765
39890
39766
39891
39767
39892
39768
39893
39769
39894
39770
39895
39771
39896
39772
39897
39773
39898
39774
39899
39775
39900
39776
39901
39777
39902
39778
39903
39904
39780
39905
39781
39906
39782
39907
39783
39908
39784
39909
39785
39910
39786
39911
39787
39912
39788
39913
39789
39914
39790
39915
39791
39916
39792
39917
39918
39794
39921
39795
39922
39796
39923
39797
39924
39798
39925
39799
39926
39800
39927
39801
39928
39802
39929
39803
39930
39804
39931
39805
39932
39806
39933
39807
39934
39935
39809
39810
39936
39811
39937
39812
39938
39813
39939
39814
39940
39815
39941
39816
39942
39817
39943
39818
39944
39819
39945
39820
39946
39821
39947
39822
39948
39823
39949
39824
39950
39825
39951
39826
39952
39827
39953
39828
39954
39829
39955
39830
39956
39831
39957
39832
39958
39833
39959
39834
39960
39835
39961
39836
39962
39837
39963
39839
39964
39840
39965
39841
39966
39842
39967
39843
39968
39844
39969
39845
39970
39846
39971
39847
39972
39848
39973
39849
39974
39850
39975
39851
39976
39852
39977
39853
39978
39854
39979
39855
39980
39856
39981
39857
39982
39858
39983
39859
39984
39860
39985
39861
39986
39862
39987
39863
39988
39864
39989
39990
39866
39991
39867
39992
39868
39993
39869
39994
39870
39995
39871
39996
39872
39997
39873
39998
39874
39999
39875
40000
39876
40001
39877
40002
39878
40003
39879
40004
39880
40005
39881
40006
39882
40007
39883
40008
39884
40009
39885
40010
39886
40011
39887
40012
39888
40013
39889
40014
39890
40015
39891
40016
39892
40017
39893
40018
39894
40019
39895
40020
39896
40021
39897
40022
39898
40023
39899
40024
39900
40025
39901
40026
39902
40027
39903
40028
39904
40029
40030
39906
40031
39907
40032
39908
40033
39909
40034
39910
40035
39911
40036
39912
40037
39913
40038
39914
40039
39915
40040
39916
40041
39917
40042
39918
40043
39919
40044
40045
39921
40046
39922
40047
39923
40048
39924
40049
39925
40050
39926
40051
39927
40052
39928
40053
39929
40054
39930
40055
39931
40056
39932
40057
39933
40058
39934
40059
39935
40060
40061
39937
40062
39938
40063
39939
40064
39940
40065
39941
40066
39942
40067
39943
40068
39944
40069
39945
40070
39946
40071
39947
40072
39948
40073
39949
40074
39950
40075
39951
40076
39952
40077
39953
40078
39954
40079
39955
40080
39956
40081
39957
40082
39958
40083
39959
40084
39960
40085
39961
40086
39962
40087
39963
40088
40089
39965
40090
39966
40091
39967
40092
39968
40093
39969
40094
39970
40095
39971
40096
39972
40097
39973
40098
39974
40099
39975
40100
39976
40101
39977
40102
39978
40103
39979
40104
39980
40105
39981
40106
39982
40107
39983
40108
39984
40109
39985
40110
39986
40111
39987
40112
39988
40113
39989
40114
39990
40115
40116
39992
40117
39993
40118
39994
40119
39995
40120
39996
40121
39997
40122
39998
40123
39999
40124
40000
40125
40001
40126
40002
40127
40003
40128
40004
40129
40005
40130
40006
40131
40007
40132
40008
40133
40009
40134
40010
40135
40011
40136
40012
40137
40013
40138
40014
40139
40015
40140
40016
40141
40017
40142
40018
40143
40019
40144
40020
40145
40021
40146
40022
40147
40023
40148
40024
40149
40025
40150
40026
40151
40027
40152
40028
40153
40029
40154
40030
40155
40156
40032
40157
40033
40158
40034
40159
40035
40160
40036
40161
40037
40162
40038
40163
40039
40164
40040
40165
40041
40166
40042
40167
40043
40168
40044
40169
40045
40170
40171
40047
40174
40048
40175
40049
40176
40050
40177
40051
40178
40052
40179
40053
40180
40054
40181
40055
40182
40056
40183
40057
40184
40058
40185
40059
40186
40060
40187
40061
40188
40063
40189
40064
40190
40065
40191
40066
40192
40067
40193
40068
40194
40069
40195
40070
40196
40071
40197
40072
40198
40073
40199
40074
40200
40075
40201
40076
40202
40077
40203
40078
40204
40079
40205
40080
40206
40081
40207
40082
40208
40083
40209
40084
40210
40085
40211
40086
40212
40087
40213
40088
40214
40089
40215
40216
40091
40092
40217
40093
40218
40094
40219
40095
40220
40096
40221
40097
40222
40098
40223
40099
40224
40100
40225
40101
40226
40102
40227
40103
40228
40104
40229
40105
40230
40106
40231
40107
40232
40108
40233
40109
40234
40110
40235
40111
40236
40112
40237
40113
40238
40114
40239
40115
40240
40116
40241
40242
40118
40243
40119
40244
40120
40245
40121
40246
40122
40247
40123
40248
40124
40249
40125
40250
40126
40251
40127
40252
40128
40253
40129
40254
40130
40255
40131
40256
40132
40257
40133
40258
40134
40259
40135
40260
40136
40261
40137
40262
40138
40263
40139
40264
40140
40265
40141
40266
40142
40267
40143
40268
40144
40269
40145
40270
40146
40271
40147
40272
40148
40273
40149
40274
40150
40275
40151
40276
40152
40277
40153
40278
40154
40279
40155
40280
40156
40281
40282
40158
40283
40159
40284
40160
40285
40161
40286
40162
40287
40163
40288
40164
40289
40165
40290
40166
40291
40167
40292
40168
40293
40169
40294
40170
40295
40171
40296
40172
40297
40298
40174
40299
40175
40300
40176
40301
40177
40302
40178
40303
40179
40304
40180
40305
40181
40306
40182
40307
40183
40308
40184
40309
40185
40310
40186
40311
40187
40312
40188
40313
40314
40190
40315
40191
40316
40192
40317
40193
40318
40194
40319
40195
40320
40196
40321
40197
40322
40198
40323
40199
40324
40200
40325
40201
40326
40202
40327
40203
40328
40204
40329
40205
40330
40206
40331
40207
40332
40208
40333
40209
40334
40210
40335
40211
40336
40212
40337
40213
40338
40214
40339
40215
40340
40216
40341
40218
40342
40219
40343
40220
40344
40221
40345
40222
40346
40223
40347
40224
40348
40225
40349
40226
40350
40227
40351
40228
40352
40229
40353
40230
40354
40231
40355
40232
40356
40233
40357
40234
40358
40235
40359
40236
40360
40237
40361
40238
40362
40239
40363
40240
40364
40241
40365
40242
40366
40367
40244
40245
40368
40246
40369
40247
40370
40248
40371
40249
40372
40250
40373
40251
40374
40252
40375
40253
40376
40254
40377
40255
40378
40256
40379
40257
40380
40258
40381
40259
40382
40260
40383
40261
40384
40262
40385
40263
40386
40264
40387
40265
40388
40266
40389
40267
40390
40268
40391
40269
40392
40270
40393
40271
40394
40272
40395
40273
40396
40274
40397
40275
40398
40276
40399
40277
40400
40278
40401
40279
40402
40280
40403
40281
40404
40282
40405
40406
40284
40407
40285
40408
40286
40409
40287
40410
40288
40411
40289
40412
40290
40413
40291
40414
40292
40415
40293
40416
40294
40417
40295
40418
40296
40419
40297
40420
40298
40421
40422
40300
40425
40301
40426
40302
40427
40303
40428
40304
40429
40305
40430
40306
40431
40307
40432
40308
40433
40309
40434
40310
40435
40311
40436
40312
40437
40313
40438
40314
40439
40440
40316
40317
40441
40318
40442
40319
40443
40320
40444
40321
40445
40322
40446
40323
40447
40324
40448
40325
40449
40326
40450
40327
40451
40328
40452
40329
40453
40330
40454
40331
40455
40332
40456
40333
40457
40334
40458
40335
40459
40336
40460
40337
40461
40338
40462
40339
40463
40340
40464
40341
40465
40466
40343
40467
40344
40468
40345
40469
40346
40470
40347
40471
40348
40472
40349
40473
40350
40474
40351
40475
40352
40476
40353
40477
40354
40478
40355
40479
40356
40480
40357
40481
40358
40482
40359
40483
40360
40484
40361
40485
40362
40486
40363
40487
40364
40488
40365
40489
40366
40490
40367
40491
40492
40369
40493
40370
40494
40371
40495
40372
40496
40373
40497
40374
40498
40375
40499
40376
40500
40377
40501
40378
40502
40379
40503
40380
40504
40381
40505
40382
40506
40383
40507
40384
40508
40385
40509
40386
40510
40387
40511
40388
40512
40389
40513
40390
40514
40391
40515
40392
40516
40393
40517
40394
40518
40395
40519
40396
40520
40397
40521
40398
40522
40399
40523
40400
40524
40401
40525
40402
40526
40403
40527
40404
40528
40405
40529
40406
40530
40531
40408
40532
40409
40533
40410
40534
40411
40535
40412
40536
40413
40537
40414
40538
40415
40539
40416
40540
40417
40541
40418
40542
40419
40543
40420
40544
40421
40545
40422
40546
40423
40547
40548
40425
40549
40426
40550
40427
40551
40428
40552
40429
40553
40430
40554
40431
40555
40432
40556
40433
40557
40434
40558
40435
40559
40436
40560
40437
40561
40438
40562
40439
40563
40440
40564
40565
40442
40566
40443
40567
40444
40568
40445
40569
40446
40570
40447
40571
40448
40572
40449
40573
40450
40574
40451
40575
40452
40576
40453
40577
40454
40578
40455
40579
40456
40580
40457
40581
40458
40582
40459
40583
40460
40584
40461
40585
40462
40586
40463
40587
40464
40588
40465
40589
40466
40590
40591
40468
40592
40469
40593
40470
40594
40471
40595
40472
40596
40473
40597
40474
40598
40475
40599
40476
40600
40477
40601
40478
40602
40479
40603
40480
40604
40481
40605
40482
40606
40483
40607
40484
40608
40485
40609
40486
40610
40487
40611
40488
40612
40489
40613
40490
40614
40491
40615
40492
40616
40617
40494
40619
40495
40620
40496
40621
40497
40622
40498
40623
40499
40624
40500
40625
40501
40626
40502
40627
40503
40628
40504
40629
40505
40630
40506
40631
40507
40632
40508
40633
40509
40634
40510
40635
40511
40636
40512
40637
40513
40638
40514
40639
40515
40640
40516
40641
40517
40642
40518
40643
40519
40644
40520
40645
40521
40646
40522
40647
40523
40648
40524
40649
40525
40650
40526
40651
40527
40652
40528
40653
40529
40654
40530
40655
40531
40656
40657
40533
40658
40534
40659
40535
40660
40536
40661
40537
40662
40538
40663
40539
40664
40540
40665
40541
40666
40542
40667
40543
40668
40544
40669
40545
40670
40546
40671
40547
40672
40548
40673
40674
40550
40677
40551
40678
40552
40679
40553
40680
40554
40681
40555
40682
40556
40683
40557
40684
40558
40685
40559
40686
40560
40687
40561
40688
40562
40689
40563
40690
40564
40691
40565
40692
40693
40567
40694
40568
40695
40569
40696
40570
40697
40571
40698
40572
40699
40573
40700
40574
40701
40575
40702
40576
40703
40577
40704
40578
40705
40579
40706
40580
40707
40581
40708
40582
40709
40583
40710
40584
40711
40585
40712
40586
40713
40587
40714
40588
40715
40589
40716
40590
40717
40591
40718
40719
40593
40720
40594
40721
40595
40722
40596
40723
40597
40724
40598
40725
40599
40726
40600
40727
40601
40728
40602
40729
40603
40730
40604
40731
40605
40732
40606
40733
40607
40734
40608
40735
40609
40736
40610
40737
40611
40738
40612
40739
40613
40740
40614
40741
40615
40742
40616
40743
40617
40744
40745
40619
40746
40620
40747
40621
40748
40622
40749
40623
40750
40624
40751
40625
40752
40626
40753
40627
40754
40628
40755
40629
40756
40630
40757
40631
40758
40632
40759
40633
40760
40634
40761
40635
40762
40636
40763
40637
40764
40638
40765
40639
40766
40640
40767
40641
40768
40642
40769
40643
40770
40644
40771
40645
40772
40646
40773
40647
40774
40648
40775
40649
40776
40650
40777
40651
40778
40652
40779
40653
40780
40654
40781
40655
40782
40656
40783
40657
40784
40785
40659
40786
40660
40787
40661
40788
40662
40789
40663
40790
40664
40791
40665
40792
40666
40793
40667
40794
40668
40795
40669
40796
40670
40797
40671
40798
40672
40799
40673
40800
40674
40801
40675
40802
40803
40677
40806
40678
40807
40679
40808
40680
40809
40681
40810
40682
40811
40683
40812
40684
40813
40685
40814
40686
40815
40687
40816
40688
40817
40689
40818
40690
40819
40691
40820
40692
40821
40693
40822
40823
40695
40824
40696
40825
40697
40826
40698
40827
40699
40828
40700
40829
40701
40830
40702
40831
40703
40832
40704
40833
40705
40834
40706
40835
40707
40836
40708
40837
40709
40838
40710
40839
40711
40840
40712
40841
40713
40842
40714
40843
40715
40844
40716
40845
40717
40846
40718
40847
40719
40848
40849
40721
40850
40722
40851
40723
40852
40724
40853
40725
40854
40726
40855
40727
40856
40728
40857
40729
40858
40730
40859
40731
40860
40732
40861
40733
40862
40734
40863
40735
40864
40736
40865
40737
40866
40738
40867
40739
40868
40740
40869
40741
40870
40742
40871
40743
40872
40744
40873
40745
40874
40875
40747
40876
40748
40877
40749
40878
40750
40879
40751
40880
40752
40881
40753
40882
40754
40883
40755
40884
40756
40885
40757
40886
40758
40887
40759
40888
40760
40889
40761
40890
40762
40891
40763
40892
40764
40893
40765
40894
40766
40895
40767
40896
40768
40897
40769
40898
40770
40899
40771
40900
40772
40901
40773
40902
40774
40903
40775
40904
40776
40905
40777
40906
40778
40907
40779
40908
40780
40909
40781
40910
40782
40911
40783
40912
40784
40913
40785
40914
40915
40787
40916
40788
40917
40789
40918
40790
40919
40791
40920
40792
40921
40793
40922
40794
40923
40795
40924
40796
40925
40797
40926
40798
40927
40799
40928
40800
40929
40801
40930
40802
40931
40803
40932
40804
40933
40934
40806
40937
40807
40938
40808
40939
40809
40940
40810
40941
40811
40942
40812
40943
40813
40944
40814
40945
40815
40946
40816
40947
40817
40948
40818
40949
40819
40950
40820
40951
40821
40952
40822
40953
40823
40954
40955
40825
40956
40826
40957
40827
40958
40828
40959
40829
40960
40830
40961
40831
40962
40832
40963
40833
40964
40834
40965
40835
40966
40836
40967
40837
40968
40838
40969
40839
40970
40840
40971
40841
40972
40842
40973
40843
40974
40844
40975
40845
40976
40846
40977
40847
40978
40848
40979
40849
40980
40981
40851
40982
40852
40983
40853
40984
40854
40985
40855
40986
40856
40987
40857
40988
40858
40989
40859
40990
40860
40991
40861
40992
40862
40993
40863
40994
40864
40995
40865
40996
40866
40997
40867
40998
40868
40999
40869
41000
40870
41001
40871
41002
40872
41003
40873
41004
40874
41005
40875
41006
41007
40877
41009
40878
41010
40879
41011
40880
41012
40881
41013
40882
41014
40883
41015
40884
41016
40885
41017
40886
41018
40887
41019
40888
41020
40889
41021
40890
41022
40891
41023
40892
41024
40893
41025
40894
41026
40895
41027
40896
41028
40897
41029
40898
41030
40899
41031
40900
41032
40901
41033
40902
41034
40903
41035
40904
41036
40905
41037
40906
41038
40907
41039
40908
41040
40909
41041
40910
41042
40911
41043
40912
41044
40913
41045
40914
41046
40915
41047
41048
40917
41049
40918
41050
40919
41051
40920
41052
40921
41053
40922
41054
40923
41055
40924
41056
40925
41057
40926
41058
40927
41059
40928
41060
40929
41061
40930
41062
40931
41063
40932
41064
40933
41065
40934
41066
40935
41067
41068
40937
41071
40938
41072
40939
41073
40940
41074
40941
41075
40942
41076
40943
41077
40944
41078
40945
41079
40946
41080
40947
41081
40948
41082
40949
41083
40950
41084
40951
41085
40952
41086
40953
41087
40954
41088
40955
41089
41090
40957
41091
40958
41092
40959
41093
40960
41094
40961
41095
40962
41096
40963
41097
40964
41098
40965
41099
40966
41100
40967
41101
40968
41102
40969
41103
40970
41104
40971
41105
40972
41106
40973
41107
40974
41108
40975
41109
40976
41110
40977
41111
40978
41112
40979
41113
40980
41114
40981
41115
41116
40983
41117
40984
41118
40985
41119
40986
41120
40987
41121
40988
41122
40989
41123
40990
41124
40991
41125
40992
41126
40993
41127
40994
41128
40995
41129
40996
41130
40997
41131
40998
41132
40999
41133
41000
41134
41001
41135
41002
41136
41003
41137
41004
41138
41005
41139
41006
41140
41007
41141
41008
41142
41143
41010
41144
41011
41145
41012
41146
41013
41147
41014
41148
41015
41149
41016
41150
41017
41151
41018
41152
41019
41153
41020
41154
41021
41155
41022
41156
41023
41157
41024
41158
41025
41159
41026
41160
41027
41161
41028
41162
41029
41163
41030
41164
41031
41165
41032
41166
41033
41167
41034
41168
41035
41169
41036
41170
41037
41171
41038
41172
41039
41173
41040
41174
41041
41175
41042
41176
41043
41177
41044
41178
41045
41179
41046
41180
41047
41181
41048
41182
41183
41050
41184
41051
41185
41052
41186
41053
41187
41054
41188
41055
41189
41056
41190
41057
41191
41058
41192
41059
41193
41060
41194
41061
41195
41062
41196
41063
41197
41064
41198
41065
41199
41066
41200
41067
41201
41068
41202
41069
41203
41204
41071
41207
41072
41208
41073
41209
41074
41210
41075
41211
41076
41212
41077
41213
41078
41214
41079
41215
41080
41216
41081
41217
41082
41218
41083
41219
41084
41220
41085
41221
41086
41222
41087
41223
41088
41224
41089
41225
41090
41226
41227
41092
41228
41093
41229
41094
41230
41095
41231
41096
41232
41097
41233
41098
41234
41099
41235
41100
41236
41101
41237
41102
41238
41103
41239
41104
41240
41105
41241
41106
41242
41107
41243
41108
41244
41109
41245
41110
41246
41111
41247
41112
41248
41113
41249
41114
41250
41115
41251
41116
41252
41253
41118
41254
41119
41255
41120
41256
41121
41257
41122
41258
41123
41259
41124
41260
41125
41261
41126
41262
41127
41263
41128
41264
41129
41265
41130
41266
41131
41267
41132
41268
41133
41269
41134
41270
41135
41271
41136
41272
41137
41273
41138
41274
41139
41275
41140
41276
41141
41277
41142
41278
41143
41279
41280
41145
41281
41146
41282
41147
41283
41148
41284
41149
41285
41150
41286
41151
41287
41152
41288
41153
41289
41154
41290
41155
41291
41156
41292
41157
41293
41158
41294
41159
41295
41160
41296
41161
41297
41162
41298
41163
41299
41164
41300
41165
41301
41166
41302
41167
41303
41168
41304
41169
41305
41170
41306
41171
41307
41172
41308
41173
41309
41174
41310
41175
41311
41176
41312
41177
41313
41178
41314
41179
41315
41180
41316
41181
41317
41182
41318
41183
41319
41320
41185
41321
41186
41322
41187
41323
41188
41324
41189
41325
41190
41326
41191
41327
41192
41328
41193
41329
41194
41330
41195
41331
41196
41332
41197
41333
41198
41334
41199
41335
41200
41336
41201
41337
41202
41338
41203
41339
41204
41340
41205
41341
41342
41207
41345
41208
41346
41209
41347
41210
41348
41211
41349
41212
41350
41213
41351
41214
41352
41215
41353
41216
41354
41217
41355
41218
41356
41219
41357
41220
41358
41221
41359
41222
41360
41223
41361
41224
41362
41225
41363
41226
41364
41227
41365
41366
41229
41367
41230
41368
41231
41369
41232
41370
41233
41371
41234
41372
41235
41373
41236
41374
41237
41375
41238
41376
41239
41377
41240
41378
41241
41379
41242
41380
41243
41381
41244
41382
41245
41383
41246
41384
41247
41385
41248
41386
41249
41387
41250
41388
41251
41389
41252
41390
41253
41391
41392
41255
41393
41256
41394
41257
41395
41258
41396
41259
41397
41260
41398
41261
41399
41262
41400
41263
41401
41264
41402
41265
41403
41266
41404
41267
41405
41268
41406
41269
41407
41270
41408
41271
41409
41272
41410
41273
41411
41274
41412
41275
41413
41276
41414
41277
41415
41278
41416
41279
41417
41280
41418
41419
41282
41421
41283
41422
41284
41423
41285
41424
41286
41425
41287
41426
41288
41427
41289
41428
41290
41429
41291
41430
41292
41431
41293
41432
41294
41433
41295
41434
41296
41435
41297
41436
41298
41437
41299
41438
41300
41439
41301
41440
41302
41441
41303
41442
41304
41443
41305
41444
41306
41445
41307
41446
41308
41447
41309
41448
41310
41449
41311
41450
41312
41451
41313
41452
41314
41453
41315
41454
41316
41455
41317
41456
41318
41457
41319
41458
41320
41459
41460
41322
41461
41323
41462
41324
41463
41325
41464
41326
41465
41327
41466
41328
41467
41329
41468
41330
41469
41331
41470
41332
41471
41333
41472
41334
41473
41335
41474
41336
41475
41337
41476
41338
41477
41339
41478
41340
41479
41341
41480
41342
41481
41343
41482
41483
41345
41486
41346
41487
41347
41488
41348
41489
41349
41490
41350
41491
41351
41492
41352
41493
41353
41494
41354
41495
41355
41496
41356
41497
41357
41498
41358
41499
41359
41500
41360
41501
41361
41502
41362
41503
41363
41504
41364
41505
41365
41506
41366
41507
41508
41368
41509
41369
41510
41370
41511
41371
41512
41372
41513
41373
41514
41374
41515
41375
41516
41376
41517
41377
41518
41378
41519
41379
41520
41380
41521
41381
41522
41382
41523
41383
41524
41384
41525
41385
41526
41386
41527
41387
41528
41388
41529
41389
41530
41390
41531
41391
41532
41392
41533
41534
41394
41535
41395
41536
41396
41537
41397
41538
41398
41539
41399
41540
41400
41541
41401
41542
41402
41543
41403
41544
41404
41545
41405
41546
41406
41547
41407
41548
41408
41549
41409
41550
41410
41551
41411
41552
41412
41553
41413
41554
41414
41555
41415
41556
41416
41557
41417
41558
41418
41559
41419
41560
41561
41421
41563
41422
41564
41423
41565
41424
41566
41425
41567
41426
41568
41427
41569
41428
41570
41429
41571
41430
41572
41431
41573
41432
41574
41433
41575
41434
41576
41435
41577
41436
41578
41437
41579
41438
41580
41439
41581
41440
41582
41441
41583
41442
41584
41443
41585
41444
41586
41445
41587
41446
41588
41447
41589
41448
41590
41449
41591
41450
41592
41451
41593
41452
41594
41453
41595
41454
41596
41455
41597
41456
41598
41457
41599
41458
41600
41459
41601
41460
41602
41603
41462
41604
41463
41605
41464
41606
41465
41607
41466
41608
41467
41609
41468
41610
41469
41611
41470
41612
41471
41613
41472
41614
41473
41615
41474
41616
41475
41617
41476
41618
41477
41619
41478
41620
41479
41621
41480
41622
41481
41623
41482
41624
41483
41625
41484
41626
41627
41486
41632
41487
41633
41488
41634
41489
41635
41490
41636
41491
41637
41492
41638
41493
41639
41494
41640
41495
41641
41496
41642
41497
41643
41498
41644
41499
41645
41500
41646
41501
41647
41502
41648
41503
41649
41504
41650
41505
41651
41506
41652
41507
41653
41508
41654
41655
41510
41656
41511
41657
41512
41658
41513
41659
41514
41660
41515
41661
41516
41662
41517
41663
41518
41664
41519
41665
41520
41666
41521
41667
41522
41668
41523
41669
41524
41670
41525
41671
41526
41672
41527
41673
41528
41674
41529
41675
41530
41676
41531
41677
41532
41678
41533
41679
41534
41680
41681
41536
41682
41537
41683
41538
41684
41539
41685
41540
41686
41541
41687
41542
41688
41543
41689
41544
41690
41545
41691
41546
41692
41547
41693
41548
41694
41549
41695
41550
41696
41551
41697
41552
41698
41553
41699
41554
41700
41555
41701
41556
41702
41557
41703
41558
41704
41559
41705
41560
41706
41561
41707
41562
41708
41709
41564
41710
41565
41711
41566
41712
41567
41713
41568
41714
41569
41715
41570
41716
41571
41717
41572
41718
41573
41719
41574
41720
41575
41721
41576
41722
41577
41723
41578
41724
41579
41725
41580
41726
41581
41727
41582
41728
41583
41729
41584
41730
41585
41731
41586
41732
41587
41733
41588
41734
41589
41735
41590
41736
41591
41737
41592
41738
41593
41739
41594
41740
41595
41741
41596
41742
41597
41743
41598
41744
41599
41745
41600
41746
41601
41747
41602
41748
41603
41749
41750
41605
41751
41606
41752
41607
41753
41608
41754
41609
41755
41610
41756
41611
41757
41612
41758
41613
41759
41614
41760
41615
41761
41616
41762
41617
41763
41618
41764
41619
41765
41620
41766
41621
41767
41622
41768
41623
41769
41624
41770
41625
41771
41626
41772
41627
41773
41628
41774
41629
41775
41776
41631
41779
41632
41780
41633
41781
41634
41782
41635
41783
41636
41784
41637
41785
41638
41786
41639
41787
41640
41788
41641
41789
41642
41790
41643
41791
41644
41792
41645
41793
41646
41794
41647
41795
41648
41796
41649
41797
41650
41798
41651
41799
41652
41800
41653
41801
41654
41802
41655
41803
41804
41657
41805
41658
41806
41659
41807
41660
41808
41661
41809
41662
41810
41663
41811
41664
41812
41665
41813
41666
41814
41667
41815
41668
41816
41669
41817
41670
41818
41671
41819
41672
41820
41673
41821
41674
41822
41675
41823
41676
41824
41677
41825
41678
41826
41679
41827
41680
41828
41681
41829
41830
41683
41831
41684
41832
41685
41833
41686
41834
41687
41835
41688
41836
41689
41837
41690
41838
41691
41839
41692
41840
41693
41841
41694
41842
41695
41843
41696
41844
41697
41845
41698
41846
41699
41847
41700
41848
41701
41849
41702
41850
41703
41851
41704
41852
41705
41853
41706
41854
41707
41855
41708
41856
41709
41857
41858
41711
41860
41712
41861
41713
41862
41714
41863
41715
41864
41716
41865
41717
41866
41718
41867
41719
41868
41720
41869
41721
41870
41722
41871
41723
41872
41724
41873
41725
41874
41726
41875
41727
41876
41728
41877
41729
41878
41730
41879
41731
41880
41732
41881
41733
41882
41734
41883
41735
41884
41736
41885
41737
41886
41738
41887
41739
41888
41740
41889
41741
41890
41742
41891
41743
41892
41744
41893
41745
41894
41746
41895
41747
41896
41748
41897
41749
41898
41750
41899
41900
41752
41901
41753
41902
41754
41903
41755
41904
41756
41905
41757
41906
41758
41907
41759
41908
41760
41909
41761
41910
41762
41911
41763
41912
41764
41913
41765
41914
41766
41915
41767
41916
41768
41917
41769
41918
41770
41919
41771
41920
41772
41921
41773
41922
41774
41923
41775
41924
41776
41925
41777
41926
41927
41779
41934
41780
41935
41781
41936
41782
41937
41783
41938
41784
41939
41785
41940
41786
41941
41787
41942
41788
41943
41789
41944
41790
41945
41791
41946
41792
41947
41793
41948
41794
41949
41795
41950
41796
41951
41797
41952
41798
41953
41799
41954
41800
41955
41801
41956
41802
41957
41803
41958
41804
41959
41960
41806
41961
41807
41962
41808
41963
41809
41964
41810
41965
41811
41966
41812
41967
41813
41968
41814
41969
41815
41970
41816
41971
41817
41972
41818
41973
41819
41974
41820
41975
41821
41976
41822
41977
41823
41978
41824
41979
41825
41980
41826
41981
41827
41982
41828
41983
41829
41984
41830
41985
41986
41832
41987
41833
41988
41834
41989
41835
41990
41836
41991
41837
41992
41838
41993
41839
41994
41840
41995
41841
41996
41842
41997
41843
41998
41844
41999
41845
42000
41846
42001
41847
42002
41848
42003
41849
42004
41850
42005
41851
42006
41852
42007
41853
42008
41854
42009
41855
42010
41856
42011
41857
42012
41858
42013
42014
41860
42016
41861
42017
41862
42018
41863
42019
41864
42020
41865
42021
41866
42022
41867
42023
41868
42024
41869
42025
41870
42026
41871
42027
41872
42028
41873
42029
41874
42030
41875
42031
41876
42032
41877
42033
41878
42034
41879
42035
41880
42036
41881
42037
41882
42038
41883
42039
41884
42040
41885
42041
41886
42042
41887
42043
41888
42044
41889
42045
41890
42046
41891
42047
41892
42048
41893
42049
41894
42050
41895
42051
41896
42052
41897
42053
41898
42054
41899
42055
41900
42056
42057
41902
42058
41903
42059
41904
42060
41905
42061
41906
42062
41907
42063
41908
42064
41909
42065
41910
42066
41911
42067
41912
42068
41913
42069
41914
42070
41915
42071
41916
42072
41917
42073
41918
42074
41919
42075
41920
42076
41921
42077
41922
42078
41923
42079
41924
42080
41925
42081
41926
42082
41927
42083
41928
42084
41929
42085
41930
42086
42087
41932
42094
41933
42095
41934
42096
41935
42097
41936
42098
41937
42099
41938
42100
41939
42101
41940
42102
41941
42103
41942
42104
41943
42105
41944
42106
41945
42107
41946
42108
41947
42109
41948
42110
41949
42111
41950
42112
41951
42113
41952
42114
41953
42115
41954
42116
41955
42117
41956
42118
41957
42119
41958
42120
41959
42121
41960
42122
42123
41962
42124
41963
42125
41964
42126
41965
42127
41966
42128
41967
42129
41968
42130
41969
42131
41970
42132
41971
42133
41972
42134
41973
42135
41974
42136
41975
42137
41976
42138
41977
42139
41978
42140
41979
42141
41980
42142
41981
42143
41982
42144
41983
42145
41984
42146
41985
42147
41986
42148
42149
41988
42150
41989
42151
41990
42152
41991
42153
41992
42154
41993
42155
41994
42156
41995
42157
41996
42158
41997
42159
41998
42160
41999
42161
42000
42162
42001
42163
42002
42164
42003
42165
42004
42166
42005
42167
42006
42168
42007
42169
42008
42170
42009
42171
42010
42172
42011
42173
42012
42174
42013
42175
42014
42176
42015
42177
42178
42017
42180
42018
42181
42019
42182
42020
42183
42021
42184
42022
42185
42023
42186
42024
42187
42025
42188
42026
42189
42027
42190
42028
42191
42029
42192
42030
42193
42031
42194
42032
42195
42033
42196
42034
42197
42035
42198
42036
42199
42037
42200
42038
42201
42039
42202
42040
42203
42041
42204
42042
42205
42043
42206
42044
42207
42045
42208
42046
42209
42047
42210
42048
42211
42049
42212
42050
42213
42051
42214
42052
42215
42053
42216
42054
42217
42055
42218
42056
42219
42057
42220
42221
42059
42222
42060
42223
42061
42224
42062
42225
42063
42226
42064
42227
42065
42228
42066
42229
42067
42230
42068
42231
42069
42232
42070
42233
42071
42234
42072
42235
42073
42236
42074
42237
42075
42238
42076
42239
42077
42240
42078
42241
42079
42242
42080
42243
42081
42244
42082
42245
42083
42246
42084
42247
42085
42248
42086
42249
42087
42250
42088
42251
42089
42252
42090
42253
42254
42092
42269
42093
42270
42094
42271
42095
42272
42096
42273
42097
42274
42098
42275
42099
42276
42100
42277
42101
42278
42102
42279
42103
42280
42104
42281
42105
42282
42106
42283
42107
42284
42108
42285
42109
42286
42110
42287
42111
42288
42112
42289
42113
42290
42114
42291
42115
42292
42116
42293
42117
42294
42118
42295
42119
42296
42120
42297
42121
42298
42122
42299
42123
42300
42301
42125
42303
42126
42304
42127
42305
42128
42306
42129
42307
42130
42308
42131
42309
42132
42310
42133
42311
42134
42312
42135
42313
42136
42314
42137
42315
42138
42316
42139
42317
42140
42318
42141
42319
42142
42320
42143
42321
42144
42322
42145
42323
42146
42324
42147
42325
42148
42326
42149
42327
42328
42151
42330
42152
42331
42153
42332
42154
42333
42155
42334
42156
42335
42157
42336
42158
42337
42159
42338
42160
42339
42161
42340
42162
42341
42163
42342
42164
42343
42165
42344
42166
42345
42167
42346
42168
42347
42169
42348
42170
42349
42171
42350
42172
42351
42173
42352
42174
42353
42175
42354
42176
42355
42177
42356
42178
42357
42358
42180
42360
42181
42361
42182
42362
42183
42363
42184
42364
42185
42365
42186
42366
42187
42367
42188
42368
42189
42369
42190
42370
42191
42371
42192
42372
42193
42373
42194
42374
42195
42375
42196
42376
42197
42377
42198
42378
42199
42379
42200
42380
42201
42381
42202
42382
42203
42383
42204
42384
42205
42385
42206
42386
42207
42387
42208
42388
42209
42389
42210
42390
42211
42391
42212
42392
42213
42393
42214
42394
42215
42395
42216
42396
42217
42397
42218
42398
42219
42399
42220
42400
42221
42401
42402
42223
42403
42224
42404
42225
42405
42226
42406
42227
42407
42228
42408
42229
42409
42230
42410
42231
42411
42232
42412
42233
42413
42234
42414
42235
42415
42236
42416
42237
42417
42238
42418
42239
42419
42240
42420
42241
42421
42242
42422
42243
42423
42244
42424
42245
42425
42246
42426
42247
42427
42248
42428
42249
42429
42250
42430
42251
42431
42252
42432
42253
42433
42254
42434
42255
42435
42256
42436
42257
42437
42258
42438
42259
42439
42260
42440
42261
42441
42262
42442
42263
42443
42264
42444
42265
42445
42266
42446
42267
42447
42268
42448
42269
42449
42270
42450
42271
42451
42272
42452
42273
42453
42274
42454
42275
42455
42276
42456
42277
42457
42278
42458
42279
42459
42280
42460
42281
42461
42282
42462
42283
42463
42284
42464
42285
42465
42286
42466
42287
42467
42288
42468
42289
42469
42290
42470
42291
42471
42292
42472
42293
42473
42294
42474
42295
42475
42296
42476
42297
42477
42298
42478
42299
42479
42300
42480
42301
42481
42482
42303
42483
42304
42484
42305
42485
42306
42486
42307
42487
42308
42488
42309
42489
42310
42490
42311
42491
42312
42492
42313
42493
42314
42494
42315
42495
42316
42496
42317
42497
42318
42498
42319
42499
42320
42500
42321
42501
42322
42502
42323
42503
42324
42504
42325
42505
42326
42506
42327
42507
42328
42508
42329
42509
42510
42331
42511
42332
42512
42333
42513
42334
42514
42335
42515
42336
42516
42337
42517
42338
42518
42339
42519
42340
42520
42341
42521
42342
42522
42343
42523
42344
42524
42345
42525
42346
42526
42347
42527
42348
42528
42349
42529
42350
42530
42351
42531
42352
42532
42353
42533
42354
42534
42355
42535
42356
42536
42357
42537
42358
42538
42359
42539
42540
42361
42542
42362
42543
42363
42544
42364
42545
42365
42546
42366
42547
42367
42548
42368
42549
42369
42550
42370
42551
42371
42552
42372
42553
42373
42554
42374
42555
42375
42556
42376
42557
42377
42558
42378
42559
42379
42560
42380
42561
42381
42562
42382
42563
42383
42564
42384
42565
42385
42566
42386
42567
42387
42568
42388
42569
42389
42570
42390
42571
42391
42572
42392
42573
42393
42574
42394
42575
42395
42576
42396
42577
42397
42578
42398
42579
42399
42580
42400
42581
42401
42582
42402
42583
42584
42404
42585
42405
42586
42406
42587
42407
42588
42408
42589
42409
42590
42410
42591
42411
42592
42412
42593
42413
42594
42414
42595
42415
42596
42416
42597
42417
42598
42418
42599
42419
42600
42420
42601
42421
42602
42422
42603
42423
42604
42424
42605
42425
42606
42426
42607
42427
42608
42428
42609
42429
42610
42430
42611
42431
42612
42432
42613
42433
42614
42434
42615
42435
42616
42436
42617
42437
42618
42438
42619
42439
42620
42440
42621
42441
42622
42442
42623
42443
42624
42444
42625
42445
42626
42446
42627
42447
42628
42448
42629
42449
42630
42450
42631
42451
42632
42452
42633
42453
42634
42454
42635
42455
42636
42456
42637
42457
42638
42458
42639
42459
42640
42460
42641
42461
42642
42462
42643
42463
42644
42464
42645
42465
42646
42466
42647
42467
42648
42468
42649
42469
42650
42470
42651
42471
42652
42472
42653
42473
42654
42474
42655
42475
42656
42476
42657
42477
42658
42478
42659
42479
42660
42480
42661
42481
42662
42482
42663
42664
42484
42666
42485
42667
42486
42668
42487
42669
42488
42670
42489
42671
42490
42672
42491
42673
42492
42674
42493
42675
42494
42676
42495
42677
42496
42678
42497
42679
42498
42680
42499
42681
42500
42682
42501
42683
42502
42684
42503
42685
42504
42686
42505
42687
42506
42688
42507
42689
42508
42690
42509
42691
42510
42692
42693
42512
42695
42513
42696
42514
42697
42515
42698
42516
42699
42517
42700
42518
42701
42519
42702
42520
42703
42521
42704
42522
42705
42523
42706
42524
42707
42525
42708
42526
42709
42527
42710
42528
42711
42529
42712
42530
42713
42531
42714
42532
42715
42533
42716
42534
42717
42535
42718
42536
42719
42537
42720
42538
42721
42539
42722
42540
42723
42724
42542
42726
42543
42727
42544
42728
42545
42729
42546
42730
42547
42731
42548
42732
42549
42733
42550
42734
42551
42735
42552
42736
42553
42737
42554
42738
42555
42739
42556
42740
42557
42741
42558
42742
42559
42743
42560
42744
42561
42745
42562
42746
42563
42747
42564
42748
42565
42749
42566
42750
42567
42751
42568
42752
42569
42753
42570
42754
42571
42755
42572
42756
42573
42757
42574
42758
42575
42759
42576
42760
42577
42761
42578
42762
42579
42763
42580
42764
42581
42765
42582
42766
42583
42767
42584
42768
42769
42586
42770
42587
42771
42588
42772
42589
42773
42590
42774
42591
42775
42592
42776
42593
42777
42594
42778
42595
42779
42596
42780
42597
42781
42598
42782
42599
42783
42600
42784
42601
42785
42602
42786
42603
42787
42604
42788
42605
42789
42606
42790
42607
42791
42608
42792
42609
42793
42610
42794
42611
42795
42612
42796
42613
42797
42614
42798
42615
42799
42616
42800
42617
42801
42618
42802
42619
42803
42620
42804
42621
42805
42622
42806
42623
42807
42624
42808
42625
42809
42626
42810
42627
42811
42628
42812
42629
42813
42630
42814
42631
42815
42632
42816
42633
42817
42634
42818
42635
42819
42636
42820
42637
42821
42638
42822
42639
42823
42640
42824
42641
42825
42642
42826
42643
42827
42644
42828
42645
42829
42646
42830
42647
42831
42648
42832
42649
42833
42650
42834
42651
42835
42652
42836
42653
42837
42654
42838
42655
42839
42656
42840
42657
42841
42658
42842
42659
42843
42660
42844
42661
42845
42662
42846
42663
42847
42664
42848
42665
42849
42850
42667
42851
42668
42852
42669
42853
42670
42854
42671
42855
42672
42856
42673
42857
42674
42858
42675
42859
42676
42860
42677
42861
42678
42862
42679
42863
42680
42864
42681
42865
42682
42866
42683
42867
42684
42868
42685
42869
42686
42870
42687
42871
42688
42872
42689
42873
42690
42874
42691
42875
42692
42876
42693
42877
42878
42695
42879
42696
42880
42697
42881
42698
42882
42699
42883
42700
42884
42701
42885
42702
42886
42703
42887
42704
42888
42705
42889
42706
42890
42707
42891
42708
42892
42709
42893
42710
42894
42711
42895
42712
42896
42713
42897
42714
42898
42715
42899
42716
42900
42717
42901
42718
42902
42719
42903
42720
42904
42721
42905
42722
42906
42723
42907
42724
42908
42725
42909
42910
42727
42913
42728
42914
42729
42915
42730
42916
42731
42917
42732
42918
42733
42919
42734
42920
42735
42921
42736
42922
42737
42923
42738
42924
42739
42925
42740
42926
42741
42927
42742
42928
42743
42929
42744
42930
42745
42931
42746
42932
42747
42933
42748
42934
42749
42935
42750
42936
42751
42937
42752
42938
42753
42939
42754
42940
42755
42941
42756
42942
42757
42943
42758
42944
42759
42945
42760
42946
42761
42947
42762
42948
42763
42949
42764
42950
42765
42951
42766
42952
42767
42953
42768
42954
42769
42955
42956
42771
42957
42772
42958
42773
42959
42774
42960
42775
42961
42776
42962
42777
42963
42778
42964
42779
42965
42780
42966
42781
42967
42782
42968
42783
42969
42784
42970
42785
42971
42786
42972
42787
42973
42788
42974
42789
42975
42790
42976
42791
42977
42792
42978
42793
42979
42794
42980
42795
42981
42796
42982
42797
42983
42798
42984
42799
42985
42800
42986
42801
42987
42802
42988
42803
42989
42804
42990
42805
42991
42806
42992
42807
42993
42808
42994
42809
42995
42810
42996
42811
42997
42812
42998
42813
42999
42814
43000
42815
43001
42816
43002
42817
43003
42818
43004
42819
43005
42820
43006
42821
43007
42822
43008
42823
43009
42824
43010
42825
43011
42826
43012
42827
43013
42828
43014
42829
43015
42830
43016
42831
43017
42832
43018
42833
43019
42834
43020
42835
43021
42836
43022
42837
43023
42838
43024
42839
43025
42840
43026
42841
43027
42842
43028
42843
43029
42844
43030
42845
43031
42846
43032
42847
43033
42848
43034
42849
43035
42850
43036
43037
42852
43039
42853
43040
42854
43041
42855
43042
42856
43043
42857
43044
42858
43045
42859
43046
42860
43047
42861
43048
42862
43049
42863
43050
42864
43051
42865
43052
42866
43053
42867
43054
42868
43055
42869
43056
42870
43057
42871
43058
42872
43059
42873
43060
42874
43061
42875
43062
42876
43063
42877
43064
42878
43065
43066
42880
43068
42881
43069
42882
43070
42883
43071
42884
43072
42885
43073
42886
43074
42887
43075
42888
43076
42889
43077
42890
43078
42891
43079
42892
43080
42893
43081
42894
43082
42895
43083
42896
43084
42897
43085
42898
43086
42899
43087
42900
43088
42901
43089
42902
43090
42903
43091
42904
43092
42905
43093
42906
43094
42907
43095
42908
43096
42909
43097
42910
43098
42911
43099
43100
42913
43103
42914
43104
42915
43105
42916
43106
42917
43107
42918
43108
42919
43109
42920
43110
42921
43111
42922
43112
42923
43113
42924
43114
42925
43115
42926
43116
42927
43117
42928
43118
42929
43119
42930
43120
42931
43121
42932
43122
42933
43123
42934
43124
42935
43125
42936
43126
42937
43127
42938
43128
42939
43129
42940
43130
42941
43131
42942
43132
42943
43133
42944
43134
42945
43135
42946
43136
42947
43137
42948
43138
42949
43139
42950
43140
42951
43141
42952
43142
42953
43143
42954
43144
42955
43145
42956
43146
43147
42958
43148
42959
43149
42960
43150
42961
43151
42962
43152
42963
43153
42964
43154
42965
43155
42966
43156
42967
43157
42968
43158
42969
43159
42970
43160
42971
43161
42972
43162
42973
43163
42974
43164
42975
43165
42976
43166
42977
43167
42978
43168
42979
43169
42980
43170
42981
43171
42982
43172
42983
43173
42984
43174
42985
43175
42986
43176
42987
43177
42988
43178
42989
43179
42990
43180
42991
43181
42992
43182
42993
43183
42994
43184
42995
43185
42996
43186
42997
43187
42998
43188
42999
43189
43000
43190
43001
43191
43002
43192
43003
43193
43004
43194
43005
43195
43006
43196
43007
43197
43008
43198
43009
43199
43010
43200
43011
43201
43012
43202
43013
43203
43014
43204
43015
43205
43016
43206
43017
43207
43018
43208
43019
43209
43020
43210
43021
43211
43022
43212
43023
43213
43024
43214
43025
43215
43026
43216
43027
43217
43028
43218
43029
43219
43030
43220
43031
43221
43032
43222
43033
43223
43034
43224
43035
43225
43036
43226
43037
43227
43228
43039
43230
43040
43231
43041
43232
43042
43233
43043
43234
43044
43235
43045
43236
43046
43237
43047
43238
43048
43239
43049
43240
43050
43241
43051
43242
43052
43243
43053
43244
43054
43245
43055
43246
43056
43247
43057
43248
43058
43249
43059
43250
43060
43251
43061
43252
43062
43253
43063
43254
43064
43255
43065
43256
43066
43257
43067
43258
43259
43069
43261
43070
43262
43071
43263
43072
43264
43073
43265
43074
43266
43075
43267
43076
43268
43077
43269
43078
43270
43079
43271
43080
43272
43081
43273
43082
43274
43083
43275
43084
43276
43085
43277
43086
43278
43087
43279
43088
43280
43089
43281
43090
43282
43091
43283
43092
43284
43093
43285
43094
43286
43095
43287
43096
43288
43097
43289
43098
43290
43099
43291
43100
43292
43101
43293
43294
43103
43296
43104
43297
43105
43298
43106
43299
43107
43300
43108
43301
43109
43302
43110
43303
43111
43304
43112
43305
43113
43306
43114
43307
43115
43308
43116
43309
43117
43310
43118
43311
43119
43312
43120
43313
43121
43314
43122
43315
43123
43316
43124
43317
43125
43318
43126
43319
43127
43320
43128
43321
43129
43322
43130
43323
43131
43324
43132
43325
43133
43326
43134
43327
43135
43328
43136
43329
43137
43330
43138
43331
43139
43332
43140
43333
43141
43334
43142
43335
43143
43336
43144
43337
43145
43338
43146
43339
43147
43340
43341
43149
43342
43150
43343
43151
43344
43152
43345
43153
43346
43154
43347
43155
43348
43156
43349
43157
43350
43158
43351
43159
43352
43160
43353
43161
43354
43162
43355
43163
43356
43164
43357
43165
43358
43166
43359
43167
43360
43168
43361
43169
43362
43170
43363
43171
43364
43172
43365
43173
43366
43174
43367
43175
43368
43176
43369
43177
43370
43178
43371
43179
43372
43180
43373
43181
43374
43182
43375
43183
43376
43184
43377
43185
43378
43186
43379
43187
43380
43188
43381
43189
43382
43190
43383
43191
43384
43192
43385
43193
43386
43194
43387
43195
43388
43196
43389
43197
43390
43198
43391
43199
43392
43200
43393
43201
43394
43202
43395
43203
43396
43204
43397
43205
43398
43206
43399
43207
43400
43208
43401
43209
43402
43210
43403
43211
43404
43212
43405
43213
43406
43214
43407
43215
43408
43216
43409
43217
43410
43218
43411
43219
43412
43220
43413
43221
43414
43222
43415
43223
43416
43224
43417
43225
43418
43226
43419
43227
43420
43228
43421
43229
43422
43423
43231
43424
43232
43425
43233
43426
43234
43427
43235
43428
43236
43429
43237
43430
43238
43431
43239
43432
43240
43433
43241
43434
43242
43435
43243
43436
43244
43437
43245
43438
43246
43439
43247
43440
43248
43441
43249
43442
43250
43443
43251
43444
43252
43445
43253
43446
43254
43447
43255
43448
43256
43449
43257
43450
43258
43451
43259
43452
43453
43261
43454
43262
43455
43263
43456
43264
43457
43265
43458
43266
43459
43267
43460
43268
43461
43269
43462
43270
43463
43271
43464
43272
43465
43273
43466
43274
43467
43275
43468
43276
43469
43277
43470
43278
43471
43279
43472
43280
43473
43281
43474
43282
43475
43283
43476
43284
43477
43285
43478
43286
43479
43287
43480
43288
43481
43289
43482
43290
43483
43291
43484
43292
43485
43293
43486
43294
43487
43488
43296
43492
43297
43493
43298
43494
43299
43495
43300
43496
43301
43497
43302
43498
43303
43499
43304
43500
43305
43501
43306
43502
43307
43503
43308
43504
43309
43505
43310
43506
43311
43507
43312
43508
43313
43509
43314
43510
43315
43511
43316
43512
43317
43513
43318
43514
43319
43515
43320
43516
43321
43517
43322
43518
43323
43519
43324
43520
43325
43521
43326
43522
43327
43523
43328
43524
43329
43525
43330
43526
43331
43527
43332
43528
43333
43529
43334
43530
43335
43531
43336
43532
43337
43533
43338
43534
43339
43535
43340
43536
43341
43537
43538
43343
43539
43344
43540
43345
43541
43346
43542
43347
43543
43348
43544
43349
43545
43350
43546
43351
43547
43352
43548
43353
43549
43354
43550
43355
43551
43356
43552
43357
43553
43358
43554
43359
43555
43360
43556
43361
43557
43362
43558
43363
43559
43364
43560
43365
43561
43366
43562
43367
43563
43368
43564
43369
43565
43370
43566
43371
43567
43372
43568
43373
43569
43374
43570
43375
43571
43376
43572
43377
43573
43378
43574
43379
43575
43380
43576
43381
43577
43382
43578
43383
43579
43384
43580
43385
43581
43386
43582
43387
43583
43388
43584
43389
43585
43390
43586
43391
43587
43392
43588
43393
43589
43394
43590
43395
43591
43396
43592
43397
43593
43398
43594
43399
43595
43400
43596
43401
43597
43402
43598
43403
43599
43404
43600
43405
43601
43406
43602
43407
43603
43408
43604
43409
43605
43410
43606
43411
43607
43412
43608
43413
43609
43414
43610
43415
43611
43416
43612
43417
43613
43418
43614
43419
43615
43420
43616
43421
43617
43422
43618
43423
43619
43620
43425
43623
43426
43624
43427
43625
43428
43626
43429
43627
43430
43628
43431
43629
43432
43630
43433
43631
43434
43632
43435
43633
43436
43634
43437
43635
43438
43636
43439
43637
43440
43638
43441
43639
43442
43640
43443
43641
43444
43642
43445
43643
43446
43644
43447
43645
43448
43646
43449
43647
43450
43648
43451
43649
43452
43650
43453
43651
43652
43455
43655
43456
43656
43457
43657
43458
43658
43459
43659
43460
43660
43461
43661
43462
43662
43463
43663
43464
43664
43465
43665
43466
43666
43467
43667
43468
43668
43469
43669
43470
43670
43471
43671
43472
43672
43473
43673
43474
43674
43475
43675
43476
43676
43477
43677
43478
43678
43479
43679
43480
43680
43481
43681
43482
43682
43483
43683
43484
43684
43485
43685
43486
43686
43487
43687
43488
43688
43489
43689
43490
43690
43691
43492
43694
43493
43695
43494
43696
43495
43697
43496
43698
43497
43699
43498
43700
43499
43701
43500
43702
43501
43703
43502
43704
43503
43705
43504
43706
43505
43707
43506
43708
43507
43709
43508
43710
43509
43711
43510
43712
43511
43713
43512
43714
43513
43715
43514
43716
43515
43717
43516
43718
43517
43719
43518
43720
43519
43721
43520
43722
43521
43723
43522
43724
43523
43725
43524
43726
43525
43727
43526
43728
43527
43729
43528
43730
43529
43731
43530
43732
43531
43733
43532
43734
43533
43735
43534
43736
43535
43737
43536
43738
43537
43739
43538
43740
43741
43540
43742
43541
43743
43542
43744
43543
43745
43544
43746
43545
43747
43546
43748
43547
43749
43548
43750
43549
43751
43550
43752
43551
43753
43552
43754
43553
43755
43554
43756
43555
43757
43556
43758
43557
43759
43558
43760
43559
43761
43560
43762
43561
43763
43562
43764
43563
43765
43564
43766
43565
43767
43566
43768
43567
43769
43568
43770
43569
43771
43570
43772
43571
43773
43572
43774
43573
43775
43574
43776
43575
43777
43576
43778
43577
43779
43578
43780
43579
43781
43580
43782
43581
43783
43582
43784
43583
43785
43584
43786
43585
43787
43586
43788
43587
43789
43588
43790
43589
43791
43590
43792
43591
43793
43592
43794
43593
43795
43594
43796
43595
43797
43596
43798
43597
43799
43598
43800
43599
43801
43600
43802
43601
43803
43602
43804
43603
43805
43604
43806
43605
43807
43606
43808
43607
43809
43608
43810
43609
43811
43610
43812
43611
43813
43612
43814
43613
43815
43614
43816
43615
43817
43616
43818
43617
43819
43618
43820
43619
43821
43620
43822
43621
43823
43824
43623
43825
43624
43826
43625
43827
43626
43828
43627
43829
43628
43830
43629
43831
43630
43832
43631
43833
43632
43834
43633
43835
43634
43836
43635
43837
43636
43838
43637
43839
43638
43840
43639
43841
43640
43842
43641
43843
43642
43844
43643
43845
43644
43846
43645
43847
43646
43848
43647
43849
43648
43850
43649
43851
43650
43852
43651
43853
43652
43854
43653
43855
43856
43655
43857
43656
43858
43657
43859
43658
43860
43659
43861
43660
43862
43661
43863
43662
43864
43663
43865
43664
43866
43665
43867
43666
43868
43667
43869
43668
43870
43669
43871
43670
43872
43671
43873
43672
43874
43673
43875
43674
43876
43675
43877
43676
43878
43677
43879
43678
43880
43679
43881
43680
43882
43681
43883
43682
43884
43683
43885
43684
43886
43685
43887
43686
43888
43687
43889
43688
43890
43689
43891
43690
43892
43691
43893
43692
43894
43895
43694
43898
43695
43899
43696
43900
43697
43901
43698
43902
43699
43903
43700
43904
43701
43905
43702
43906
43703
43907
43704
43908
43705
43909
43706
43910
43707
43911
43708
43912
43709
43913
43710
43914
43711
43915
43712
43916
43713
43917
43714
43918
43715
43919
43716
43920
43717
43921
43718
43922
43719
43923
43720
43924
43721
43925
43722
43926
43723
43927
43724
43928
43725
43929
43726
43930
43727
43931
43728
43932
43729
43933
43730
43934
43731
43935
43732
43936
43733
43937
43734
43938
43735
43939
43736
43940
43737
43941
43738
43942
43739
43943
43740
43944
43741
43945
43946
43743
43947
43744
43948
43745
43949
43746
43950
43747
43951
43748
43952
43749
43953
43750
43954
43751
43955
43752
43956
43753
43957
43754
43958
43755
43959
43756
43960
43757
43961
43758
43962
43759
43963
43760
43964
43761
43965
43762
43966
43763
43967
43764
43968
43765
43969
43766
43970
43767
43971
43768
43972
43769
43973
43770
43974
43771
43975
43772
43976
43773
43977
43774
43978
43775
43979
43776
43980
43777
43981
43778
43982
43779
43983
43780
43984
43781
43985
43782
43986
43783
43987
43784
43988
43785
43989
43786
43990
43787
43991
43788
43992
43789
43993
43790
43994
43791
43995
43792
43996
43793
43997
43794
43998
43795
43999
43796
44000
43797
44001
43798
44002
43799
44003
43800
44004
43801
44005
43802
44006
43803
44007
43804
44008
43805
44009
43806
44010
43807
44011
43808
44012
43809
44013
43810
44014
43811
44015
43812
44016
43813
44017
43814
44018
43815
44019
43816
44020
43817
44021
43818
44022
43819
44023
43820
44024
43821
44025
43822
44026
43823
44027
43824
44028
44029
43826
44031
43827
44032
43828
44033
43829
44034
43830
44035
43831
44036
43832
44037
43833
44038
43834
44039
43835
44040
43836
44041
43837
44042
43838
44043
43839
44044
43840
44045
43841
44046
43842
44047
43843
44048
43844
44049
43845
44050
43846
44051
43847
44052
43848
44053
43849
44054
43850
44055
43851
44056
43852
44057
43853
44058
43854
44059
43855
44060
43856
44061
44062
43858
44064
43859
44065
43860
44066
43861
44067
43862
44068
43863
44069
43864
44070
43865
44071
43866
44072
43867
44073
43868
44074
43869
44075
43870
44076
43871
44077
43872
44078
43873
44079
43874
44080
43875
44081
43876
44082
43877
44083
43878
44084
43879
44085
43880
44086
43881
44087
43882
44088
43883
44089
43884
44090
43885
44091
43886
44092
43887
44093
43888
44094
43889
44095
43890
44096
43891
44097
43892
44098
43893
44099
43894
44100
43895
44101
43896
44102
44103
43898
44107
43899
44108
43900
44109
43901
44110
43902
44111
43903
44112
43904
44113
43905
44114
43906
44115
43907
44116
43908
44117
43909
44118
43910
44119
43911
44120
43912
44121
43913
44122
43914
44123
43915
44124
43916
44125
43917
44126
43918
44127
43919
44128
43920
44129
43921
44130
43922
44131
43923
44132
43924
44133
43925
44134
43926
44135
43927
44136
43928
44137
43929
44138
43930
44139
43931
44140
43932
44141
43933
44142
43934
44143
43935
44144
43936
44145
43937
44146
43938
44147
43939
44148
43940
44149
43941
44150
43942
44151
43943
44152
43944
44153
43945
44154
43946
44155
44156
43948
44157
43949
44158
43950
44159
43951
44160
43952
44161
43953
44162
43954
44163
43955
44164
43956
44165
43957
44166
43958
44167
43959
44168
43960
44169
43961
44170
43962
44171
43963
44172
43964
44173
43965
44174
43966
44175
43967
44176
43968
44177
43969
44178
43970
44179
43971
44180
43972
44181
43973
44182
43974
44183
43975
44184
43976
44185
43977
44186
43978
44187
43979
44188
43980
44189
43981
44190
43982
44191
43983
44192
43984
44193
43985
44194
43986
44195
43987
44196
43988
44197
43989
44198
43990
44199
43991
44200
43992
44201
43993
44202
43994
44203
43995
44204
43996
44205
43997
44206
43998
44207
43999
44208
44000
44209
44001
44210
44002
44211
44003
44212
44004
44213
44005
44214
44006
44215
44007
44216
44008
44217
44009
44218
44010
44219
44011
44220
44012
44221
44013
44222
44014
44223
44015
44224
44016
44225
44017
44226
44018
44227
44019
44228
44020
44229
44021
44230
44022
44231
44023
44232
44024
44233
44025
44234
44026
44235
44027
44236
44028
44237
44029
44238
44239
44031
44241
44032
44242
44033
44243
44034
44244
44035
44245
44036
44246
44037
44247
44038
44248
44039
44249
44040
44250
44041
44251
44042
44252
44043
44253
44044
44254
44045
44255
44046
44256
44047
44257
44048
44258
44049
44259
44050
44260
44051
44261
44052
44262
44053
44263
44054
44264
44055
44265
44056
44266
44057
44267
44058
44268
44059
44269
44060
44270
44061
44271
44062
44272
44063
44273
44274
44065
44276
44066
44277
44067
44278
44068
44279
44069
44280
44070
44281
44071
44282
44072
44283
44073
44284
44074
44285
44075
44286
44076
44287
44077
44288
44078
44289
44079
44290
44080
44291
44081
44292
44082
44293
44083
44294
44084
44295
44085
44296
44086
44297
44087
44298
44088
44299
44089
44300
44090
44301
44091
44302
44092
44303
44093
44304
44094
44305
44095
44306
44096
44307
44097
44308
44098
44309
44099
44310
44100
44311
44101
44312
44102
44313
44103
44314
44104
44315
44316
44106
44320
44107
44321
44108
44322
44109
44323
44110
44324
44111
44325
44112
44326
44113
44327
44114
44328
44115
44329
44116
44330
44117
44331
44118
44332
44119
44333
44120
44334
44121
44335
44122
44336
44123
44337
44124
44338
44125
44339
44126
44340
44127
44341
44128
44342
44129
44343
44130
44344
44131
44345
44132
44346
44133
44347
44134
44348
44135
44349
44136
44350
44137
44351
44138
44352
44139
44353
44140
44354
44141
44355
44142
44356
44143
44357
44144
44358
44145
44359
44146
44360
44147
44361
44148
44362
44149
44363
44150
44364
44151
44365
44152
44366
44153
44367
44154
44368
44155
44369
44156
44370
44371
44158
44372
44159
44373
44160
44374
44161
44375
44162
44376
44163
44377
44164
44378
44165
44379
44166
44380
44167
44381
44168
44382
44169
44383
44170
44384
44171
44385
44172
44386
44173
44387
44174
44388
44175
44389
44176
44390
44177
44391
44178
44392
44179
44393
44180
44394
44181
44395
44182
44396
44183
44397
44184
44398
44185
44399
44186
44400
44187
44401
44188
44402
44189
44403
44190
44404
44191
44405
44192
44406
44193
44407
44194
44408
44195
44409
44196
44410
44197
44411
44198
44412
44199
44413
44200
44414
44201
44415
44202
44416
44203
44417
44204
44418
44205
44419
44206
44420
44207
44421
44208
44422
44209
44423
44210
44424
44211
44425
44212
44426
44213
44427
44214
44428
44215
44429
44216
44430
44217
44431
44218
44432
44219
44433
44220
44434
44221
44435
44222
44436
44223
44437
44224
44438
44225
44439
44226
44440
44227
44441
44228
44442
44229
44443
44230
44444
44231
44445
44232
44446
44233
44447
44234
44448
44235
44449
44236
44450
44237
44451
44238
44452
44239
44453
44240
44454
44455
44242
44458
44243
44459
44244
44460
44245
44461
44246
44462
44247
44463
44248
44464
44249
44465
44250
44466
44251
44467
44252
44468
44253
44469
44254
44470
44255
44471
44256
44472
44257
44473
44258
44474
44259
44475
44260
44476
44261
44477
44262
44478
44263
44479
44264
44480
44265
44481
44266
44482
44267
44483
44268
44484
44269
44485
44270
44486
44271
44487
44272
44488
44273
44489
44274
44490
44491
44276
44494
44277
44495
44278
44496
44279
44497
44280
44498
44281
44499
44282
44500
44283
44501
44284
44502
44285
44503
44286
44504
44287
44505
44288
44506
44289
44507
44290
44508
44291
44509
44292
44510
44293
44511
44294
44512
44295
44513
44296
44514
44297
44515
44298
44516
44299
44517
44300
44518
44301
44519
44302
44520
44303
44521
44304
44522
44305
44523
44306
44524
44307
44525
44308
44526
44309
44527
44310
44528
44311
44529
44312
44530
44313
44531
44314
44532
44315
44533
44316
44534
44317
44535
44318
44536
44537
44320
44542
44321
44543
44322
44544
44323
44545
44324
44546
44325
44547
44326
44548
44327
44549
44328
44550
44329
44551
44330
44552
44331
44553
44332
44554
44333
44555
44334
44556
44335
44557
44336
44558
44337
44559
44338
44560
44339
44561
44340
44562
44341
44563
44342
44564
44343
44565
44344
44566
44345
44567
44346
44568
44347
44569
44348
44570
44349
44571
44350
44572
44351
44573
44352
44574
44353
44575
44354
44576
44355
44577
44356
44578
44357
44579
44358
44580
44359
44581
44360
44582
44361
44583
44362
44584
44363
44585
44364
44586
44365
44587
44366
44588
44367
44589
44368
44590
44369
44591
44370
44592
44371
44593
44594
44373
44595
44374
44596
44375
44597
44376
44598
44377
44599
44378
44600
44379
44601
44380
44602
44381
44603
44382
44604
44383
44605
44384
44606
44385
44607
44386
44608
44387
44609
44388
44610
44389
44611
44390
44612
44391
44613
44392
44614
44393
44615
44394
44616
44395
44617
44396
44618
44397
44619
44398
44620
44399
44621
44400
44622
44401
44623
44402
44624
44403
44625
44404
44626
44405
44627
44406
44628
44407
44629
44408
44630
44409
44631
44410
44632
44411
44633
44412
44634
44413
44635
44414
44636
44415
44637
44416
44638
44417
44639
44418
44640
44419
44641
44420
44642
44421
44643
44422
44644
44423
44645
44424
44646
44425
44647
44426
44648
44427
44649
44428
44650
44429
44651
44430
44652
44431
44653
44432
44654
44433
44655
44434
44656
44435
44657
44436
44658
44437
44659
44438
44660
44439
44661
44440
44662
44441
44663
44442
44664
44443
44665
44444
44666
44445
44667
44446
44668
44447
44669
44448
44670
44449
44671
44450
44672
44451
44673
44452
44674
44453
44675
44454
44676
44455
44677
44456
44678
44679
44458
44681
44459
44682
44460
44683
44461
44684
44462
44685
44463
44686
44464
44687
44465
44688
44466
44689
44467
44690
44468
44691
44469
44692
44470
44693
44471
44694
44472
44695
44473
44696
44474
44697
44475
44698
44476
44699
44477
44700
44478
44701
44479
44702
44480
44703
44481
44704
44482
44705
44483
44706
44484
44707
44485
44708
44486
44709
44487
44710
44488
44711
44489
44712
44490
44713
44491
44714
44492
44715
44716
44494
44718
44495
44719
44496
44720
44497
44721
44498
44722
44499
44723
44500
44724
44501
44725
44502
44726
44503
44727
44504
44728
44505
44729
44506
44730
44507
44731
44508
44732
44509
44733
44510
44734
44511
44735
44512
44736
44513
44737
44514
44738
44515
44739
44516
44740
44517
44741
44518
44742
44519
44743
44520
44744
44521
44745
44522
44746
44523
44747
44524
44748
44525
44749
44526
44750
44527
44751
44528
44752
44529
44753
44530
44754
44531
44755
44532
44756
44533
44757
44534
44758
44535
44759
44536
44760
44537
44761
44538
44762
44539
44763
44764
44541
44770
44542
44771
44543
44772
44544
44773
44545
44774
44546
44775
44547
44776
44548
44777
44549
44778
44550
44779
44551
44780
44552
44781
44553
44782
44554
44783
44555
44784
44556
44785
44557
44786
44558
44787
44559
44788
44560
44789
44561
44790
44562
44791
44563
44792
44564
44793
44565
44794
44566
44795
44567
44796
44568
44797
44569
44798
44570
44799
44571
44800
44572
44801
44573
44802
44574
44803
44575
44804
44576
44805
44577
44806
44578
44807
44579
44808
44580
44809
44581
44810
44582
44811
44583
44812
44584
44813
44585
44814
44586
44815
44587
44816
44588
44817
44589
44818
44590
44819
44591
44820
44592
44821
44593
44822
44594
44823
44824
44596
44825
44597
44826
44598
44827
44599
44828
44600
44829
44601
44830
44602
44831
44603
44832
44604
44833
44605
44834
44606
44835
44607
44836
44608
44837
44609
44838
44610
44839
44611
44840
44612
44841
44613
44842
44614
44843
44615
44844
44616
44845
44617
44846
44618
44847
44619
44848
44620
44849
44621
44850
44622
44851
44623
44852
44624
44853
44625
44854
44626
44855
44627
44856
44628
44857
44629
44858
44630
44859
44631
44860
44632
44861
44633
44862
44634
44863
44635
44864
44636
44865
44637
44866
44638
44867
44639
44868
44640
44869
44641
44870
44642
44871
44643
44872
44644
44873
44645
44874
44646
44875
44647
44876
44648
44877
44649
44878
44650
44879
44651
44880
44652
44881
44653
44882
44654
44883
44655
44884
44656
44885
44657
44886
44658
44887
44659
44888
44660
44889
44661
44890
44662
44891
44663
44892
44664
44893
44665
44894
44666
44895
44667
44896
44668
44897
44669
44898
44670
44899
44671
44900
44672
44901
44673
44902
44674
44903
44675
44904
44676
44905
44677
44906
44678
44907
44679
44908
44909
44681
44911
44682
44912
44683
44913
44684
44914
44685
44915
44686
44916
44687
44917
44688
44918
44689
44919
44690
44920
44691
44921
44692
44922
44693
44923
44694
44924
44695
44925
44696
44926
44697
44927
44698
44928
44699
44929
44700
44930
44701
44931
44702
44932
44703
44933
44704
44934
44705
44935
44706
44936
44707
44937
44708
44938
44709
44939
44710
44940
44711
44941
44712
44942
44713
44943
44714
44944
44715
44945
44716
44946
44717
44947
44948
44719
44950
44720
44951
44721
44952
44722
44953
44723
44954
44724
44955
44725
44956
44726
44957
44727
44958
44728
44959
44729
44960
44730
44961
44731
44962
44732
44963
44733
44964
44734
44965
44735
44966
44736
44967
44737
44968
44738
44969
44739
44970
44740
44971
44741
44972
44742
44973
44743
44974
44744
44975
44745
44976
44746
44977
44747
44978
44748
44979
44749
44980
44750
44981
44751
44982
44752
44983
44753
44984
44754
44985
44755
44986
44756
44987
44757
44988
44758
44989
44759
44990
44760
44991
44761
44992
44762
44993
44763
44994
44764
44995
44765
44996
44766
44997
44998
44768
45008
44769
45009
44770
45010
44771
45011
44772
45012
44773
45013
44774
45014
44775
45015
44776
45016
44777
45017
44778
45018
44779
45019
44780
45020
44781
45021
44782
45022
44783
45023
44784
45024
44785
45025
44786
45026
44787
45027
44788
45028
44789
45029
44790
45030
44791
45031
44792
45032
44793
45033
44794
45034
44795
45035
44796
45036
44797
45037
44798
45038
44799
45039
44800
45040
44801
45041
44802
45042
44803
45043
44804
45044
44805
45045
44806
45046
44807
45047
44808
45048
44809
45049
44810
45050
44811
45051
44812
45052
44813
45053
44814
45054
44815
45055
44816
45056
44817
45057
44818
45058
44819
45059
44820
45060
44821
45061
44822
45062
44823
45063
44824
45064
45065
44826
45066
44827
45067
44828
45068
44829
45069
44830
45070
44831
45071
44832
45072
44833
45073
44834
45074
44835
45075
44836
45076
44837
45077
44838
45078
44839
45079
44840
45080
44841
45081
44842
45082
44843
45083
44844
45084
44845
45085
44846
45086
44847
45087
44848
45088
44849
45089
44850
45090
44851
45091
44852
45092
44853
45093
44854
45094
44855
45095
44856
45096
44857
45097
44858
45098
44859
45099
44860
45100
44861
45101
44862
45102
44863
45103
44864
45104
44865
45105
44866
45106
44867
45107
44868
45108
44869
45109
44870
45110
44871
45111
44872
45112
44873
45113
44874
45114
44875
45115
44876
45116
44877
45117
44878
45118
44879
45119
44880
45120
44881
45121
44882
45122
44883
45123
44884
45124
44885
45125
44886
45126
44887
45127
44888
45128
44889
45129
44890
45130
44891
45131
44892
45132
44893
45133
44894
45134
44895
45135
44896
45136
44897
45137
44898
45138
44899
45139
44900
45140
44901
45141
44902
45142
44903
45143
44904
45144
44905
45145
44906
45146
44907
45147
44908
45148
44909
45149
44910
45150
45151
44912
45154
44913
45155
44914
45156
44915
45157
44916
45158
44917
45159
44918
45160
44919
45161
44920
45162
44921
45163
44922
45164
44923
45165
44924
45166
44925
45167
44926
45168
44927
45169
44928
45170
44929
45171
44930
45172
44931
45173
44932
45174
44933
45175
44934
45176
44935
45177
44936
45178
44937
45179
44938
45180
44939
45181
44940
45182
44941
45183
44942
45184
44943
45185
44944
45186
44945
45187
44946
45188
44947
45189
44948
45190
45191
44950
45194
44951
45195
44952
45196
44953
45197
44954
45198
44955
45199
44956
45200
44957
45201
44958
45202
44959
45203
44960
45204
44961
45205
44962
45206
44963
45207
44964
45208
44965
45209
44966
45210
44967
45211
44968
45212
44969
45213
44970
45214
44971
45215
44972
45216
44973
45217
44974
45218
44975
45219
44976
45220
44977
45221
44978
45222
44979
45223
44980
45224
44981
45225
44982
45226
44983
45227
44984
45228
44985
45229
44986
45230
44987
45231
44988
45232
44989
45233
44990
45234
44991
45235
44992
45236
44993
45237
44994
45238
44995
45239
44996
45240
44997
45241
44998
45242
44999
45243
45000
45244
45001
45245
45002
45246
45003
45247
45248
45005
45258
45006
45259
45007
45260
45008
45261
45009
45262
45010
45263
45011
45264
45012
45265
45013
45266
45014
45267
45015
45268
45016
45269
45017
45270
45018
45271
45019
45272
45020
45273
45021
45274
45022
45275
45023
45276
45024
45277
45025
45278
45026
45279
45027
45280
45028
45281
45029
45282
45030
45283
45031
45284
45032
45285
45033
45286
45034
45287
45035
45288
45036
45289
45037
45290
45038
45291
45039
45292
45040
45293
45041
45294
45042
45295
45043
45296
45044
45297
45045
45298
45046
45299
45047
45300
45048
45301
45049
45302
45050
45303
45051
45304
45052
45305
45053
45306
45054
45307
45055
45308
45056
45309
45057
45310
45058
45311
45059
45312
45060
45313
45061
45314
45062
45315
45063
45316
45064
45317
45065
45318
45319
45067
45320
45068
45321
45069
45322
45070
45323
45071
45324
45072
45325
45073
45326
45074
45327
45075
45328
45076
45329
45077
45330
45078
45331
45079
45332
45080
45333
45081
45334
45082
45335
45083
45336
45084
45337
45085
45338
45086
45339
45087
45340
45088
45341
45089
45342
45090
45343
45091
45344
45092
45345
45093
45346
45094
45347
45095
45348
45096
45349
45097
45350
45098
45351
45099
45352
45100
45353
45101
45354
45102
45355
45103
45356
45104
45357
45105
45358
45106
45359
45107
45360
45108
45361
45109
45362
45110
45363
45111
45364
45112
45365
45113
45366
45114
45367
45115
45368
45116
45369
45117
45370
45118
45371
45119
45372
45120
45373
45121
45374
45122
45375
45123
45376
45124
45377
45125
45378
45126
45379
45127
45380
45128
45381
45129
45382
45130
45383
45131
45384
45132
45385
45133
45386
45134
45387
45135
45388
45136
45389
45137
45390
45138
45391
45139
45392
45140
45393
45141
45394
45142
45395
45143
45396
45144
45397
45145
45398
45146
45399
45147
45400
45148
45401
45149
45402
45150
45403
45151
45404
45152
45405
45406
45154
45409
45155
45410
45156
45411
45157
45412
45158
45413
45159
45414
45160
45415
45161
45416
45162
45417
45163
45418
45164
45419
45165
45420
45166
45421
45167
45422
45168
45423
45169
45424
45170
45425
45171
45426
45172
45427
45173
45428
45174
45429
45175
45430
45176
45431
45177
45432
45178
45433
45179
45434
45180
45435
45181
45436
45182
45437
45183
45438
45184
45439
45185
45440
45186
45441
45187
45442
45188
45443
45189
45444
45190
45445
45191
45446
45192
45447
45448
45194
45451
45195
45452
45196
45453
45197
45454
45198
45455
45199
45456
45200
45457
45201
45458
45202
45459
45203
45460
45204
45461
45205
45462
45206
45463
45207
45464
45208
45465
45209
45466
45210
45467
45211
45468
45212
45469
45213
45470
45214
45471
45215
45472
45216
45473
45217
45474
45218
45475
45219
45476
45220
45477
45221
45478
45222
45479
45223
45480
45224
45481
45225
45482
45226
45483
45227
45484
45228
45485
45229
45486
45230
45487
45231
45488
45232
45489
45233
45490
45234
45491
45235
45492
45236
45493
45237
45494
45238
45495
45239
45496
45240
45497
45241
45498
45242
45499
45243
45500
45244
45501
45245
45502
45246
45503
45247
45504
45248
45505
45249
45506
45250
45507
45251
45508
45252
45509
45253
45510
45254
45511
45255
45512
45256
45513
45257
45514
45258
45515
45259
45516
45260
45517
45261
45518
45262
45519
45263
45520
45264
45521
45265
45522
45266
45523
45267
45524
45268
45525
45269
45526
45270
45527
45271
45528
45272
45529
45273
45530
45274
45531
45275
45532
45276
45533
45277
45534
45278
45535
45279
45536
45280
45537
45281
45538
45282
45539
45283
45540
45284
45541
45285
45542
45286
45543
45287
45544
45288
45545
45289
45546
45290
45547
45291
45548
45292
45549
45293
45550
45294
45551
45295
45552
45296
45553
45297
45554
45298
45555
45299
45556
45300
45557
45301
45558
45302
45559
45303
45560
45304
45561
45305
45562
45306
45563
45307
45564
45308
45565
45309
45566
45310
45567
45311
45568
45312
45569
45313
45570
45314
45571
45315
45572
45316
45573
45317
45574
45318
45575
45319
45576
45577
45321
45578
45322
45579
45323
45580
45324
45581
45325
45582
45326
45583
45327
45584
45328
45585
45329
45586
45330
45587
45331
45588
45332
45589
45333
45590
45334
45591
45335
45592
45336
45593
45337
45594
45338
45595
45339
45596
45340
45597
45341
45598
45342
45599
45343
45600
45344
45601
45345
45602
45346
45603
45347
45604
45348
45605
45349
45606
45350
45607
45351
45608
45352
45609
45353
45610
45354
45611
45355
45612
45356
45613
45357
45614
45358
45615
45359
45616
45360
45617
45361
45618
45362
45619
45363
45620
45364
45621
45365
45622
45366
45623
45367
45624
45368
45625
45369
45626
45370
45627
45371
45628
45372
45629
45373
45630
45374
45631
45375
45632
45376
45633
45377
45634
45378
45635
45379
45636
45380
45637
45381
45638
45382
45639
45383
45640
45384
45641
45385
45642
45386
45643
45387
45644
45388
45645
45389
45646
45390
45647
45391
45648
45392
45649
45393
45650
45394
45651
45395
45652
45396
45653
45397
45654
45398
45655
45399
45656
45400
45657
45401
45658
45402
45659
45403
45660
45404
45661
45405
45662
45406
45663
45407
45664
45665
45409
45668
45410
45669
45411
45670
45412
45671
45413
45672
45414
45673
45415
45674
45416
45675
45417
45676
45418
45677
45419
45678
45420
45679
45421
45680
45422
45681
45423
45682
45424
45683
45425
45684
45426
45685
45427
45686
45428
45687
45429
45688
45430
45689
45431
45690
45432
45691
45433
45692
45434
45693
45435
45694
45436
45695
45437
45696
45438
45697
45439
45698
45440
45699
45441
45700
45442
45701
45443
45702
45444
45703
45445
45704
45446
45705
45447
45706
45448
45707
45449
45708
45709
45451
45712
45452
45713
45453
45714
45454
45715
45455
45716
45456
45717
45457
45718
45458
45719
45459
45720
45460
45721
45461
45722
45462
45723
45463
45724
45464
45725
45465
45726
45466
45727
45467
45728
45468
45729
45469
45730
45470
45731
45471
45732
45472
45733
45473
45734
45474
45735
45475
45736
45476
45737
45477
45738
45478
45739
45479
45740
45480
45741
45481
45742
45482
45743
45483
45744
45484
45745
45485
45746
45486
45747
45487
45748
45488
45749
45489
45750
45490
45751
45491
45752
45492
45753
45493
45754
45494
45755
45495
45756
45496
45757
45497
45758
45498
45759
45499
45760
45500
45761
45501
45762
45502
45763
45503
45764
45504
45765
45505
45766
45506
45767
45507
45768
45508
45769
45509
45770
45510
45771
45511
45772
45512
45773
45513
45774
45514
45775
45515
45776
45516
45777
45517
45778
45518
45779
45519
45780
45520
45781
45521
45782
45522
45783
45523
45784
45524
45785
45525
45786
45526
45787
45527
45788
45528
45789
45529
45790
45530
45791
45531
45792
45532
45793
45533
45794
45534
45795
45535
45796
45536
45797
45537
45798
45538
45799
45539
45800
45540
45801
45541
45802
45542
45803
45543
45804
45544
45805
45545
45806
45546
45807
45547
45808
45548
45809
45549
45810
45550
45811
45551
45812
45552
45813
45553
45814
45554
45815
45555
45816
45556
45817
45557
45818
45558
45819
45559
45820
45560
45821
45561
45822
45562
45823
45563
45824
45564
45825
45565
45826
45566
45827
45567
45828
45568
45829
45569
45830
45570
45831
45571
45832
45572
45833
45573
45834
45574
45835
45575
45836
45576
45837
45577
45838
45839
45579
45840
45580
45841
45581
45842
45582
45843
45583
45844
45584
45845
45585
45846
45586
45847
45587
45848
45588
45849
45589
45850
45590
45851
45591
45852
45592
45853
45593
45854
45594
45855
45595
45856
45596
45857
45597
45858
45598
45859
45599
45860
45600
45861
45601
45862
45602
45863
45603
45864
45604
45865
45605
45866
45606
45867
45607
45868
45608
45869
45609
45870
45610
45871
45611
45872
45612
45873
45613
45874
45614
45875
45615
45876
45616
45877
45617
45878
45618
45879
45619
45880
45620
45881
45621
45882
45622
45883
45623
45884
45624
45885
45625
45886
45626
45887
45627
45888
45628
45889
45629
45890
45630
45891
45631
45892
45632
45893
45633
45894
45634
45895
45635
45896
45636
45897
45637
45898
45638
45899
45639
45900
45640
45901
45641
45902
45642
45903
45643
45904
45644
45905
45645
45906
45646
45907
45647
45908
45648
45909
45649
45910
45650
45911
45651
45912
45652
45913
45653
45914
45654
45915
45655
45916
45656
45917
45657
45918
45658
45919
45659
45920
45660
45921
45661
45922
45662
45923
45663
45924
45664
45925
45665
45926
45666
45927
45928
45668
45930
45669
45931
45670
45932
45671
45933
45672
45934
45673
45935
45674
45936
45675
45937
45676
45938
45677
45939
45678
45940
45679
45941
45680
45942
45681
45943
45682
45944
45683
45945
45684
45946
45685
45947
45686
45948
45687
45949
45688
45950
45689
45951
45690
45952
45691
45953
45692
45954
45693
45955
45694
45956
45695
45957
45696
45958
45697
45959
45698
45960
45699
45961
45700
45962
45701
45963
45702
45964
45703
45965
45704
45966
45705
45967
45706
45968
45707
45969
45708
45970
45709
45971
45710
45972
45973
45712
45975
45713
45976
45714
45977
45715
45978
45716
45979
45717
45980
45718
45981
45719
45982
45720
45983
45721
45984
45722
45985
45723
45986
45724
45987
45725
45988
45726
45989
45727
45990
45728
45991
45729
45992
45730
45993
45731
45994
45732
45995
45733
45996
45734
45997
45735
45998
45736
45999
45737
46000
45738
46001
45739
46002
45740
46003
45741
46004
45742
46005
45743
46006
45744
46007
45745
46008
45746
46009
45747
46010
45748
46011
45749
46012
45750
46013
45751
46014
45752
46015
45753
46016
45754
46017
45755
46018
45756
46019
45757
46020
45758
46021
45759
46022
45760
46023
45761
46024
45762
46025
45763
46026
45764
46027
45765
46028
45766
46029
45767
46030
45768
46031
45769
46032
45770
46033
45771
46034
45772
46035
45773
46036
45774
46037
45775
46038
45776
46039
45777
46040
45778
46041
45779
46042
45780
46043
45781
46044
45782
46045
45783
46046
45784
46047
45785
46048
45786
46049
45787
46050
45788
46051
45789
46052
45790
46053
45791
46054
45792
46055
45793
46056
45794
46057
45795
46058
45796
46059
45797
46060
45798
46061
45799
46062
45800
46063
45801
46064
45802
46065
45803
46066
45804
46067
45805
46068
45806
46069
45807
46070
45808
46071
45809
46072
45810
46073
45811
46074
45812
46075
45813
46076
45814
46077
45815
46078
45816
46079
45817
46080
45818
46081
45819
46082
45820
46083
45821
46084
45822
46085
45823
46086
45824
46087
45825
46088
45826
46089
45827
46090
45828
46091
45829
46092
45830
46093
45831
46094
45832
46095
45833
46096
45834
46097
45835
46098
45836
46099
45837
46100
45838
46101
45839
46102
46103
45841
46104
45842
46105
45843
46106
45844
46107
45845
46108
45846
46109
45847
46110
45848
46111
45849
46112
45850
46113
45851
46114
45852
46115
45853
46116
45854
46117
45855
46118
45856
46119
45857
46120
45858
46121
45859
46122
45860
46123
45861
46124
45862
46125
45863
46126
45864
46127
45865
46128
45866
46129
45867
46130
45868
46131
45869
46132
45870
46133
45871
46134
45872
46135
45873
46136
45874
46137
45875
46138
45876
46139
45877
46140
45878
46141
45879
46142
45880
46143
45881
46144
45882
46145
45883
46146
45884
46147
45885
46148
45886
46149
45887
46150
45888
46151
45889
46152
45890
46153
45891
46154
45892
46155
45893
46156
45894
46157
45895
46158
45896
46159
45897
46160
45898
46161
45899
46162
45900
46163
45901
46164
45902
46165
45903
46166
45904
46167
45905
46168
45906
46169
45907
46170
45908
46171
45909
46172
45910
46173
45911
46174
45912
46175
45913
46176
45914
46177
45915
46178
45916
46179
45917
46180
45918
46181
45919
46182
45920
46183
45921
46184
45922
46185
45923
46186
45924
46187
45925
46188
45926
46189
45927
46190
45928
46191
46192
45930
46196
45931
46197
45932
46198
45933
46199
45934
46200
45935
46201
45936
46202
45937
46203
45938
46204
45939
46205
45940
46206
45941
46207
45942
46208
45943
46209
45944
46210
45945
46211
45946
46212
45947
46213
45948
46214
45949
46215
45950
46216
45951
46217
45952
46218
45953
46219
45954
46220
45955
46221
45956
46222
45957
46223
45958
46224
45959
46225
45960
46226
45961
46227
45962
46228
45963
46229
45964
46230
45965
46231
45966
46232
45967
46233
45968
46234
45969
46235
45970
46236
45971
46237
45972
46238
45973
46239
45974
46240
46241
45976
46245
45977
46246
45978
46247
45979
46248
45980
46249
45981
46250
45982
46251
45983
46252
45984
46253
45985
46254
45986
46255
45987
46256
45988
46257
45989
46258
45990
46259
45991
46260
45992
46261
45993
46262
45994
46263
45995
46264
45996
46265
45997
46266
45998
46267
45999
46268
46000
46269
46001
46270
46002
46271
46003
46272
46004
46273
46005
46274
46006
46275
46007
46276
46008
46277
46009
46278
46010
46279
46011
46280
46012
46281
46013
46282
46014
46283
46015
46284
46016
46285
46017
46286
46018
46287
46019
46288
46020
46289
46021
46290
46022
46291
46023
46292
46024
46293
46025
46294
46026
46295
46027
46296
46028
46297
46029
46298
46030
46299
46031
46300
46032
46301
46033
46302
46034
46303
46035
46304
46036
46305
46037
46306
46038
46307
46039
46308
46040
46309
46041
46310
46042
46311
46043
46312
46044
46313
46045
46314
46046
46315
46047
46316
46048
46317
46049
46318
46050
46319
46051
46320
46052
46321
46053
46322
46054
46323
46055
46324
46056
46325
46057
46326
46058
46327
46059
46328
46060
46329
46061
46330
46062
46331
46063
46332
46064
46333
46065
46334
46066
46335
46067
46336
46068
46337
46069
46338
46070
46339
46071
46340
46072
46341
46073
46342
46074
46343
46075
46344
46076
46345
46077
46346
46078
46347
46079
46348
46080
46349
46081
46350
46082
46351
46083
46352
46084
46353
46085
46354
46086
46355
46087
46356
46088
46357
46089
46358
46090
46359
46091
46360
46092
46361
46093
46362
46094
46363
46095
46364
46096
46365
46097
46366
46098
46367
46099
46368
46100
46369
46101
46370
46102
46371
46103
46372
46373
46105
46374
46106
46375
46107
46376
46108
46377
46109
46378
46110
46379
46111
46380
46112
46381
46113
46382
46114
46383
46115
46384
46116
46385
46117
46386
46118
46387
46119
46388
46120
46389
46121
46390
46122
46391
46123
46392
46124
46393
46125
46394
46126
46395
46127
46396
46128
46397
46129
46398
46130
46399
46131
46400
46132
46401
46133
46402
46134
46403
46135
46404
46136
46405
46137
46406
46138
46407
46139
46408
46140
46409
46141
46410
46142
46411
46143
46412
46144
46413
46145
46414
46146
46415
46147
46416
46148
46417
46149
46418
46150
46419
46151
46420
46152
46421
46153
46422
46154
46423
46155
46424
46156
46425
46157
46426
46158
46427
46159
46428
46160
46429
46161
46430
46162
46431
46163
46432
46164
46433
46165
46434
46166
46435
46167
46436
46168
46437
46169
46438
46170
46439
46171
46440
46172
46441
46173
46442
46174
46443
46175
46444
46176
46445
46177
46446
46178
46447
46179
46448
46180
46449
46181
46450
46182
46451
46183
46452
46184
46453
46185
46454
46186
46455
46187
46456
46188
46457
46189
46458
46190
46459
46191
46460
46192
46461
46193
46462
46194
46463
46464
46196
46467
46197
46468
46198
46469
46199
46470
46200
46471
46201
46472
46202
46473
46203
46474
46204
46475
46205
46476
46206
46477
46207
46478
46208
46479
46209
46480
46210
46481
46211
46482
46212
46483
46213
46484
46214
46485
46215
46486
46216
46487
46217
46488
46218
46489
46219
46490
46220
46491
46221
46492
46222
46493
46223
46494
46224
46495
46225
46496
46226
46497
46227
46498
46228
46499
46229
46500
46230
46501
46231
46502
46232
46503
46233
46504
46234
46505
46235
46506
46236
46507
46237
46508
46238
46509
46239
46510
46240
46511
46241
46512
46242
46513
46514
46244
46517
46245
46518
46246
46519
46247
46520
46248
46521
46249
46522
46250
46523
46251
46524
46252
46525
46253
46526
46254
46527
46255
46528
46256
46529
46257
46530
46258
46531
46259
46532
46260
46533
46261
46534
46262
46535
46263
46536
46264
46537
46265
46538
46266
46539
46267
46540
46268
46541
46269
46542
46270
46543
46271
46544
46272
46545
46273
46546
46274
46547
46275
46548
46276
46549
46277
46550
46278
46551
46279
46552
46280
46553
46281
46554
46282
46555
46283
46556
46284
46557
46285
46558
46286
46559
46287
46560
46288
46561
46289
46562
46290
46563
46291
46564
46292
46565
46293
46566
46294
46567
46295
46568
46296
46569
46297
46570
46298
46571
46299
46572
46300
46573
46301
46574
46302
46575
46303
46576
46304
46577
46305
46578
46306
46579
46307
46580
46308
46581
46309
46582
46310
46583
46311
46584
46312
46585
46313
46586
46314
46587
46315
46588
46316
46589
46317
46590
46318
46591
46319
46592
46320
46593
46321
46594
46322
46595
46323
46596
46324
46597
46325
46598
46326
46599
46327
46600
46328
46601
46329
46602
46330
46603
46331
46604
46332
46605
46333
46606
46334
46607
46335
46608
46336
46609
46337
46610
46338
46611
46339
46612
46340
46613
46341
46614
46342
46615
46343
46616
46344
46617
46345
46618
46346
46619
46347
46620
46348
46621
46349
46622
46350
46623
46351
46624
46352
46625
46353
46626
46354
46627
46355
46628
46356
46629
46357
46630
46358
46631
46359
46632
46360
46633
46361
46634
46362
46635
46363
46636
46364
46637
46365
46638
46366
46639
46367
46640
46368
46641
46369
46642
46370
46643
46371
46644
46372
46645
46373
46646
46647
46375
46648
46376
46649
46377
46650
46378
46651
46379
46652
46380
46653
46381
46654
46382
46655
46383
46656
46384
46657
46385
46658
46386
46659
46387
46660
46388
46661
46389
46662
46390
46663
46391
46664
46392
46665
46393
46666
46394
46667
46395
46668
46396
46669
46397
46670
46398
46671
46399
46672
46400
46673
46401
46674
46402
46675
46403
46676
46404
46677
46405
46678
46406
46679
46407
46680
46408
46681
46409
46682
46410
46683
46411
46684
46412
46685
46413
46686
46414
46687
46415
46688
46416
46689
46417
46690
46418
46691
46419
46692
46420
46693
46421
46694
46422
46695
46423
46696
46424
46697
46425
46698
46426
46699
46427
46700
46428
46701
46429
46702
46430
46703
46431
46704
46432
46705
46433
46706
46434
46707
46435
46708
46436
46709
46437
46710
46438
46711
46439
46712
46440
46713
46441
46714
46442
46715
46443
46716
46444
46717
46445
46718
46446
46719
46447
46720
46448
46721
46449
46722
46450
46723
46451
46724
46452
46725
46453
46726
46454
46727
46455
46728
46456
46729
46457
46730
46458
46731
46459
46732
46460
46733
46461
46734
46462
46735
46463
46736
46464
46737
46465
46738
46739
46467
46742
46468
46743
46469
46744
46470
46745
46471
46746
46472
46747
46473
46748
46474
46749
46475
46750
46476
46751
46477
46752
46478
46753
46479
46754
46480
46755
46481
46756
46482
46757
46483
46758
46484
46759
46485
46760
46486
46761
46487
46762
46488
46763
46489
46764
46490
46765
46491
46766
46492
46767
46493
46768
46494
46769
46495
46770
46496
46771
46497
46772
46498
46773
46499
46774
46500
46775
46501
46776
46502
46777
46503
46778
46504
46779
46505
46780
46506
46781
46507
46782
46508
46783
46509
46784
46510
46785
46511
46786
46512
46787
46513
46788
46514
46789
46515
46790
46791
46517
46794
46518
46795
46519
46796
46520
46797
46521
46798
46522
46799
46523
46800
46524
46801
46525
46802
46526
46803
46527
46804
46528
46805
46529
46806
46530
46807
46531
46808
46532
46809
46533
46810
46534
46811
46535
46812
46536
46813
46537
46814
46538
46815
46539
46816
46540
46817
46541
46818
46542
46819
46543
46820
46544
46821
46545
46822
46546
46823
46547
46824
46548
46825
46549
46826
46550
46827
46551
46828
46552
46829
46553
46830
46554
46831
46555
46832
46556
46833
46557
46834
46558
46835
46559
46836
46560
46837
46561
46838
46562
46839
46563
46840
46564
46841
46565
46842
46566
46843
46567
46844
46568
46845
46569
46846
46570
46847
46571
46848
46572
46849
46573
46850
46574
46851
46575
46852
46576
46853
46577
46854
46578
46855
46579
46856
46580
46857
46581
46858
46582
46859
46583
46860
46584
46861
46585
46862
46586
46863
46587
46864
46588
46865
46589
46866
46590
46867
46591
46868
46592
46869
46593
46870
46594
46871
46595
46872
46596
46873
46597
46874
46598
46875
46599
46876
46600
46877
46601
46878
46602
46879
46603
46880
46604
46881
46605
46882
46606
46883
46607
46884
46608
46885
46609
46886
46610
46887
46611
46888
46612
46889
46613
46890
46614
46891
46615
46892
46616
46893
46617
46894
46618
46895
46619
46896
46620
46897
46621
46898
46622
46899
46623
46900
46624
46901
46625
46902
46626
46903
46627
46904
46628
46905
46629
46906
46630
46907
46631
46908
46632
46909
46633
46910
46634
46911
46635
46912
46636
46913
46637
46914
46638
46915
46639
46916
46640
46917
46641
46918
46642
46919
46643
46920
46644
46921
46645
46922
46646
46923
46647
46924
46925
46649
46926
46650
46927
46651
46928
46652
46929
46653
46930
46654
46931
46655
46932
46656
46933
46657
46934
46658
46935
46659
46936
46660
46937
46661
46938
46662
46939
46663
46940
46664
46941
46665
46942
46666
46943
46667
46944
46668
46945
46669
46946
46670
46947
46671
46948
46672
46949
46673
46950
46674
46951
46675
46952
46676
46953
46677
46954
46678
46955
46679
46956
46680
46957
46681
46958
46682
46959
46683
46960
46684
46961
46685
46962
46686
46963
46687
46964
46688
46965
46689
46966
46690
46967
46691
46968
46692
46969
46693
46970
46694
46971
46695
46972
46696
46973
46697
46974
46698
46975
46699
46976
46700
46977
46701
46978
46702
46979
46703
46980
46704
46981
46705
46982
46706
46983
46707
46984
46708
46985
46709
46986
46710
46987
46711
46988
46712
46989
46713
46990
46714
46991
46715
46992
46716
46993
46717
46994
46718
46995
46719
46996
46720
46997
46721
46998
46722
46999
46723
47000
46724
47001
46725
47002
46726
47003
46727
47004
46728
47005
46729
47006
46730
47007
46731
47008
46732
47009
46733
47010
46734
47011
46735
47012
46736
47013
46737
47014
46738
47015
46739
47016
46740
47017
47018
46742
47022
46743
47023
46744
47024
46745
47025
46746
47026
46747
47027
46748
47028
46749
47029
46750
47030
46751
47031
46752
47032
46753
47033
46754
47034
46755
47035
46756
47036
46757
47037
46758
47038
46759
47039
46760
47040
46761
47041
46762
47042
46763
47043
46764
47044
46765
47045
46766
47046
46767
47047
46768
47048
46769
47049
46770
47050
46771
47051
46772
47052
46773
47053
46774
47054
46775
47055
46776
47056
46777
47057
46778
47058
46779
47059
46780
47060
46781
47061
46782
47062
46783
47063
46784
47064
46785
47065
46786
47066
46787
47067
46788
47068
46789
47069
46790
47070
46791
47071
46792
47072
47073
46794
47077
46795
47078
46796
47079
46797
47080
46798
47081
46799
47082
46800
47083
46801
47084
46802
47085
46803
47086
46804
47087
46805
47088
46806
47089
46807
47090
46808
47091
46809
47092
46810
47093
46811
47094
46812
47095
46813
47096
46814
47097
46815
47098
46816
47099
46817
47100
46818
47101
46819
47102
46820
47103
46821
47104
46822
47105
46823
47106
46824
47107
46825
47108
46826
47109
46827
47110
46828
47111
46829
47112
46830
47113
46831
47114
46832
47115
46833
47116
46834
47117
46835
47118
46836
47119
46837
47120
46838
47121
46839
47122
46840
47123
46841
47124
46842
47125
46843
47126
46844
47127
46845
47128
46846
47129
46847
47130
46848
47131
46849
47132
46850
47133
46851
47134
46852
47135
46853
47136
46854
47137
46855
47138
46856
47139
46857
47140
46858
47141
46859
47142
46860
47143
46861
47144
46862
47145
46863
47146
46864
47147
46865
47148
46866
47149
46867
47150
46868
47151
46869
47152
46870
47153
46871
47154
46872
47155
46873
47156
46874
47157
46875
47158
46876
47159
46877
47160
46878
47161
46879
47162
46880
47163
46881
47164
46882
47165
46883
47166
46884
47167
46885
47168
46886
47169
46887
47170
46888
47171
46889
47172
46890
47173
46891
47174
46892
47175
46893
47176
46894
47177
46895
47178
46896
47179
46897
47180
46898
47181
46899
47182
46900
47183
46901
47184
46902
47185
46903
47186
46904
47187
46905
47188
46906
47189
46907
47190
46908
47191
46909
47192
46910
47193
46911
47194
46912
47195
46913
47196
46914
47197
46915
47198
46916
47199
46917
47200
46918
47201
46919
47202
46920
47203
46921
47204
46922
47205
46923
47206
46924
47207
46925
47208
47209
46927
47210
46928
47211
46929
47212
46930
47213
46931
47214
46932
47215
46933
47216
46934
47217
46935
47218
46936
47219
46937
47220
46938
47221
46939
47222
46940
47223
46941
47224
46942
47225
46943
47226
46944
47227
46945
47228
46946
47229
46947
47230
46948
47231
46949
47232
46950
47233
46951
47234
46952
47235
46953
47236
46954
47237
46955
47238
46956
47239
46957
47240
46958
47241
46959
47242
46960
47243
46961
47244
46962
47245
46963
47246
46964
47247
46965
47248
46966
47249
46967
47250
46968
47251
46969
47252
46970
47253
46971
47254
46972
47255
46973
47256
46974
47257
46975
47258
46976
47259
46977
47260
46978
47261
46979
47262
46980
47263
46981
47264
46982
47265
46983
47266
46984
47267
46985
47268
46986
47269
46987
47270
46988
47271
46989
47272
46990
47273
46991
47274
46992
47275
46993
47276
46994
47277
46995
47278
46996
47279
46997
47280
46998
47281
46999
47282
47000
47283
47001
47284
47002
47285
47003
47286
47004
47287
47005
47288
47006
47289
47007
47290
47008
47291
47009
47292
47010
47293
47011
47294
47012
47295
47013
47296
47014
47297
47015
47298
47016
47299
47017
47300
47018
47301
47019
47302
47303
47021
47307
47022
47308
47023
47309
47024
47310
47025
47311
47026
47312
47027
47313
47028
47314
47029
47315
47030
47316
47031
47317
47032
47318
47033
47319
47034
47320
47035
47321
47036
47322
47037
47323
47038
47324
47039
47325
47040
47326
47041
47327
47042
47328
47043
47329
47044
47330
47045
47331
47046
47332
47047
47333
47048
47334
47049
47335
47050
47336
47051
47337
47052
47338
47053
47339
47054
47340
47055
47341
47056
47342
47057
47343
47058
47344
47059
47345
47060
47346
47061
47347
47062
47348
47063
47349
47064
47350
47065
47351
47066
47352
47067
47353
47068
47354
47069
47355
47070
47356
47071
47357
47072
47358
47073
47359
47074
47360
47075
47361
47362
47077
47366
47078
47367
47079
47368
47080
47369
47081
47370
47082
47371
47083
47372
47084
47373
47085
47374
47086
47375
47087
47376
47088
47377
47089
47378
47090
47379
47091
47380
47092
47381
47093
47382
47094
47383
47095
47384
47096
47385
47097
47386
47098
47387
47099
47388
47100
47389
47101
47390
47102
47391
47103
47392
47104
47393
47105
47394
47106
47395
47107
47396
47108
47397
47109
47398
47110
47399
47111
47400
47112
47401
47113
47402
47114
47403
47115
47404
47116
47405
47117
47406
47118
47407
47119
47408
47120
47409
47121
47410
47122
47411
47123
47412
47124
47413
47125
47414
47126
47415
47127
47416
47128
47417
47129
47418
47130
47419
47131
47420
47132
47421
47133
47422
47134
47423
47135
47424
47136
47425
47137
47426
47138
47427
47139
47428
47140
47429
47141
47430
47142
47431
47143
47432
47144
47433
47145
47434
47146
47435
47147
47436
47148
47437
47149
47438
47150
47439
47151
47440
47152
47441
47153
47442
47154
47443
47155
47444
47156
47445
47157
47446
47158
47447
47159
47448
47160
47449
47161
47450
47162
47451
47163
47452
47164
47453
47165
47454
47166
47455
47167
47456
47168
47457
47169
47458
47170
47459
47171
47460
47172
47461
47173
47462
47174
47463
47175
47464
47176
47465
47177
47466
47178
47467
47179
47468
47180
47469
47181
47470
47182
47471
47183
47472
47184
47473
47185
47474
47186
47475
47187
47476
47188
47477
47189
47478
47190
47479
47191
47480
47192
47481
47193
47482
47194
47483
47195
47484
47196
47485
47197
47486
47198
47487
47199
47488
47200
47489
47201
47490
47202
47491
47203
47492
47204
47493
47205
47494
47206
47495
47207
47496
47208
47497
47209
47498
47499
47211
47500
47212
47501
47213
47502
47214
47503
47215
47504
47216
47505
47217
47506
47218
47507
47219
47508
47220
47509
47221
47510
47222
47511
47223
47512
47224
47513
47225
47514
47226
47515
47227
47516
47228
47517
47229
47518
47230
47519
47231
47520
47232
47521
47233
47522
47234
47523
47235
47524
47236
47525
47237
47526
47238
47527
47239
47528
47240
47529
47241
47530
47242
47531
47243
47532
47244
47533
47245
47534
47246
47535
47247
47536
47248
47537
47249
47538
47250
47539
47251
47540
47252
47541
47253
47542
47254
47543
47255
47544
47256
47545
47257
47546
47258
47547
47259
47548
47260
47549
47261
47550
47262
47551
47263
47552
47264
47553
47265
47554
47266
47555
47267
47556
47268
47557
47269
47558
47270
47559
47271
47560
47272
47561
47273
47562
47274
47563
47275
47564
47276
47565
47277
47566
47278
47567
47279
47568
47280
47569
47281
47570
47282
47571
47283
47572
47284
47573
47285
47574
47286
47575
47287
47576
47288
47577
47289
47578
47290
47579
47291
47580
47292
47581
47293
47582
47294
47583
47295
47584
47296
47585
47297
47586
47298
47587
47299
47588
47300
47589
47301
47590
47302
47591
47303
47592
47304
47593
47305
47594
47595
47307
47600
47308
47601
47309
47602
47310
47603
47311
47604
47312
47605
47313
47606
47314
47607
47315
47608
47316
47609
47317
47610
47318
47611
47319
47612
47320
47613
47321
47614
47322
47615
47323
47616
47324
47617
47325
47618
47326
47619
47327
47620
47328
47621
47329
47622
47330
47623
47331
47624
47332
47625
47333
47626
47334
47627
47335
47628
47336
47629
47337
47630
47338
47631
47339
47632
47340
47633
47341
47634
47342
47635
47343
47636
47344
47637
47345
47638
47346
47639
47347
47640
47348
47641
47349
47642
47350
47643
47351
47644
47352
47645
47353
47646
47354
47647
47355
47648
47356
47649
47357
47650
47358
47651
47359
47652
47360
47653
47361
47654
47362
47655
47363
47656
47657
47365
47662
47366
47663
47367
47664
47368
47665
47369
47666
47370
47667
47371
47668
47372
47669
47373
47670
47374
47671
47375
47672
47376
47673
47377
47674
47378
47675
47379
47676
47380
47677
47381
47678
47382
47679
47383
47680
47384
47681
47385
47682
47386
47683
47387
47684
47388
47685
47389
47686
47390
47687
47391
47688
47392
47689
47393
47690
47394
47691
47395
47692
47396
47693
47397
47694
47398
47695
47399
47696
47400
47697
47401
47698
47402
47699
47403
47700
47404
47701
47405
47702
47406
47703
47407
47704
47408
47705
47409
47706
47410
47707
47411
47708
47412
47709
47413
47710
47414
47711
47415
47712
47416
47713
47417
47714
47418
47715
47419
47716
47420
47717
47421
47718
47422
47719
47423
47720
47424
47721
47425
47722
47426
47723
47427
47724
47428
47725
47429
47726
47430
47727
47431
47728
47432
47729
47433
47730
47434
47731
47435
47732
47436
47733
47437
47734
47438
47735
47439
47736
47440
47737
47441
47738
47442
47739
47443
47740
47444
47741
47445
47742
47446
47743
47447
47744
47448
47745
47449
47746
47450
47747
47451
47748
47452
47749
47453
47750
47454
47751
47455
47752
47456
47753
47457
47754
47458
47755
47459
47756
47460
47757
47461
47758
47462
47759
47463
47760
47464
47761
47465
47762
47466
47763
47467
47764
47468
47765
47469
47766
47470
47767
47471
47768
47472
47769
47473
47770
47474
47771
47475
47772
47476
47773
47477
47774
47478
47775
47479
47776
47480
47777
47481
47778
47482
47779
47483
47780
47484
47781
47485
47782
47486
47783
47487
47784
47488
47785
47489
47786
47490
47787
47491
47788
47492
47789
47493
47790
47494
47791
47495
47792
47496
47793
47497
47794
47498
47795
47499
47796
47797
47501
47798
47502
47799
47503
47800
47504
47801
47505
47802
47506
47803
47507
47804
47508
47805
47509
47806
47510
47807
47511
47808
47512
47809
47513
47810
47514
47811
47515
47812
47516
47813
47517
47814
47518
47815
47519
47816
47520
47817
47521
47818
47522
47819
47523
47820
47524
47821
47525
47822
47526
47823
47527
47824
47528
47825
47529
47826
47530
47827
47531
47828
47532
47829
47533
47830
47534
47831
47535
47832
47536
47833
47537
47834
47538
47835
47539
47836
47540
47837
47541
47838
47542
47839
47543
47840
47544
47841
47545
47842
47546
47843
47547
47844
47548
47845
47549
47846
47550
47847
47551
47848
47552
47849
47553
47850
47554
47851
47555
47852
47556
47853
47557
47854
47558
47855
47559
47856
47560
47857
47561
47858
47562
47859
47563
47860
47564
47861
47565
47862
47566
47863
47567
47864
47568
47865
47569
47866
47570
47867
47571
47868
47572
47869
47573
47870
47574
47871
47575
47872
47576
47873
47577
47874
47578
47875
47579
47876
47580
47877
47581
47878
47582
47879
47583
47880
47584
47881
47585
47882
47586
47883
47587
47884
47588
47885
47589
47886
47590
47887
47591
47888
47592
47889
47593
47890
47594
47891
47595
47892
47596
47893
47597
47894
47895
47599
47900
47600
47901
47601
47902
47602
47903
47603
47904
47604
47905
47605
47906
47606
47907
47607
47908
47608
47909
47609
47910
47610
47911
47611
47912
47612
47913
47613
47914
47614
47915
47615
47916
47616
47917
47617
47918
47618
47919
47619
47920
47620
47921
47621
47922
47622
47923
47623
47924
47624
47925
47625
47926
47626
47927
47627
47928
47628
47929
47629
47930
47630
47931
47631
47932
47632
47933
47633
47934
47634
47935
47635
47936
47636
47937
47637
47938
47638
47939
47639
47940
47640
47941
47641
47942
47642
47943
47643
47944
47644
47945
47645
47946
47646
47947
47647
47948
47648
47949
47649
47950
47650
47951
47651
47952
47652
47953
47653
47954
47654
47955
47655
47956
47656
47957
47657
47958
47658
47959
47659
47960
47961
47661
47966
47662
47967
47663
47968
47664
47969
47665
47970
47666
47971
47667
47972
47668
47973
47669
47974
47670
47975
47671
47976
47672
47977
47673
47978
47674
47979
47675
47980
47676
47981
47677
47982
47678
47983
47679
47984
47680
47985
47681
47986
47682
47987
47683
47988
47684
47989
47685
47990
47686
47991
47687
47992
47688
47993
47689
47994
47690
47995
47691
47996
47692
47997
47693
47998
47694
47999
47695
48000
47696
48001
47697
48002
47698
48003
47699
48004
47700
48005
47701
48006
47702
48007
47703
48008
47704
48009
47705
48010
47706
48011
47707
48012
47708
48013
47709
48014
47710
48015
47711
48016
47712
48017
47713
48018
47714
48019
47715
48020
47716
48021
47717
48022
47718
48023
47719
48024
47720
48025
47721
48026
47722
48027
47723
48028
47724
48029
47725
48030
47726
48031
47727
48032
47728
48033
47729
48034
47730
48035
47731
48036
47732
48037
47733
48038
47734
48039
47735
48040
47736
48041
47737
48042
47738
48043
47739
48044
47740
48045
47741
48046
47742
48047
47743
48048
47744
48049
47745
48050
47746
48051
47747
48052
47748
48053
47749
48054
47750
48055
47751
48056
47752
48057
47753
48058
47754
48059
47755
48060
47756
48061
47757
48062
47758
48063
47759
48064
47760
48065
47761
48066
47762
48067
47763
48068
47764
48069
47765
48070
47766
48071
47767
48072
47768
48073
47769
48074
47770
48075
47771
48076
47772
48077
47773
48078
47774
48079
47775
48080
47776
48081
47777
48082
47778
48083
47779
48084
47780
48085
47781
48086
47782
48087
47783
48088
47784
48089
47785
48090
47786
48091
47787
48092
47788
48093
47789
48094
47790
48095
47791
48096
47792
48097
47793
48098
47794
48099
47795
48100
47796
48101
47797
48102
48103
47799
48104
47800
48105
47801
48106
47802
48107
47803
48108
47804
48109
47805
48110
47806
48111
47807
48112
47808
48113
47809
48114
47810
48115
47811
48116
47812
48117
47813
48118
47814
48119
47815
48120
47816
48121
47817
48122
47818
48123
47819
48124
47820
48125
47821
48126
47822
48127
47823
48128
47824
48129
47825
48130
47826
48131
47827
48132
47828
48133
47829
48134
47830
48135
47831
48136
47832
48137
47833
48138
47834
48139
47835
48140
47836
48141
47837
48142
47838
48143
47839
48144
47840
48145
47841
48146
47842
48147
47843
48148
47844
48149
47845
48150
47846
48151
47847
48152
47848
48153
47849
48154
47850
48155
47851
48156
47852
48157
47853
48158
47854
48159
47855
48160
47856
48161
47857
48162
47858
48163
47859
48164
47860
48165
47861
48166
47862
48167
47863
48168
47864
48169
47865
48170
47866
48171
47867
48172
47868
48173
47869
48174
47870
48175
47871
48176
47872
48177
47873
48178
47874
48179
47875
48180
47876
48181
47877
48182
47878
48183
47879
48184
47880
48185
47881
48186
47882
48187
47883
48188
47884
48189
47885
48190
47886
48191
47887
48192
47888
48193
47889
48194
47890
48195
47891
48196
47892
48197
47893
48198
47894
48199
47895
48200
47896
48201
47897
48202
48203
47899
48210
47900
48211
47901
48212
47902
48213
47903
48214
47904
48215
47905
48216
47906
48217
47907
48218
47908
48219
47909
48220
47910
48221
47911
48222
47912
48223
47913
48224
47914
48225
47915
48226
47916
48227
47917
48228
47918
48229
47919
48230
47920
48231
47921
48232
47922
48233
47923
48234
47924
48235
47925
48236
47926
48237
47927
48238
47928
48239
47929
48240
47930
48241
47931
48242
47932
48243
47933
48244
47934
48245
47935
48246
47936
48247
47937
48248
47938
48249
47939
48250
47940
48251
47941
48252
47942
48253
47943
48254
47944
48255
47945
48256
47946
48257
47947
48258
47948
48259
47949
48260
47950
48261
47951
48262
47952
48263
47953
48264
47954
48265
47955
48266
47956
48267
47957
48268
47958
48269
47959
48270
47960
48271
47961
48272
47962
48273
47963
48274
48275
47965
48282
47966
48283
47967
48284
47968
48285
47969
48286
47970
48287
47971
48288
47972
48289
47973
48290
47974
48291
47975
48292
47976
48293
47977
48294
47978
48295
47979
48296
47980
48297
47981
48298
47982
48299
47983
48300
47984
48301
47985
48302
47986
48303
47987
48304
47988
48305
47989
48306
47990
48307
47991
48308
47992
48309
47993
48310
47994
48311
47995
48312
47996
48313
47997
48314
47998
48315
47999
48316
48000
48317
48001
48318
48002
48319
48003
48320
48004
48321
48005
48322
48006
48323
48007
48324
48008
48325
48009
48326
48010
48327
48011
48328
48012
48329
48013
48330
48014
48331
48015
48332
48016
48333
48017
48334
48018
48335
48019
48336
48020
48337
48021
48338
48022
48339
48023
48340
48024
48341
48025
48342
48026
48343
48027
48344
48028
48345
48029
48346
48030
48347
48031
48348
48032
48349
48033
48350
48034
48351
48035
48352
48036
48353
48037
48354
48038
48355
48039
48356
48040
48357
48041
48358
48042
48359
48043
48360
48044
48361
48045
48362
48046
48363
48047
48364
48048
48365
48049
48366
48050
48367
48051
48368
48052
48369
48053
48370
48054
48371
48055
48372
48056
48373
48057
48374
48058
48375
48059
48376
48060
48377
48061
48378
48062
48379
48063
48380
48064
48381
48065
48382
48066
48383
48067
48384
48068
48385
48069
48386
48070
48387
48071
48388
48072
48389
48073
48390
48074
48391
48075
48392
48076
48393
48077
48394
48078
48395
48079
48396
48080
48397
48081
48398
48082
48399
48083
48400
48084
48401
48085
48402
48086
48403
48087
48404
48088
48405
48089
48406
48090
48407
48091
48408
48092
48409
48093
48410
48094
48411
48095
48412
48096
48413
48097
48414
48098
48415
48099
48416
48100
48417
48101
48418
48102
48419
48103
48420
48421
48105
48422
48106
48423
48107
48424
48108
48425
48109
48426
48110
48427
48111
48428
48112
48429
48113
48430
48114
48431
48115
48432
48116
48433
48117
48434
48118
48435
48119
48436
48120
48437
48121
48438
48122
48439
48123
48440
48124
48441
48125
48442
48126
48443
48127
48444
48128
48445
48129
48446
48130
48447
48131
48448
48132
48449
48133
48450
48134
48451
48135
48452
48136
48453
48137
48454
48138
48455
48139
48456
48140
48457
48141
48458
48142
48459
48143
48460
48144
48461
48145
48462
48146
48463
48147
48464
48148
48465
48149
48466
48150
48467
48151
48468
48152
48469
48153
48470
48154
48471
48155
48472
48156
48473
48157
48474
48158
48475
48159
48476
48160
48477
48161
48478
48162
48479
48163
48480
48164
48481
48165
48482
48166
48483
48167
48484
48168
48485
48169
48486
48170
48487
48171
48488
48172
48489
48173
48490
48174
48491
48175
48492
48176
48493
48177
48494
48178
48495
48179
48496
48180
48497
48181
48498
48182
48499
48183
48500
48184
48501
48185
48502
48186
48503
48187
48504
48188
48505
48189
48506
48190
48507
48191
48508
48192
48509
48193
48510
48194
48511
48195
48512
48196
48513
48197
48514
48198
48515
48199
48516
48200
48517
48201
48518
48202
48519
48203
48520
48204
48521
48205
48522
48206
48523
48524
48208
48532
48209
48533
48210
48534
48211
48535
48212
48536
48213
48537
48214
48538
48215
48539
48216
48540
48217
48541
48218
48542
48219
48543
48220
48544
48221
48545
48222
48546
48223
48547
48224
48548
48225
48549
48226
48550
48227
48551
48228
48552
48229
48553
48230
48554
48231
48555
48232
48556
48233
48557
48234
48558
48235
48559
48236
48560
48237
48561
48238
48562
48239
48563
48240
48564
48241
48565
48242
48566
48243
48567
48244
48568
48245
48569
48246
48570
48247
48571
48248
48572
48249
48573
48250
48574
48251
48575
48252
48576
48253
48577
48254
48578
48255
48579
48256
48580
48257
48581
48258
48582
48259
48583
48260
48584
48261
48585
48262
48586
48263
48587
48264
48588
48265
48589
48266
48590
48267
48591
48268
48592
48269
48593
48270
48594
48271
48595
48272
48596
48273
48597
48274
48598
48275
48599
48276
48600
48277
48601
48278
48602
48603
48280
48611
48281
48612
48282
48613
48283
48614
48284
48615
48285
48616
48286
48617
48287
48618
48288
48619
48289
48620
48290
48621
48291
48622
48292
48623
48293
48624
48294
48625
48295
48626
48296
48627
48297
48628
48298
48629
48299
48630
48300
48631
48301
48632
48302
48633
48303
48634
48304
48635
48305
48636
48306
48637
48307
48638
48308
48639
48309
48640
48310
48641
48311
48642
48312
48643
48313
48644
48314
48645
48315
48646
48316
48647
48317
48648
48318
48649
48319
48650
48320
48651
48321
48652
48322
48653
48323
48654
48324
48655
48325
48656
48326
48657
48327
48658
48328
48659
48329
48660
48330
48661
48331
48662
48332
48663
48333
48664
48334
48665
48335
48666
48336
48667
48337
48668
48338
48669
48339
48670
48340
48671
48341
48672
48342
48673
48343
48674
48344
48675
48345
48676
48346
48677
48347
48678
48348
48679
48349
48680
48350
48681
48351
48682
48352
48683
48353
48684
48354
48685
48355
48686
48356
48687
48357
48688
48358
48689
48359
48690
48360
48691
48361
48692
48362
48693
48363
48694
48364
48695
48365
48696
48366
48697
48367
48698
48368
48699
48369
48700
48370
48701
48371
48702
48372
48703
48373
48704
48374
48705
48375
48706
48376
48707
48377
48708
48378
48709
48379
48710
48380
48711
48381
48712
48382
48713
48383
48714
48384
48715
48385
48716
48386
48717
48387
48718
48388
48719
48389
48720
48390
48721
48391
48722
48392
48723
48393
48724
48394
48725
48395
48726
48396
48727
48397
48728
48398
48729
48399
48730
48400
48731
48401
48732
48402
48733
48403
48734
48404
48735
48405
48736
48406
48737
48407
48738
48408
48739
48409
48740
48410
48741
48411
48742
48412
48743
48413
48744
48414
48745
48415
48746
48416
48747
48417
48748
48418
48749
48419
48750
48420
48751
48421
48752
48753
48423
48754
48424
48755
48425
48756
48426
48757
48427
48758
48428
48759
48429
48760
48430
48761
48431
48762
48432
48763
48433
48764
48434
48765
48435
48766
48436
48767
48437
48768
48438
48769
48439
48770
48440
48771
48441
48772
48442
48773
48443
48774
48444
48775
48445
48776
48446
48777
48447
48778
48448
48779
48449
48780
48450
48781
48451
48782
48452
48783
48453
48784
48454
48785
48455
48786
48456
48787
48457
48788
48458
48789
48459
48790
48460
48791
48461
48792
48462
48793
48463
48794
48464
48795
48465
48796
48466
48797
48467
48798
48468
48799
48469
48800
48470
48801
48471
48802
48472
48803
48473
48804
48474
48805
48475
48806
48476
48807
48477
48808
48478
48809
48479
48810
48480
48811
48481
48812
48482
48813
48483
48814
48484
48815
48485
48816
48486
48817
48487
48818
48488
48819
48489
48820
48490
48821
48491
48822
48492
48823
48493
48824
48494
48825
48495
48826
48496
48827
48497
48828
48498
48829
48499
48830
48500
48831
48501
48832
48502
48833
48503
48834
48504
48835
48505
48836
48506
48837
48507
48838
48508
48839
48509
48840
48510
48841
48511
48842
48512
48843
48513
48844
48514
48845
48515
48846
48516
48847
48517
48848
48518
48849
48519
48850
48520
48851
48521
48852
48522
48853
48523
48854
48524
48855
48525
48856
48526
48857
48527
48858
48859
48529
48874
48530
48875
48531
48876
48532
48877
48533
48878
48534
48879
48535
48880
48536
48881
48537
48882
48538
48883
48539
48884
48540
48885
48541
48886
48542
48887
48543
48888
48544
48889
48545
48890
48546
48891
48547
48892
48548
48893
48549
48894
48550
48895
48551
48896
48552
48897
48553
48898
48554
48899
48555
48900
48556
48901
48557
48902
48558
48903
48559
48904
48560
48905
48561
48906
48562
48907
48563
48908
48564
48909
48565
48910
48566
48911
48567
48912
48568
48913
48569
48914
48570
48915
48571
48916
48572
48917
48573
48918
48574
48919
48575
48920
48576
48921
48577
48922
48578
48923
48579
48924
48580
48925
48581
48926
48582
48927
48583
48928
48584
48929
48585
48930
48586
48931
48587
48932
48588
48933
48589
48934
48590
48935
48591
48936
48592
48937
48593
48938
48594
48939
48595
48940
48596
48941
48597
48942
48598
48943
48599
48944
48600
48945
48601
48946
48602
48947
48603
48948
48604
48949
48605
48950
48606
48951
48607
48952
48953
48609
48968
48610
48969
48611
48970
48612
48971
48613
48972
48614
48973
48615
48974
48616
48975
48617
48976
48618
48977
48619
48978
48620
48979
48621
48980
48622
48981
48623
48982
48624
48983
48625
48984
48626
48985
48627
48986
48628
48987
48629
48988
48630
48989
48631
48990
48632
48991
48633
48992
48634
48993
48635
48994
48636
48995
48637
48996
48638
48997
48639
48998
48640
48999
48641
49000
48642
49001
48643
49002
48644
49003
48645
49004
48646
49005
48647
49006
48648
49007
48649
49008
48650
49009
48651
49010
48652
49011
48653
49012
48654
49013
48655
49014
48656
49015
48657
49016
48658
49017
48659
49018
48660
49019
48661
49020
48662
49021
48663
49022
48664
49023
48665
49024
48666
49025
48667
49026
48668
49027
48669
49028
48670
49029
48671
49030
48672
49031
48673
49032
48674
49033
48675
49034
48676
49035
48677
49036
48678
49037
48679
49038
48680
49039
48681
49040
48682
49041
48683
49042
48684
49043
48685
49044
48686
49045
48687
49046
48688
49047
48689
49048
48690
49049
48691
49050
48692
49051
48693
49052
48694
49053
48695
49054
48696
49055
48697
49056
48698
49057
48699
49058
48700
49059
48701
49060
48702
49061
48703
49062
48704
49063
48705
49064
48706
49065
48707
49066
48708
49067
48709
49068
48710
49069
48711
49070
48712
49071
48713
49072
48714
49073
48715
49074
48716
49075
48717
49076
48718
49077
48719
49078
48720
49079
48721
49080
48722
49081
48723
49082
48724
49083
48725
49084
48726
49085
48727
49086
48728
49087
48729
49088
48730
49089
48731
49090
48732
49091
48733
49092
48734
49093
48735
49094
48736
49095
48737
49096
48738
49097
48739
49098
48740
49099
48741
49100
48742
49101
48743
49102
48744
49103
48745
49104
48746
49105
48747
49106
48748
49107
48749
49108
48750
49109
48751
49110
48752
49111
48753
49112
49113
48755
49114
48756
49115
48757
49116
48758
49117
48759
49118
48760
49119
48761
49120
48762
49121
48763
49122
48764
49123
48765
49124
48766
49125
48767
49126
48768
49127
48769
49128
48770
49129
48771
49130
48772
49131
48773
49132
48774
49133
48775
49134
48776
49135
48777
49136
48778
49137
48779
49138
48780
49139
48781
49140
48782
49141
48783
49142
48784
49143
48785
49144
48786
49145
48787
49146
48788
49147
48789
49148
48790
49149
48791
49150
48792
49151
48793
49152
48794
49153
48795
49154
48796
49155
48797
49156
48798
49157
48799
49158
48800
49159
48801
49160
48802
49161
48803
49162
48804
49163
48805
49164
48806
49165
48807
49166
48808
49167
48809
49168
48810
49169
48811
49170
48812
49171
48813
49172
48814
49173
48815
49174
48816
49175
48817
49176
48818
49177
48819
49178
48820
49179
48821
49180
48822
49181
48823
49182
48824
49183
48825
49184
48826
49185
48827
49186
48828
49187
48829
49188
48830
49189
48831
49190
48832
49191
48833
49192
48834
49193
48835
49194
48836
49195
48837
49196
48838
49197
48839
49198
48840
49199
48841
49200
48842
49201
48843
49202
48844
49203
48845
49204
48846
49205
48847
49206
48848
49207
48849
49208
48850
49209
48851
49210
48852
49211
48853
49212
48854
49213
48855
49214
48856
49215
48857
49216
48858
49217
48859
49218
48860
49219
48861
49220
48862
49221
48863
49222
48864
49223
48865
49224
48866
49225
48867
49226
48868
49227
48869
49228
48870
49229
48871
49230
48872
49231
48873
49232
48874
49233
48875
49234
48876
49235
48877
49236
48878
49237
48879
49238
48880
49239
48881
49240
48882
49241
48883
49242
48884
49243
48885
49244
48886
49245
48887
49246
48888
49247
48889
49248
48890
49249
48891
49250
48892
49251
48893
49252
48894
49253
48895
49254
48896
49255
48897
49256
48898
49257
48899
49258
48900
49259
48901
49260
48902
49261
48903
49262
48904
49263
48905
49264
48906
49265
48907
49266
48908
49267
48909
49268
48910
49269
48911
49270
48912
49271
48913
49272
48914
49273
48915
49274
48916
49275
48917
49276
48918
49277
48919
49278
48920
49279
48921
49280
48922
49281
48923
49282
48924
49283
48925
49284
48926
49285
48927
49286
48928
49287
48929
49288
48930
49289
48931
49290
48932
49291
48933
49292
48934
49293
48935
49294
48936
49295
48937
49296
48938
49297
48939
49298
48940
49299
48941
49300
48942
49301
48943
49302
48944
49303
48945
49304
48946
49305
48947
49306
48948
49307
48949
49308
48950
49309
48951
49310
48952
49311
48953
49312
48954
49313
48955
49314
48956
49315
48957
49316
48958
49317
48959
49318
48960
49319
48961
49320
48962
49321
48963
49322
48964
49323
48965
49324
48966
49325
48967
49326
48968
49327
48969
49328
48970
49329
48971
49330
48972
49331
48973
49332
48974
49333
48975
49334
48976
49335
48977
49336
48978
49337
48979
49338
48980
49339
48981
49340
48982
49341
48983
49342
48984
49343
48985
49344
48986
49345
48987
49346
48988
49347
48989
49348
48990
49349
48991
49350
48992
49351
48993
49352
48994
49353
48995
49354
48996
49355
48997
49356
48998
49357
48999
49358
49000
49359
49001
49360
49002
49361
49003
49362
49004
49363
49005
49364
49006
49365
49007
49366
49008
49367
49009
49368
49010
49369
49011
49370
49012
49371
49013
49372
49014
49373
49015
49374
49016
49375
49017
49376
49018
49377
49019
49378
49020
49379
49021
49380
49022
49381
49023
49382
49024
49383
49025
49384
49026
49385
49027
49386
49028
49387
49029
49388
49030
49389
49031
49390
49032
49391
49033
49392
49034
49393
49035
49394
49036
49395
49037
49396
49038
49397
49039
49398
49040
49399
49041
49400
49042
49401
49043
49402
49044
49403
49045
49404
49046
49405
49047
49406
49048
49407
49049
49408
49050
49409
49051
49410
49052
49411
49053
49412
49054
49413
49055
49414
49056
49415
49057
49416
49058
49417
49059
49418
49060
49419
49061
49420
49062
49421
49063
49422
49064
49423
49065
49424
49066
49425
49067
49426
49068
49427
49069
49428
49070
49429
49071
49430
49072
49431
49073
49432
49074
49433
49075
49434
49076
49435
49077
49436
49078
49437
49079
49438
49080
49439
49081
49440
49082
49441
49083
49442
49084
49443
49085
49444
49086
49445
49087
49446
49088
49447
49089
49448
49090
49449
49091
49450
49092
49451
49093
49452
49094
49453
49095
49454
49096
49455
49097
49456
49098
49457
49099
49458
49100
49459
49101
49460
49102
49461
49103
49462
49104
49463
49105
49464
49106
49465
49107
49466
49108
49467
49109
49468
49110
49469
49111
49470
49112
49471
49113
49472
49473
49115
49474
49116
49475
49117
49476
49118
49477
49119
49478
49120
49479
49121
49480
49122
49481
49123
49482
49124
49483
49125
49484
49126
49485
49127
49486
49128
49487
49129
49488
49130
49489
49131
49490
49132
49491
49133
49492
49134
49493
49135
49494
49136
49495
49137
49496
49138
49497
49139
49498
49140
49499
49141
49500
49142
49501
49143
49502
49144
49503
49145
49504
49146
49505
49147
49506
49148
49507
49149
49508
49150
49509
49151
49510
49152
49511
49153
49512
49154
49513
49155
49514
49156
49515
49157
49516
49158
49517
49159
49518
49160
49519
49161
49520
49162
49521
49163
49522
49164
49523
49165
49524
49166
49525
49167
49526
49168
49527
49169
49528
49170
49529
49171
49530
49172
49531
49173
49532
49174
49533
49175
49534
49176
49535
49177
49536
49178
49537
49179
49538
49180
49539
49181
49540
49182
49541
49183
49542
49184
49543
49185
49544
49186
49545
49187
49546
49188
49547
49189
49548
49190
49549
49191
49550
49192
49551
49193
49552
49194
49553
49195
49554
49196
49555
49197
49556
49198
49557
49199
49558
49200
49559
49201
49560
49202
49561
49203
49562
49204
49563
49205
49564
49206
49565
49207
49566
49208
49567
49209
49568
49210
49569
49211
49570
49212
49571
49213
49572
49214
49573
49215
49574
49216
49575
49217
49576
49218
49577
49219
49578
49220
49579
49221
49580
49222
49581
49223
49582
49224
49583
49225
49584
49226
49585
49227
49586
49228
49587
49229
49588
49230
49589
49231
49590
49232
49591
49233
49592
49234
49593
49235
49594
49236
49595
49237
49596
49238
49597
49239
49598
49240
49599
49241
49600
49242
49601
49243
49602
49244
49603
49245
49604
49246
49605
49247
49606
49248
49607
49249
49608
49250
49609
49251
49610
49252
49611
49253
49612
49254
49613
49255
49614
49256
49615
49257
49616
49258
49617
49259
49618
49260
49619
49261
49620
49262
49621
49263
49622
49264
49623
49265
49624
49266
49625
49267
49626
49268
49627
49269
49628
49270
49629
49271
49630
49272
49631
49273
49632
49274
49633
49275
49634
49276
49635
49277
49636
49278
49637
49279
49638
49280
49639
49281
49640
49282
49641
49283
49642
49284
49643
49285
49644
49286
49645
49287
49646
49288
49647
49289
49648
49290
49649
49291
49650
49292
49651
49293
49652
49294
49653
49295
49654
49296
49655
49297
49656
49298
49657
49299
49658
49300
49659
49301
49660
49302
49661
49303
49662
49304
49663
49305
49664
49306
49665
49307
49666
49308
49667
49309
49668
49310
49669
49311
49670
49312
49671
49313
49672
49314
49673
49315
49674
49316
49675
49317
49676
49318
49677
49319
49678
49320
49679
49321
49680
49322
49681
49323
49682
49324
49683
49325
49684
49326
49685
49327
49686
49328
49687
49329
49688
49330
49689
49331
49690
49332
49691
49333
49692
49334
49693
49335
49694
49336
49695
49337
49696
49338
49697
49339
49698
49340
49699
49341
49700
49342
49701
49343
49702
49344
49703
49345
49704
49346
49705
49347
49706
49348
49707
49349
49708
49350
49709
49351
49710
49352
49711
49353
49712
49354
49713
49355
49714
49356
49715
49357
49716
49358
49717
49359
49718
49360
49719
49361
49720
49362
49721
49363
49722
49364
49723
49365
49724
49366
49725
49367
49726
49368
49727
49369
49728
49370
49729
49371
49730
49372
49731
49373
49732
49374
49733
49375
49734
49376
49735
49377
49736
49378
49737
49379
49738
49380
49739
49381
49740
49382
49741
49383
49742
49384
49743
49385
49744
49386
49745
49387
49746
49388
49747
49389
49748
49390
49749
49391
49750
49392
49751
49393
49752
49394
49753
49395
49754
49396
49755
49397
49756
49398
49757
49399
49758
49400
49759
49401
49760
49402
49761
49403
49762
49404
49763
49405
49764
49406
49765
49407
49766
49408
49767
49409
49768
49410
49769
49411
49770
49412
49771
49413
49772
49414
49773
49415
49774
49416
49775
49417
49776
49418
49777
49419
49778
49420
49779
49421
49780
49422
49781
49423
49782
49424
49783
49425
49784
49426
49785
49427
49786
49428
49787
49429
49788
49430
49789
49431
49790
49432
49791
49433
49792
49434
49793
49435
49794
49436
49795
49437
49796
49438
49797
49439
49798
49440
49799
49441
49800
49442
49801
49443
49802
49444
49803
49445
49804
49446
49805
49447
49806
49448
49807
49449
49808
49450
49809
49451
49810
49452
49811
49453
49812
49454
49813
49455
49814
49456
49815
49457
49816
49458
49817
49459
49818
49460
49819
49461
49820
49462
49821
49463
49822
49464
49823
49465
49824
49466
49825
49467
49826
49468
49827
49469
49828
49470
49829
49471
49830
49472
49831
49473
49832
49833
49475
49834
49476
49835
49477
49836
49478
49837
49479
49838
49480
49839
49481
49840
49482
49841
49483
49842
49484
49843
49485
49844
49486
49845
49487
49846
49488
49847
49489
49848
49490
49849
49491
49850
49492
49851
49493
49852
49494
49853
49495
49854
49496
49855
49497
49856
49498
49857
49499
49858
49500
49859
49501
49860
49502
49861
49503
49862
49504
49863
49505
49864
49506
49865
49507
49866
49508
49867
49509
49868
49510
49869
49511
49870
49512
49871
49513
49872
49514
49873
49515
49874
49516
49875
49517
49876
49518
49877
49519
49878
49520
49879
49521
49880
49522
49881
49523
49882
49524
49883
49525
49884
49526
49885
49527
49886
49528
49887
49529
49888
49530
49889
49531
49890
49532
49891
49533
49892
49534
49893
49535
49894
49536
49895
49537
49896
49538
49897
49539
49898
49540
49899
49541
49900
49542
49901
49543
49902
49544
49903
49545
49904
49546
49905
49547
49906
49548
49907
49549
49908
49550
49909
49551
49910
49552
49911
49553
49912
49554
49913
49555
49914
49556
49915
49557
49916
49558
49917
49559
49918
49560
49919
49561
49920
49562
49921
49563
49922
49564
49923
49565
49924
49566
49925
49567
49926
49568
49927
49569
49928
49570
49929
49571
49930
49572
49931
49573
49932
49574
49933
49575
49934
49576
49935
49577
49936
49578
49937
49579
49938
49580
49939
49581
49940
49582
49941
49583
49942
49584
49943
49585
49944
49586
49945
49587
49946
49588
49947
49589
49948
49590
49949
49591
49950
49592
49951
49593
49952
49594
49953
49595
49954
49596
49955
49597
49956
49598
49957
49599
49958
49600
49959
49601
49960
49602
49961
49603
49962
49604
49963
49605
49964
49606
49965
49607
49966
49608
49967
49609
49968
49610
49969
49611
49970
49612
49971
49613
49972
49614
49973
49615
49974
49616
49975
49617
49976
49618
49977
49619
49978
49620
49979
49621
49980
49622
49981
49623
49982
49624
49983
49625
49984
49626
49985
49627
49986
49628
49987
49629
49988
49630
49989
49631
49990
49632
49991
49633
49992
49634
49993
49635
49994
49636
49995
49637
49996
49638
49997
49639
49998
49640
49999
49641
50000
49642
50001
49643
50002
49644
50003
49645
50004
49646
50005
49647
50006
49648
50007
49649
50008
49650
50009
49651
50010
49652
50011
49653
50012
49654
50013
49655
50014
49656
50015
49657
50016
49658
50017
49659
50018
49660
50019
49661
50020
49662
50021
49663
50022
49664
50023
49665
50024
49666
50025
49667
50026
49668
50027
49669
50028
49670
50029
49671
50030
49672
50031
49673
50032
49674
50033
49675
50034
49676
50035
49677
50036
49678
50037
49679
50038
49680
50039
49681
50040
49682
50041
49683
50042
49684
50043
49685
50044
49686
50045
49687
50046
49688
50047
49689
50048
49690
50049
49691
50050
49692
50051
49693
50052
49694
50053
49695
50054
49696
50055
49697
50056
49698
50057
49699
50058
49700
50059
49701
50060
49702
50061
49703
50062
49704
50063
49705
50064
49706
50065
49707
50066
49708
50067
49709
50068
49710
50069
49711
50070
49712
50071
49713
50072
49714
50073
49715
50074
49716
50075
49717
50076
49718
50077
49719
50078
49720
50079
49721
50080
49722
50081
49723
50082
49724
50083
49725
50084
49726
50085
49727
50086
49728
50087
49729
50088
49730
50089
49731
50090
49732
50091
49733
50092
49734
50093
49735
50094
49736
50095
49737
50096
49738
50097
49739
50098
49740
50099
49741
50100
49742
50101
49743
50102
49744
50103
49745
50104
49746
50105
49747
50106
49748
50107
49749
50108
49750
50109
49751
50110
49752
50111
49753
50112
49754
50113
49755
50114
49756
50115
49757
50116
49758
50117
49759
50118
49760
50119
49761
50120
49762
50121
49763
50122
49764
50123
49765
50124
49766
50125
49767
50126
49768
50127
49769
50128
49770
50129
49771
50130
49772
50131
49773
50132
49774
50133
49775
50134
49776
50135
49777
50136
49778
50137
49779
50138
49780
50139
49781
50140
49782
50141
49783
50142
49784
50143
49785
50144
49786
50145
49787
50146
49788
50147
49789
50148
49790
50149
49791
50150
49792
50151
49793
50152
49794
50153
49795
50154
49796
50155
49797
50156
49798
50157
49799
50158
49800
50159
49801
50160
49802
50161
49803
50162
49804
50163
49805
50164
49806
50165
49807
50166
49808
50167
49809
50168
49810
50169
49811
50170
49812
50171
49813
50172
49814
50173
49815
50174
49816
50175
49817
50176
49818
50177
49819
50178
49820
50179
49821
50180
49822
50181
49823
50182
49824
50183
49825
50184
49826
50185
49827
50186
49828
50187
49829
50188
49830
50189
49831
50190
49832
50191
49833
50192
50193
49835
50194
49836
50195
49837
50196
49838
50197
49839
50198
49840
50199
49841
50200
49842
50201
49843
50202
49844
50203
49845
50204
49846
50205
49847
50206
49848
50207
49849
50208
49850
50209
49851
50210
49852
50211
49853
50212
49854
50213
49855
50214
49856
50215
49857
50216
49858
50217
49859
50218
49860
50219
49861
50220
49862
50221
49863
50222
49864
50223
49865
50224
49866
50225
49867
50226
49868
50227
49869
50228
49870
50229
49871
50230
49872
50231
49873
50232
49874
50233
49875
50234
49876
50235
49877
50236
49878
50237
49879
50238
49880
50239
49881
50240
49882
50241
49883
50242
49884
50243
49885
50244
49886
50245
49887
50246
49888
50247
49889
50248
49890
50249
49891
50250
49892
50251
49893
50252
49894
50253
49895
50254
49896
50255
49897
50256
49898
50257
49899
50258
49900
50259
49901
50260
49902
50261
49903
50262
49904
50263
49905
50264
49906
50265
49907
50266
49908
50267
49909
50268
49910
50269
49911
50270
49912
50271
49913
50272
49914
50273
49915
50274
49916
50275
49917
50276
49918
50277
49919
50278
49920
50279
49921
50280
49922
50281
49923
50282
49924
50283
49925
50284
49926
50285
49927
50286
49928
50287
49929
50288
49930
50289
49931
50290
49932
50291
49933
50292
49934
50293
49935
50294
49936
50295
49937
50296
49938
50297
49939
50298
49940
50299
49941
50300
49942
50301
49943
50302
49944
50303
49945
50304
49946
50305
49947
50306
49948
50307
49949
50308
49950
50309
49951
50310
49952
50311
49953
50312
49954
50313
49955
50314
49956
50315
49957
50316
49958
50317
49959
50318
49960
50319
49961
50320
49962
50321
49963
50322
49964
50323
49965
50324
49966
50325
49967
50326
49968
50327
49969
50328
49970
50329
49971
50330
49972
50331
49973
50332
49974
50333
49975
50334
49976
50335
49977
50336
49978
50337
49979
50338
49980
50339
49981
50340
49982
50341
49983
50342
49984
50343
49985
50344
49986
50345
49987
50346
49988
50347
49989
50348
49990
50349
49991
50350
49992
50351
49993
50352
49994
50353
49995
50354
49996
50355
49997
50356
49998
50357
49999
50358
50000
50359
50001
50360
50002
50361
50003
50362
50004
50363
50005
50364
50006
50365
50007
50366
50008
50367
50009
50368
50010
50369
50011
50370
50012
50371
50013
50372
50014
50373
50015
50374
50016
50375
50017
50376
50018
50377
50019
50378
50020
50379
50021
50380
50022
50381
50023
50382
50024
50383
50025
50384
50026
50385
50027
50386
50028
50387
50029
50388
50030
50389
50031
50390
50032
50391
50033
50392
50034
50393
50035
50394
50036
50395
50037
50396
50038
50397
50039
50398
50040
50399
50041
50400
50042
50401
50043
50402
50044
50403
50045
50404
50046
50405
50047
50406
50048
50407
50049
50408
50050
50409
50051
50410
50052
50411
50053
50412
50054
50413
50055
50414
50056
50415
50057
50416
50058
50417
50059
50418
50060
50419
50061
50420
50062
50421
50063
50422
50064
50423
50065
50424
50066
50425
50067
50426
50068
50427
50069
50428
50070
50429
50071
50430
50072
50431
50073
50432
50074
50433
50075
50434
50076
50435
50077
50436
50078
50437
50079
50438
50080
50439
50081
50440
50082
50441
50083
50442
50084
50443
50085
50444
50086
50445
50087
50446
50088
50447
50089
50448
50090
50449
50091
50450
50092
50451
50093
50452
50094
50453
50095
50454
50096
50455
50097
50456
50098
50457
50099
50458
50100
50459
50101
50460
50102
50461
50103
50462
50104
50463
50105
50464
50106
50465
50107
50466
50108
50467
50109
50468
50110
50469
50111
50470
50112
50471
50113
50472
50114
50473
50115
50474
50116
50475
50117
50476
50118
50477
50119
50478
50120
50479
50121
50480
50122
50481
50123
50482
50124
50483
50125
50484
50126
50485
50127
50486
50128
50487
50129
50488
50130
50489
50131
50490
50132
50491
50133
50492
50134
50493
50135
50494
50136
50495
50137
50496
50138
50497
50139
50498
50140
50499
50141
50500
50142
50501
50143
50502
50144
50503
50145
50504
50146
50505
50147
50506
50148
50507
50149
50508
50150
50509
50151
50510
50152
50511
50153
50512
50154
50513
50155
50514
50156
50515
50157
50516
50158
50517
50159
50518
50160
50519
50161
50520
50162
50521
50163
50522
50164
50523
50165
50524
50166
50525
50167
50526
50168
50527
50169
50528
50170
50529
50171
50530
50172
50531
50173
50532
50174
50533
50175
50534
50176
50535
50177
50536
50178
50537
50179
50538
50180
50539
50181
50540
50182
50541
50183
50542
50184
50543
50185
50544
50186
50545
50187
50546
50188
50547
50189
50548
50190
50549
50191
50550
50192
50551
50193
50552
50553
50195
50554
50196
50555
50197
50556
50198
50557
50199
50558
50200
50559
50201
50560
50202
50561
50203
50562
50204
50563
50205
50564
50206
50565
50207
50566
50208
50567
50209
50568
50210
50569
50211
50570
50212
50571
50213
50572
50214
50573
50215
50574
50216
50575
50217
50576
50218
50577
50219
50578
50220
50579
50221
50580
50222
50581
50223
50582
50224
50583
50225
50584
50226
50585
50227
50586
50228
50587
50229
50588
50230
50589
50231
50590
50232
50591
50233
50592
50234
50593
50235
50594
50236
50595
50237
50596
50238
50597
50239
50598
50240
50599
50241
50600
50242
50601
50243
50602
50244
50603
50245
50604
50246
50605
50247
50606
50248
50607
50249
50608
50250
50609
50251
50610
50252
50611
50253
50612
50254
50613
50255
50614
50256
50615
50257
50616
50258
50617
50259
50618
50260
50619
50261
50620
50262
50621
50263
50622
50264
50623
50265
50624
50266
50625
50267
50626
50268
50627
50269
50628
50270
50629
50271
50630
50272
50631
50273
50632
50274
50633
50275
50634
50276
50635
50277
50636
50278
50637
50279
50638
50280
50639
50281
50640
50282
50641
50283
50642
50284
50643
50285
50644
50286
50645
50287
50646
50288
50647
50289
50648
50290
50649
50291
50650
50292
50651
50293
50652
50294
50653
50295
50654
50296
50655
50297
50656
50298
50657
50299
50658
50300
50659
50301
50660
50302
50661
50303
50662
50304
50663
50305
50664
50306
50665
50307
50666
50308
50667
50309
50668
50310
50669
50311
50670
50312
50671
50313
50672
50314
50673
50315
50674
50316
50675
50317
50676
50318
50677
50319
50678
50320
50679
50321
50680
50322
50681
50323
50682
50324
50683
50325
50684
50326
50685
50327
50686
50328
50687
50329
50688
50330
50689
50331
50690
50332
50691
50333
50692
50334
50693
50335
50694
50336
50695
50337
50696
50338
50697
50339
50698
50340
50699
50341
50700
50342
50701
50343
50702
50344
50703
50345
50704
50346
50705
50347
50706
50348
50707
50349
50708
50350
50709
50351
50710
50352
50711
50353
50712
50354
50713
50355
50714
50356
50715
50357
50716
50358
50717
50359
50718
50360
50719
50361
50720
50362
50721
50363
50722
50364
50723
50365
50724
50366
50725
50367
50726
50368
50727
50369
50728
50370
50729
50371
50730
50372
50731
50373
50732
50374
50733
50375
50734
50376
50735
50377
50736
50378
50737
50379
50738
50380
50739
50381
50740
50382
50741
50383
50742
50384
50743
50385
50744
50386
50745
50387
50746
50388
50747
50389
50748
50390
50749
50391
50750
50392
50751
50393
50752
50394
50753
50395
50754
50396
50755
50397
50756
50398
50757
50399
50758
50400
50759
50401
50760
50402
50761
50403
50762
50404
50763
50405
50764
50406
50765
50407
50766
50408
50767
50409
50768
50410
50769
50411
50770
50412
50771
50413
50772
50414
50773
50415
50774
50416
50775
50417
50776
50418
50777
50419
50778
50420
50779
50421
50780
50422
50781
50423
50782
50424
50783
50425
50784
50426
50785
50427
50786
50428
50787
50429
50788
50430
50789
50431
50790
50432
50791
50433
50792
50434
50793
50435
50794
50436
50795
50437
50796
50438
50797
50439
50798
50440
50799
50441
50800
50442
50801
50443
50802
50444
50803
50445
50804
50446
50805
50447
50806
50448
50807
50449
50808
50450
50809
50451
50810
50452
50811
50453
50812
50454
50813
50455
50814
50456
50815
50457
50816
50458
50817
50459
50818
50460
50819
50461
50820
50462
50821
50463
50822
50464
50823
50465
50824
50466
50825
50467
50826
50468
50827
50469
50828
50470
50829
50471
50830
50472
50831
50473
50832
50474
50833
50475
50834
50476
50835
50477
50836
50478
50837
50479
50838
50480
50839
50481
50840
50482
50841
50483
50842
50484
50843
50485
50844
50486
50845
50487
50846
50488
50847
50489
50848
50490
50849
50491
50850
50492
50851
50493
50852
50494
50853
50495
50854
50496
50855
50497
50856
50498
50857
50499
50858
50500
50859
50501
50860
50502
50861
50503
50862
50504
50863
50505
50864
50506
50865
50507
50866
50508
50867
50509
50868
50510
50869
50511
50870
50512
50871
50513
50872
50514
50873
50515
50874
50516
50875
50517
50876
50518
50877
50519
50878
50520
50879
50521
50880
50522
50881
50523
50882
50524
50883
50525
50884
50526
50885
50527
50886
50528
50887
50529
50888
50530
50889
50531
50890
50532
50891
50533
50892
50534
50893
50535
50894
50536
50895
50537
50896
50538
50897
50539
50898
50540
50899
50541
50900
50542
50901
50543
50902
50544
50903
50545
50904
50546
50905
50547
50906
50548
50907
50549
50908
50550
50909
50551
50910
50552
50911
50553
50912
50913
50555
50914
50556
50915
50557
50916
50558
50917
50559
50918
50560
50919
50561
50920
50562
50921
50563
50922
50564
50923
50565
50924
50566
50925
50567
50926
50568
50927
50569
50928
50570
50929
50571
50930
50572
50931
50573
50932
50574
50933
50575
50934
50576
50935
50577
50936
50578
50937
50579
50938
50580
50939
50581
50940
50582
50941
50583
50942
50584
50943
50585
50944
50586
50945
50587
50946
50588
50947
50589
50948
50590
50949
50591
50950
50592
50951
50593
50952
50594
50953
50595
50954
50596
50955
50597
50956
50598
50957
50599
50958
50600
50959
50601
50960
50602
50961
50603
50962
50604
50963
50605
50964
50606
50965
50607
50966
50608
50967
50609
50968
50610
50969
50611
50970
50612
50971
50613
50972
50614
50973
50615
50974
50616
50975
50617
50976
50618
50977
50619
50978
50620
50979
50621
50980
50622
50981
50623
50982
50624
50983
50625
50984
50626
50985
50627
50986
50628
50987
50629
50988
50630
50989
50631
50990
50632
50991
50633
50992
50634
50993
50635
50994
50636
50995
50637
50996
50638
50997
50639
50998
50640
50999
50641
51000
50642
51001
50643
51002
50644
51003
50645
51004
50646
51005
50647
51006
50648
51007
50649
51008
50650
51009
50651
51010
50652
51011
50653
51012
50654
51013
50655
51014
50656
51015
50657
51016
50658
51017
50659
51018
50660
51019
50661
51020
50662
51021
50663
51022
50664
51023
50665
51024
50666
51025
50667
51026
50668
51027
50669
51028
50670
51029
50671
51030
50672
51031
50673
51032
50674
51033
50675
51034
50676
51035
50677
51036
50678
51037
50679
51038
50680
51039
50681
51040
50682
51041
50683
51042
50684
51043
50685
51044
50686
51045
50687
51046
50688
51047
50689
51048
50690
51049
50691
51050
50692
51051
50693
51052
50694
51053
50695
51054
50696
51055
50697
51056
50698
51057
50699
51058
50700
51059
50701
51060
50702
51061
50703
51062
50704
51063
50705
51064
50706
51065
50707
51066
50708
51067
50709
51068
50710
51069
50711
51070
50712
51071
50713
51072
50714
51073
50715
51074
50716
51075
50717
51076
50718
51077
50719
51078
50720
51079
50721
51080
50722
51081
50723
51082
50724
51083
50725
51084
50726
51085
50727
51086
50728
51087
50729
51088
50730
51089
50731
51090
50732
51091
50733
51092
50734
51093
50735
51094
50736
51095
50737
51096
50738
51097
50739
51098
50740
51099
50741
51100
50742
51101
50743
51102
50744
51103
50745
51104
50746
51105
50747
51106
50748
51107
50749
51108
50750
51109
50751
51110
50752
51111
50753
51112
50754
51113
50755
51114
50756
51115
50757
51116
50758
51117
50759
51118
50760
51119
50761
51120
50762
51121
50763
51122
50764
51123
50765
51124
50766
51125
50767
51126
50768
51127
50769
51128
50770
51129
50771
51130
50772
51131
50773
51132
50774
51133
50775
51134
50776
51135
50777
51136
50778
51137
50779
51138
50780
51139
50781
51140
50782
51141
50783
51142
50784
51143
50785
51144
50786
51145
50787
51146
50788
51147
50789
51148
50790
51149
50791
51150
50792
51151
50793
51152
50794
51153
50795
51154
50796
51155
50797
51156
50798
51157
50799
51158
50800
51159
50801
51160
50802
51161
50803
51162
50804
51163
50805
51164
50806
51165
50807
51166
50808
51167
50809
51168
50810
51169
50811
51170
50812
51171
50813
51172
50814
51173
50815
51174
50816
51175
50817
51176
50818
51177
50819
51178
50820
51179
50821
51180
50822
51181
50823
51182
50824
51183
50825
51184
50826
51185
50827
51186
50828
51187
50829
51188
50830
51189
50831
51190
50832
51191
50833
51192
50834
51193
50835
51194
50836
51195
50837
51196
50838
51197
50839
51198
50840
51199
50841
51200
50842
51201
50843
51202
50844
51203
50845
51204
50846
51205
50847
51206
50848
51207
50849
51208
50850
51209
50851
51210
50852
51211
50853
51212
50854
51213
50855
51214
50856
51215
50857
51216
50858
51217
50859
51218
50860
51219
50861
51220
50862
51221
50863
51222
50864
51223
50865
51224
50866
51225
50867
51226
50868
51227
50869
51228
50870
51229
50871
51230
50872
51231
50873
51232
50874
51233
50875
51234
50876
51235
50877
51236
50878
51237
50879
51238
50880
51239
50881
51240
50882
51241
50883
51242
50884
51243
50885
51244
50886
51245
50887
51246
50888
51247
50889
51248
50890
51249
50891
51250
50892
51251
50893
51252
50894
51253
50895
51254
50896
51255
50897
51256
50898
51257
50899
51258
50900
51259
50901
51260
50902
51261
50903
51262
50904
51263
50905
51264
50906
51265
50907
51266
50908
51267
50909
51268
50910
51269
50911
51270
50912
51271
50913
51272
51273
50915
51274
50916
51275
50917
51276
50918
51277
50919
51278
50920
51279
50921
51280
50922
51281
50923
51282
50924
51283
50925
51284
50926
51285
50927
51286
50928
51287
50929
51288
50930
51289
50931
51290
50932
51291
50933
51292
50934
51293
50935
51294
50936
51295
50937
51296
50938
51297
50939
51298
50940
51299
50941
51300
50942
51301
50943
51302
50944
51303
50945
51304
50946
51305
50947
51306
50948
51307
50949
51308
50950
51309
50951
51310
50952
51311
50953
51312
50954
51313
50955
51314
50956
51315
50957
51316
50958
51317
50959
51318
50960
51319
50961
51320
50962
51321
50963
51322
50964
51323
50965
51324
50966
51325
50967
51326
50968
51327
50969
51328
50970
51329
50971
51330
50972
51331
50973
51332
50974
51333
50975
51334
50976
51335
50977
51336
50978
51337
50979
51338
50980
51339
50981
51340
50982
51341
50983
51342
50984
51343
50985
51344
50986
51345
50987
51346
50988
51347
50989
51348
50990
51349
50991
51350
50992
51351
50993
51352
50994
51353
50995
51354
50996
51355
50997
51356
50998
51357
50999
51358
51000
51359
51001
51360
51002
51361
51003
51362
51004
51363
51005
51364
51006
51365
51007
51366
51008
51367
51009
51368
51010
51369
51011
51370
51012
51371
51013
51372
51014
51373
51015
51374
51016
51375
51017
51376
51018
51377
51019
51378
51020
51379
51021
51380
51022
51381
51023
51382
51024
51383
51025
51384
51026
51385
51027
51386
51028
51387
51029
51388
51030
51389
51031
51390
51032
51391
51033
51392
51034
51393
51035
51394
51036
51395
51037
51396
51038
51397
51039
51398
51040
51399
51041
51400
51042
51401
51043
51402
51044
51403
51045
51404
51046
51405
51047
51406
51048
51407
51049
51408
51050
51409
51051
51410
51052
51411
51053
51412
51054
51413
51055
51414
51056
51415
51057
51416
51058
51417
51059
51418
51060
51419
51061
51420
51062
51421
51063
51422
51064
51423
51065
51424
51066
51425
51067
51426
51068
51427
51069
51428
51070
51429
51071
51430
51072
51431
51073
51432
51074
51433
51075
51434
51076
51435
51077
51436
51078
51437
51079
51438
51080
51439
51081
51440
51082
51441
51083
51442
51084
51443
51085
51444
51086
51445
51087
51446
51088
51447
51089
51448
51090
51449
51091
51450
51092
51451
51093
51452
51094
51453
51095
51454
51096
51455
51097
51456
51098
51457
51099
51458
51100
51459
51101
51460
51102
51461
51103
51462
51104
51463
51105
51464
51106
51465
51107
51466
51108
51467
51109
51468
51110
51469
51111
51470
51112
51471
51113
51472
51114
51473
51115
51474
51116
51475
51117
51476
51118
51477
51119
51478
51120
51479
51121
51480
51122
51481
51123
51482
51124
51483
51125
51484
51126
51485
51127
51486
51128
51487
51129
51488
51130
51489
51131
51490
51132
51491
51133
51492
51134
51493
51135
51494
51136
51495
51137
51496
51138
51497
51139
51498
51140
51499
51141
51500
51142
51501
51143
51502
51144
51503
51145
51504
51146
51505
51147
51506
51148
51507
51149
51508
51150
51509
51151
51510
51152
51511
51153
51512
51154
51513
51155
51514
51156
51515
51157
51516
51158
51517
51159
51518
51160
51519
51161
51520
51162
51521
51163
51522
51164
51523
51165
51524
51166
51525
51167
51526
51168
51527
51169
51528
51170
51529
51171
51530
51172
51531
51173
51532
51174
51533
51175
51534
51176
51535
51177
51536
51178
51537
51179
51538
51180
51539
51181
51540
51182
51541
51183
51542
51184
51543
51185
51544
51186
51545
51187
51546
51188
51547
51189
51548
51190
51549
51191
51550
51192
51551
51193
51552
51194
51553
51195
51554
51196
51555
51197
51556
51198
51557
51199
51558
51200
51559
51201
51560
51202
51561
51203
51562
51204
51563
51205
51564
51206
51565
51207
51566
51208
51567
51209
51568
51210
51569
51211
51570
51212
51571
51213
51572
51214
51573
51215
51574
51216
51575
51217
51576
51218
51577
51219
51578
51220
51579
51221
51580
51222
51581
51223
51582
51224
51583
51225
51584
51226
51585
51227
51586
51228
51587
51229
51588
51230
51589
51231
51590
51232
51591
51233
51592
51234
51593
51235
51594
51236
51595
51237
51596
51238
51597
51239
51598
51240
51599
51241
51600
51242
51601
51243
51602
51244
51603
51245
51604
51246
51605
51247
51606
51248
51607
51249
51608
51250
51609
51251
51610
51252
51611
51253
51612
51254
51613
51255
51614
51256
51615
51257
51616
51258
51617
51259
51618
51260
51619
51261
51620
51262
51621
51263
51622
51264
51623
51265
51624
51266
51625
51267
51626
51268
51627
51269
51628
51270
51629
51271
51630
51272
51631
51273
51632
51633
51275
51634
51276
51635
51277
51636
51278
51637
51279
51638
51280
51639
51281
51640
51282
51641
51283
51642
51284
51643
51285
51644
51286
51645
51287
51646
51288
51647
51289
51648
51290
51649
51291
51650
51292
51651
51293
51652
51294
51653
51295
51654
51296
51655
51297
51656
51298
51657
51299
51658
51300
51659
51301
51660
51302
51661
51303
51662
51304
51663
51305
51664
51306
51665
51307
51666
51308
51667
51309
51668
51310
51669
51311
51670
51312
51671
51313
51672
51314
51673
51315
51674
51316
51675
51317
51676
51318
51677
51319
51678
51320
51679
51321
51680
51322
51681
51323
51682
51324
51683
51325
51684
51326
51685
51327
51686
51328
51687
51329
51688
51330
51689
51331
51690
51332
51691
51333
51692
51334
51693
51335
51694
51336
51695
51337
51696
51338
51697
51339
51698
51340
51699
51341
51700
51342
51701
51343
51702
51344
51703
51345
51704
51346
51705
51347
51706
51348
51707
51349
51708
51350
51709
51351
51710
51352
51711
51353
51712
51354
51713
51355
51714
51356
51715
51357
51716
51358
51717
51359
51718
51360
51719
51361
51720
51362
51721
51363
51722
51364
51723
51365
51724
51366
51725
51367
51726
51368
51727
51369
51728
51370
51729
51371
51730
51372
51731
51373
51732
51374
51733
51375
51734
51376
51735
51377
51736
51378
51737
51379
51738
51380
51739
51381
51740
51382
51741
51383
51742
51384
51743
51385
51744
51386
51745
51387
51746
51388
51747
51389
51748
51390
51749
51391
51750
51392
51751
51393
51752
51394
51753
51395
51754
51396
51755
51397
51756
51398
51757
51399
51758
51400
51759
51401
51760
51402
51761
51403
51762
51404
51763
51405
51764
51406
51765
51407
51766
51408
51767
51409
51768
51410
51769
51411
51770
51412
51771
51413
51772
51414
51773
51415
51774
51416
51775
51417
51776
51418
51777
51419
51778
51420
51779
51421
51780
51422
51781
51423
51782
51424
51783
51425
51784
51426
51785
51427
51786
51428
51787
51429
51788
51430
51789
51431
51790
51432
51791
51433
51792
51434
51793
51435
51794
51436
51795
51437
51796
51438
51797
51439
51798
51440
51799
51441
51800
51442
51801
51443
51802
51444
51803
51445
51804
51446
51805
51447
51806
51448
51807
51449
51808
51450
51809
51451
51810
51452
51811
51453
51812
51454
51813
51455
51814
51456
51815
51457
51816
51458
51817
51459
51818
51460
51819
51461
51820
51462
51821
51463
51822
51464
51823
51465
51824
51466
51825
51467
51826
51468
51827
51469
51828
51470
51829
51471
51830
51472
51831
51473
51832
51474
51833
51475
51834
51476
51835
51477
51836
51478
51837
51479
51838
51480
51839
51481
51840
51482
51841
51483
51842
51484
51843
51485
51844
51486
51845
51487
51846
51488
51847
51489
51848
51490
51849
51491
51850
51492
51851
51493
51852
51494
51853
51495
51854
51496
51855
51497
51856
51498
51857
51499
51858
51500
51859
51501
51860
51502
51861
51503
51862
51504
51863
51505
51864
51506
51865
51507
51866
51508
51867
51509
51868
51510
51869
51511
51870
51512
51871
51513
51872
51514
51873
51515
51874
51516
51875
51517
51876
51518
51877
51519
51878
51520
51879
51521
51880
51522
51881
51523
51882
51524
51883
51525
51884
51526
51885
51527
51886
51528
51887
51529
51888
51530
51889
51531
51890
51532
51891
51533
51892
51534
51893
51535
51894
51536
51895
51537
51896
51538
51897
51539
51898
51540
51899
51541
51900
51542
51901
51543
51902
51544
51903
51545
51904
51546
51905
51547
51906
51548
51907
51549
51908
51550
51909
51551
51910
51552
51911
51553
51912
51554
51913
51555
51914
51556
51915
51557
51916
51558
51917
51559
51918
51560
51919
51561
51920
51562
51921
51563
51922
51564
51923
51565
51924
51566
51925
51567
51926
51568
51927
51569
51928
51570
51929
51571
51930
51572
51931
51573
51932
51574
51933
51575
51934
51576
51935
51577
51936
51578
51937
51579
51938
51580
51939
51581
51940
51582
51941
51583
51942
51584
51943
51585
51944
51586
51945
51587
51946
51588
51947
51589
51948
51590
51949
51591
51950
51592
51951
51593
51952
51594
51953
51595
51954
51596
51955
51597
51956
51598
51957
51599
51958
51600
51959
51601
51960
51602
51961
51603
51962
51604
51963
51605
51964
51606
51965
51607
51966
51608
51967
51609
51968
51610
51969
51611
51970
51612
51971
51613
51972
51614
51973
51615
51974
51616
51975
51617
51976
51618
51977
51619
51978
51620
51979
51621
51980
51622
51981
51623
51982
51624
51983
51625
51984
51626
51985
51627
51986
51628
51987
51629
51988
51630
51989
51631
51990
51632
51991
51633
51992
51993
51635
51994
51636
51995
51637
51996
51638
51997
51639
51998
51640
51999
51641
52000
51642
52001
51643
52002
51644
52003
51645
51646
51647
51648
51649
51650
51651
51652
51653
51654
51655
51656
51657
51658
51659
51660
51661
51662
51663
51664
51665
51666
51667
51668
51669
51670
51671
51672
51673
51674
51675
51676
51677
51678
51679
51680
51681
51682
51683
51684
51685
51686
51687
51688
51689
51690
51691
51692
51693
51694
51695
51696
51697
51698
51699
51700
51701
51702
51703
51704
51705
51706
51707
51708
51709
51710
51711
51712
51713
51714
51715
51716
51717
51718
51719
51720
51721
51722
51723
51724
51725
51726
51727
51728
51729
51730
51731
51732
51733
51734
51735
51736
51737
51738
51739
51740
51741
51742
51743
51744
51745
51746
51747
51748
51749
51750
51751
51752
51753
51754
51755
51756
51757
51758
51759
51760
51761
51762
51763
51764
51765
51766
51767
51768
51769
51770
51771
51772
51773
51774
51775
51776
51777
51778
51779
51780
51781
51782
51783
51784
51785
51786
51787
51788
51789
51790
51791
51792
51793
51794
51795
51796
51797
51798
51799
51800
51801
51802
51803
51804
51805
51806
51807
51808
51809
51810
51811
51812
51813
51814
51815
51816
51817
51818
51819
51820
51821
51822
51823
51824
51825
51826
51827
51828
51829
51830
51831
51832
51833
51834
51835
51836
51837
51838
51839
51840
51841
51842
51843
51844
51845
51846
51847
51848
51849
51850
51851
51852
51853
51854
51855
51856
51857
51858
51859
51860
51861
51862
51863
51864
51865
51866
51867
51868
51869
51870
51871
51872
51873
51874
51875
51876
51877
51878
51879
51880
51881
51882
51883
51884
51885
51886
51887
51888
51889
51890
51891
51892
51893
51894
51895
51896
51897
51898
51899
51900
51901
51902
51903
51904
51905
51906
51907
51908
51909
51910
51911
51912
51913
51914
51915
51916
51917
51918
51919
51920
51921
51922
51923
51924
51925
51926
51927
51928
51929
51930
51931
51932
51933
51934
51935
51936
51937
51938
51939
51940
51941
51942
51943
51944
51945
51946
51947
51948
51949
51950
51951
51952
51953
51954
51955
51956
51957
51958
51959
51960
51961
51962
51963
51964
51965
51966
51967
51968
51969
51970
51971
51972
51973
51974
51975
51976
51977
51978
51979
51980
51981
51982
51983
51984
51985
51986
51987
52004
51988
52005
51989
52006
51990
52007
51991
52008
51992
52009
51993
52010
52011
51995
52012
51996
52013
51997
52014
51998
52015
51999
52016
52000
52017
52001
52018
52002
52019
52003
52020
52021
52005
52022
52006
52023
52007
52024
52008
52025
52009
52026
52010
52027
52011
52028
52029
52013
52030
52014
52031
52015
52032
52016
52033
52017
52034
52018
52035
52019
52036
52020
52037
52021
52038
52039
52023
52040
52024
52041
52025
52042
52026
52043
52027
52044
52028
52045
52029
52046
52047
52031
52048
52032
52049
52033
52050
52034
52051
52035
52052
52036
52053
52037
52054
52038
52055
52039
52056
52057
52041
52058
52042
52059
52043
52060
52044
52061
52045
52062
52046
52063
52047
52064
52065
52049
52050
52051
52052
52053
52054
52055
52056
52057
52059
52060
52061
52062
52063
52064
52065
)


// ************************************************************************* //
