/*--------------------------------*- C++ -*----------------------------------*\
  =========                 |
  \\      /  F ield         | OpenFOAM: The Open Source CFD Toolbox
   \\    /   O peration     | Website:  https://openfoam.org
    \\  /    A nd           | Version:  7
     \\/     M anipulation  |
\*---------------------------------------------------------------------------*/
FoamFile
{
    version     2.0;
    format      ascii;
    class       labelList;
    note        "nPoints: 65702 nCells: 32400 nFaces: 130050 nInternalFaces: 64350";
    location    "constant/polyMesh";
    object      neighbour;
}
// * * * * * * * * * * * * * * * * * * * * * * * * * * * * * * * * * * * * * //


64350
(
1
360
2
361
3
362
4
363
5
364
6
365
7
366
8
367
9
368
10
369
11
370
12
371
13
372
14
373
15
374
16
375
17
376
18
377
19
378
20
379
21
380
22
381
23
382
24
383
25
384
26
385
27
386
28
387
29
388
30
389
31
390
32
391
33
392
34
393
35
394
36
395
37
396
38
397
39
398
40
399
41
400
42
401
43
402
44
403
45
404
46
405
47
406
48
407
49
408
50
409
51
410
52
411
53
412
54
413
55
414
56
415
57
416
58
417
59
418
60
419
61
420
62
421
63
422
64
423
65
424
66
425
67
426
68
427
69
428
70
429
71
430
72
431
73
432
74
433
75
434
76
435
77
436
78
437
79
438
80
439
81
440
82
441
83
442
84
443
85
444
86
445
87
446
88
447
89
448
90
449
91
450
92
451
93
452
94
453
95
454
96
455
97
456
98
457
99
458
100
459
101
460
102
461
103
462
104
463
105
464
106
465
107
466
108
467
109
468
110
469
111
470
112
471
113
472
114
473
115
474
116
475
117
476
118
477
119
478
120
479
121
480
122
481
123
482
124
483
125
484
126
485
127
486
128
487
129
488
130
489
131
490
132
491
133
492
134
493
135
494
136
495
137
496
138
497
139
498
140
499
141
500
142
501
143
502
144
503
145
504
146
505
147
506
148
507
149
508
150
509
151
510
152
511
153
512
154
513
155
514
156
515
157
516
158
517
159
518
160
519
161
520
162
521
163
522
164
523
165
524
166
525
167
526
168
527
169
528
170
529
171
530
172
531
173
532
174
533
175
534
176
535
177
536
178
537
179
538
180
539
181
540
182
541
183
542
184
543
185
544
186
545
187
546
188
547
189
548
190
549
191
550
192
551
193
552
194
553
195
554
196
555
197
556
198
557
199
558
200
559
201
560
202
561
203
562
204
563
205
564
206
565
207
566
208
567
209
568
210
569
211
570
212
571
213
572
214
573
215
574
216
575
217
576
218
577
219
578
220
579
221
580
222
581
223
582
224
583
225
584
226
585
227
586
228
587
229
588
230
589
231
590
232
591
233
592
234
593
235
594
236
595
237
596
238
597
239
598
240
599
241
600
242
601
243
602
244
603
245
604
246
605
247
606
248
607
249
608
250
609
251
610
252
611
253
612
254
613
255
614
256
615
257
616
258
617
259
618
260
619
261
620
262
621
263
622
264
623
265
624
266
625
267
626
268
627
269
628
270
629
271
630
272
631
273
632
274
633
275
634
276
635
277
636
278
637
279
638
280
639
281
640
282
641
283
642
284
643
285
644
286
645
287
646
288
647
289
648
290
649
291
650
292
651
293
652
294
653
295
654
296
655
297
656
298
657
299
658
300
659
301
660
302
661
303
662
304
663
305
664
306
665
307
666
308
667
309
668
310
669
311
670
312
671
313
672
314
673
315
674
316
675
317
676
318
677
319
678
320
679
321
680
322
681
323
682
324
683
325
684
326
685
327
686
328
687
329
688
330
689
331
690
332
691
333
692
334
693
335
694
336
695
337
696
338
697
339
698
340
699
341
700
342
701
343
702
344
703
345
704
346
705
347
706
348
707
349
708
350
709
351
710
352
711
353
712
354
713
355
714
356
715
357
716
358
717
359
718
719
361
720
362
721
363
722
364
723
365
724
366
725
367
726
368
727
369
728
370
729
371
730
372
731
373
732
374
733
375
734
376
735
377
736
378
737
379
738
380
739
381
740
382
741
383
742
384
743
385
744
386
745
387
746
388
747
389
748
390
749
391
750
392
751
393
752
394
753
395
754
396
755
397
756
398
757
399
758
400
759
401
760
402
761
403
762
404
763
405
764
406
765
407
766
408
767
409
768
410
769
411
770
412
771
413
772
414
773
415
774
416
775
417
776
418
777
419
778
420
779
421
780
422
781
423
782
424
783
425
784
426
785
427
786
428
787
429
788
430
789
431
790
432
791
433
792
434
793
435
794
436
795
437
796
438
797
439
798
440
799
441
800
442
801
443
802
444
803
445
804
446
805
447
806
448
807
449
808
450
809
451
810
452
811
453
812
454
813
455
814
456
815
457
816
458
817
459
818
460
819
461
820
462
821
463
822
464
823
465
824
466
825
467
826
468
827
469
828
470
829
471
830
472
831
473
832
474
833
475
834
476
835
477
836
478
837
479
838
480
839
481
840
482
841
483
842
484
843
485
844
486
845
487
846
488
847
489
848
490
849
491
850
492
851
493
852
494
853
495
854
496
855
497
856
498
857
499
858
500
859
501
860
502
861
503
862
504
863
505
864
506
865
507
866
508
867
509
868
510
869
511
870
512
871
513
872
514
873
515
874
516
875
517
876
518
877
519
878
520
879
521
880
522
881
523
882
524
883
525
884
526
885
527
886
528
887
529
888
530
889
531
890
532
891
533
892
534
893
535
894
536
895
537
896
538
897
539
898
540
899
541
900
542
901
543
902
544
903
545
904
546
905
547
906
548
907
549
908
550
909
551
910
552
911
553
912
554
913
555
914
556
915
557
916
558
917
559
918
560
919
561
920
562
921
563
922
564
923
565
924
566
925
567
926
568
927
569
928
570
929
571
930
572
931
573
932
574
933
575
934
576
935
577
936
578
937
579
938
580
939
581
940
582
941
583
942
584
943
585
944
586
945
587
946
588
947
589
948
590
949
591
950
592
951
593
952
594
953
595
954
596
955
597
956
598
957
599
958
600
959
601
960
602
961
603
962
604
963
605
964
606
965
607
966
608
967
609
968
610
969
611
970
612
971
613
972
614
973
615
974
616
975
617
976
618
977
619
978
620
979
621
980
622
981
623
982
624
983
625
984
626
985
627
986
628
987
629
988
630
989
631
990
632
991
633
992
634
993
635
994
636
995
637
996
638
997
639
998
640
999
641
1000
642
1001
643
1002
644
1003
645
1004
646
1005
647
1006
648
1007
649
1008
650
1009
651
1010
652
1011
653
1012
654
1013
655
1014
656
1015
657
1016
658
1017
659
1018
660
1019
661
1020
662
1021
663
1022
664
1023
665
1024
666
1025
667
1026
668
1027
669
1028
670
1029
671
1030
672
1031
673
1032
674
1033
675
1034
676
1035
677
1036
678
1037
679
1038
680
1039
681
1040
682
1041
683
1042
684
1043
685
1044
686
1045
687
1046
688
1047
689
1048
690
1049
691
1050
692
1051
693
1052
694
1053
695
1054
696
1055
697
1056
698
1057
699
1058
700
1059
701
1060
702
1061
703
1062
704
1063
705
1064
706
1065
707
1066
708
1067
709
1068
710
1069
711
1070
712
1071
713
1072
714
1073
715
1074
716
1075
717
1076
718
1077
719
1078
1079
721
1080
722
1081
723
1082
724
1083
725
1084
726
1085
727
1086
728
1087
729
1088
730
1089
731
1090
732
1091
733
1092
734
1093
735
1094
736
1095
737
1096
738
1097
739
1098
740
1099
741
1100
742
1101
743
1102
744
1103
745
1104
746
1105
747
1106
748
1107
749
1108
750
1109
751
1110
752
1111
753
1112
754
1113
755
1114
756
1115
757
1116
758
1117
759
1118
760
1119
761
1120
762
1121
763
1122
764
1123
765
1124
766
1125
767
1126
768
1127
769
1128
770
1129
771
1130
772
1131
773
1132
774
1133
775
1134
776
1135
777
1136
778
1137
779
1138
780
1139
781
1140
782
1141
783
1142
784
1143
785
1144
786
1145
787
1146
788
1147
789
1148
790
1149
791
1150
792
1151
793
1152
794
1153
795
1154
796
1155
797
1156
798
1157
799
1158
800
1159
801
1160
802
1161
803
1162
804
1163
805
1164
806
1165
807
1166
808
1167
809
1168
810
1169
811
1170
812
1171
813
1172
814
1173
815
1174
816
1175
817
1176
818
1177
819
1178
820
1179
821
1180
822
1181
823
1182
824
1183
825
1184
826
1185
827
1186
828
1187
829
1188
830
1189
831
1190
832
1191
833
1192
834
1193
835
1194
836
1195
837
1196
838
1197
839
1198
840
1199
841
1200
842
1201
843
1202
844
1203
845
1204
846
1205
847
1206
848
1207
849
1208
850
1209
851
1210
852
1211
853
1212
854
1213
855
1214
856
1215
857
1216
858
1217
859
1218
860
1219
861
1220
862
1221
863
1222
864
1223
865
1224
866
1225
867
1226
868
1227
869
1228
870
1229
871
1230
872
1231
873
1232
874
1233
875
1234
876
1235
877
1236
878
1237
879
1238
880
1239
881
1240
882
1241
883
1242
884
1243
885
1244
886
1245
887
1246
888
1247
889
1248
890
1249
891
1250
892
1251
893
1252
894
1253
895
1254
896
1255
897
1256
898
1257
899
1258
900
1259
901
1260
902
1261
903
1262
904
1263
905
1264
906
1265
907
1266
908
1267
909
1268
910
1269
911
1270
912
1271
913
1272
914
1273
915
1274
916
1275
917
1276
918
1277
919
1278
920
1279
921
1280
922
1281
923
1282
924
1283
925
1284
926
1285
927
1286
928
1287
929
1288
930
1289
931
1290
932
1291
933
1292
934
1293
935
1294
936
1295
937
1296
938
1297
939
1298
940
1299
941
1300
942
1301
943
1302
944
1303
945
1304
946
1305
947
1306
948
1307
949
1308
950
1309
951
1310
952
1311
953
1312
954
1313
955
1314
956
1315
957
1316
958
1317
959
1318
960
1319
961
1320
962
1321
963
1322
964
1323
965
1324
966
1325
967
1326
968
1327
969
1328
970
1329
971
1330
972
1331
973
1332
974
1333
975
1334
976
1335
977
1336
978
1337
979
1338
980
1339
981
1340
982
1341
983
1342
984
1343
985
1344
986
1345
987
1346
988
1347
989
1348
990
1349
991
1350
992
1351
993
1352
994
1353
995
1354
996
1355
997
1356
998
1357
999
1358
1000
1359
1001
1360
1002
1361
1003
1362
1004
1363
1005
1364
1006
1365
1007
1366
1008
1367
1009
1368
1010
1369
1011
1370
1012
1371
1013
1372
1014
1373
1015
1374
1016
1375
1017
1376
1018
1377
1019
1378
1020
1379
1021
1380
1022
1381
1023
1382
1024
1383
1025
1384
1026
1385
1027
1386
1028
1387
1029
1388
1030
1389
1031
1390
1032
1391
1033
1392
1034
1393
1035
1394
1036
1395
1037
1396
1038
1397
1039
1398
1040
1399
1041
1400
1042
1401
1043
1402
1044
1403
1045
1404
1046
1405
1047
1406
1048
1407
1049
1408
1050
1409
1051
1410
1052
1411
1053
1412
1054
1413
1055
1414
1056
1415
1057
1416
1058
1417
1059
1418
1060
1419
1061
1420
1062
1421
1063
1422
1064
1423
1065
1424
1066
1425
1067
1426
1068
1427
1069
1428
1070
1429
1071
1430
1072
1431
1073
1432
1074
1433
1075
1434
1076
1435
1077
1436
1078
1437
1079
1438
1439
1081
1440
1082
1441
1083
1442
1084
1443
1085
1444
1086
1445
1087
1446
1088
1447
1089
1448
1090
1449
1091
1450
1092
1451
1093
1452
1094
1453
1095
1454
1096
1455
1097
1456
1098
1457
1099
1458
1100
1459
1101
1460
1102
1461
1103
1462
1104
1463
1105
1464
1106
1465
1107
1466
1108
1467
1109
1468
1110
1469
1111
1470
1112
1471
1113
1472
1114
1473
1115
1474
1116
1475
1117
1476
1118
1477
1119
1478
1120
1479
1121
1480
1122
1481
1123
1482
1124
1483
1125
1484
1126
1485
1127
1486
1128
1487
1129
1488
1130
1489
1131
1490
1132
1491
1133
1492
1134
1493
1135
1494
1136
1495
1137
1496
1138
1497
1139
1498
1140
1499
1141
1500
1142
1501
1143
1502
1144
1503
1145
1504
1146
1505
1147
1506
1148
1507
1149
1508
1150
1509
1151
1510
1152
1511
1153
1512
1154
1513
1155
1514
1156
1515
1157
1516
1158
1517
1159
1518
1160
1519
1161
1520
1162
1521
1163
1522
1164
1523
1165
1524
1166
1525
1167
1526
1168
1527
1169
1528
1170
1529
1171
1530
1172
1531
1173
1532
1174
1533
1175
1534
1176
1535
1177
1536
1178
1537
1179
1538
1180
1539
1181
1540
1182
1541
1183
1542
1184
1543
1185
1544
1186
1545
1187
1546
1188
1547
1189
1548
1190
1549
1191
1550
1192
1551
1193
1552
1194
1553
1195
1554
1196
1555
1197
1556
1198
1557
1199
1558
1200
1559
1201
1560
1202
1561
1203
1562
1204
1563
1205
1564
1206
1565
1207
1566
1208
1567
1209
1568
1210
1569
1211
1570
1212
1571
1213
1572
1214
1573
1215
1574
1216
1575
1217
1576
1218
1577
1219
1578
1220
1579
1221
1580
1222
1581
1223
1582
1224
1583
1225
1584
1226
1585
1227
1586
1228
1587
1229
1588
1230
1589
1231
1590
1232
1591
1233
1592
1234
1593
1235
1594
1236
1595
1237
1596
1238
1597
1239
1598
1240
1599
1241
1600
1242
1601
1243
1602
1244
1603
1245
1604
1246
1605
1247
1606
1248
1607
1249
1608
1250
1609
1251
1610
1252
1611
1253
1612
1254
1613
1255
1614
1256
1615
1257
1616
1258
1617
1259
1618
1260
1619
1261
1620
1262
1621
1263
1622
1264
1623
1265
1624
1266
1625
1267
1626
1268
1627
1269
1628
1270
1629
1271
1630
1272
1631
1273
1632
1274
1633
1275
1634
1276
1635
1277
1636
1278
1637
1279
1638
1280
1639
1281
1640
1282
1641
1283
1642
1284
1643
1285
1644
1286
1645
1287
1646
1288
1647
1289
1648
1290
1649
1291
1650
1292
1651
1293
1652
1294
1653
1295
1654
1296
1655
1297
1656
1298
1657
1299
1658
1300
1659
1301
1660
1302
1661
1303
1662
1304
1663
1305
1664
1306
1665
1307
1666
1308
1667
1309
1668
1310
1669
1311
1670
1312
1671
1313
1672
1314
1673
1315
1674
1316
1675
1317
1676
1318
1677
1319
1678
1320
1679
1321
1680
1322
1681
1323
1682
1324
1683
1325
1684
1326
1685
1327
1686
1328
1687
1329
1688
1330
1689
1331
1690
1332
1691
1333
1692
1334
1693
1335
1694
1336
1695
1337
1696
1338
1697
1339
1698
1340
1699
1341
1700
1342
1701
1343
1702
1344
1703
1345
1704
1346
1705
1347
1706
1348
1707
1349
1708
1350
1709
1351
1710
1352
1711
1353
1712
1354
1713
1355
1714
1356
1715
1357
1716
1358
1717
1359
1718
1360
1719
1361
1720
1362
1721
1363
1722
1364
1723
1365
1724
1366
1725
1367
1726
1368
1727
1369
1728
1370
1729
1371
1730
1372
1731
1373
1732
1374
1733
1375
1734
1376
1735
1377
1736
1378
1737
1379
1738
1380
1739
1381
1740
1382
1741
1383
1742
1384
1743
1385
1744
1386
1745
1387
1746
1388
1747
1389
1748
1390
1749
1391
1750
1392
1751
1393
1752
1394
1753
1395
1754
1396
1755
1397
1756
1398
1757
1399
1758
1400
1759
1401
1760
1402
1761
1403
1762
1404
1763
1405
1764
1406
1765
1407
1766
1408
1767
1409
1768
1410
1769
1411
1770
1412
1771
1413
1772
1414
1773
1415
1774
1416
1775
1417
1776
1418
1777
1419
1778
1420
1779
1421
1780
1422
1781
1423
1782
1424
1783
1425
1784
1426
1785
1427
1786
1428
1787
1429
1788
1430
1789
1431
1790
1432
1791
1433
1792
1434
1793
1435
1794
1436
1795
1437
1796
1438
1797
1439
1798
1799
1441
1800
1442
1801
1443
1802
1444
1803
1445
1804
1446
1805
1447
1806
1448
1807
1449
1808
1450
1809
1451
1810
1452
1811
1453
1812
1454
1813
1455
1814
1456
1815
1457
1816
1458
1817
1459
1818
1460
1819
1461
1820
1462
1821
1463
1822
1464
1823
1465
1824
1466
1825
1467
1826
1468
1827
1469
1828
1470
1829
1471
1830
1472
1831
1473
1832
1474
1833
1475
1834
1476
1835
1477
1836
1478
1837
1479
1838
1480
1839
1481
1840
1482
1841
1483
1842
1484
1843
1485
1844
1486
1845
1487
1846
1488
1847
1489
1848
1490
1849
1491
1850
1492
1851
1493
1852
1494
1853
1495
1854
1496
1855
1497
1856
1498
1857
1499
1858
1500
1859
1501
1860
1502
1861
1503
1862
1504
1863
1505
1864
1506
1865
1507
1866
1508
1867
1509
1868
1510
1869
1511
1870
1512
1871
1513
1872
1514
1873
1515
1874
1516
1875
1517
1876
1518
1877
1519
1878
1520
1879
1521
1880
1522
1881
1523
1882
1524
1883
1525
1884
1526
1885
1527
1886
1528
1887
1529
1888
1530
1889
1531
1890
1532
1891
1533
1892
1534
1893
1535
1894
1536
1895
1537
1896
1538
1897
1539
1898
1540
1899
1541
1900
1542
1901
1543
1902
1544
1903
1545
1904
1546
1905
1547
1906
1548
1907
1549
1908
1550
1909
1551
1910
1552
1911
1553
1912
1554
1913
1555
1914
1556
1915
1557
1916
1558
1917
1559
1918
1560
1919
1561
1920
1562
1921
1563
1922
1564
1923
1565
1924
1566
1925
1567
1926
1568
1927
1569
1928
1570
1929
1571
1930
1572
1931
1573
1932
1574
1933
1575
1934
1576
1935
1577
1936
1578
1937
1579
1938
1580
1939
1581
1940
1582
1941
1583
1942
1584
1943
1585
1944
1586
1945
1587
1946
1588
1947
1589
1948
1590
1949
1591
1950
1592
1951
1593
1952
1594
1953
1595
1954
1596
1955
1597
1956
1598
1957
1599
1958
1600
1959
1601
1960
1602
1961
1603
1962
1604
1963
1605
1964
1606
1965
1607
1966
1608
1967
1609
1968
1610
1969
1611
1970
1612
1971
1613
1972
1614
1973
1615
1974
1616
1975
1617
1976
1618
1977
1619
1978
1620
1979
1621
1980
1622
1981
1623
1982
1624
1983
1625
1984
1626
1985
1627
1986
1628
1987
1629
1988
1630
1989
1631
1990
1632
1991
1633
1992
1634
1993
1635
1994
1636
1995
1637
1996
1638
1997
1639
1998
1640
1999
1641
2000
1642
2001
1643
2002
1644
2003
1645
2004
1646
2005
1647
2006
1648
2007
1649
2008
1650
2009
1651
2010
1652
2011
1653
2012
1654
2013
1655
2014
1656
2015
1657
2016
1658
2017
1659
2018
1660
2019
1661
2020
1662
2021
1663
2022
1664
2023
1665
2024
1666
2025
1667
2026
1668
2027
1669
2028
1670
2029
1671
2030
1672
2031
1673
2032
1674
2033
1675
2034
1676
2035
1677
2036
1678
2037
1679
2038
1680
2039
1681
2040
1682
2041
1683
2042
1684
2043
1685
2044
1686
2045
1687
2046
1688
2047
1689
2048
1690
2049
1691
2050
1692
2051
1693
2052
1694
2053
1695
2054
1696
2055
1697
2056
1698
2057
1699
2058
1700
2059
1701
2060
1702
2061
1703
2062
1704
2063
1705
2064
1706
2065
1707
2066
1708
2067
1709
2068
1710
2069
1711
2070
1712
2071
1713
2072
1714
2073
1715
2074
1716
2075
1717
2076
1718
2077
1719
2078
1720
2079
1721
2080
1722
2081
1723
2082
1724
2083
1725
2084
1726
2085
1727
2086
1728
2087
1729
2088
1730
2089
1731
2090
1732
2091
1733
2092
1734
2093
1735
2094
1736
2095
1737
2096
1738
2097
1739
2098
1740
2099
1741
2100
1742
2101
1743
2102
1744
2103
1745
2104
1746
2105
1747
2106
1748
2107
1749
2108
1750
2109
1751
2110
1752
2111
1753
2112
1754
2113
1755
2114
1756
2115
1757
2116
1758
2117
1759
2118
1760
2119
1761
2120
1762
2121
1763
2122
1764
2123
1765
2124
1766
2125
1767
2126
1768
2127
1769
2128
1770
2129
1771
2130
1772
2131
1773
2132
1774
2133
1775
2134
1776
2135
1777
2136
1778
2137
1779
2138
1780
2139
1781
2140
1782
2141
1783
2142
1784
2143
1785
2144
1786
2145
1787
2146
1788
2147
1789
2148
1790
2149
1791
2150
1792
2151
1793
2152
1794
2153
1795
2154
1796
2155
1797
2156
1798
2157
1799
2158
2159
1801
2160
1802
2161
1803
2162
1804
2163
1805
2164
1806
2165
1807
2166
1808
2167
1809
2168
1810
2169
1811
2170
1812
2171
1813
2172
1814
2173
1815
2174
1816
2175
1817
2176
1818
2177
1819
2178
1820
2179
1821
2180
1822
2181
1823
2182
1824
2183
1825
2184
1826
2185
1827
2186
1828
2187
1829
2188
1830
2189
1831
2190
1832
2191
1833
2192
1834
2193
1835
2194
1836
2195
1837
2196
1838
2197
1839
2198
1840
2199
1841
2200
1842
2201
1843
2202
1844
2203
1845
2204
1846
2205
1847
2206
1848
2207
1849
2208
1850
2209
1851
2210
1852
2211
1853
2212
1854
2213
1855
2214
1856
2215
1857
2216
1858
2217
1859
2218
1860
2219
1861
2220
1862
2221
1863
2222
1864
2223
1865
2224
1866
2225
1867
2226
1868
2227
1869
2228
1870
2229
1871
2230
1872
2231
1873
2232
1874
2233
1875
2234
1876
2235
1877
2236
1878
2237
1879
2238
1880
2239
1881
2240
1882
2241
1883
2242
1884
2243
1885
2244
1886
2245
1887
2246
1888
2247
1889
2248
1890
2249
1891
2250
1892
2251
1893
2252
1894
2253
1895
2254
1896
2255
1897
2256
1898
2257
1899
2258
1900
2259
1901
2260
1902
2261
1903
2262
1904
2263
1905
2264
1906
2265
1907
2266
1908
2267
1909
2268
1910
2269
1911
2270
1912
2271
1913
2272
1914
2273
1915
2274
1916
2275
1917
2276
1918
2277
1919
2278
1920
2279
1921
2280
1922
2281
1923
2282
1924
2283
1925
2284
1926
2285
1927
2286
1928
2287
1929
2288
1930
2289
1931
2290
1932
2291
1933
2292
1934
2293
1935
2294
1936
2295
1937
2296
1938
2297
1939
2298
1940
2299
1941
2300
1942
2301
1943
2302
1944
2303
1945
2304
1946
2305
1947
2306
1948
2307
1949
2308
1950
2309
1951
2310
1952
2311
1953
2312
1954
2313
1955
2314
1956
2315
1957
2316
1958
2317
1959
2318
1960
2319
1961
2320
1962
2321
1963
2322
1964
2323
1965
2324
1966
2325
1967
2326
1968
2327
1969
2328
1970
2329
1971
2330
1972
2331
1973
2332
1974
2333
1975
2334
1976
2335
1977
2336
1978
2337
1979
2338
1980
2339
1981
2340
1982
2341
1983
2342
1984
2343
1985
2344
1986
2345
1987
2346
1988
2347
1989
2348
1990
2349
1991
2350
1992
2351
1993
2352
1994
2353
1995
2354
1996
2355
1997
2356
1998
2357
1999
2358
2000
2359
2001
2360
2002
2361
2003
2362
2004
2363
2005
2364
2006
2365
2007
2366
2008
2367
2009
2368
2010
2369
2011
2370
2012
2371
2013
2372
2014
2373
2015
2374
2016
2375
2017
2376
2018
2377
2019
2378
2020
2379
2021
2380
2022
2381
2023
2382
2024
2383
2025
2384
2026
2385
2027
2386
2028
2387
2029
2388
2030
2389
2031
2390
2032
2391
2033
2392
2034
2393
2035
2394
2036
2395
2037
2396
2038
2397
2039
2398
2040
2399
2041
2400
2042
2401
2043
2402
2044
2403
2045
2404
2046
2405
2047
2406
2048
2407
2049
2408
2050
2409
2051
2410
2052
2411
2053
2412
2054
2413
2055
2414
2056
2415
2057
2416
2058
2417
2059
2418
2060
2419
2061
2420
2062
2421
2063
2422
2064
2423
2065
2424
2066
2425
2067
2426
2068
2427
2069
2428
2070
2429
2071
2430
2072
2431
2073
2432
2074
2433
2075
2434
2076
2435
2077
2436
2078
2437
2079
2438
2080
2439
2081
2440
2082
2441
2083
2442
2084
2443
2085
2444
2086
2445
2087
2446
2088
2447
2089
2448
2090
2449
2091
2450
2092
2451
2093
2452
2094
2453
2095
2454
2096
2455
2097
2456
2098
2457
2099
2458
2100
2459
2101
2460
2102
2461
2103
2462
2104
2463
2105
2464
2106
2465
2107
2466
2108
2467
2109
2468
2110
2469
2111
2470
2112
2471
2113
2472
2114
2473
2115
2474
2116
2475
2117
2476
2118
2477
2119
2478
2120
2479
2121
2480
2122
2481
2123
2482
2124
2483
2125
2484
2126
2485
2127
2486
2128
2487
2129
2488
2130
2489
2131
2490
2132
2491
2133
2492
2134
2493
2135
2494
2136
2495
2137
2496
2138
2497
2139
2498
2140
2499
2141
2500
2142
2501
2143
2502
2144
2503
2145
2504
2146
2505
2147
2506
2148
2507
2149
2508
2150
2509
2151
2510
2152
2511
2153
2512
2154
2513
2155
2514
2156
2515
2157
2516
2158
2517
2159
2518
2519
2161
2520
2162
2521
2163
2522
2164
2523
2165
2524
2166
2525
2167
2526
2168
2527
2169
2528
2170
2529
2171
2530
2172
2531
2173
2532
2174
2533
2175
2534
2176
2535
2177
2536
2178
2537
2179
2538
2180
2539
2181
2540
2182
2541
2183
2542
2184
2543
2185
2544
2186
2545
2187
2546
2188
2547
2189
2548
2190
2549
2191
2550
2192
2551
2193
2552
2194
2553
2195
2554
2196
2555
2197
2556
2198
2557
2199
2558
2200
2559
2201
2560
2202
2561
2203
2562
2204
2563
2205
2564
2206
2565
2207
2566
2208
2567
2209
2568
2210
2569
2211
2570
2212
2571
2213
2572
2214
2573
2215
2574
2216
2575
2217
2576
2218
2577
2219
2578
2220
2579
2221
2580
2222
2581
2223
2582
2224
2583
2225
2584
2226
2585
2227
2586
2228
2587
2229
2588
2230
2589
2231
2590
2232
2591
2233
2592
2234
2593
2235
2594
2236
2595
2237
2596
2238
2597
2239
2598
2240
2599
2241
2600
2242
2601
2243
2602
2244
2603
2245
2604
2246
2605
2247
2606
2248
2607
2249
2608
2250
2609
2251
2610
2252
2611
2253
2612
2254
2613
2255
2614
2256
2615
2257
2616
2258
2617
2259
2618
2260
2619
2261
2620
2262
2621
2263
2622
2264
2623
2265
2624
2266
2625
2267
2626
2268
2627
2269
2628
2270
2629
2271
2630
2272
2631
2273
2632
2274
2633
2275
2634
2276
2635
2277
2636
2278
2637
2279
2638
2280
2639
2281
2640
2282
2641
2283
2642
2284
2643
2285
2644
2286
2645
2287
2646
2288
2647
2289
2648
2290
2649
2291
2650
2292
2651
2293
2652
2294
2653
2295
2654
2296
2655
2297
2656
2298
2657
2299
2658
2300
2659
2301
2660
2302
2661
2303
2662
2304
2663
2305
2664
2306
2665
2307
2666
2308
2667
2309
2668
2310
2669
2311
2670
2312
2671
2313
2672
2314
2673
2315
2674
2316
2675
2317
2676
2318
2677
2319
2678
2320
2679
2321
2680
2322
2681
2323
2682
2324
2683
2325
2684
2326
2685
2327
2686
2328
2687
2329
2688
2330
2689
2331
2690
2332
2691
2333
2692
2334
2693
2335
2694
2336
2695
2337
2696
2338
2697
2339
2698
2340
2699
2341
2700
2342
2701
2343
2702
2344
2703
2345
2704
2346
2705
2347
2706
2348
2707
2349
2708
2350
2709
2351
2710
2352
2711
2353
2712
2354
2713
2355
2714
2356
2715
2357
2716
2358
2717
2359
2718
2360
2719
2361
2720
2362
2721
2363
2722
2364
2723
2365
2724
2366
2725
2367
2726
2368
2727
2369
2728
2370
2729
2371
2730
2372
2731
2373
2732
2374
2733
2375
2734
2376
2735
2377
2736
2378
2737
2379
2738
2380
2739
2381
2740
2382
2741
2383
2742
2384
2743
2385
2744
2386
2745
2387
2746
2388
2747
2389
2748
2390
2749
2391
2750
2392
2751
2393
2752
2394
2753
2395
2754
2396
2755
2397
2756
2398
2757
2399
2758
2400
2759
2401
2760
2402
2761
2403
2762
2404
2763
2405
2764
2406
2765
2407
2766
2408
2767
2409
2768
2410
2769
2411
2770
2412
2771
2413
2772
2414
2773
2415
2774
2416
2775
2417
2776
2418
2777
2419
2778
2420
2779
2421
2780
2422
2781
2423
2782
2424
2783
2425
2784
2426
2785
2427
2786
2428
2787
2429
2788
2430
2789
2431
2790
2432
2791
2433
2792
2434
2793
2435
2794
2436
2795
2437
2796
2438
2797
2439
2798
2440
2799
2441
2800
2442
2801
2443
2802
2444
2803
2445
2804
2446
2805
2447
2806
2448
2807
2449
2808
2450
2809
2451
2810
2452
2811
2453
2812
2454
2813
2455
2814
2456
2815
2457
2816
2458
2817
2459
2818
2460
2819
2461
2820
2462
2821
2463
2822
2464
2823
2465
2824
2466
2825
2467
2826
2468
2827
2469
2828
2470
2829
2471
2830
2472
2831
2473
2832
2474
2833
2475
2834
2476
2835
2477
2836
2478
2837
2479
2838
2480
2839
2481
2840
2482
2841
2483
2842
2484
2843
2485
2844
2486
2845
2487
2846
2488
2847
2489
2848
2490
2849
2491
2850
2492
2851
2493
2852
2494
2853
2495
2854
2496
2855
2497
2856
2498
2857
2499
2858
2500
2859
2501
2860
2502
2861
2503
2862
2504
2863
2505
2864
2506
2865
2507
2866
2508
2867
2509
2868
2510
2869
2511
2870
2512
2871
2513
2872
2514
2873
2515
2874
2516
2875
2517
2876
2518
2877
2519
2878
2879
2521
2880
2522
2881
2523
2882
2524
2883
2525
2884
2526
2885
2527
2886
2528
2887
2529
2888
2530
2889
2531
2890
2532
2891
2533
2892
2534
2893
2535
2894
2536
2895
2537
2896
2538
2897
2539
2898
2540
2899
2541
2900
2542
2901
2543
2902
2544
2903
2545
2904
2546
2905
2547
2906
2548
2907
2549
2908
2550
2909
2551
2910
2552
2911
2553
2912
2554
2913
2555
2914
2556
2915
2557
2916
2558
2917
2559
2918
2560
2919
2561
2920
2562
2921
2563
2922
2564
2923
2565
2924
2566
2925
2567
2926
2568
2927
2569
2928
2570
2929
2571
2930
2572
2931
2573
2932
2574
2933
2575
2934
2576
2935
2577
2936
2578
2937
2579
2938
2580
2939
2581
2940
2582
2941
2583
2942
2584
2943
2585
2944
2586
2945
2587
2946
2588
2947
2589
2948
2590
2949
2591
2950
2592
2951
2593
2952
2594
2953
2595
2954
2596
2955
2597
2956
2598
2957
2599
2958
2600
2959
2601
2960
2602
2961
2603
2962
2604
2963
2605
2964
2606
2965
2607
2966
2608
2967
2609
2968
2610
2969
2611
2970
2612
2971
2613
2972
2614
2973
2615
2974
2616
2975
2617
2976
2618
2977
2619
2978
2620
2979
2621
2980
2622
2981
2623
2982
2624
2983
2625
2984
2626
2985
2627
2986
2628
2987
2629
2988
2630
2989
2631
2990
2632
2991
2633
2992
2634
2993
2635
2994
2636
2995
2637
2996
2638
2997
2639
2998
2640
2999
2641
3000
2642
3001
2643
3002
2644
3003
2645
3004
2646
3005
2647
3006
2648
3007
2649
3008
2650
3009
2651
3010
2652
3011
2653
3012
2654
3013
2655
3014
2656
3015
2657
3016
2658
3017
2659
3018
2660
3019
2661
3020
2662
3021
2663
3022
2664
3023
2665
3024
2666
3025
2667
3026
2668
3027
2669
3028
2670
3029
2671
3030
2672
3031
2673
3032
2674
3033
2675
3034
2676
3035
2677
3036
2678
3037
2679
3038
2680
3039
2681
3040
2682
3041
2683
3042
2684
3043
2685
3044
2686
3045
2687
3046
2688
3047
2689
3048
2690
3049
2691
3050
2692
3051
2693
3052
2694
3053
2695
3054
2696
3055
2697
3056
2698
3057
2699
3058
2700
3059
2701
3060
2702
3061
2703
3062
2704
3063
2705
3064
2706
3065
2707
3066
2708
3067
2709
3068
2710
3069
2711
3070
2712
3071
2713
3072
2714
3073
2715
3074
2716
3075
2717
3076
2718
3077
2719
3078
2720
3079
2721
3080
2722
3081
2723
3082
2724
3083
2725
3084
2726
3085
2727
3086
2728
3087
2729
3088
2730
3089
2731
3090
2732
3091
2733
3092
2734
3093
2735
3094
2736
3095
2737
3096
2738
3097
2739
3098
2740
3099
2741
3100
2742
3101
2743
3102
2744
3103
2745
3104
2746
3105
2747
3106
2748
3107
2749
3108
2750
3109
2751
3110
2752
3111
2753
3112
2754
3113
2755
3114
2756
3115
2757
3116
2758
3117
2759
3118
2760
3119
2761
3120
2762
3121
2763
3122
2764
3123
2765
3124
2766
3125
2767
3126
2768
3127
2769
3128
2770
3129
2771
3130
2772
3131
2773
3132
2774
3133
2775
3134
2776
3135
2777
3136
2778
3137
2779
3138
2780
3139
2781
3140
2782
3141
2783
3142
2784
3143
2785
3144
2786
3145
2787
3146
2788
3147
2789
3148
2790
3149
2791
3150
2792
3151
2793
3152
2794
3153
2795
3154
2796
3155
2797
3156
2798
3157
2799
3158
2800
3159
2801
3160
2802
3161
2803
3162
2804
3163
2805
3164
2806
3165
2807
3166
2808
3167
2809
3168
2810
3169
2811
3170
2812
3171
2813
3172
2814
3173
2815
3174
2816
3175
2817
3176
2818
3177
2819
3178
2820
3179
2821
3180
2822
3181
2823
3182
2824
3183
2825
3184
2826
3185
2827
3186
2828
3187
2829
3188
2830
3189
2831
3190
2832
3191
2833
3192
2834
3193
2835
3194
2836
3195
2837
3196
2838
3197
2839
3198
2840
3199
2841
3200
2842
3201
2843
3202
2844
3203
2845
3204
2846
3205
2847
3206
2848
3207
2849
3208
2850
3209
2851
3210
2852
3211
2853
3212
2854
3213
2855
3214
2856
3215
2857
3216
2858
3217
2859
3218
2860
3219
2861
3220
2862
3221
2863
3222
2864
3223
2865
3224
2866
3225
2867
3226
2868
3227
2869
3228
2870
3229
2871
3230
2872
3231
2873
3232
2874
3233
2875
3234
2876
3235
2877
3236
2878
3237
2879
3238
3239
2881
3240
2882
3241
2883
3242
2884
3243
2885
3244
2886
3245
2887
3246
2888
3247
2889
3248
2890
3249
2891
3250
2892
3251
2893
3252
2894
3253
2895
3254
2896
3255
2897
3256
2898
3257
2899
3258
2900
3259
2901
3260
2902
3261
2903
3262
2904
3263
2905
3264
2906
3265
2907
3266
2908
3267
2909
3268
2910
3269
2911
3270
2912
3271
2913
3272
2914
3273
2915
3274
2916
3275
2917
3276
2918
3277
2919
3278
2920
3279
2921
3280
2922
3281
2923
3282
2924
3283
2925
3284
2926
3285
2927
3286
2928
3287
2929
3288
2930
3289
2931
3290
2932
3291
2933
3292
2934
3293
2935
3294
2936
3295
2937
3296
2938
3297
2939
3298
2940
3299
2941
3300
2942
3301
2943
3302
2944
3303
2945
3304
2946
3305
2947
3306
2948
3307
2949
3308
2950
3309
2951
3310
2952
3311
2953
3312
2954
3313
2955
3314
2956
3315
2957
3316
2958
3317
2959
3318
2960
3319
2961
3320
2962
3321
2963
3322
2964
3323
2965
3324
2966
3325
2967
3326
2968
3327
2969
3328
2970
3329
2971
3330
2972
3331
2973
3332
2974
3333
2975
3334
2976
3335
2977
3336
2978
3337
2979
3338
2980
3339
2981
3340
2982
3341
2983
3342
2984
3343
2985
3344
2986
3345
2987
3346
2988
3347
2989
3348
2990
3349
2991
3350
2992
3351
2993
3352
2994
3353
2995
3354
2996
3355
2997
3356
2998
3357
2999
3358
3000
3359
3001
3360
3002
3361
3003
3362
3004
3363
3005
3364
3006
3365
3007
3366
3008
3367
3009
3368
3010
3369
3011
3370
3012
3371
3013
3372
3014
3373
3015
3374
3016
3375
3017
3376
3018
3377
3019
3378
3020
3379
3021
3380
3022
3381
3023
3382
3024
3383
3025
3384
3026
3385
3027
3386
3028
3387
3029
3388
3030
3389
3031
3390
3032
3391
3033
3392
3034
3393
3035
3394
3036
3395
3037
3396
3038
3397
3039
3398
3040
3399
3041
3400
3042
3401
3043
3402
3044
3403
3045
3404
3046
3405
3047
3406
3048
3407
3049
3408
3050
3409
3051
3410
3052
3411
3053
3412
3054
3413
3055
3414
3056
3415
3057
3416
3058
3417
3059
3418
3060
3419
3061
3420
3062
3421
3063
3422
3064
3423
3065
3424
3066
3425
3067
3426
3068
3427
3069
3428
3070
3429
3071
3430
3072
3431
3073
3432
3074
3433
3075
3434
3076
3435
3077
3436
3078
3437
3079
3438
3080
3439
3081
3440
3082
3441
3083
3442
3084
3443
3085
3444
3086
3445
3087
3446
3088
3447
3089
3448
3090
3449
3091
3450
3092
3451
3093
3452
3094
3453
3095
3454
3096
3455
3097
3456
3098
3457
3099
3458
3100
3459
3101
3460
3102
3461
3103
3462
3104
3463
3105
3464
3106
3465
3107
3466
3108
3467
3109
3468
3110
3469
3111
3470
3112
3471
3113
3472
3114
3473
3115
3474
3116
3475
3117
3476
3118
3477
3119
3478
3120
3479
3121
3480
3122
3481
3123
3482
3124
3483
3125
3484
3126
3485
3127
3486
3128
3487
3129
3488
3130
3489
3131
3490
3132
3491
3133
3492
3134
3493
3135
3494
3136
3495
3137
3496
3138
3497
3139
3498
3140
3499
3141
3500
3142
3501
3143
3502
3144
3503
3145
3504
3146
3505
3147
3506
3148
3507
3149
3508
3150
3509
3151
3510
3152
3511
3153
3512
3154
3513
3155
3514
3156
3515
3157
3516
3158
3517
3159
3518
3160
3519
3161
3520
3162
3521
3163
3522
3164
3523
3165
3524
3166
3525
3167
3526
3168
3527
3169
3528
3170
3529
3171
3530
3172
3531
3173
3532
3174
3533
3175
3534
3176
3535
3177
3536
3178
3537
3179
3538
3180
3539
3181
3540
3182
3541
3183
3542
3184
3543
3185
3544
3186
3545
3187
3546
3188
3547
3189
3548
3190
3549
3191
3550
3192
3551
3193
3552
3194
3553
3195
3554
3196
3555
3197
3556
3198
3557
3199
3558
3200
3559
3201
3560
3202
3561
3203
3562
3204
3563
3205
3564
3206
3565
3207
3566
3208
3567
3209
3568
3210
3569
3211
3570
3212
3571
3213
3572
3214
3573
3215
3574
3216
3575
3217
3576
3218
3577
3219
3578
3220
3579
3221
3580
3222
3581
3223
3582
3224
3583
3225
3584
3226
3585
3227
3586
3228
3587
3229
3588
3230
3589
3231
3590
3232
3591
3233
3592
3234
3593
3235
3594
3236
3595
3237
3596
3238
3597
3239
3598
3599
3241
3600
3242
3601
3243
3602
3244
3603
3245
3604
3246
3605
3247
3606
3248
3607
3249
3608
3250
3609
3251
3610
3252
3611
3253
3612
3254
3613
3255
3614
3256
3615
3257
3616
3258
3617
3259
3618
3260
3619
3261
3620
3262
3621
3263
3622
3264
3623
3265
3624
3266
3625
3267
3626
3268
3627
3269
3628
3270
3629
3271
3630
3272
3631
3273
3632
3274
3633
3275
3634
3276
3635
3277
3636
3278
3637
3279
3638
3280
3639
3281
3640
3282
3641
3283
3642
3284
3643
3285
3644
3286
3645
3287
3646
3288
3647
3289
3648
3290
3649
3291
3650
3292
3651
3293
3652
3294
3653
3295
3654
3296
3655
3297
3656
3298
3657
3299
3658
3300
3659
3301
3660
3302
3661
3303
3662
3304
3663
3305
3664
3306
3665
3307
3666
3308
3667
3309
3668
3310
3669
3311
3670
3312
3671
3313
3672
3314
3673
3315
3674
3316
3675
3317
3676
3318
3677
3319
3678
3320
3679
3321
3680
3322
3681
3323
3682
3324
3683
3325
3684
3326
3685
3327
3686
3328
3687
3329
3688
3330
3689
3331
3690
3332
3691
3333
3692
3334
3693
3335
3694
3336
3695
3337
3696
3338
3697
3339
3698
3340
3699
3341
3700
3342
3701
3343
3702
3344
3703
3345
3704
3346
3705
3347
3706
3348
3707
3349
3708
3350
3709
3351
3710
3352
3711
3353
3712
3354
3713
3355
3714
3356
3715
3357
3716
3358
3717
3359
3718
3360
3719
3361
3720
3362
3721
3363
3722
3364
3723
3365
3724
3366
3725
3367
3726
3368
3727
3369
3728
3370
3729
3371
3730
3372
3731
3373
3732
3374
3733
3375
3734
3376
3735
3377
3736
3378
3737
3379
3738
3380
3739
3381
3740
3382
3741
3383
3742
3384
3743
3385
3744
3386
3745
3387
3746
3388
3747
3389
3748
3390
3749
3391
3750
3392
3751
3393
3752
3394
3753
3395
3754
3396
3755
3397
3756
3398
3757
3399
3758
3400
3759
3401
3760
3402
3761
3403
3762
3404
3763
3405
3764
3406
3765
3407
3766
3408
3767
3409
3768
3410
3769
3411
3770
3412
3771
3413
3772
3414
3773
3415
3774
3416
3775
3417
3776
3418
3777
3419
3778
3420
3779
3421
3780
3422
3781
3423
3782
3424
3783
3425
3784
3426
3785
3427
3786
3428
3787
3429
3788
3430
3789
3431
3790
3432
3791
3433
3792
3434
3793
3435
3794
3436
3795
3437
3796
3438
3797
3439
3798
3440
3799
3441
3800
3442
3801
3443
3802
3444
3803
3445
3804
3446
3805
3447
3806
3448
3807
3449
3808
3450
3809
3451
3810
3452
3811
3453
3812
3454
3813
3455
3814
3456
3815
3457
3816
3458
3817
3459
3818
3460
3819
3461
3820
3462
3821
3463
3822
3464
3823
3465
3824
3466
3825
3467
3826
3468
3827
3469
3828
3470
3829
3471
3830
3472
3831
3473
3832
3474
3833
3475
3834
3476
3835
3477
3836
3478
3837
3479
3838
3480
3839
3481
3840
3482
3841
3483
3842
3484
3843
3485
3844
3486
3845
3487
3846
3488
3847
3489
3848
3490
3849
3491
3850
3492
3851
3493
3852
3494
3853
3495
3854
3496
3855
3497
3856
3498
3857
3499
3858
3500
3859
3501
3860
3502
3861
3503
3862
3504
3863
3505
3864
3506
3865
3507
3866
3508
3867
3509
3868
3510
3869
3511
3870
3512
3871
3513
3872
3514
3873
3515
3874
3516
3875
3517
3876
3518
3877
3519
3878
3520
3879
3521
3880
3522
3881
3523
3882
3524
3883
3525
3884
3526
3885
3527
3886
3528
3887
3529
3888
3530
3889
3531
3890
3532
3891
3533
3892
3534
3893
3535
3894
3536
3895
3537
3896
3538
3897
3539
3898
3540
3899
3541
3900
3542
3901
3543
3902
3544
3903
3545
3904
3546
3905
3547
3906
3548
3907
3549
3908
3550
3909
3551
3910
3552
3911
3553
3912
3554
3913
3555
3914
3556
3915
3557
3916
3558
3917
3559
3918
3560
3919
3561
3920
3562
3921
3563
3922
3564
3923
3565
3924
3566
3925
3567
3926
3568
3927
3569
3928
3570
3929
3571
3930
3572
3931
3573
3932
3574
3933
3575
3934
3576
3935
3577
3936
3578
3937
3579
3938
3580
3939
3581
3940
3582
3941
3583
3942
3584
3943
3585
3944
3586
3945
3587
3946
3588
3947
3589
3948
3590
3949
3591
3950
3592
3951
3593
3952
3594
3953
3595
3954
3596
3955
3597
3956
3598
3957
3599
3958
3959
3601
3960
3602
3961
3603
3962
3604
3963
3605
3964
3606
3965
3607
3966
3608
3967
3609
3968
3610
3969
3611
3970
3612
3971
3613
3972
3614
3973
3615
3974
3616
3975
3617
3976
3618
3977
3619
3978
3620
3979
3621
3980
3622
3981
3623
3982
3624
3983
3625
3984
3626
3985
3627
3986
3628
3987
3629
3988
3630
3989
3631
3990
3632
3991
3633
3992
3634
3993
3635
3994
3636
3995
3637
3996
3638
3997
3639
3998
3640
3999
3641
4000
3642
4001
3643
4002
3644
4003
3645
4004
3646
4005
3647
4006
3648
4007
3649
4008
3650
4009
3651
4010
3652
4011
3653
4012
3654
4013
3655
4014
3656
4015
3657
4016
3658
4017
3659
4018
3660
4019
3661
4020
3662
4021
3663
4022
3664
4023
3665
4024
3666
4025
3667
4026
3668
4027
3669
4028
3670
4029
3671
4030
3672
4031
3673
4032
3674
4033
3675
4034
3676
4035
3677
4036
3678
4037
3679
4038
3680
4039
3681
4040
3682
4041
3683
4042
3684
4043
3685
4044
3686
4045
3687
4046
3688
4047
3689
4048
3690
4049
3691
4050
3692
4051
3693
4052
3694
4053
3695
4054
3696
4055
3697
4056
3698
4057
3699
4058
3700
4059
3701
4060
3702
4061
3703
4062
3704
4063
3705
4064
3706
4065
3707
4066
3708
4067
3709
4068
3710
4069
3711
4070
3712
4071
3713
4072
3714
4073
3715
4074
3716
4075
3717
4076
3718
4077
3719
4078
3720
4079
3721
4080
3722
4081
3723
4082
3724
4083
3725
4084
3726
4085
3727
4086
3728
4087
3729
4088
3730
4089
3731
4090
3732
4091
3733
4092
3734
4093
3735
4094
3736
4095
3737
4096
3738
4097
3739
4098
3740
4099
3741
4100
3742
4101
3743
4102
3744
4103
3745
4104
3746
4105
3747
4106
3748
4107
3749
4108
3750
4109
3751
4110
3752
4111
3753
4112
3754
4113
3755
4114
3756
4115
3757
4116
3758
4117
3759
4118
3760
4119
3761
4120
3762
4121
3763
4122
3764
4123
3765
4124
3766
4125
3767
4126
3768
4127
3769
4128
3770
4129
3771
4130
3772
4131
3773
4132
3774
4133
3775
4134
3776
4135
3777
4136
3778
4137
3779
4138
3780
4139
3781
4140
3782
4141
3783
4142
3784
4143
3785
4144
3786
4145
3787
4146
3788
4147
3789
4148
3790
4149
3791
4150
3792
4151
3793
4152
3794
4153
3795
4154
3796
4155
3797
4156
3798
4157
3799
4158
3800
4159
3801
4160
3802
4161
3803
4162
3804
4163
3805
4164
3806
4165
3807
4166
3808
4167
3809
4168
3810
4169
3811
4170
3812
4171
3813
4172
3814
4173
3815
4174
3816
4175
3817
4176
3818
4177
3819
4178
3820
4179
3821
4180
3822
4181
3823
4182
3824
4183
3825
4184
3826
4185
3827
4186
3828
4187
3829
4188
3830
4189
3831
4190
3832
4191
3833
4192
3834
4193
3835
4194
3836
4195
3837
4196
3838
4197
3839
4198
3840
4199
3841
4200
3842
4201
3843
4202
3844
4203
3845
4204
3846
4205
3847
4206
3848
4207
3849
4208
3850
4209
3851
4210
3852
4211
3853
4212
3854
4213
3855
4214
3856
4215
3857
4216
3858
4217
3859
4218
3860
4219
3861
4220
3862
4221
3863
4222
3864
4223
3865
4224
3866
4225
3867
4226
3868
4227
3869
4228
3870
4229
3871
4230
3872
4231
3873
4232
3874
4233
3875
4234
3876
4235
3877
4236
3878
4237
3879
4238
3880
4239
3881
4240
3882
4241
3883
4242
3884
4243
3885
4244
3886
4245
3887
4246
3888
4247
3889
4248
3890
4249
3891
4250
3892
4251
3893
4252
3894
4253
3895
4254
3896
4255
3897
4256
3898
4257
3899
4258
3900
4259
3901
4260
3902
4261
3903
4262
3904
4263
3905
4264
3906
4265
3907
4266
3908
4267
3909
4268
3910
4269
3911
4270
3912
4271
3913
4272
3914
4273
3915
4274
3916
4275
3917
4276
3918
4277
3919
4278
3920
4279
3921
4280
3922
4281
3923
4282
3924
4283
3925
4284
3926
4285
3927
4286
3928
4287
3929
4288
3930
4289
3931
4290
3932
4291
3933
4292
3934
4293
3935
4294
3936
4295
3937
4296
3938
4297
3939
4298
3940
4299
3941
4300
3942
4301
3943
4302
3944
4303
3945
4304
3946
4305
3947
4306
3948
4307
3949
4308
3950
4309
3951
4310
3952
4311
3953
4312
3954
4313
3955
4314
3956
4315
3957
4316
3958
4317
3959
4318
4319
3961
4320
3962
4321
3963
4322
3964
4323
3965
4324
3966
4325
3967
4326
3968
4327
3969
4328
3970
4329
3971
4330
3972
4331
3973
4332
3974
4333
3975
4334
3976
4335
3977
4336
3978
4337
3979
4338
3980
4339
3981
4340
3982
4341
3983
4342
3984
4343
3985
4344
3986
4345
3987
4346
3988
4347
3989
4348
3990
4349
3991
4350
3992
4351
3993
4352
3994
4353
3995
4354
3996
4355
3997
4356
3998
4357
3999
4358
4000
4359
4001
4360
4002
4361
4003
4362
4004
4363
4005
4364
4006
4365
4007
4366
4008
4367
4009
4368
4010
4369
4011
4370
4012
4371
4013
4372
4014
4373
4015
4374
4016
4375
4017
4376
4018
4377
4019
4378
4020
4379
4021
4380
4022
4381
4023
4382
4024
4383
4025
4384
4026
4385
4027
4386
4028
4387
4029
4388
4030
4389
4031
4390
4032
4391
4033
4392
4034
4393
4035
4394
4036
4395
4037
4396
4038
4397
4039
4398
4040
4399
4041
4400
4042
4401
4043
4402
4044
4403
4045
4404
4046
4405
4047
4406
4048
4407
4049
4408
4050
4409
4051
4410
4052
4411
4053
4412
4054
4413
4055
4414
4056
4415
4057
4416
4058
4417
4059
4418
4060
4419
4061
4420
4062
4421
4063
4422
4064
4423
4065
4424
4066
4425
4067
4426
4068
4427
4069
4428
4070
4429
4071
4430
4072
4431
4073
4432
4074
4433
4075
4434
4076
4435
4077
4436
4078
4437
4079
4438
4080
4439
4081
4440
4082
4441
4083
4442
4084
4443
4085
4444
4086
4445
4087
4446
4088
4447
4089
4448
4090
4449
4091
4450
4092
4451
4093
4452
4094
4453
4095
4454
4096
4455
4097
4456
4098
4457
4099
4458
4100
4459
4101
4460
4102
4461
4103
4462
4104
4463
4105
4464
4106
4465
4107
4466
4108
4467
4109
4468
4110
4469
4111
4470
4112
4471
4113
4472
4114
4473
4115
4474
4116
4475
4117
4476
4118
4477
4119
4478
4120
4479
4121
4480
4122
4481
4123
4482
4124
4483
4125
4484
4126
4485
4127
4486
4128
4487
4129
4488
4130
4489
4131
4490
4132
4491
4133
4492
4134
4493
4135
4494
4136
4495
4137
4496
4138
4497
4139
4498
4140
4499
4141
4500
4142
4501
4143
4502
4144
4503
4145
4504
4146
4505
4147
4506
4148
4507
4149
4508
4150
4509
4151
4510
4152
4511
4153
4512
4154
4513
4155
4514
4156
4515
4157
4516
4158
4517
4159
4518
4160
4519
4161
4520
4162
4521
4163
4522
4164
4523
4165
4524
4166
4525
4167
4526
4168
4527
4169
4528
4170
4529
4171
4530
4172
4531
4173
4532
4174
4533
4175
4534
4176
4535
4177
4536
4178
4537
4179
4538
4180
4539
4181
4540
4182
4541
4183
4542
4184
4543
4185
4544
4186
4545
4187
4546
4188
4547
4189
4548
4190
4549
4191
4550
4192
4551
4193
4552
4194
4553
4195
4554
4196
4555
4197
4556
4198
4557
4199
4558
4200
4559
4201
4560
4202
4561
4203
4562
4204
4563
4205
4564
4206
4565
4207
4566
4208
4567
4209
4568
4210
4569
4211
4570
4212
4571
4213
4572
4214
4573
4215
4574
4216
4575
4217
4576
4218
4577
4219
4578
4220
4579
4221
4580
4222
4581
4223
4582
4224
4583
4225
4584
4226
4585
4227
4586
4228
4587
4229
4588
4230
4589
4231
4590
4232
4591
4233
4592
4234
4593
4235
4594
4236
4595
4237
4596
4238
4597
4239
4598
4240
4599
4241
4600
4242
4601
4243
4602
4244
4603
4245
4604
4246
4605
4247
4606
4248
4607
4249
4608
4250
4609
4251
4610
4252
4611
4253
4612
4254
4613
4255
4614
4256
4615
4257
4616
4258
4617
4259
4618
4260
4619
4261
4620
4262
4621
4263
4622
4264
4623
4265
4624
4266
4625
4267
4626
4268
4627
4269
4628
4270
4629
4271
4630
4272
4631
4273
4632
4274
4633
4275
4634
4276
4635
4277
4636
4278
4637
4279
4638
4280
4639
4281
4640
4282
4641
4283
4642
4284
4643
4285
4644
4286
4645
4287
4646
4288
4647
4289
4648
4290
4649
4291
4650
4292
4651
4293
4652
4294
4653
4295
4654
4296
4655
4297
4656
4298
4657
4299
4658
4300
4659
4301
4660
4302
4661
4303
4662
4304
4663
4305
4664
4306
4665
4307
4666
4308
4667
4309
4668
4310
4669
4311
4670
4312
4671
4313
4672
4314
4673
4315
4674
4316
4675
4317
4676
4318
4677
4319
4678
4679
4321
4680
4322
4681
4323
4682
4324
4683
4325
4684
4326
4685
4327
4686
4328
4687
4329
4688
4330
4689
4331
4690
4332
4691
4333
4692
4334
4693
4335
4694
4336
4695
4337
4696
4338
4697
4339
4698
4340
4699
4341
4700
4342
4701
4343
4702
4344
4703
4345
4704
4346
4705
4347
4706
4348
4707
4349
4708
4350
4709
4351
4710
4352
4711
4353
4712
4354
4713
4355
4714
4356
4715
4357
4716
4358
4717
4359
4718
4360
4719
4361
4720
4362
4721
4363
4722
4364
4723
4365
4724
4366
4725
4367
4726
4368
4727
4369
4728
4370
4729
4371
4730
4372
4731
4373
4732
4374
4733
4375
4734
4376
4735
4377
4736
4378
4737
4379
4738
4380
4739
4381
4740
4382
4741
4383
4742
4384
4743
4385
4744
4386
4745
4387
4746
4388
4747
4389
4748
4390
4749
4391
4750
4392
4751
4393
4752
4394
4753
4395
4754
4396
4755
4397
4756
4398
4757
4399
4758
4400
4759
4401
4760
4402
4761
4403
4762
4404
4763
4405
4764
4406
4765
4407
4766
4408
4767
4409
4768
4410
4769
4411
4770
4412
4771
4413
4772
4414
4773
4415
4774
4416
4775
4417
4776
4418
4777
4419
4778
4420
4779
4421
4780
4422
4781
4423
4782
4424
4783
4425
4784
4426
4785
4427
4786
4428
4787
4429
4788
4430
4789
4431
4790
4432
4791
4433
4792
4434
4793
4435
4794
4436
4795
4437
4796
4438
4797
4439
4798
4440
4799
4441
4800
4442
4801
4443
4802
4444
4803
4445
4804
4446
4805
4447
4806
4448
4807
4449
4808
4450
4809
4451
4810
4452
4811
4453
4812
4454
4813
4455
4814
4456
4815
4457
4816
4458
4817
4459
4818
4460
4819
4461
4820
4462
4821
4463
4822
4464
4823
4465
4824
4466
4825
4467
4826
4468
4827
4469
4828
4470
4829
4471
4830
4472
4831
4473
4832
4474
4833
4475
4834
4476
4835
4477
4836
4478
4837
4479
4838
4480
4839
4481
4840
4482
4841
4483
4842
4484
4843
4485
4844
4486
4845
4487
4846
4488
4847
4489
4848
4490
4849
4491
4850
4492
4851
4493
4852
4494
4853
4495
4854
4496
4855
4497
4856
4498
4857
4499
4858
4500
4859
4501
4860
4502
4861
4503
4862
4504
4863
4505
4864
4506
4865
4507
4866
4508
4867
4509
4868
4510
4869
4511
4870
4512
4871
4513
4872
4514
4873
4515
4874
4516
4875
4517
4876
4518
4877
4519
4878
4520
4879
4521
4880
4522
4881
4523
4882
4524
4883
4525
4884
4526
4885
4527
4886
4528
4887
4529
4888
4530
4889
4531
4890
4532
4891
4533
4892
4534
4893
4535
4894
4536
4895
4537
4896
4538
4897
4539
4898
4540
4899
4541
4900
4542
4901
4543
4902
4544
4903
4545
4904
4546
4905
4547
4906
4548
4907
4549
4908
4550
4909
4551
4910
4552
4911
4553
4912
4554
4913
4555
4914
4556
4915
4557
4916
4558
4917
4559
4918
4560
4919
4561
4920
4562
4921
4563
4922
4564
4923
4565
4924
4566
4925
4567
4926
4568
4927
4569
4928
4570
4929
4571
4930
4572
4931
4573
4932
4574
4933
4575
4934
4576
4935
4577
4936
4578
4937
4579
4938
4580
4939
4581
4940
4582
4941
4583
4942
4584
4943
4585
4944
4586
4945
4587
4946
4588
4947
4589
4948
4590
4949
4591
4950
4592
4951
4593
4952
4594
4953
4595
4954
4596
4955
4597
4956
4598
4957
4599
4958
4600
4959
4601
4960
4602
4961
4603
4962
4604
4963
4605
4964
4606
4965
4607
4966
4608
4967
4609
4968
4610
4969
4611
4970
4612
4971
4613
4972
4614
4973
4615
4974
4616
4975
4617
4976
4618
4977
4619
4978
4620
4979
4621
4980
4622
4981
4623
4982
4624
4983
4625
4984
4626
4985
4627
4986
4628
4987
4629
4988
4630
4989
4631
4990
4632
4991
4633
4992
4634
4993
4635
4994
4636
4995
4637
4996
4638
4997
4639
4998
4640
4999
4641
5000
4642
5001
4643
5002
4644
5003
4645
5004
4646
5005
4647
5006
4648
5007
4649
5008
4650
5009
4651
5010
4652
5011
4653
5012
4654
5013
4655
5014
4656
5015
4657
5016
4658
5017
4659
5018
4660
5019
4661
5020
4662
5021
4663
5022
4664
5023
4665
5024
4666
5025
4667
5026
4668
5027
4669
5028
4670
5029
4671
5030
4672
5031
4673
5032
4674
5033
4675
5034
4676
5035
4677
5036
4678
5037
4679
5038
5039
4681
5040
4682
5041
4683
5042
4684
5043
4685
5044
4686
5045
4687
5046
4688
5047
4689
5048
4690
5049
4691
5050
4692
5051
4693
5052
4694
5053
4695
5054
4696
5055
4697
5056
4698
5057
4699
5058
4700
5059
4701
5060
4702
5061
4703
5062
4704
5063
4705
5064
4706
5065
4707
5066
4708
5067
4709
5068
4710
5069
4711
5070
4712
5071
4713
5072
4714
5073
4715
5074
4716
5075
4717
5076
4718
5077
4719
5078
4720
5079
4721
5080
4722
5081
4723
5082
4724
5083
4725
5084
4726
5085
4727
5086
4728
5087
4729
5088
4730
5089
4731
5090
4732
5091
4733
5092
4734
5093
4735
5094
4736
5095
4737
5096
4738
5097
4739
5098
4740
5099
4741
5100
4742
5101
4743
5102
4744
5103
4745
5104
4746
5105
4747
5106
4748
5107
4749
5108
4750
5109
4751
5110
4752
5111
4753
5112
4754
5113
4755
5114
4756
5115
4757
5116
4758
5117
4759
5118
4760
5119
4761
5120
4762
5121
4763
5122
4764
5123
4765
5124
4766
5125
4767
5126
4768
5127
4769
5128
4770
5129
4771
5130
4772
5131
4773
5132
4774
5133
4775
5134
4776
5135
4777
5136
4778
5137
4779
5138
4780
5139
4781
5140
4782
5141
4783
5142
4784
5143
4785
5144
4786
5145
4787
5146
4788
5147
4789
5148
4790
5149
4791
5150
4792
5151
4793
5152
4794
5153
4795
5154
4796
5155
4797
5156
4798
5157
4799
5158
4800
5159
4801
5160
4802
5161
4803
5162
4804
5163
4805
5164
4806
5165
4807
5166
4808
5167
4809
5168
4810
5169
4811
5170
4812
5171
4813
5172
4814
5173
4815
5174
4816
5175
4817
5176
4818
5177
4819
5178
4820
5179
4821
5180
4822
5181
4823
5182
4824
5183
4825
5184
4826
5185
4827
5186
4828
5187
4829
5188
4830
5189
4831
5190
4832
5191
4833
5192
4834
5193
4835
5194
4836
5195
4837
5196
4838
5197
4839
5198
4840
5199
4841
5200
4842
5201
4843
5202
4844
5203
4845
5204
4846
5205
4847
5206
4848
5207
4849
5208
4850
5209
4851
5210
4852
5211
4853
5212
4854
5213
4855
5214
4856
5215
4857
5216
4858
5217
4859
5218
4860
5219
4861
5220
4862
5221
4863
5222
4864
5223
4865
5224
4866
5225
4867
5226
4868
5227
4869
5228
4870
5229
4871
5230
4872
5231
4873
5232
4874
5233
4875
5234
4876
5235
4877
5236
4878
5237
4879
5238
4880
5239
4881
5240
4882
5241
4883
5242
4884
5243
4885
5244
4886
5245
4887
5246
4888
5247
4889
5248
4890
5249
4891
5250
4892
5251
4893
5252
4894
5253
4895
5254
4896
5255
4897
5256
4898
5257
4899
5258
4900
5259
4901
5260
4902
5261
4903
5262
4904
5263
4905
5264
4906
5265
4907
5266
4908
5267
4909
5268
4910
5269
4911
5270
4912
5271
4913
5272
4914
5273
4915
5274
4916
5275
4917
5276
4918
5277
4919
5278
4920
5279
4921
5280
4922
5281
4923
5282
4924
5283
4925
5284
4926
5285
4927
5286
4928
5287
4929
5288
4930
5289
4931
5290
4932
5291
4933
5292
4934
5293
4935
5294
4936
5295
4937
5296
4938
5297
4939
5298
4940
5299
4941
5300
4942
5301
4943
5302
4944
5303
4945
5304
4946
5305
4947
5306
4948
5307
4949
5308
4950
5309
4951
5310
4952
5311
4953
5312
4954
5313
4955
5314
4956
5315
4957
5316
4958
5317
4959
5318
4960
5319
4961
5320
4962
5321
4963
5322
4964
5323
4965
5324
4966
5325
4967
5326
4968
5327
4969
5328
4970
5329
4971
5330
4972
5331
4973
5332
4974
5333
4975
5334
4976
5335
4977
5336
4978
5337
4979
5338
4980
5339
4981
5340
4982
5341
4983
5342
4984
5343
4985
5344
4986
5345
4987
5346
4988
5347
4989
5348
4990
5349
4991
5350
4992
5351
4993
5352
4994
5353
4995
5354
4996
5355
4997
5356
4998
5357
4999
5358
5000
5359
5001
5360
5002
5361
5003
5362
5004
5363
5005
5364
5006
5365
5007
5366
5008
5367
5009
5368
5010
5369
5011
5370
5012
5371
5013
5372
5014
5373
5015
5374
5016
5375
5017
5376
5018
5377
5019
5378
5020
5379
5021
5380
5022
5381
5023
5382
5024
5383
5025
5384
5026
5385
5027
5386
5028
5387
5029
5388
5030
5389
5031
5390
5032
5391
5033
5392
5034
5393
5035
5394
5036
5395
5037
5396
5038
5397
5039
5398
5399
5041
5400
5042
5401
5043
5402
5044
5403
5045
5404
5046
5405
5047
5406
5048
5407
5049
5408
5050
5409
5051
5410
5052
5411
5053
5412
5054
5413
5055
5414
5056
5415
5057
5416
5058
5417
5059
5418
5060
5419
5061
5420
5062
5421
5063
5422
5064
5423
5065
5424
5066
5425
5067
5426
5068
5427
5069
5428
5070
5429
5071
5430
5072
5431
5073
5432
5074
5433
5075
5434
5076
5435
5077
5436
5078
5437
5079
5438
5080
5439
5081
5440
5082
5441
5083
5442
5084
5443
5085
5444
5086
5445
5087
5446
5088
5447
5089
5448
5090
5449
5091
5450
5092
5451
5093
5452
5094
5453
5095
5454
5096
5455
5097
5456
5098
5457
5099
5458
5100
5459
5101
5460
5102
5461
5103
5462
5104
5463
5105
5464
5106
5465
5107
5466
5108
5467
5109
5468
5110
5469
5111
5470
5112
5471
5113
5472
5114
5473
5115
5474
5116
5475
5117
5476
5118
5477
5119
5478
5120
5479
5121
5480
5122
5481
5123
5482
5124
5483
5125
5484
5126
5485
5127
5486
5128
5487
5129
5488
5130
5489
5131
5490
5132
5491
5133
5492
5134
5493
5135
5494
5136
5495
5137
5496
5138
5497
5139
5498
5140
5499
5141
5500
5142
5501
5143
5502
5144
5503
5145
5504
5146
5505
5147
5506
5148
5507
5149
5508
5150
5509
5151
5510
5152
5511
5153
5512
5154
5513
5155
5514
5156
5515
5157
5516
5158
5517
5159
5518
5160
5519
5161
5520
5162
5521
5163
5522
5164
5523
5165
5524
5166
5525
5167
5526
5168
5527
5169
5528
5170
5529
5171
5530
5172
5531
5173
5532
5174
5533
5175
5534
5176
5535
5177
5536
5178
5537
5179
5538
5180
5539
5181
5540
5182
5541
5183
5542
5184
5543
5185
5544
5186
5545
5187
5546
5188
5547
5189
5548
5190
5549
5191
5550
5192
5551
5193
5552
5194
5553
5195
5554
5196
5555
5197
5556
5198
5557
5199
5558
5200
5559
5201
5560
5202
5561
5203
5562
5204
5563
5205
5564
5206
5565
5207
5566
5208
5567
5209
5568
5210
5569
5211
5570
5212
5571
5213
5572
5214
5573
5215
5574
5216
5575
5217
5576
5218
5577
5219
5578
5220
5579
5221
5580
5222
5581
5223
5582
5224
5583
5225
5584
5226
5585
5227
5586
5228
5587
5229
5588
5230
5589
5231
5590
5232
5591
5233
5592
5234
5593
5235
5594
5236
5595
5237
5596
5238
5597
5239
5598
5240
5599
5241
5600
5242
5601
5243
5602
5244
5603
5245
5604
5246
5605
5247
5606
5248
5607
5249
5608
5250
5609
5251
5610
5252
5611
5253
5612
5254
5613
5255
5614
5256
5615
5257
5616
5258
5617
5259
5618
5260
5619
5261
5620
5262
5621
5263
5622
5264
5623
5265
5624
5266
5625
5267
5626
5268
5627
5269
5628
5270
5629
5271
5630
5272
5631
5273
5632
5274
5633
5275
5634
5276
5635
5277
5636
5278
5637
5279
5638
5280
5639
5281
5640
5282
5641
5283
5642
5284
5643
5285
5644
5286
5645
5287
5646
5288
5647
5289
5648
5290
5649
5291
5650
5292
5651
5293
5652
5294
5653
5295
5654
5296
5655
5297
5656
5298
5657
5299
5658
5300
5659
5301
5660
5302
5661
5303
5662
5304
5663
5305
5664
5306
5665
5307
5666
5308
5667
5309
5668
5310
5669
5311
5670
5312
5671
5313
5672
5314
5673
5315
5674
5316
5675
5317
5676
5318
5677
5319
5678
5320
5679
5321
5680
5322
5681
5323
5682
5324
5683
5325
5684
5326
5685
5327
5686
5328
5687
5329
5688
5330
5689
5331
5690
5332
5691
5333
5692
5334
5693
5335
5694
5336
5695
5337
5696
5338
5697
5339
5698
5340
5699
5341
5700
5342
5701
5343
5702
5344
5703
5345
5704
5346
5705
5347
5706
5348
5707
5349
5708
5350
5709
5351
5710
5352
5711
5353
5712
5354
5713
5355
5714
5356
5715
5357
5716
5358
5717
5359
5718
5360
5719
5361
5720
5362
5721
5363
5722
5364
5723
5365
5724
5366
5725
5367
5726
5368
5727
5369
5728
5370
5729
5371
5730
5372
5731
5373
5732
5374
5733
5375
5734
5376
5735
5377
5736
5378
5737
5379
5738
5380
5739
5381
5740
5382
5741
5383
5742
5384
5743
5385
5744
5386
5745
5387
5746
5388
5747
5389
5748
5390
5749
5391
5750
5392
5751
5393
5752
5394
5753
5395
5754
5396
5755
5397
5756
5398
5757
5399
5758
5759
5401
5760
5402
5761
5403
5762
5404
5763
5405
5764
5406
5765
5407
5766
5408
5767
5409
5768
5410
5769
5411
5770
5412
5771
5413
5772
5414
5773
5415
5774
5416
5775
5417
5776
5418
5777
5419
5778
5420
5779
5421
5780
5422
5781
5423
5782
5424
5783
5425
5784
5426
5785
5427
5786
5428
5787
5429
5788
5430
5789
5431
5790
5432
5791
5433
5792
5434
5793
5435
5794
5436
5795
5437
5796
5438
5797
5439
5798
5440
5799
5441
5800
5442
5801
5443
5802
5444
5803
5445
5804
5446
5805
5447
5806
5448
5807
5449
5808
5450
5809
5451
5810
5452
5811
5453
5812
5454
5813
5455
5814
5456
5815
5457
5816
5458
5817
5459
5818
5460
5819
5461
5820
5462
5821
5463
5822
5464
5823
5465
5824
5466
5825
5467
5826
5468
5827
5469
5828
5470
5829
5471
5830
5472
5831
5473
5832
5474
5833
5475
5834
5476
5835
5477
5836
5478
5837
5479
5838
5480
5839
5481
5840
5482
5841
5483
5842
5484
5843
5485
5844
5486
5845
5487
5846
5488
5847
5489
5848
5490
5849
5491
5850
5492
5851
5493
5852
5494
5853
5495
5854
5496
5855
5497
5856
5498
5857
5499
5858
5500
5859
5501
5860
5502
5861
5503
5862
5504
5863
5505
5864
5506
5865
5507
5866
5508
5867
5509
5868
5510
5869
5511
5870
5512
5871
5513
5872
5514
5873
5515
5874
5516
5875
5517
5876
5518
5877
5519
5878
5520
5879
5521
5880
5522
5881
5523
5882
5524
5883
5525
5884
5526
5885
5527
5886
5528
5887
5529
5888
5530
5889
5531
5890
5532
5891
5533
5892
5534
5893
5535
5894
5536
5895
5537
5896
5538
5897
5539
5898
5540
5899
5541
5900
5542
5901
5543
5902
5544
5903
5545
5904
5546
5905
5547
5906
5548
5907
5549
5908
5550
5909
5551
5910
5552
5911
5553
5912
5554
5913
5555
5914
5556
5915
5557
5916
5558
5917
5559
5918
5560
5919
5561
5920
5562
5921
5563
5922
5564
5923
5565
5924
5566
5925
5567
5926
5568
5927
5569
5928
5570
5929
5571
5930
5572
5931
5573
5932
5574
5933
5575
5934
5576
5935
5577
5936
5578
5937
5579
5938
5580
5939
5581
5940
5582
5941
5583
5942
5584
5943
5585
5944
5586
5945
5587
5946
5588
5947
5589
5948
5590
5949
5591
5950
5592
5951
5593
5952
5594
5953
5595
5954
5596
5955
5597
5956
5598
5957
5599
5958
5600
5959
5601
5960
5602
5961
5603
5962
5604
5963
5605
5964
5606
5965
5607
5966
5608
5967
5609
5968
5610
5969
5611
5970
5612
5971
5613
5972
5614
5973
5615
5974
5616
5975
5617
5976
5618
5977
5619
5978
5620
5979
5621
5980
5622
5981
5623
5982
5624
5983
5625
5984
5626
5985
5627
5986
5628
5987
5629
5988
5630
5989
5631
5990
5632
5991
5633
5992
5634
5993
5635
5994
5636
5995
5637
5996
5638
5997
5639
5998
5640
5999
5641
6000
5642
6001
5643
6002
5644
6003
5645
6004
5646
6005
5647
6006
5648
6007
5649
6008
5650
6009
5651
6010
5652
6011
5653
6012
5654
6013
5655
6014
5656
6015
5657
6016
5658
6017
5659
6018
5660
6019
5661
6020
5662
6021
5663
6022
5664
6023
5665
6024
5666
6025
5667
6026
5668
6027
5669
6028
5670
6029
5671
6030
5672
6031
5673
6032
5674
6033
5675
6034
5676
6035
5677
6036
5678
6037
5679
6038
5680
6039
5681
6040
5682
6041
5683
6042
5684
6043
5685
6044
5686
6045
5687
6046
5688
6047
5689
6048
5690
6049
5691
6050
5692
6051
5693
6052
5694
6053
5695
6054
5696
6055
5697
6056
5698
6057
5699
6058
5700
6059
5701
6060
5702
6061
5703
6062
5704
6063
5705
6064
5706
6065
5707
6066
5708
6067
5709
6068
5710
6069
5711
6070
5712
6071
5713
6072
5714
6073
5715
6074
5716
6075
5717
6076
5718
6077
5719
6078
5720
6079
5721
6080
5722
6081
5723
6082
5724
6083
5725
6084
5726
6085
5727
6086
5728
6087
5729
6088
5730
6089
5731
6090
5732
6091
5733
6092
5734
6093
5735
6094
5736
6095
5737
6096
5738
6097
5739
6098
5740
6099
5741
6100
5742
6101
5743
6102
5744
6103
5745
6104
5746
6105
5747
6106
5748
6107
5749
6108
5750
6109
5751
6110
5752
6111
5753
6112
5754
6113
5755
6114
5756
6115
5757
6116
5758
6117
5759
6118
6119
5761
6120
5762
6121
5763
6122
5764
6123
5765
6124
5766
6125
5767
6126
5768
6127
5769
6128
5770
6129
5771
6130
5772
6131
5773
6132
5774
6133
5775
6134
5776
6135
5777
6136
5778
6137
5779
6138
5780
6139
5781
6140
5782
6141
5783
6142
5784
6143
5785
6144
5786
6145
5787
6146
5788
6147
5789
6148
5790
6149
5791
6150
5792
6151
5793
6152
5794
6153
5795
6154
5796
6155
5797
6156
5798
6157
5799
6158
5800
6159
5801
6160
5802
6161
5803
6162
5804
6163
5805
6164
5806
6165
5807
6166
5808
6167
5809
6168
5810
6169
5811
6170
5812
6171
5813
6172
5814
6173
5815
6174
5816
6175
5817
6176
5818
6177
5819
6178
5820
6179
5821
6180
5822
6181
5823
6182
5824
6183
5825
6184
5826
6185
5827
6186
5828
6187
5829
6188
5830
6189
5831
6190
5832
6191
5833
6192
5834
6193
5835
6194
5836
6195
5837
6196
5838
6197
5839
6198
5840
6199
5841
6200
5842
6201
5843
6202
5844
6203
5845
6204
5846
6205
5847
6206
5848
6207
5849
6208
5850
6209
5851
6210
5852
6211
5853
6212
5854
6213
5855
6214
5856
6215
5857
6216
5858
6217
5859
6218
5860
6219
5861
6220
5862
6221
5863
6222
5864
6223
5865
6224
5866
6225
5867
6226
5868
6227
5869
6228
5870
6229
5871
6230
5872
6231
5873
6232
5874
6233
5875
6234
5876
6235
5877
6236
5878
6237
5879
6238
5880
6239
5881
6240
5882
6241
5883
6242
5884
6243
5885
6244
5886
6245
5887
6246
5888
6247
5889
6248
5890
6249
5891
6250
5892
6251
5893
6252
5894
6253
5895
6254
5896
6255
5897
6256
5898
6257
5899
6258
5900
6259
5901
6260
5902
6261
5903
6262
5904
6263
5905
6264
5906
6265
5907
6266
5908
6267
5909
6268
5910
6269
5911
6270
5912
6271
5913
6272
5914
6273
5915
6274
5916
6275
5917
6276
5918
6277
5919
6278
5920
6279
5921
6280
5922
6281
5923
6282
5924
6283
5925
6284
5926
6285
5927
6286
5928
6287
5929
6288
5930
6289
5931
6290
5932
6291
5933
6292
5934
6293
5935
6294
5936
6295
5937
6296
5938
6297
5939
6298
5940
6299
5941
6300
5942
6301
5943
6302
5944
6303
5945
6304
5946
6305
5947
6306
5948
6307
5949
6308
5950
6309
5951
6310
5952
6311
5953
6312
5954
6313
5955
6314
5956
6315
5957
6316
5958
6317
5959
6318
5960
6319
5961
6320
5962
6321
5963
6322
5964
6323
5965
6324
5966
6325
5967
6326
5968
6327
5969
6328
5970
6329
5971
6330
5972
6331
5973
6332
5974
6333
5975
6334
5976
6335
5977
6336
5978
6337
5979
6338
5980
6339
5981
6340
5982
6341
5983
6342
5984
6343
5985
6344
5986
6345
5987
6346
5988
6347
5989
6348
5990
6349
5991
6350
5992
6351
5993
6352
5994
6353
5995
6354
5996
6355
5997
6356
5998
6357
5999
6358
6000
6359
6001
6360
6002
6361
6003
6362
6004
6363
6005
6364
6006
6365
6007
6366
6008
6367
6009
6368
6010
6369
6011
6370
6012
6371
6013
6372
6014
6373
6015
6374
6016
6375
6017
6376
6018
6377
6019
6378
6020
6379
6021
6380
6022
6381
6023
6382
6024
6383
6025
6384
6026
6385
6027
6386
6028
6387
6029
6388
6030
6389
6031
6390
6032
6391
6033
6392
6034
6393
6035
6394
6036
6395
6037
6396
6038
6397
6039
6398
6040
6399
6041
6400
6042
6401
6043
6402
6044
6403
6045
6404
6046
6405
6047
6406
6048
6407
6049
6408
6050
6409
6051
6410
6052
6411
6053
6412
6054
6413
6055
6414
6056
6415
6057
6416
6058
6417
6059
6418
6060
6419
6061
6420
6062
6421
6063
6422
6064
6423
6065
6424
6066
6425
6067
6426
6068
6427
6069
6428
6070
6429
6071
6430
6072
6431
6073
6432
6074
6433
6075
6434
6076
6435
6077
6436
6078
6437
6079
6438
6080
6439
6081
6440
6082
6441
6083
6442
6084
6443
6085
6444
6086
6445
6087
6446
6088
6447
6089
6448
6090
6449
6091
6450
6092
6451
6093
6452
6094
6453
6095
6454
6096
6455
6097
6456
6098
6457
6099
6458
6100
6459
6101
6460
6102
6461
6103
6462
6104
6463
6105
6464
6106
6465
6107
6466
6108
6467
6109
6468
6110
6469
6111
6470
6112
6471
6113
6472
6114
6473
6115
6474
6116
6475
6117
6476
6118
6477
6119
6478
6479
6121
6480
6122
6481
6123
6482
6124
6483
6125
6484
6126
6485
6127
6486
6128
6487
6129
6488
6130
6489
6131
6490
6132
6491
6133
6492
6134
6493
6135
6494
6136
6495
6137
6496
6138
6497
6139
6498
6140
6499
6141
6500
6142
6501
6143
6502
6144
6503
6145
6504
6146
6505
6147
6506
6148
6507
6149
6508
6150
6509
6151
6510
6152
6511
6153
6512
6154
6513
6155
6514
6156
6515
6157
6516
6158
6517
6159
6518
6160
6519
6161
6520
6162
6521
6163
6522
6164
6523
6165
6524
6166
6525
6167
6526
6168
6527
6169
6528
6170
6529
6171
6530
6172
6531
6173
6532
6174
6533
6175
6534
6176
6535
6177
6536
6178
6537
6179
6538
6180
6539
6181
6540
6182
6541
6183
6542
6184
6543
6185
6544
6186
6545
6187
6546
6188
6547
6189
6548
6190
6549
6191
6550
6192
6551
6193
6552
6194
6553
6195
6554
6196
6555
6197
6556
6198
6557
6199
6558
6200
6559
6201
6560
6202
6561
6203
6562
6204
6563
6205
6564
6206
6565
6207
6566
6208
6567
6209
6568
6210
6569
6211
6570
6212
6571
6213
6572
6214
6573
6215
6574
6216
6575
6217
6576
6218
6577
6219
6578
6220
6579
6221
6580
6222
6581
6223
6582
6224
6583
6225
6584
6226
6585
6227
6586
6228
6587
6229
6588
6230
6589
6231
6590
6232
6591
6233
6592
6234
6593
6235
6594
6236
6595
6237
6596
6238
6597
6239
6598
6240
6599
6241
6600
6242
6601
6243
6602
6244
6603
6245
6604
6246
6605
6247
6606
6248
6607
6249
6608
6250
6609
6251
6610
6252
6611
6253
6612
6254
6613
6255
6614
6256
6615
6257
6616
6258
6617
6259
6618
6260
6619
6261
6620
6262
6621
6263
6622
6264
6623
6265
6624
6266
6625
6267
6626
6268
6627
6269
6628
6270
6629
6271
6630
6272
6631
6273
6632
6274
6633
6275
6634
6276
6635
6277
6636
6278
6637
6279
6638
6280
6639
6281
6640
6282
6641
6283
6642
6284
6643
6285
6644
6286
6645
6287
6646
6288
6647
6289
6648
6290
6649
6291
6650
6292
6651
6293
6652
6294
6653
6295
6654
6296
6655
6297
6656
6298
6657
6299
6658
6300
6659
6301
6660
6302
6661
6303
6662
6304
6663
6305
6664
6306
6665
6307
6666
6308
6667
6309
6668
6310
6669
6311
6670
6312
6671
6313
6672
6314
6673
6315
6674
6316
6675
6317
6676
6318
6677
6319
6678
6320
6679
6321
6680
6322
6681
6323
6682
6324
6683
6325
6684
6326
6685
6327
6686
6328
6687
6329
6688
6330
6689
6331
6690
6332
6691
6333
6692
6334
6693
6335
6694
6336
6695
6337
6696
6338
6697
6339
6698
6340
6699
6341
6700
6342
6701
6343
6702
6344
6703
6345
6704
6346
6705
6347
6706
6348
6707
6349
6708
6350
6709
6351
6710
6352
6711
6353
6712
6354
6713
6355
6714
6356
6715
6357
6716
6358
6717
6359
6718
6360
6719
6361
6720
6362
6721
6363
6722
6364
6723
6365
6724
6366
6725
6367
6726
6368
6727
6369
6728
6370
6729
6371
6730
6372
6731
6373
6732
6374
6733
6375
6734
6376
6735
6377
6736
6378
6737
6379
6738
6380
6739
6381
6740
6382
6741
6383
6742
6384
6743
6385
6744
6386
6745
6387
6746
6388
6747
6389
6748
6390
6749
6391
6750
6392
6751
6393
6752
6394
6753
6395
6754
6396
6755
6397
6756
6398
6757
6399
6758
6400
6759
6401
6760
6402
6761
6403
6762
6404
6763
6405
6764
6406
6765
6407
6766
6408
6767
6409
6768
6410
6769
6411
6770
6412
6771
6413
6772
6414
6773
6415
6774
6416
6775
6417
6776
6418
6777
6419
6778
6420
6779
6421
6780
6422
6781
6423
6782
6424
6783
6425
6784
6426
6785
6427
6786
6428
6787
6429
6788
6430
6789
6431
6790
6432
6791
6433
6792
6434
6793
6435
6794
6436
6795
6437
6796
6438
6797
6439
6798
6440
6799
6441
6800
6442
6801
6443
6802
6444
6803
6445
6804
6446
6805
6447
6806
6448
6807
6449
6808
6450
6809
6451
6810
6452
6811
6453
6812
6454
6813
6455
6814
6456
6815
6457
6816
6458
6817
6459
6818
6460
6819
6461
6820
6462
6821
6463
6822
6464
6823
6465
6824
6466
6825
6467
6826
6468
6827
6469
6828
6470
6829
6471
6830
6472
6831
6473
6832
6474
6833
6475
6834
6476
6835
6477
6836
6478
6837
6479
6838
6839
6481
6840
6482
6841
6483
6842
6484
6843
6485
6844
6486
6845
6487
6846
6488
6847
6489
6848
6490
6849
6491
6850
6492
6851
6493
6852
6494
6853
6495
6854
6496
6855
6497
6856
6498
6857
6499
6858
6500
6859
6501
6860
6502
6861
6503
6862
6504
6863
6505
6864
6506
6865
6507
6866
6508
6867
6509
6868
6510
6869
6511
6870
6512
6871
6513
6872
6514
6873
6515
6874
6516
6875
6517
6876
6518
6877
6519
6878
6520
6879
6521
6880
6522
6881
6523
6882
6524
6883
6525
6884
6526
6885
6527
6886
6528
6887
6529
6888
6530
6889
6531
6890
6532
6891
6533
6892
6534
6893
6535
6894
6536
6895
6537
6896
6538
6897
6539
6898
6540
6899
6541
6900
6542
6901
6543
6902
6544
6903
6545
6904
6546
6905
6547
6906
6548
6907
6549
6908
6550
6909
6551
6910
6552
6911
6553
6912
6554
6913
6555
6914
6556
6915
6557
6916
6558
6917
6559
6918
6560
6919
6561
6920
6562
6921
6563
6922
6564
6923
6565
6924
6566
6925
6567
6926
6568
6927
6569
6928
6570
6929
6571
6930
6572
6931
6573
6932
6574
6933
6575
6934
6576
6935
6577
6936
6578
6937
6579
6938
6580
6939
6581
6940
6582
6941
6583
6942
6584
6943
6585
6944
6586
6945
6587
6946
6588
6947
6589
6948
6590
6949
6591
6950
6592
6951
6593
6952
6594
6953
6595
6954
6596
6955
6597
6956
6598
6957
6599
6958
6600
6959
6601
6960
6602
6961
6603
6962
6604
6963
6605
6964
6606
6965
6607
6966
6608
6967
6609
6968
6610
6969
6611
6970
6612
6971
6613
6972
6614
6973
6615
6974
6616
6975
6617
6976
6618
6977
6619
6978
6620
6979
6621
6980
6622
6981
6623
6982
6624
6983
6625
6984
6626
6985
6627
6986
6628
6987
6629
6988
6630
6989
6631
6990
6632
6991
6633
6992
6634
6993
6635
6994
6636
6995
6637
6996
6638
6997
6639
6998
6640
6999
6641
7000
6642
7001
6643
7002
6644
7003
6645
7004
6646
7005
6647
7006
6648
7007
6649
7008
6650
7009
6651
7010
6652
7011
6653
7012
6654
7013
6655
7014
6656
7015
6657
7016
6658
7017
6659
7018
6660
7019
6661
7020
6662
7021
6663
7022
6664
7023
6665
7024
6666
7025
6667
7026
6668
7027
6669
7028
6670
7029
6671
7030
6672
7031
6673
7032
6674
7033
6675
7034
6676
7035
6677
7036
6678
7037
6679
7038
6680
7039
6681
7040
6682
7041
6683
7042
6684
7043
6685
7044
6686
7045
6687
7046
6688
7047
6689
7048
6690
7049
6691
7050
6692
7051
6693
7052
6694
7053
6695
7054
6696
7055
6697
7056
6698
7057
6699
7058
6700
7059
6701
7060
6702
7061
6703
7062
6704
7063
6705
7064
6706
7065
6707
7066
6708
7067
6709
7068
6710
7069
6711
7070
6712
7071
6713
7072
6714
7073
6715
7074
6716
7075
6717
7076
6718
7077
6719
7078
6720
7079
6721
7080
6722
7081
6723
7082
6724
7083
6725
7084
6726
7085
6727
7086
6728
7087
6729
7088
6730
7089
6731
7090
6732
7091
6733
7092
6734
7093
6735
7094
6736
7095
6737
7096
6738
7097
6739
7098
6740
7099
6741
7100
6742
7101
6743
7102
6744
7103
6745
7104
6746
7105
6747
7106
6748
7107
6749
7108
6750
7109
6751
7110
6752
7111
6753
7112
6754
7113
6755
7114
6756
7115
6757
7116
6758
7117
6759
7118
6760
7119
6761
7120
6762
7121
6763
7122
6764
7123
6765
7124
6766
7125
6767
7126
6768
7127
6769
7128
6770
7129
6771
7130
6772
7131
6773
7132
6774
7133
6775
7134
6776
7135
6777
7136
6778
7137
6779
7138
6780
7139
6781
7140
6782
7141
6783
7142
6784
7143
6785
7144
6786
7145
6787
7146
6788
7147
6789
7148
6790
7149
6791
7150
6792
7151
6793
7152
6794
7153
6795
7154
6796
7155
6797
7156
6798
7157
6799
7158
6800
7159
6801
7160
6802
7161
6803
7162
6804
7163
6805
7164
6806
7165
6807
7166
6808
7167
6809
7168
6810
7169
6811
7170
6812
7171
6813
7172
6814
7173
6815
7174
6816
7175
6817
7176
6818
7177
6819
7178
6820
7179
6821
7180
6822
7181
6823
7182
6824
7183
6825
7184
6826
7185
6827
7186
6828
7187
6829
7188
6830
7189
6831
7190
6832
7191
6833
7192
6834
7193
6835
7194
6836
7195
6837
7196
6838
7197
6839
7198
7199
6841
7200
6842
7201
6843
7202
6844
7203
6845
7204
6846
7205
6847
7206
6848
7207
6849
7208
6850
7209
6851
7210
6852
7211
6853
7212
6854
7213
6855
7214
6856
7215
6857
7216
6858
7217
6859
7218
6860
7219
6861
7220
6862
7221
6863
7222
6864
7223
6865
7224
6866
7225
6867
7226
6868
7227
6869
7228
6870
7229
6871
7230
6872
7231
6873
7232
6874
7233
6875
7234
6876
7235
6877
7236
6878
7237
6879
7238
6880
7239
6881
7240
6882
7241
6883
7242
6884
7243
6885
7244
6886
7245
6887
7246
6888
7247
6889
7248
6890
7249
6891
7250
6892
7251
6893
7252
6894
7253
6895
7254
6896
7255
6897
7256
6898
7257
6899
7258
6900
7259
6901
7260
6902
7261
6903
7262
6904
7263
6905
7264
6906
7265
6907
7266
6908
7267
6909
7268
6910
7269
6911
7270
6912
7271
6913
7272
6914
7273
6915
7274
6916
7275
6917
7276
6918
7277
6919
7278
6920
7279
6921
7280
6922
7281
6923
7282
6924
7283
6925
7284
6926
7285
6927
7286
6928
7287
6929
7288
6930
7289
6931
7290
6932
7291
6933
7292
6934
7293
6935
7294
6936
7295
6937
7296
6938
7297
6939
7298
6940
7299
6941
7300
6942
7301
6943
7302
6944
7303
6945
7304
6946
7305
6947
7306
6948
7307
6949
7308
6950
7309
6951
7310
6952
7311
6953
7312
6954
7313
6955
7314
6956
7315
6957
7316
6958
7317
6959
7318
6960
7319
6961
7320
6962
7321
6963
7322
6964
7323
6965
7324
6966
7325
6967
7326
6968
7327
6969
7328
6970
7329
6971
7330
6972
7331
6973
7332
6974
7333
6975
7334
6976
7335
6977
7336
6978
7337
6979
7338
6980
7339
6981
7340
6982
7341
6983
7342
6984
7343
6985
7344
6986
7345
6987
7346
6988
7347
6989
7348
6990
7349
6991
7350
6992
7351
6993
7352
6994
7353
6995
7354
6996
7355
6997
7356
6998
7357
6999
7358
7000
7359
7001
7360
7002
7361
7003
7362
7004
7363
7005
7364
7006
7365
7007
7366
7008
7367
7009
7368
7010
7369
7011
7370
7012
7371
7013
7372
7014
7373
7015
7374
7016
7375
7017
7376
7018
7377
7019
7378
7020
7379
7021
7380
7022
7381
7023
7382
7024
7383
7025
7384
7026
7385
7027
7386
7028
7387
7029
7388
7030
7389
7031
7390
7032
7391
7033
7392
7034
7393
7035
7394
7036
7395
7037
7396
7038
7397
7039
7398
7040
7399
7041
7400
7042
7401
7043
7402
7044
7403
7045
7404
7046
7405
7047
7406
7048
7407
7049
7408
7050
7409
7051
7410
7052
7411
7053
7412
7054
7413
7055
7414
7056
7415
7057
7416
7058
7417
7059
7418
7060
7419
7061
7420
7062
7421
7063
7422
7064
7423
7065
7424
7066
7425
7067
7426
7068
7427
7069
7428
7070
7429
7071
7430
7072
7431
7073
7432
7074
7433
7075
7434
7076
7435
7077
7436
7078
7437
7079
7438
7080
7439
7081
7440
7082
7441
7083
7442
7084
7443
7085
7444
7086
7445
7087
7446
7088
7447
7089
7448
7090
7449
7091
7450
7092
7451
7093
7452
7094
7453
7095
7454
7096
7455
7097
7456
7098
7457
7099
7458
7100
7459
7101
7460
7102
7461
7103
7462
7104
7463
7105
7464
7106
7465
7107
7466
7108
7467
7109
7468
7110
7469
7111
7470
7112
7471
7113
7472
7114
7473
7115
7474
7116
7475
7117
7476
7118
7477
7119
7478
7120
7479
7121
7480
7122
7481
7123
7482
7124
7483
7125
7484
7126
7485
7127
7486
7128
7487
7129
7488
7130
7489
7131
7490
7132
7491
7133
7492
7134
7493
7135
7494
7136
7495
7137
7496
7138
7497
7139
7498
7140
7499
7141
7500
7142
7501
7143
7502
7144
7503
7145
7504
7146
7505
7147
7506
7148
7507
7149
7508
7150
7509
7151
7510
7152
7511
7153
7512
7154
7513
7155
7514
7156
7515
7157
7516
7158
7517
7159
7518
7160
7519
7161
7520
7162
7521
7163
7522
7164
7523
7165
7524
7166
7525
7167
7526
7168
7527
7169
7528
7170
7529
7171
7530
7172
7531
7173
7532
7174
7533
7175
7534
7176
7535
7177
7536
7178
7537
7179
7538
7180
7539
7181
7540
7182
7541
7183
7542
7184
7543
7185
7544
7186
7545
7187
7546
7188
7547
7189
7548
7190
7549
7191
7550
7192
7551
7193
7552
7194
7553
7195
7554
7196
7555
7197
7556
7198
7557
7199
7558
7559
7201
7560
7202
7561
7203
7562
7204
7563
7205
7564
7206
7565
7207
7566
7208
7567
7209
7568
7210
7569
7211
7570
7212
7571
7213
7572
7214
7573
7215
7574
7216
7575
7217
7576
7218
7577
7219
7578
7220
7579
7221
7580
7222
7581
7223
7582
7224
7583
7225
7584
7226
7585
7227
7586
7228
7587
7229
7588
7230
7589
7231
7590
7232
7591
7233
7592
7234
7593
7235
7594
7236
7595
7237
7596
7238
7597
7239
7598
7240
7599
7241
7600
7242
7601
7243
7602
7244
7603
7245
7604
7246
7605
7247
7606
7248
7607
7249
7608
7250
7609
7251
7610
7252
7611
7253
7612
7254
7613
7255
7614
7256
7615
7257
7616
7258
7617
7259
7618
7260
7619
7261
7620
7262
7621
7263
7622
7264
7623
7265
7624
7266
7625
7267
7626
7268
7627
7269
7628
7270
7629
7271
7630
7272
7631
7273
7632
7274
7633
7275
7634
7276
7635
7277
7636
7278
7637
7279
7638
7280
7639
7281
7640
7282
7641
7283
7642
7284
7643
7285
7644
7286
7645
7287
7646
7288
7647
7289
7648
7290
7649
7291
7650
7292
7651
7293
7652
7294
7653
7295
7654
7296
7655
7297
7656
7298
7657
7299
7658
7300
7659
7301
7660
7302
7661
7303
7662
7304
7663
7305
7664
7306
7665
7307
7666
7308
7667
7309
7668
7310
7669
7311
7670
7312
7671
7313
7672
7314
7673
7315
7674
7316
7675
7317
7676
7318
7677
7319
7678
7320
7679
7321
7680
7322
7681
7323
7682
7324
7683
7325
7684
7326
7685
7327
7686
7328
7687
7329
7688
7330
7689
7331
7690
7332
7691
7333
7692
7334
7693
7335
7694
7336
7695
7337
7696
7338
7697
7339
7698
7340
7699
7341
7700
7342
7701
7343
7702
7344
7703
7345
7704
7346
7705
7347
7706
7348
7707
7349
7708
7350
7709
7351
7710
7352
7711
7353
7712
7354
7713
7355
7714
7356
7715
7357
7716
7358
7717
7359
7718
7360
7719
7361
7720
7362
7721
7363
7722
7364
7723
7365
7724
7366
7725
7367
7726
7368
7727
7369
7728
7370
7729
7371
7730
7372
7731
7373
7732
7374
7733
7375
7734
7376
7735
7377
7736
7378
7737
7379
7738
7380
7739
7381
7740
7382
7741
7383
7742
7384
7743
7385
7744
7386
7745
7387
7746
7388
7747
7389
7748
7390
7749
7391
7750
7392
7751
7393
7752
7394
7753
7395
7754
7396
7755
7397
7756
7398
7757
7399
7758
7400
7759
7401
7760
7402
7761
7403
7762
7404
7763
7405
7764
7406
7765
7407
7766
7408
7767
7409
7768
7410
7769
7411
7770
7412
7771
7413
7772
7414
7773
7415
7774
7416
7775
7417
7776
7418
7777
7419
7778
7420
7779
7421
7780
7422
7781
7423
7782
7424
7783
7425
7784
7426
7785
7427
7786
7428
7787
7429
7788
7430
7789
7431
7790
7432
7791
7433
7792
7434
7793
7435
7794
7436
7795
7437
7796
7438
7797
7439
7798
7440
7799
7441
7800
7442
7801
7443
7802
7444
7803
7445
7804
7446
7805
7447
7806
7448
7807
7449
7808
7450
7809
7451
7810
7452
7811
7453
7812
7454
7813
7455
7814
7456
7815
7457
7816
7458
7817
7459
7818
7460
7819
7461
7820
7462
7821
7463
7822
7464
7823
7465
7824
7466
7825
7467
7826
7468
7827
7469
7828
7470
7829
7471
7830
7472
7831
7473
7832
7474
7833
7475
7834
7476
7835
7477
7836
7478
7837
7479
7838
7480
7839
7481
7840
7482
7841
7483
7842
7484
7843
7485
7844
7486
7845
7487
7846
7488
7847
7489
7848
7490
7849
7491
7850
7492
7851
7493
7852
7494
7853
7495
7854
7496
7855
7497
7856
7498
7857
7499
7858
7500
7859
7501
7860
7502
7861
7503
7862
7504
7863
7505
7864
7506
7865
7507
7866
7508
7867
7509
7868
7510
7869
7511
7870
7512
7871
7513
7872
7514
7873
7515
7874
7516
7875
7517
7876
7518
7877
7519
7878
7520
7879
7521
7880
7522
7881
7523
7882
7524
7883
7525
7884
7526
7885
7527
7886
7528
7887
7529
7888
7530
7889
7531
7890
7532
7891
7533
7892
7534
7893
7535
7894
7536
7895
7537
7896
7538
7897
7539
7898
7540
7899
7541
7900
7542
7901
7543
7902
7544
7903
7545
7904
7546
7905
7547
7906
7548
7907
7549
7908
7550
7909
7551
7910
7552
7911
7553
7912
7554
7913
7555
7914
7556
7915
7557
7916
7558
7917
7559
7918
7919
7561
7920
7562
7921
7563
7922
7564
7923
7565
7924
7566
7925
7567
7926
7568
7927
7569
7928
7570
7929
7571
7930
7572
7931
7573
7932
7574
7933
7575
7934
7576
7935
7577
7936
7578
7937
7579
7938
7580
7939
7581
7940
7582
7941
7583
7942
7584
7943
7585
7944
7586
7945
7587
7946
7588
7947
7589
7948
7590
7949
7591
7950
7592
7951
7593
7952
7594
7953
7595
7954
7596
7955
7597
7956
7598
7957
7599
7958
7600
7959
7601
7960
7602
7961
7603
7962
7604
7963
7605
7964
7606
7965
7607
7966
7608
7967
7609
7968
7610
7969
7611
7970
7612
7971
7613
7972
7614
7973
7615
7974
7616
7975
7617
7976
7618
7977
7619
7978
7620
7979
7621
7980
7622
7981
7623
7982
7624
7983
7625
7984
7626
7985
7627
7986
7628
7987
7629
7988
7630
7989
7631
7990
7632
7991
7633
7992
7634
7993
7635
7994
7636
7995
7637
7996
7638
7997
7639
7998
7640
7999
7641
8000
7642
8001
7643
8002
7644
8003
7645
8004
7646
8005
7647
8006
7648
8007
7649
8008
7650
8009
7651
8010
7652
8011
7653
8012
7654
8013
7655
8014
7656
8015
7657
8016
7658
8017
7659
8018
7660
8019
7661
8020
7662
8021
7663
8022
7664
8023
7665
8024
7666
8025
7667
8026
7668
8027
7669
8028
7670
8029
7671
8030
7672
8031
7673
8032
7674
8033
7675
8034
7676
8035
7677
8036
7678
8037
7679
8038
7680
8039
7681
8040
7682
8041
7683
8042
7684
8043
7685
8044
7686
8045
7687
8046
7688
8047
7689
8048
7690
8049
7691
8050
7692
8051
7693
8052
7694
8053
7695
8054
7696
8055
7697
8056
7698
8057
7699
8058
7700
8059
7701
8060
7702
8061
7703
8062
7704
8063
7705
8064
7706
8065
7707
8066
7708
8067
7709
8068
7710
8069
7711
8070
7712
8071
7713
8072
7714
8073
7715
8074
7716
8075
7717
8076
7718
8077
7719
8078
7720
8079
7721
8080
7722
8081
7723
8082
7724
8083
7725
8084
7726
8085
7727
8086
7728
8087
7729
8088
7730
8089
7731
8090
7732
8091
7733
8092
7734
8093
7735
8094
7736
8095
7737
8096
7738
8097
7739
8098
7740
8099
7741
8100
7742
8101
7743
8102
7744
8103
7745
8104
7746
8105
7747
8106
7748
8107
7749
8108
7750
8109
7751
8110
7752
8111
7753
8112
7754
8113
7755
8114
7756
8115
7757
8116
7758
8117
7759
8118
7760
8119
7761
8120
7762
8121
7763
8122
7764
8123
7765
8124
7766
8125
7767
8126
7768
8127
7769
8128
7770
8129
7771
8130
7772
8131
7773
8132
7774
8133
7775
8134
7776
8135
7777
8136
7778
8137
7779
8138
7780
8139
7781
8140
7782
8141
7783
8142
7784
8143
7785
8144
7786
8145
7787
8146
7788
8147
7789
8148
7790
8149
7791
8150
7792
8151
7793
8152
7794
8153
7795
8154
7796
8155
7797
8156
7798
8157
7799
8158
7800
8159
7801
8160
7802
8161
7803
8162
7804
8163
7805
8164
7806
8165
7807
8166
7808
8167
7809
8168
7810
8169
7811
8170
7812
8171
7813
8172
7814
8173
7815
8174
7816
8175
7817
8176
7818
8177
7819
8178
7820
8179
7821
8180
7822
8181
7823
8182
7824
8183
7825
8184
7826
8185
7827
8186
7828
8187
7829
8188
7830
8189
7831
8190
7832
8191
7833
8192
7834
8193
7835
8194
7836
8195
7837
8196
7838
8197
7839
8198
7840
8199
7841
8200
7842
8201
7843
8202
7844
8203
7845
8204
7846
8205
7847
8206
7848
8207
7849
8208
7850
8209
7851
8210
7852
8211
7853
8212
7854
8213
7855
8214
7856
8215
7857
8216
7858
8217
7859
8218
7860
8219
7861
8220
7862
8221
7863
8222
7864
8223
7865
8224
7866
8225
7867
8226
7868
8227
7869
8228
7870
8229
7871
8230
7872
8231
7873
8232
7874
8233
7875
8234
7876
8235
7877
8236
7878
8237
7879
8238
7880
8239
7881
8240
7882
8241
7883
8242
7884
8243
7885
8244
7886
8245
7887
8246
7888
8247
7889
8248
7890
8249
7891
8250
7892
8251
7893
8252
7894
8253
7895
8254
7896
8255
7897
8256
7898
8257
7899
8258
7900
8259
7901
8260
7902
8261
7903
8262
7904
8263
7905
8264
7906
8265
7907
8266
7908
8267
7909
8268
7910
8269
7911
8270
7912
8271
7913
8272
7914
8273
7915
8274
7916
8275
7917
8276
7918
8277
7919
8278
8279
7921
8280
7922
8281
7923
8282
7924
8283
7925
8284
7926
8285
7927
8286
7928
8287
7929
8288
7930
8289
7931
8290
7932
8291
7933
8292
7934
8293
7935
8294
7936
8295
7937
8296
7938
8297
7939
8298
7940
8299
7941
8300
7942
8301
7943
8302
7944
8303
7945
8304
7946
8305
7947
8306
7948
8307
7949
8308
7950
8309
7951
8310
7952
8311
7953
8312
7954
8313
7955
8314
7956
8315
7957
8316
7958
8317
7959
8318
7960
8319
7961
8320
7962
8321
7963
8322
7964
8323
7965
8324
7966
8325
7967
8326
7968
8327
7969
8328
7970
8329
7971
8330
7972
8331
7973
8332
7974
8333
7975
8334
7976
8335
7977
8336
7978
8337
7979
8338
7980
8339
7981
8340
7982
8341
7983
8342
7984
8343
7985
8344
7986
8345
7987
8346
7988
8347
7989
8348
7990
8349
7991
8350
7992
8351
7993
8352
7994
8353
7995
8354
7996
8355
7997
8356
7998
8357
7999
8358
8000
8359
8001
8360
8002
8361
8003
8362
8004
8363
8005
8364
8006
8365
8007
8366
8008
8367
8009
8368
8010
8369
8011
8370
8012
8371
8013
8372
8014
8373
8015
8374
8016
8375
8017
8376
8018
8377
8019
8378
8020
8379
8021
8380
8022
8381
8023
8382
8024
8383
8025
8384
8026
8385
8027
8386
8028
8387
8029
8388
8030
8389
8031
8390
8032
8391
8033
8392
8034
8393
8035
8394
8036
8395
8037
8396
8038
8397
8039
8398
8040
8399
8041
8400
8042
8401
8043
8402
8044
8403
8045
8404
8046
8405
8047
8406
8048
8407
8049
8408
8050
8409
8051
8410
8052
8411
8053
8412
8054
8413
8055
8414
8056
8415
8057
8416
8058
8417
8059
8418
8060
8419
8061
8420
8062
8421
8063
8422
8064
8423
8065
8424
8066
8425
8067
8426
8068
8427
8069
8428
8070
8429
8071
8430
8072
8431
8073
8432
8074
8433
8075
8434
8076
8435
8077
8436
8078
8437
8079
8438
8080
8439
8081
8440
8082
8441
8083
8442
8084
8443
8085
8444
8086
8445
8087
8446
8088
8447
8089
8448
8090
8449
8091
8450
8092
8451
8093
8452
8094
8453
8095
8454
8096
8455
8097
8456
8098
8457
8099
8458
8100
8459
8101
8460
8102
8461
8103
8462
8104
8463
8105
8464
8106
8465
8107
8466
8108
8467
8109
8468
8110
8469
8111
8470
8112
8471
8113
8472
8114
8473
8115
8474
8116
8475
8117
8476
8118
8477
8119
8478
8120
8479
8121
8480
8122
8481
8123
8482
8124
8483
8125
8484
8126
8485
8127
8486
8128
8487
8129
8488
8130
8489
8131
8490
8132
8491
8133
8492
8134
8493
8135
8494
8136
8495
8137
8496
8138
8497
8139
8498
8140
8499
8141
8500
8142
8501
8143
8502
8144
8503
8145
8504
8146
8505
8147
8506
8148
8507
8149
8508
8150
8509
8151
8510
8152
8511
8153
8512
8154
8513
8155
8514
8156
8515
8157
8516
8158
8517
8159
8518
8160
8519
8161
8520
8162
8521
8163
8522
8164
8523
8165
8524
8166
8525
8167
8526
8168
8527
8169
8528
8170
8529
8171
8530
8172
8531
8173
8532
8174
8533
8175
8534
8176
8535
8177
8536
8178
8537
8179
8538
8180
8539
8181
8540
8182
8541
8183
8542
8184
8543
8185
8544
8186
8545
8187
8546
8188
8547
8189
8548
8190
8549
8191
8550
8192
8551
8193
8552
8194
8553
8195
8554
8196
8555
8197
8556
8198
8557
8199
8558
8200
8559
8201
8560
8202
8561
8203
8562
8204
8563
8205
8564
8206
8565
8207
8566
8208
8567
8209
8568
8210
8569
8211
8570
8212
8571
8213
8572
8214
8573
8215
8574
8216
8575
8217
8576
8218
8577
8219
8578
8220
8579
8221
8580
8222
8581
8223
8582
8224
8583
8225
8584
8226
8585
8227
8586
8228
8587
8229
8588
8230
8589
8231
8590
8232
8591
8233
8592
8234
8593
8235
8594
8236
8595
8237
8596
8238
8597
8239
8598
8240
8599
8241
8600
8242
8601
8243
8602
8244
8603
8245
8604
8246
8605
8247
8606
8248
8607
8249
8608
8250
8609
8251
8610
8252
8611
8253
8612
8254
8613
8255
8614
8256
8615
8257
8616
8258
8617
8259
8618
8260
8619
8261
8620
8262
8621
8263
8622
8264
8623
8265
8624
8266
8625
8267
8626
8268
8627
8269
8628
8270
8629
8271
8630
8272
8631
8273
8632
8274
8633
8275
8634
8276
8635
8277
8636
8278
8637
8279
8638
8639
8281
8640
8282
8641
8283
8642
8284
8643
8285
8644
8286
8645
8287
8646
8288
8647
8289
8648
8290
8649
8291
8650
8292
8651
8293
8652
8294
8653
8295
8654
8296
8655
8297
8656
8298
8657
8299
8658
8300
8659
8301
8660
8302
8661
8303
8662
8304
8663
8305
8664
8306
8665
8307
8666
8308
8667
8309
8668
8310
8669
8311
8670
8312
8671
8313
8672
8314
8673
8315
8674
8316
8675
8317
8676
8318
8677
8319
8678
8320
8679
8321
8680
8322
8681
8323
8682
8324
8683
8325
8684
8326
8685
8327
8686
8328
8687
8329
8688
8330
8689
8331
8690
8332
8691
8333
8692
8334
8693
8335
8694
8336
8695
8337
8696
8338
8697
8339
8698
8340
8699
8341
8700
8342
8701
8343
8702
8344
8703
8345
8704
8346
8705
8347
8706
8348
8707
8349
8708
8350
8709
8351
8710
8352
8711
8353
8712
8354
8713
8355
8714
8356
8715
8357
8716
8358
8717
8359
8718
8360
8719
8361
8720
8362
8721
8363
8722
8364
8723
8365
8724
8366
8725
8367
8726
8368
8727
8369
8728
8370
8729
8371
8730
8372
8731
8373
8732
8374
8733
8375
8734
8376
8735
8377
8736
8378
8737
8379
8738
8380
8739
8381
8740
8382
8741
8383
8742
8384
8743
8385
8744
8386
8745
8387
8746
8388
8747
8389
8748
8390
8749
8391
8750
8392
8751
8393
8752
8394
8753
8395
8754
8396
8755
8397
8756
8398
8757
8399
8758
8400
8759
8401
8760
8402
8761
8403
8762
8404
8763
8405
8764
8406
8765
8407
8766
8408
8767
8409
8768
8410
8769
8411
8770
8412
8771
8413
8772
8414
8773
8415
8774
8416
8775
8417
8776
8418
8777
8419
8778
8420
8779
8421
8780
8422
8781
8423
8782
8424
8783
8425
8784
8426
8785
8427
8786
8428
8787
8429
8788
8430
8789
8431
8790
8432
8791
8433
8792
8434
8793
8435
8794
8436
8795
8437
8796
8438
8797
8439
8798
8440
8799
8441
8800
8442
8801
8443
8802
8444
8803
8445
8804
8446
8805
8447
8806
8448
8807
8449
8808
8450
8809
8451
8810
8452
8811
8453
8812
8454
8813
8455
8814
8456
8815
8457
8816
8458
8817
8459
8818
8460
8819
8461
8820
8462
8821
8463
8822
8464
8823
8465
8824
8466
8825
8467
8826
8468
8827
8469
8828
8470
8829
8471
8830
8472
8831
8473
8832
8474
8833
8475
8834
8476
8835
8477
8836
8478
8837
8479
8838
8480
8839
8481
8840
8482
8841
8483
8842
8484
8843
8485
8844
8486
8845
8487
8846
8488
8847
8489
8848
8490
8849
8491
8850
8492
8851
8493
8852
8494
8853
8495
8854
8496
8855
8497
8856
8498
8857
8499
8858
8500
8859
8501
8860
8502
8861
8503
8862
8504
8863
8505
8864
8506
8865
8507
8866
8508
8867
8509
8868
8510
8869
8511
8870
8512
8871
8513
8872
8514
8873
8515
8874
8516
8875
8517
8876
8518
8877
8519
8878
8520
8879
8521
8880
8522
8881
8523
8882
8524
8883
8525
8884
8526
8885
8527
8886
8528
8887
8529
8888
8530
8889
8531
8890
8532
8891
8533
8892
8534
8893
8535
8894
8536
8895
8537
8896
8538
8897
8539
8898
8540
8899
8541
8900
8542
8901
8543
8902
8544
8903
8545
8904
8546
8905
8547
8906
8548
8907
8549
8908
8550
8909
8551
8910
8552
8911
8553
8912
8554
8913
8555
8914
8556
8915
8557
8916
8558
8917
8559
8918
8560
8919
8561
8920
8562
8921
8563
8922
8564
8923
8565
8924
8566
8925
8567
8926
8568
8927
8569
8928
8570
8929
8571
8930
8572
8931
8573
8932
8574
8933
8575
8934
8576
8935
8577
8936
8578
8937
8579
8938
8580
8939
8581
8940
8582
8941
8583
8942
8584
8943
8585
8944
8586
8945
8587
8946
8588
8947
8589
8948
8590
8949
8591
8950
8592
8951
8593
8952
8594
8953
8595
8954
8596
8955
8597
8956
8598
8957
8599
8958
8600
8959
8601
8960
8602
8961
8603
8962
8604
8963
8605
8964
8606
8965
8607
8966
8608
8967
8609
8968
8610
8969
8611
8970
8612
8971
8613
8972
8614
8973
8615
8974
8616
8975
8617
8976
8618
8977
8619
8978
8620
8979
8621
8980
8622
8981
8623
8982
8624
8983
8625
8984
8626
8985
8627
8986
8628
8987
8629
8988
8630
8989
8631
8990
8632
8991
8633
8992
8634
8993
8635
8994
8636
8995
8637
8996
8638
8997
8639
8998
8999
8641
9000
8642
9001
8643
9002
8644
9003
8645
9004
8646
9005
8647
9006
8648
9007
8649
9008
8650
9009
8651
9010
8652
9011
8653
9012
8654
9013
8655
9014
8656
9015
8657
9016
8658
9017
8659
9018
8660
9019
8661
9020
8662
9021
8663
9022
8664
9023
8665
9024
8666
9025
8667
9026
8668
9027
8669
9028
8670
9029
8671
9030
8672
9031
8673
9032
8674
9033
8675
9034
8676
9035
8677
9036
8678
9037
8679
9038
8680
9039
8681
9040
8682
9041
8683
9042
8684
9043
8685
9044
8686
9045
8687
9046
8688
9047
8689
9048
8690
9049
8691
9050
8692
9051
8693
9052
8694
9053
8695
9054
8696
9055
8697
9056
8698
9057
8699
9058
8700
9059
8701
9060
8702
9061
8703
9062
8704
9063
8705
9064
8706
9065
8707
9066
8708
9067
8709
9068
8710
9069
8711
9070
8712
9071
8713
9072
8714
9073
8715
9074
8716
9075
8717
9076
8718
9077
8719
9078
8720
9079
8721
9080
8722
9081
8723
9082
8724
9083
8725
9084
8726
9085
8727
9086
8728
9087
8729
9088
8730
9089
8731
9090
8732
9091
8733
9092
8734
9093
8735
9094
8736
9095
8737
9096
8738
9097
8739
9098
8740
9099
8741
9100
8742
9101
8743
9102
8744
9103
8745
9104
8746
9105
8747
9106
8748
9107
8749
9108
8750
9109
8751
9110
8752
9111
8753
9112
8754
9113
8755
9114
8756
9115
8757
9116
8758
9117
8759
9118
8760
9119
8761
9120
8762
9121
8763
9122
8764
9123
8765
9124
8766
9125
8767
9126
8768
9127
8769
9128
8770
9129
8771
9130
8772
9131
8773
9132
8774
9133
8775
9134
8776
9135
8777
9136
8778
9137
8779
9138
8780
9139
8781
9140
8782
9141
8783
9142
8784
9143
8785
9144
8786
9145
8787
9146
8788
9147
8789
9148
8790
9149
8791
9150
8792
9151
8793
9152
8794
9153
8795
9154
8796
9155
8797
9156
8798
9157
8799
9158
8800
9159
8801
9160
8802
9161
8803
9162
8804
9163
8805
9164
8806
9165
8807
9166
8808
9167
8809
9168
8810
9169
8811
9170
8812
9171
8813
9172
8814
9173
8815
9174
8816
9175
8817
9176
8818
9177
8819
9178
8820
9179
8821
9180
8822
9181
8823
9182
8824
9183
8825
9184
8826
9185
8827
9186
8828
9187
8829
9188
8830
9189
8831
9190
8832
9191
8833
9192
8834
9193
8835
9194
8836
9195
8837
9196
8838
9197
8839
9198
8840
9199
8841
9200
8842
9201
8843
9202
8844
9203
8845
9204
8846
9205
8847
9206
8848
9207
8849
9208
8850
9209
8851
9210
8852
9211
8853
9212
8854
9213
8855
9214
8856
9215
8857
9216
8858
9217
8859
9218
8860
9219
8861
9220
8862
9221
8863
9222
8864
9223
8865
9224
8866
9225
8867
9226
8868
9227
8869
9228
8870
9229
8871
9230
8872
9231
8873
9232
8874
9233
8875
9234
8876
9235
8877
9236
8878
9237
8879
9238
8880
9239
8881
9240
8882
9241
8883
9242
8884
9243
8885
9244
8886
9245
8887
9246
8888
9247
8889
9248
8890
9249
8891
9250
8892
9251
8893
9252
8894
9253
8895
9254
8896
9255
8897
9256
8898
9257
8899
9258
8900
9259
8901
9260
8902
9261
8903
9262
8904
9263
8905
9264
8906
9265
8907
9266
8908
9267
8909
9268
8910
9269
8911
9270
8912
9271
8913
9272
8914
9273
8915
9274
8916
9275
8917
9276
8918
9277
8919
9278
8920
9279
8921
9280
8922
9281
8923
9282
8924
9283
8925
9284
8926
9285
8927
9286
8928
9287
8929
9288
8930
9289
8931
9290
8932
9291
8933
9292
8934
9293
8935
9294
8936
9295
8937
9296
8938
9297
8939
9298
8940
9299
8941
9300
8942
9301
8943
9302
8944
9303
8945
9304
8946
9305
8947
9306
8948
9307
8949
9308
8950
9309
8951
9310
8952
9311
8953
9312
8954
9313
8955
9314
8956
9315
8957
9316
8958
9317
8959
9318
8960
9319
8961
9320
8962
9321
8963
9322
8964
9323
8965
9324
8966
9325
8967
9326
8968
9327
8969
9328
8970
9329
8971
9330
8972
9331
8973
9332
8974
9333
8975
9334
8976
9335
8977
9336
8978
9337
8979
9338
8980
9339
8981
9340
8982
9341
8983
9342
8984
9343
8985
9344
8986
9345
8987
9346
8988
9347
8989
9348
8990
9349
8991
9350
8992
9351
8993
9352
8994
9353
8995
9354
8996
9355
8997
9356
8998
9357
8999
9358
9359
9001
9360
9002
9361
9003
9362
9004
9363
9005
9364
9006
9365
9007
9366
9008
9367
9009
9368
9010
9369
9011
9370
9012
9371
9013
9372
9014
9373
9015
9374
9016
9375
9017
9376
9018
9377
9019
9378
9020
9379
9021
9380
9022
9381
9023
9382
9024
9383
9025
9384
9026
9385
9027
9386
9028
9387
9029
9388
9030
9389
9031
9390
9032
9391
9033
9392
9034
9393
9035
9394
9036
9395
9037
9396
9038
9397
9039
9398
9040
9399
9041
9400
9042
9401
9043
9402
9044
9403
9045
9404
9046
9405
9047
9406
9048
9407
9049
9408
9050
9409
9051
9410
9052
9411
9053
9412
9054
9413
9055
9414
9056
9415
9057
9416
9058
9417
9059
9418
9060
9419
9061
9420
9062
9421
9063
9422
9064
9423
9065
9424
9066
9425
9067
9426
9068
9427
9069
9428
9070
9429
9071
9430
9072
9431
9073
9432
9074
9433
9075
9434
9076
9435
9077
9436
9078
9437
9079
9438
9080
9439
9081
9440
9082
9441
9083
9442
9084
9443
9085
9444
9086
9445
9087
9446
9088
9447
9089
9448
9090
9449
9091
9450
9092
9451
9093
9452
9094
9453
9095
9454
9096
9455
9097
9456
9098
9457
9099
9458
9100
9459
9101
9460
9102
9461
9103
9462
9104
9463
9105
9464
9106
9465
9107
9466
9108
9467
9109
9468
9110
9469
9111
9470
9112
9471
9113
9472
9114
9473
9115
9474
9116
9475
9117
9476
9118
9477
9119
9478
9120
9479
9121
9480
9122
9481
9123
9482
9124
9483
9125
9484
9126
9485
9127
9486
9128
9487
9129
9488
9130
9489
9131
9490
9132
9491
9133
9492
9134
9493
9135
9494
9136
9495
9137
9496
9138
9497
9139
9498
9140
9499
9141
9500
9142
9501
9143
9502
9144
9503
9145
9504
9146
9505
9147
9506
9148
9507
9149
9508
9150
9509
9151
9510
9152
9511
9153
9512
9154
9513
9155
9514
9156
9515
9157
9516
9158
9517
9159
9518
9160
9519
9161
9520
9162
9521
9163
9522
9164
9523
9165
9524
9166
9525
9167
9526
9168
9527
9169
9528
9170
9529
9171
9530
9172
9531
9173
9532
9174
9533
9175
9534
9176
9535
9177
9536
9178
9537
9179
9538
9180
9539
9181
9540
9182
9541
9183
9542
9184
9543
9185
9544
9186
9545
9187
9546
9188
9547
9189
9548
9190
9549
9191
9550
9192
9551
9193
9552
9194
9553
9195
9554
9196
9555
9197
9556
9198
9557
9199
9558
9200
9559
9201
9560
9202
9561
9203
9562
9204
9563
9205
9564
9206
9565
9207
9566
9208
9567
9209
9568
9210
9569
9211
9570
9212
9571
9213
9572
9214
9573
9215
9574
9216
9575
9217
9576
9218
9577
9219
9578
9220
9579
9221
9580
9222
9581
9223
9582
9224
9583
9225
9584
9226
9585
9227
9586
9228
9587
9229
9588
9230
9589
9231
9590
9232
9591
9233
9592
9234
9593
9235
9594
9236
9595
9237
9596
9238
9597
9239
9598
9240
9599
9241
9600
9242
9601
9243
9602
9244
9603
9245
9604
9246
9605
9247
9606
9248
9607
9249
9608
9250
9609
9251
9610
9252
9611
9253
9612
9254
9613
9255
9614
9256
9615
9257
9616
9258
9617
9259
9618
9260
9619
9261
9620
9262
9621
9263
9622
9264
9623
9265
9624
9266
9625
9267
9626
9268
9627
9269
9628
9270
9629
9271
9630
9272
9631
9273
9632
9274
9633
9275
9634
9276
9635
9277
9636
9278
9637
9279
9638
9280
9639
9281
9640
9282
9641
9283
9642
9284
9643
9285
9644
9286
9645
9287
9646
9288
9647
9289
9648
9290
9649
9291
9650
9292
9651
9293
9652
9294
9653
9295
9654
9296
9655
9297
9656
9298
9657
9299
9658
9300
9659
9301
9660
9302
9661
9303
9662
9304
9663
9305
9664
9306
9665
9307
9666
9308
9667
9309
9668
9310
9669
9311
9670
9312
9671
9313
9672
9314
9673
9315
9674
9316
9675
9317
9676
9318
9677
9319
9678
9320
9679
9321
9680
9322
9681
9323
9682
9324
9683
9325
9684
9326
9685
9327
9686
9328
9687
9329
9688
9330
9689
9331
9690
9332
9691
9333
9692
9334
9693
9335
9694
9336
9695
9337
9696
9338
9697
9339
9698
9340
9699
9341
9700
9342
9701
9343
9702
9344
9703
9345
9704
9346
9705
9347
9706
9348
9707
9349
9708
9350
9709
9351
9710
9352
9711
9353
9712
9354
9713
9355
9714
9356
9715
9357
9716
9358
9717
9359
9718
9719
9361
9720
9362
9721
9363
9722
9364
9723
9365
9724
9366
9725
9367
9726
9368
9727
9369
9728
9370
9729
9371
9730
9372
9731
9373
9732
9374
9733
9375
9734
9376
9735
9377
9736
9378
9737
9379
9738
9380
9739
9381
9740
9382
9741
9383
9742
9384
9743
9385
9744
9386
9745
9387
9746
9388
9747
9389
9748
9390
9749
9391
9750
9392
9751
9393
9752
9394
9753
9395
9754
9396
9755
9397
9756
9398
9757
9399
9758
9400
9759
9401
9760
9402
9761
9403
9762
9404
9763
9405
9764
9406
9765
9407
9766
9408
9767
9409
9768
9410
9769
9411
9770
9412
9771
9413
9772
9414
9773
9415
9774
9416
9775
9417
9776
9418
9777
9419
9778
9420
9779
9421
9780
9422
9781
9423
9782
9424
9783
9425
9784
9426
9785
9427
9786
9428
9787
9429
9788
9430
9789
9431
9790
9432
9791
9433
9792
9434
9793
9435
9794
9436
9795
9437
9796
9438
9797
9439
9798
9440
9799
9441
9800
9442
9801
9443
9802
9444
9803
9445
9804
9446
9805
9447
9806
9448
9807
9449
9808
9450
9809
9451
9810
9452
9811
9453
9812
9454
9813
9455
9814
9456
9815
9457
9816
9458
9817
9459
9818
9460
9819
9461
9820
9462
9821
9463
9822
9464
9823
9465
9824
9466
9825
9467
9826
9468
9827
9469
9828
9470
9829
9471
9830
9472
9831
9473
9832
9474
9833
9475
9834
9476
9835
9477
9836
9478
9837
9479
9838
9480
9839
9481
9840
9482
9841
9483
9842
9484
9843
9485
9844
9486
9845
9487
9846
9488
9847
9489
9848
9490
9849
9491
9850
9492
9851
9493
9852
9494
9853
9495
9854
9496
9855
9497
9856
9498
9857
9499
9858
9500
9859
9501
9860
9502
9861
9503
9862
9504
9863
9505
9864
9506
9865
9507
9866
9508
9867
9509
9868
9510
9869
9511
9870
9512
9871
9513
9872
9514
9873
9515
9874
9516
9875
9517
9876
9518
9877
9519
9878
9520
9879
9521
9880
9522
9881
9523
9882
9524
9883
9525
9884
9526
9885
9527
9886
9528
9887
9529
9888
9530
9889
9531
9890
9532
9891
9533
9892
9534
9893
9535
9894
9536
9895
9537
9896
9538
9897
9539
9898
9540
9899
9541
9900
9542
9901
9543
9902
9544
9903
9545
9904
9546
9905
9547
9906
9548
9907
9549
9908
9550
9909
9551
9910
9552
9911
9553
9912
9554
9913
9555
9914
9556
9915
9557
9916
9558
9917
9559
9918
9560
9919
9561
9920
9562
9921
9563
9922
9564
9923
9565
9924
9566
9925
9567
9926
9568
9927
9569
9928
9570
9929
9571
9930
9572
9931
9573
9932
9574
9933
9575
9934
9576
9935
9577
9936
9578
9937
9579
9938
9580
9939
9581
9940
9582
9941
9583
9942
9584
9943
9585
9944
9586
9945
9587
9946
9588
9947
9589
9948
9590
9949
9591
9950
9592
9951
9593
9952
9594
9953
9595
9954
9596
9955
9597
9956
9598
9957
9599
9958
9600
9959
9601
9960
9602
9961
9603
9962
9604
9963
9605
9964
9606
9965
9607
9966
9608
9967
9609
9968
9610
9969
9611
9970
9612
9971
9613
9972
9614
9973
9615
9974
9616
9975
9617
9976
9618
9977
9619
9978
9620
9979
9621
9980
9622
9981
9623
9982
9624
9983
9625
9984
9626
9985
9627
9986
9628
9987
9629
9988
9630
9989
9631
9990
9632
9991
9633
9992
9634
9993
9635
9994
9636
9995
9637
9996
9638
9997
9639
9998
9640
9999
9641
10000
9642
10001
9643
10002
9644
10003
9645
10004
9646
10005
9647
10006
9648
10007
9649
10008
9650
10009
9651
10010
9652
10011
9653
10012
9654
10013
9655
10014
9656
10015
9657
10016
9658
10017
9659
10018
9660
10019
9661
10020
9662
10021
9663
10022
9664
10023
9665
10024
9666
10025
9667
10026
9668
10027
9669
10028
9670
10029
9671
10030
9672
10031
9673
10032
9674
10033
9675
10034
9676
10035
9677
10036
9678
10037
9679
10038
9680
10039
9681
10040
9682
10041
9683
10042
9684
10043
9685
10044
9686
10045
9687
10046
9688
10047
9689
10048
9690
10049
9691
10050
9692
10051
9693
10052
9694
10053
9695
10054
9696
10055
9697
10056
9698
10057
9699
10058
9700
10059
9701
10060
9702
10061
9703
10062
9704
10063
9705
10064
9706
10065
9707
10066
9708
10067
9709
10068
9710
10069
9711
10070
9712
10071
9713
10072
9714
10073
9715
10074
9716
10075
9717
10076
9718
10077
9719
10078
10079
9721
10080
9722
10081
9723
10082
9724
10083
9725
10084
9726
10085
9727
10086
9728
10087
9729
10088
9730
10089
9731
10090
9732
10091
9733
10092
9734
10093
9735
10094
9736
10095
9737
10096
9738
10097
9739
10098
9740
10099
9741
10100
9742
10101
9743
10102
9744
10103
9745
10104
9746
10105
9747
10106
9748
10107
9749
10108
9750
10109
9751
10110
9752
10111
9753
10112
9754
10113
9755
10114
9756
10115
9757
10116
9758
10117
9759
10118
9760
10119
9761
10120
9762
10121
9763
10122
9764
10123
9765
10124
9766
10125
9767
10126
9768
10127
9769
10128
9770
10129
9771
10130
9772
10131
9773
10132
9774
10133
9775
10134
9776
10135
9777
10136
9778
10137
9779
10138
9780
10139
9781
10140
9782
10141
9783
10142
9784
10143
9785
10144
9786
10145
9787
10146
9788
10147
9789
10148
9790
10149
9791
10150
9792
10151
9793
10152
9794
10153
9795
10154
9796
10155
9797
10156
9798
10157
9799
10158
9800
10159
9801
10160
9802
10161
9803
10162
9804
10163
9805
10164
9806
10165
9807
10166
9808
10167
9809
10168
9810
10169
9811
10170
9812
10171
9813
10172
9814
10173
9815
10174
9816
10175
9817
10176
9818
10177
9819
10178
9820
10179
9821
10180
9822
10181
9823
10182
9824
10183
9825
10184
9826
10185
9827
10186
9828
10187
9829
10188
9830
10189
9831
10190
9832
10191
9833
10192
9834
10193
9835
10194
9836
10195
9837
10196
9838
10197
9839
10198
9840
10199
9841
10200
9842
10201
9843
10202
9844
10203
9845
10204
9846
10205
9847
10206
9848
10207
9849
10208
9850
10209
9851
10210
9852
10211
9853
10212
9854
10213
9855
10214
9856
10215
9857
10216
9858
10217
9859
10218
9860
10219
9861
10220
9862
10221
9863
10222
9864
10223
9865
10224
9866
10225
9867
10226
9868
10227
9869
10228
9870
10229
9871
10230
9872
10231
9873
10232
9874
10233
9875
10234
9876
10235
9877
10236
9878
10237
9879
10238
9880
10239
9881
10240
9882
10241
9883
10242
9884
10243
9885
10244
9886
10245
9887
10246
9888
10247
9889
10248
9890
10249
9891
10250
9892
10251
9893
10252
9894
10253
9895
10254
9896
10255
9897
10256
9898
10257
9899
10258
9900
10259
9901
10260
9902
10261
9903
10262
9904
10263
9905
10264
9906
10265
9907
10266
9908
10267
9909
10268
9910
10269
9911
10270
9912
10271
9913
10272
9914
10273
9915
10274
9916
10275
9917
10276
9918
10277
9919
10278
9920
10279
9921
10280
9922
10281
9923
10282
9924
10283
9925
10284
9926
10285
9927
10286
9928
10287
9929
10288
9930
10289
9931
10290
9932
10291
9933
10292
9934
10293
9935
10294
9936
10295
9937
10296
9938
10297
9939
10298
9940
10299
9941
10300
9942
10301
9943
10302
9944
10303
9945
10304
9946
10305
9947
10306
9948
10307
9949
10308
9950
10309
9951
10310
9952
10311
9953
10312
9954
10313
9955
10314
9956
10315
9957
10316
9958
10317
9959
10318
9960
10319
9961
10320
9962
10321
9963
10322
9964
10323
9965
10324
9966
10325
9967
10326
9968
10327
9969
10328
9970
10329
9971
10330
9972
10331
9973
10332
9974
10333
9975
10334
9976
10335
9977
10336
9978
10337
9979
10338
9980
10339
9981
10340
9982
10341
9983
10342
9984
10343
9985
10344
9986
10345
9987
10346
9988
10347
9989
10348
9990
10349
9991
10350
9992
10351
9993
10352
9994
10353
9995
10354
9996
10355
9997
10356
9998
10357
9999
10358
10000
10359
10001
10360
10002
10361
10003
10362
10004
10363
10005
10364
10006
10365
10007
10366
10008
10367
10009
10368
10010
10369
10011
10370
10012
10371
10013
10372
10014
10373
10015
10374
10016
10375
10017
10376
10018
10377
10019
10378
10020
10379
10021
10380
10022
10381
10023
10382
10024
10383
10025
10384
10026
10385
10027
10386
10028
10387
10029
10388
10030
10389
10031
10390
10032
10391
10033
10392
10034
10393
10035
10394
10036
10395
10037
10396
10038
10397
10039
10398
10040
10399
10041
10400
10042
10401
10043
10402
10044
10403
10045
10404
10046
10405
10047
10406
10048
10407
10049
10408
10050
10409
10051
10410
10052
10411
10053
10412
10054
10413
10055
10414
10056
10415
10057
10416
10058
10417
10059
10418
10060
10419
10061
10420
10062
10421
10063
10422
10064
10423
10065
10424
10066
10425
10067
10426
10068
10427
10069
10428
10070
10429
10071
10430
10072
10431
10073
10432
10074
10433
10075
10434
10076
10435
10077
10436
10078
10437
10079
10438
10439
10081
10440
10082
10441
10083
10442
10084
10443
10085
10444
10086
10445
10087
10446
10088
10447
10089
10448
10090
10449
10091
10450
10092
10451
10093
10452
10094
10453
10095
10454
10096
10455
10097
10456
10098
10457
10099
10458
10100
10459
10101
10460
10102
10461
10103
10462
10104
10463
10105
10464
10106
10465
10107
10466
10108
10467
10109
10468
10110
10469
10111
10470
10112
10471
10113
10472
10114
10473
10115
10474
10116
10475
10117
10476
10118
10477
10119
10478
10120
10479
10121
10480
10122
10481
10123
10482
10124
10483
10125
10484
10126
10485
10127
10486
10128
10487
10129
10488
10130
10489
10131
10490
10132
10491
10133
10492
10134
10493
10135
10494
10136
10495
10137
10496
10138
10497
10139
10498
10140
10499
10141
10500
10142
10501
10143
10502
10144
10503
10145
10504
10146
10505
10147
10506
10148
10507
10149
10508
10150
10509
10151
10510
10152
10511
10153
10512
10154
10513
10155
10514
10156
10515
10157
10516
10158
10517
10159
10518
10160
10519
10161
10520
10162
10521
10163
10522
10164
10523
10165
10524
10166
10525
10167
10526
10168
10527
10169
10528
10170
10529
10171
10530
10172
10531
10173
10532
10174
10533
10175
10534
10176
10535
10177
10536
10178
10537
10179
10538
10180
10539
10181
10540
10182
10541
10183
10542
10184
10543
10185
10544
10186
10545
10187
10546
10188
10547
10189
10548
10190
10549
10191
10550
10192
10551
10193
10552
10194
10553
10195
10554
10196
10555
10197
10556
10198
10557
10199
10558
10200
10559
10201
10560
10202
10561
10203
10562
10204
10563
10205
10564
10206
10565
10207
10566
10208
10567
10209
10568
10210
10569
10211
10570
10212
10571
10213
10572
10214
10573
10215
10574
10216
10575
10217
10576
10218
10577
10219
10578
10220
10579
10221
10580
10222
10581
10223
10582
10224
10583
10225
10584
10226
10585
10227
10586
10228
10587
10229
10588
10230
10589
10231
10590
10232
10591
10233
10592
10234
10593
10235
10594
10236
10595
10237
10596
10238
10597
10239
10598
10240
10599
10241
10600
10242
10601
10243
10602
10244
10603
10245
10604
10246
10605
10247
10606
10248
10607
10249
10608
10250
10609
10251
10610
10252
10611
10253
10612
10254
10613
10255
10614
10256
10615
10257
10616
10258
10617
10259
10618
10260
10619
10261
10620
10262
10621
10263
10622
10264
10623
10265
10624
10266
10625
10267
10626
10268
10627
10269
10628
10270
10629
10271
10630
10272
10631
10273
10632
10274
10633
10275
10634
10276
10635
10277
10636
10278
10637
10279
10638
10280
10639
10281
10640
10282
10641
10283
10642
10284
10643
10285
10644
10286
10645
10287
10646
10288
10647
10289
10648
10290
10649
10291
10650
10292
10651
10293
10652
10294
10653
10295
10654
10296
10655
10297
10656
10298
10657
10299
10658
10300
10659
10301
10660
10302
10661
10303
10662
10304
10663
10305
10664
10306
10665
10307
10666
10308
10667
10309
10668
10310
10669
10311
10670
10312
10671
10313
10672
10314
10673
10315
10674
10316
10675
10317
10676
10318
10677
10319
10678
10320
10679
10321
10680
10322
10681
10323
10682
10324
10683
10325
10684
10326
10685
10327
10686
10328
10687
10329
10688
10330
10689
10331
10690
10332
10691
10333
10692
10334
10693
10335
10694
10336
10695
10337
10696
10338
10697
10339
10698
10340
10699
10341
10700
10342
10701
10343
10702
10344
10703
10345
10704
10346
10705
10347
10706
10348
10707
10349
10708
10350
10709
10351
10710
10352
10711
10353
10712
10354
10713
10355
10714
10356
10715
10357
10716
10358
10717
10359
10718
10360
10719
10361
10720
10362
10721
10363
10722
10364
10723
10365
10724
10366
10725
10367
10726
10368
10727
10369
10728
10370
10729
10371
10730
10372
10731
10373
10732
10374
10733
10375
10734
10376
10735
10377
10736
10378
10737
10379
10738
10380
10739
10381
10740
10382
10741
10383
10742
10384
10743
10385
10744
10386
10745
10387
10746
10388
10747
10389
10748
10390
10749
10391
10750
10392
10751
10393
10752
10394
10753
10395
10754
10396
10755
10397
10756
10398
10757
10399
10758
10400
10759
10401
10760
10402
10761
10403
10762
10404
10763
10405
10764
10406
10765
10407
10766
10408
10767
10409
10768
10410
10769
10411
10770
10412
10771
10413
10772
10414
10773
10415
10774
10416
10775
10417
10776
10418
10777
10419
10778
10420
10779
10421
10780
10422
10781
10423
10782
10424
10783
10425
10784
10426
10785
10427
10786
10428
10787
10429
10788
10430
10789
10431
10790
10432
10791
10433
10792
10434
10793
10435
10794
10436
10795
10437
10796
10438
10797
10439
10798
10799
10441
10800
10442
10801
10443
10802
10444
10803
10445
10804
10446
10805
10447
10806
10448
10807
10449
10808
10450
10809
10451
10810
10452
10811
10453
10812
10454
10813
10455
10814
10456
10815
10457
10816
10458
10817
10459
10818
10460
10819
10461
10820
10462
10821
10463
10822
10464
10823
10465
10824
10466
10825
10467
10826
10468
10827
10469
10828
10470
10829
10471
10830
10472
10831
10473
10832
10474
10833
10475
10834
10476
10835
10477
10836
10478
10837
10479
10838
10480
10839
10481
10840
10482
10841
10483
10842
10484
10843
10485
10844
10486
10845
10487
10846
10488
10847
10489
10848
10490
10849
10491
10850
10492
10851
10493
10852
10494
10853
10495
10854
10496
10855
10497
10856
10498
10857
10499
10858
10500
10859
10501
10860
10502
10861
10503
10862
10504
10863
10505
10864
10506
10865
10507
10866
10508
10867
10509
10868
10510
10869
10511
10870
10512
10871
10513
10872
10514
10873
10515
10874
10516
10875
10517
10876
10518
10877
10519
10878
10520
10879
10521
10880
10522
10881
10523
10882
10524
10883
10525
10884
10526
10885
10527
10886
10528
10887
10529
10888
10530
10889
10531
10890
10532
10891
10533
10892
10534
10893
10535
10894
10536
10895
10537
10896
10538
10897
10539
10898
10540
10899
10541
10900
10542
10901
10543
10902
10544
10903
10545
10904
10546
10905
10547
10906
10548
10907
10549
10908
10550
10909
10551
10910
10552
10911
10553
10912
10554
10913
10555
10914
10556
10915
10557
10916
10558
10917
10559
10918
10560
10919
10561
10920
10562
10921
10563
10922
10564
10923
10565
10924
10566
10925
10567
10926
10568
10927
10569
10928
10570
10929
10571
10930
10572
10931
10573
10932
10574
10933
10575
10934
10576
10935
10577
10936
10578
10937
10579
10938
10580
10939
10581
10940
10582
10941
10583
10942
10584
10943
10585
10944
10586
10945
10587
10946
10588
10947
10589
10948
10590
10949
10591
10950
10592
10951
10593
10952
10594
10953
10595
10954
10596
10955
10597
10956
10598
10957
10599
10958
10600
10959
10601
10960
10602
10961
10603
10962
10604
10963
10605
10964
10606
10965
10607
10966
10608
10967
10609
10968
10610
10969
10611
10970
10612
10971
10613
10972
10614
10973
10615
10974
10616
10975
10617
10976
10618
10977
10619
10978
10620
10979
10621
10980
10622
10981
10623
10982
10624
10983
10625
10984
10626
10985
10627
10986
10628
10987
10629
10988
10630
10989
10631
10990
10632
10991
10633
10992
10634
10993
10635
10994
10636
10995
10637
10996
10638
10997
10639
10998
10640
10999
10641
11000
10642
11001
10643
11002
10644
11003
10645
11004
10646
11005
10647
11006
10648
11007
10649
11008
10650
11009
10651
11010
10652
11011
10653
11012
10654
11013
10655
11014
10656
11015
10657
11016
10658
11017
10659
11018
10660
11019
10661
11020
10662
11021
10663
11022
10664
11023
10665
11024
10666
11025
10667
11026
10668
11027
10669
11028
10670
11029
10671
11030
10672
11031
10673
11032
10674
11033
10675
11034
10676
11035
10677
11036
10678
11037
10679
11038
10680
11039
10681
11040
10682
11041
10683
11042
10684
11043
10685
11044
10686
11045
10687
11046
10688
11047
10689
11048
10690
11049
10691
11050
10692
11051
10693
11052
10694
11053
10695
11054
10696
11055
10697
11056
10698
11057
10699
11058
10700
11059
10701
11060
10702
11061
10703
11062
10704
11063
10705
11064
10706
11065
10707
11066
10708
11067
10709
11068
10710
11069
10711
11070
10712
11071
10713
11072
10714
11073
10715
11074
10716
11075
10717
11076
10718
11077
10719
11078
10720
11079
10721
11080
10722
11081
10723
11082
10724
11083
10725
11084
10726
11085
10727
11086
10728
11087
10729
11088
10730
11089
10731
11090
10732
11091
10733
11092
10734
11093
10735
11094
10736
11095
10737
11096
10738
11097
10739
11098
10740
11099
10741
11100
10742
11101
10743
11102
10744
11103
10745
11104
10746
11105
10747
11106
10748
11107
10749
11108
10750
11109
10751
11110
10752
11111
10753
11112
10754
11113
10755
11114
10756
11115
10757
11116
10758
11117
10759
11118
10760
11119
10761
11120
10762
11121
10763
11122
10764
11123
10765
11124
10766
11125
10767
11126
10768
11127
10769
11128
10770
11129
10771
11130
10772
11131
10773
11132
10774
11133
10775
11134
10776
11135
10777
11136
10778
11137
10779
11138
10780
11139
10781
11140
10782
11141
10783
11142
10784
11143
10785
11144
10786
11145
10787
11146
10788
11147
10789
11148
10790
11149
10791
11150
10792
11151
10793
11152
10794
11153
10795
11154
10796
11155
10797
11156
10798
11157
10799
11158
11159
10801
11160
10802
11161
10803
11162
10804
11163
10805
11164
10806
11165
10807
11166
10808
11167
10809
11168
10810
11169
10811
11170
10812
11171
10813
11172
10814
11173
10815
11174
10816
11175
10817
11176
10818
11177
10819
11178
10820
11179
10821
11180
10822
11181
10823
11182
10824
11183
10825
11184
10826
11185
10827
11186
10828
11187
10829
11188
10830
11189
10831
11190
10832
11191
10833
11192
10834
11193
10835
11194
10836
11195
10837
11196
10838
11197
10839
11198
10840
11199
10841
11200
10842
11201
10843
11202
10844
11203
10845
11204
10846
11205
10847
11206
10848
11207
10849
11208
10850
11209
10851
11210
10852
11211
10853
11212
10854
11213
10855
11214
10856
11215
10857
11216
10858
11217
10859
11218
10860
11219
10861
11220
10862
11221
10863
11222
10864
11223
10865
11224
10866
11225
10867
11226
10868
11227
10869
11228
10870
11229
10871
11230
10872
11231
10873
11232
10874
11233
10875
11234
10876
11235
10877
11236
10878
11237
10879
11238
10880
11239
10881
11240
10882
11241
10883
11242
10884
11243
10885
11244
10886
11245
10887
11246
10888
11247
10889
11248
10890
11249
10891
11250
10892
11251
10893
11252
10894
11253
10895
11254
10896
11255
10897
11256
10898
11257
10899
11258
10900
11259
10901
11260
10902
11261
10903
11262
10904
11263
10905
11264
10906
11265
10907
11266
10908
11267
10909
11268
10910
11269
10911
11270
10912
11271
10913
11272
10914
11273
10915
11274
10916
11275
10917
11276
10918
11277
10919
11278
10920
11279
10921
11280
10922
11281
10923
11282
10924
11283
10925
11284
10926
11285
10927
11286
10928
11287
10929
11288
10930
11289
10931
11290
10932
11291
10933
11292
10934
11293
10935
11294
10936
11295
10937
11296
10938
11297
10939
11298
10940
11299
10941
11300
10942
11301
10943
11302
10944
11303
10945
11304
10946
11305
10947
11306
10948
11307
10949
11308
10950
11309
10951
11310
10952
11311
10953
11312
10954
11313
10955
11314
10956
11315
10957
11316
10958
11317
10959
11318
10960
11319
10961
11320
10962
11321
10963
11322
10964
11323
10965
11324
10966
11325
10967
11326
10968
11327
10969
11328
10970
11329
10971
11330
10972
11331
10973
11332
10974
11333
10975
11334
10976
11335
10977
11336
10978
11337
10979
11338
10980
11339
10981
11340
10982
11341
10983
11342
10984
11343
10985
11344
10986
11345
10987
11346
10988
11347
10989
11348
10990
11349
10991
11350
10992
11351
10993
11352
10994
11353
10995
11354
10996
11355
10997
11356
10998
11357
10999
11358
11000
11359
11001
11360
11002
11361
11003
11362
11004
11363
11005
11364
11006
11365
11007
11366
11008
11367
11009
11368
11010
11369
11011
11370
11012
11371
11013
11372
11014
11373
11015
11374
11016
11375
11017
11376
11018
11377
11019
11378
11020
11379
11021
11380
11022
11381
11023
11382
11024
11383
11025
11384
11026
11385
11027
11386
11028
11387
11029
11388
11030
11389
11031
11390
11032
11391
11033
11392
11034
11393
11035
11394
11036
11395
11037
11396
11038
11397
11039
11398
11040
11399
11041
11400
11042
11401
11043
11402
11044
11403
11045
11404
11046
11405
11047
11406
11048
11407
11049
11408
11050
11409
11051
11410
11052
11411
11053
11412
11054
11413
11055
11414
11056
11415
11057
11416
11058
11417
11059
11418
11060
11419
11061
11420
11062
11421
11063
11422
11064
11423
11065
11424
11066
11425
11067
11426
11068
11427
11069
11428
11070
11429
11071
11430
11072
11431
11073
11432
11074
11433
11075
11434
11076
11435
11077
11436
11078
11437
11079
11438
11080
11439
11081
11440
11082
11441
11083
11442
11084
11443
11085
11444
11086
11445
11087
11446
11088
11447
11089
11448
11090
11449
11091
11450
11092
11451
11093
11452
11094
11453
11095
11454
11096
11455
11097
11456
11098
11457
11099
11458
11100
11459
11101
11460
11102
11461
11103
11462
11104
11463
11105
11464
11106
11465
11107
11466
11108
11467
11109
11468
11110
11469
11111
11470
11112
11471
11113
11472
11114
11473
11115
11474
11116
11475
11117
11476
11118
11477
11119
11478
11120
11479
11121
11480
11122
11481
11123
11482
11124
11483
11125
11484
11126
11485
11127
11486
11128
11487
11129
11488
11130
11489
11131
11490
11132
11491
11133
11492
11134
11493
11135
11494
11136
11495
11137
11496
11138
11497
11139
11498
11140
11499
11141
11500
11142
11501
11143
11502
11144
11503
11145
11504
11146
11505
11147
11506
11148
11507
11149
11508
11150
11509
11151
11510
11152
11511
11153
11512
11154
11513
11155
11514
11156
11515
11157
11516
11158
11517
11159
11518
11519
11161
11520
11162
11521
11163
11522
11164
11523
11165
11524
11166
11525
11167
11526
11168
11527
11169
11528
11170
11529
11171
11530
11172
11531
11173
11532
11174
11533
11175
11534
11176
11535
11177
11536
11178
11537
11179
11538
11180
11539
11181
11540
11182
11541
11183
11542
11184
11543
11185
11544
11186
11545
11187
11546
11188
11547
11189
11548
11190
11549
11191
11550
11192
11551
11193
11552
11194
11553
11195
11554
11196
11555
11197
11556
11198
11557
11199
11558
11200
11559
11201
11560
11202
11561
11203
11562
11204
11563
11205
11564
11206
11565
11207
11566
11208
11567
11209
11568
11210
11569
11211
11570
11212
11571
11213
11572
11214
11573
11215
11574
11216
11575
11217
11576
11218
11577
11219
11578
11220
11579
11221
11580
11222
11581
11223
11582
11224
11583
11225
11584
11226
11585
11227
11586
11228
11587
11229
11588
11230
11589
11231
11590
11232
11591
11233
11592
11234
11593
11235
11594
11236
11595
11237
11596
11238
11597
11239
11598
11240
11599
11241
11600
11242
11601
11243
11602
11244
11603
11245
11604
11246
11605
11247
11606
11248
11607
11249
11608
11250
11609
11251
11610
11252
11611
11253
11612
11254
11613
11255
11614
11256
11615
11257
11616
11258
11617
11259
11618
11260
11619
11261
11620
11262
11621
11263
11622
11264
11623
11265
11624
11266
11625
11267
11626
11268
11627
11269
11628
11270
11629
11271
11630
11272
11631
11273
11632
11274
11633
11275
11634
11276
11635
11277
11636
11278
11637
11279
11638
11280
11639
11281
11640
11282
11641
11283
11642
11284
11643
11285
11644
11286
11645
11287
11646
11288
11647
11289
11648
11290
11649
11291
11650
11292
11651
11293
11652
11294
11653
11295
11654
11296
11655
11297
11656
11298
11657
11299
11658
11300
11659
11301
11660
11302
11661
11303
11662
11304
11663
11305
11664
11306
11665
11307
11666
11308
11667
11309
11668
11310
11669
11311
11670
11312
11671
11313
11672
11314
11673
11315
11674
11316
11675
11317
11676
11318
11677
11319
11678
11320
11679
11321
11680
11322
11681
11323
11682
11324
11683
11325
11684
11326
11685
11327
11686
11328
11687
11329
11688
11330
11689
11331
11690
11332
11691
11333
11692
11334
11693
11335
11694
11336
11695
11337
11696
11338
11697
11339
11698
11340
11699
11341
11700
11342
11701
11343
11702
11344
11703
11345
11704
11346
11705
11347
11706
11348
11707
11349
11708
11350
11709
11351
11710
11352
11711
11353
11712
11354
11713
11355
11714
11356
11715
11357
11716
11358
11717
11359
11718
11360
11719
11361
11720
11362
11721
11363
11722
11364
11723
11365
11724
11366
11725
11367
11726
11368
11727
11369
11728
11370
11729
11371
11730
11372
11731
11373
11732
11374
11733
11375
11734
11376
11735
11377
11736
11378
11737
11379
11738
11380
11739
11381
11740
11382
11741
11383
11742
11384
11743
11385
11744
11386
11745
11387
11746
11388
11747
11389
11748
11390
11749
11391
11750
11392
11751
11393
11752
11394
11753
11395
11754
11396
11755
11397
11756
11398
11757
11399
11758
11400
11759
11401
11760
11402
11761
11403
11762
11404
11763
11405
11764
11406
11765
11407
11766
11408
11767
11409
11768
11410
11769
11411
11770
11412
11771
11413
11772
11414
11773
11415
11774
11416
11775
11417
11776
11418
11777
11419
11778
11420
11779
11421
11780
11422
11781
11423
11782
11424
11783
11425
11784
11426
11785
11427
11786
11428
11787
11429
11788
11430
11789
11431
11790
11432
11791
11433
11792
11434
11793
11435
11794
11436
11795
11437
11796
11438
11797
11439
11798
11440
11799
11441
11800
11442
11801
11443
11802
11444
11803
11445
11804
11446
11805
11447
11806
11448
11807
11449
11808
11450
11809
11451
11810
11452
11811
11453
11812
11454
11813
11455
11814
11456
11815
11457
11816
11458
11817
11459
11818
11460
11819
11461
11820
11462
11821
11463
11822
11464
11823
11465
11824
11466
11825
11467
11826
11468
11827
11469
11828
11470
11829
11471
11830
11472
11831
11473
11832
11474
11833
11475
11834
11476
11835
11477
11836
11478
11837
11479
11838
11480
11839
11481
11840
11482
11841
11483
11842
11484
11843
11485
11844
11486
11845
11487
11846
11488
11847
11489
11848
11490
11849
11491
11850
11492
11851
11493
11852
11494
11853
11495
11854
11496
11855
11497
11856
11498
11857
11499
11858
11500
11859
11501
11860
11502
11861
11503
11862
11504
11863
11505
11864
11506
11865
11507
11866
11508
11867
11509
11868
11510
11869
11511
11870
11512
11871
11513
11872
11514
11873
11515
11874
11516
11875
11517
11876
11518
11877
11519
11878
11879
11521
11880
11522
11881
11523
11882
11524
11883
11525
11884
11526
11885
11527
11886
11528
11887
11529
11888
11530
11889
11531
11890
11532
11891
11533
11892
11534
11893
11535
11894
11536
11895
11537
11896
11538
11897
11539
11898
11540
11899
11541
11900
11542
11901
11543
11902
11544
11903
11545
11904
11546
11905
11547
11906
11548
11907
11549
11908
11550
11909
11551
11910
11552
11911
11553
11912
11554
11913
11555
11914
11556
11915
11557
11916
11558
11917
11559
11918
11560
11919
11561
11920
11562
11921
11563
11922
11564
11923
11565
11924
11566
11925
11567
11926
11568
11927
11569
11928
11570
11929
11571
11930
11572
11931
11573
11932
11574
11933
11575
11934
11576
11935
11577
11936
11578
11937
11579
11938
11580
11939
11581
11940
11582
11941
11583
11942
11584
11943
11585
11944
11586
11945
11587
11946
11588
11947
11589
11948
11590
11949
11591
11950
11592
11951
11593
11952
11594
11953
11595
11954
11596
11955
11597
11956
11598
11957
11599
11958
11600
11959
11601
11960
11602
11961
11603
11962
11604
11963
11605
11964
11606
11965
11607
11966
11608
11967
11609
11968
11610
11969
11611
11970
11612
11971
11613
11972
11614
11973
11615
11974
11616
11975
11617
11976
11618
11977
11619
11978
11620
11979
11621
11980
11622
11981
11623
11982
11624
11983
11625
11984
11626
11985
11627
11986
11628
11987
11629
11988
11630
11989
11631
11990
11632
11991
11633
11992
11634
11993
11635
11994
11636
11995
11637
11996
11638
11997
11639
11998
11640
11999
11641
12000
11642
12001
11643
12002
11644
12003
11645
12004
11646
12005
11647
12006
11648
12007
11649
12008
11650
12009
11651
12010
11652
12011
11653
12012
11654
12013
11655
12014
11656
12015
11657
12016
11658
12017
11659
12018
11660
12019
11661
12020
11662
12021
11663
12022
11664
12023
11665
12024
11666
12025
11667
12026
11668
12027
11669
12028
11670
12029
11671
12030
11672
12031
11673
12032
11674
12033
11675
12034
11676
12035
11677
12036
11678
12037
11679
12038
11680
12039
11681
12040
11682
12041
11683
12042
11684
12043
11685
12044
11686
12045
11687
12046
11688
12047
11689
12048
11690
12049
11691
12050
11692
12051
11693
12052
11694
12053
11695
12054
11696
12055
11697
12056
11698
12057
11699
12058
11700
12059
11701
12060
11702
12061
11703
12062
11704
12063
11705
12064
11706
12065
11707
12066
11708
12067
11709
12068
11710
12069
11711
12070
11712
12071
11713
12072
11714
12073
11715
12074
11716
12075
11717
12076
11718
12077
11719
12078
11720
12079
11721
12080
11722
12081
11723
12082
11724
12083
11725
12084
11726
12085
11727
12086
11728
12087
11729
12088
11730
12089
11731
12090
11732
12091
11733
12092
11734
12093
11735
12094
11736
12095
11737
12096
11738
12097
11739
12098
11740
12099
11741
12100
11742
12101
11743
12102
11744
12103
11745
12104
11746
12105
11747
12106
11748
12107
11749
12108
11750
12109
11751
12110
11752
12111
11753
12112
11754
12113
11755
12114
11756
12115
11757
12116
11758
12117
11759
12118
11760
12119
11761
12120
11762
12121
11763
12122
11764
12123
11765
12124
11766
12125
11767
12126
11768
12127
11769
12128
11770
12129
11771
12130
11772
12131
11773
12132
11774
12133
11775
12134
11776
12135
11777
12136
11778
12137
11779
12138
11780
12139
11781
12140
11782
12141
11783
12142
11784
12143
11785
12144
11786
12145
11787
12146
11788
12147
11789
12148
11790
12149
11791
12150
11792
12151
11793
12152
11794
12153
11795
12154
11796
12155
11797
12156
11798
12157
11799
12158
11800
12159
11801
12160
11802
12161
11803
12162
11804
12163
11805
12164
11806
12165
11807
12166
11808
12167
11809
12168
11810
12169
11811
12170
11812
12171
11813
12172
11814
12173
11815
12174
11816
12175
11817
12176
11818
12177
11819
12178
11820
12179
11821
12180
11822
12181
11823
12182
11824
12183
11825
12184
11826
12185
11827
12186
11828
12187
11829
12188
11830
12189
11831
12190
11832
12191
11833
12192
11834
12193
11835
12194
11836
12195
11837
12196
11838
12197
11839
12198
11840
12199
11841
12200
11842
12201
11843
12202
11844
12203
11845
12204
11846
12205
11847
12206
11848
12207
11849
12208
11850
12209
11851
12210
11852
12211
11853
12212
11854
12213
11855
12214
11856
12215
11857
12216
11858
12217
11859
12218
11860
12219
11861
12220
11862
12221
11863
12222
11864
12223
11865
12224
11866
12225
11867
12226
11868
12227
11869
12228
11870
12229
11871
12230
11872
12231
11873
12232
11874
12233
11875
12234
11876
12235
11877
12236
11878
12237
11879
12238
12239
11881
12240
11882
12241
11883
12242
11884
12243
11885
12244
11886
12245
11887
12246
11888
12247
11889
12248
11890
12249
11891
12250
11892
12251
11893
12252
11894
12253
11895
12254
11896
12255
11897
12256
11898
12257
11899
12258
11900
12259
11901
12260
11902
12261
11903
12262
11904
12263
11905
12264
11906
12265
11907
12266
11908
12267
11909
12268
11910
12269
11911
12270
11912
12271
11913
12272
11914
12273
11915
12274
11916
12275
11917
12276
11918
12277
11919
12278
11920
12279
11921
12280
11922
12281
11923
12282
11924
12283
11925
12284
11926
12285
11927
12286
11928
12287
11929
12288
11930
12289
11931
12290
11932
12291
11933
12292
11934
12293
11935
12294
11936
12295
11937
12296
11938
12297
11939
12298
11940
12299
11941
12300
11942
12301
11943
12302
11944
12303
11945
12304
11946
12305
11947
12306
11948
12307
11949
12308
11950
12309
11951
12310
11952
12311
11953
12312
11954
12313
11955
12314
11956
12315
11957
12316
11958
12317
11959
12318
11960
12319
11961
12320
11962
12321
11963
12322
11964
12323
11965
12324
11966
12325
11967
12326
11968
12327
11969
12328
11970
12329
11971
12330
11972
12331
11973
12332
11974
12333
11975
12334
11976
12335
11977
12336
11978
12337
11979
12338
11980
12339
11981
12340
11982
12341
11983
12342
11984
12343
11985
12344
11986
12345
11987
12346
11988
12347
11989
12348
11990
12349
11991
12350
11992
12351
11993
12352
11994
12353
11995
12354
11996
12355
11997
12356
11998
12357
11999
12358
12000
12359
12001
12360
12002
12361
12003
12362
12004
12363
12005
12364
12006
12365
12007
12366
12008
12367
12009
12368
12010
12369
12011
12370
12012
12371
12013
12372
12014
12373
12015
12374
12016
12375
12017
12376
12018
12377
12019
12378
12020
12379
12021
12380
12022
12381
12023
12382
12024
12383
12025
12384
12026
12385
12027
12386
12028
12387
12029
12388
12030
12389
12031
12390
12032
12391
12033
12392
12034
12393
12035
12394
12036
12395
12037
12396
12038
12397
12039
12398
12040
12399
12041
12400
12042
12401
12043
12402
12044
12403
12045
12404
12046
12405
12047
12406
12048
12407
12049
12408
12050
12409
12051
12410
12052
12411
12053
12412
12054
12413
12055
12414
12056
12415
12057
12416
12058
12417
12059
12418
12060
12419
12061
12420
12062
12421
12063
12422
12064
12423
12065
12424
12066
12425
12067
12426
12068
12427
12069
12428
12070
12429
12071
12430
12072
12431
12073
12432
12074
12433
12075
12434
12076
12435
12077
12436
12078
12437
12079
12438
12080
12439
12081
12440
12082
12441
12083
12442
12084
12443
12085
12444
12086
12445
12087
12446
12088
12447
12089
12448
12090
12449
12091
12450
12092
12451
12093
12452
12094
12453
12095
12454
12096
12455
12097
12456
12098
12457
12099
12458
12100
12459
12101
12460
12102
12461
12103
12462
12104
12463
12105
12464
12106
12465
12107
12466
12108
12467
12109
12468
12110
12469
12111
12470
12112
12471
12113
12472
12114
12473
12115
12474
12116
12475
12117
12476
12118
12477
12119
12478
12120
12479
12121
12480
12122
12481
12123
12482
12124
12483
12125
12484
12126
12485
12127
12486
12128
12487
12129
12488
12130
12489
12131
12490
12132
12491
12133
12492
12134
12493
12135
12494
12136
12495
12137
12496
12138
12497
12139
12498
12140
12499
12141
12500
12142
12501
12143
12502
12144
12503
12145
12504
12146
12505
12147
12506
12148
12507
12149
12508
12150
12509
12151
12510
12152
12511
12153
12512
12154
12513
12155
12514
12156
12515
12157
12516
12158
12517
12159
12518
12160
12519
12161
12520
12162
12521
12163
12522
12164
12523
12165
12524
12166
12525
12167
12526
12168
12527
12169
12528
12170
12529
12171
12530
12172
12531
12173
12532
12174
12533
12175
12534
12176
12535
12177
12536
12178
12537
12179
12538
12180
12539
12181
12540
12182
12541
12183
12542
12184
12543
12185
12544
12186
12545
12187
12546
12188
12547
12189
12548
12190
12549
12191
12550
12192
12551
12193
12552
12194
12553
12195
12554
12196
12555
12197
12556
12198
12557
12199
12558
12200
12559
12201
12560
12202
12561
12203
12562
12204
12563
12205
12564
12206
12565
12207
12566
12208
12567
12209
12568
12210
12569
12211
12570
12212
12571
12213
12572
12214
12573
12215
12574
12216
12575
12217
12576
12218
12577
12219
12578
12220
12579
12221
12580
12222
12581
12223
12582
12224
12583
12225
12584
12226
12585
12227
12586
12228
12587
12229
12588
12230
12589
12231
12590
12232
12591
12233
12592
12234
12593
12235
12594
12236
12595
12237
12596
12238
12597
12239
12598
12599
12241
12600
12242
12601
12243
12602
12244
12603
12245
12604
12246
12605
12247
12606
12248
12607
12249
12608
12250
12609
12251
12610
12252
12611
12253
12612
12254
12613
12255
12614
12256
12615
12257
12616
12258
12617
12259
12618
12260
12619
12261
12620
12262
12621
12263
12622
12264
12623
12265
12624
12266
12625
12267
12626
12268
12627
12269
12628
12270
12629
12271
12630
12272
12631
12273
12632
12274
12633
12275
12634
12276
12635
12277
12636
12278
12637
12279
12638
12280
12639
12281
12640
12282
12641
12283
12642
12284
12643
12285
12644
12286
12645
12287
12646
12288
12647
12289
12648
12290
12649
12291
12650
12292
12651
12293
12652
12294
12653
12295
12654
12296
12655
12297
12656
12298
12657
12299
12658
12300
12659
12301
12660
12302
12661
12303
12662
12304
12663
12305
12664
12306
12665
12307
12666
12308
12667
12309
12668
12310
12669
12311
12670
12312
12671
12313
12672
12314
12673
12315
12674
12316
12675
12317
12676
12318
12677
12319
12678
12320
12679
12321
12680
12322
12681
12323
12682
12324
12683
12325
12684
12326
12685
12327
12686
12328
12687
12329
12688
12330
12689
12331
12690
12332
12691
12333
12692
12334
12693
12335
12694
12336
12695
12337
12696
12338
12697
12339
12698
12340
12699
12341
12700
12342
12701
12343
12702
12344
12703
12345
12704
12346
12705
12347
12706
12348
12707
12349
12708
12350
12709
12351
12710
12352
12711
12353
12712
12354
12713
12355
12714
12356
12715
12357
12716
12358
12717
12359
12718
12360
12719
12361
12720
12362
12721
12363
12722
12364
12723
12365
12724
12366
12725
12367
12726
12368
12727
12369
12728
12370
12729
12371
12730
12372
12731
12373
12732
12374
12733
12375
12734
12376
12735
12377
12736
12378
12737
12379
12738
12380
12739
12381
12740
12382
12741
12383
12742
12384
12743
12385
12744
12386
12745
12387
12746
12388
12747
12389
12748
12390
12749
12391
12750
12392
12751
12393
12752
12394
12753
12395
12754
12396
12755
12397
12756
12398
12757
12399
12758
12400
12759
12401
12760
12402
12761
12403
12762
12404
12763
12405
12764
12406
12765
12407
12766
12408
12767
12409
12768
12410
12769
12411
12770
12412
12771
12413
12772
12414
12773
12415
12774
12416
12775
12417
12776
12418
12777
12419
12778
12420
12779
12421
12780
12422
12781
12423
12782
12424
12783
12425
12784
12426
12785
12427
12786
12428
12787
12429
12788
12430
12789
12431
12790
12432
12791
12433
12792
12434
12793
12435
12794
12436
12795
12437
12796
12438
12797
12439
12798
12440
12799
12441
12800
12442
12801
12443
12802
12444
12803
12445
12804
12446
12805
12447
12806
12448
12807
12449
12808
12450
12809
12451
12810
12452
12811
12453
12812
12454
12813
12455
12814
12456
12815
12457
12816
12458
12817
12459
12818
12460
12819
12461
12820
12462
12821
12463
12822
12464
12823
12465
12824
12466
12825
12467
12826
12468
12827
12469
12828
12470
12829
12471
12830
12472
12831
12473
12832
12474
12833
12475
12834
12476
12835
12477
12836
12478
12837
12479
12838
12480
12839
12481
12840
12482
12841
12483
12842
12484
12843
12485
12844
12486
12845
12487
12846
12488
12847
12489
12848
12490
12849
12491
12850
12492
12851
12493
12852
12494
12853
12495
12854
12496
12855
12497
12856
12498
12857
12499
12858
12500
12859
12501
12860
12502
12861
12503
12862
12504
12863
12505
12864
12506
12865
12507
12866
12508
12867
12509
12868
12510
12869
12511
12870
12512
12871
12513
12872
12514
12873
12515
12874
12516
12875
12517
12876
12518
12877
12519
12878
12520
12879
12521
12880
12522
12881
12523
12882
12524
12883
12525
12884
12526
12885
12527
12886
12528
12887
12529
12888
12530
12889
12531
12890
12532
12891
12533
12892
12534
12893
12535
12894
12536
12895
12537
12896
12538
12897
12539
12898
12540
12899
12541
12900
12542
12901
12543
12902
12544
12903
12545
12904
12546
12905
12547
12906
12548
12907
12549
12908
12550
12909
12551
12910
12552
12911
12553
12912
12554
12913
12555
12914
12556
12915
12557
12916
12558
12917
12559
12918
12560
12919
12561
12920
12562
12921
12563
12922
12564
12923
12565
12924
12566
12925
12567
12926
12568
12927
12569
12928
12570
12929
12571
12930
12572
12931
12573
12932
12574
12933
12575
12934
12576
12935
12577
12936
12578
12937
12579
12938
12580
12939
12581
12940
12582
12941
12583
12942
12584
12943
12585
12944
12586
12945
12587
12946
12588
12947
12589
12948
12590
12949
12591
12950
12592
12951
12593
12952
12594
12953
12595
12954
12596
12955
12597
12956
12598
12957
12599
12958
12959
12601
12960
12602
12961
12603
12962
12604
12963
12605
12964
12606
12965
12607
12966
12608
12967
12609
12968
12610
12969
12611
12970
12612
12971
12613
12972
12614
12973
12615
12974
12616
12975
12617
12976
12618
12977
12619
12978
12620
12979
12621
12980
12622
12981
12623
12982
12624
12983
12625
12984
12626
12985
12627
12986
12628
12987
12629
12988
12630
12989
12631
12990
12632
12991
12633
12992
12634
12993
12635
12994
12636
12995
12637
12996
12638
12997
12639
12998
12640
12999
12641
13000
12642
13001
12643
13002
12644
13003
12645
13004
12646
13005
12647
13006
12648
13007
12649
13008
12650
13009
12651
13010
12652
13011
12653
13012
12654
13013
12655
13014
12656
13015
12657
13016
12658
13017
12659
13018
12660
13019
12661
13020
12662
13021
12663
13022
12664
13023
12665
13024
12666
13025
12667
13026
12668
13027
12669
13028
12670
13029
12671
13030
12672
13031
12673
13032
12674
13033
12675
13034
12676
13035
12677
13036
12678
13037
12679
13038
12680
13039
12681
13040
12682
13041
12683
13042
12684
13043
12685
13044
12686
13045
12687
13046
12688
13047
12689
13048
12690
13049
12691
13050
12692
13051
12693
13052
12694
13053
12695
13054
12696
13055
12697
13056
12698
13057
12699
13058
12700
13059
12701
13060
12702
13061
12703
13062
12704
13063
12705
13064
12706
13065
12707
13066
12708
13067
12709
13068
12710
13069
12711
13070
12712
13071
12713
13072
12714
13073
12715
13074
12716
13075
12717
13076
12718
13077
12719
13078
12720
13079
12721
13080
12722
13081
12723
13082
12724
13083
12725
13084
12726
13085
12727
13086
12728
13087
12729
13088
12730
13089
12731
13090
12732
13091
12733
13092
12734
13093
12735
13094
12736
13095
12737
13096
12738
13097
12739
13098
12740
13099
12741
13100
12742
13101
12743
13102
12744
13103
12745
13104
12746
13105
12747
13106
12748
13107
12749
13108
12750
13109
12751
13110
12752
13111
12753
13112
12754
13113
12755
13114
12756
13115
12757
13116
12758
13117
12759
13118
12760
13119
12761
13120
12762
13121
12763
13122
12764
13123
12765
13124
12766
13125
12767
13126
12768
13127
12769
13128
12770
13129
12771
13130
12772
13131
12773
13132
12774
13133
12775
13134
12776
13135
12777
13136
12778
13137
12779
13138
12780
13139
12781
13140
12782
13141
12783
13142
12784
13143
12785
13144
12786
13145
12787
13146
12788
13147
12789
13148
12790
13149
12791
13150
12792
13151
12793
13152
12794
13153
12795
13154
12796
13155
12797
13156
12798
13157
12799
13158
12800
13159
12801
13160
12802
13161
12803
13162
12804
13163
12805
13164
12806
13165
12807
13166
12808
13167
12809
13168
12810
13169
12811
13170
12812
13171
12813
13172
12814
13173
12815
13174
12816
13175
12817
13176
12818
13177
12819
13178
12820
13179
12821
13180
12822
13181
12823
13182
12824
13183
12825
13184
12826
13185
12827
13186
12828
13187
12829
13188
12830
13189
12831
13190
12832
13191
12833
13192
12834
13193
12835
13194
12836
13195
12837
13196
12838
13197
12839
13198
12840
13199
12841
13200
12842
13201
12843
13202
12844
13203
12845
13204
12846
13205
12847
13206
12848
13207
12849
13208
12850
13209
12851
13210
12852
13211
12853
13212
12854
13213
12855
13214
12856
13215
12857
13216
12858
13217
12859
13218
12860
13219
12861
13220
12862
13221
12863
13222
12864
13223
12865
13224
12866
13225
12867
13226
12868
13227
12869
13228
12870
13229
12871
13230
12872
13231
12873
13232
12874
13233
12875
13234
12876
13235
12877
13236
12878
13237
12879
13238
12880
13239
12881
13240
12882
13241
12883
13242
12884
13243
12885
13244
12886
13245
12887
13246
12888
13247
12889
13248
12890
13249
12891
13250
12892
13251
12893
13252
12894
13253
12895
13254
12896
13255
12897
13256
12898
13257
12899
13258
12900
13259
12901
13260
12902
13261
12903
13262
12904
13263
12905
13264
12906
13265
12907
13266
12908
13267
12909
13268
12910
13269
12911
13270
12912
13271
12913
13272
12914
13273
12915
13274
12916
13275
12917
13276
12918
13277
12919
13278
12920
13279
12921
13280
12922
13281
12923
13282
12924
13283
12925
13284
12926
13285
12927
13286
12928
13287
12929
13288
12930
13289
12931
13290
12932
13291
12933
13292
12934
13293
12935
13294
12936
13295
12937
13296
12938
13297
12939
13298
12940
13299
12941
13300
12942
13301
12943
13302
12944
13303
12945
13304
12946
13305
12947
13306
12948
13307
12949
13308
12950
13309
12951
13310
12952
13311
12953
13312
12954
13313
12955
13314
12956
13315
12957
13316
12958
13317
12959
13318
13319
12961
13320
12962
13321
12963
13322
12964
13323
12965
13324
12966
13325
12967
13326
12968
13327
12969
13328
12970
13329
12971
13330
12972
13331
12973
13332
12974
13333
12975
13334
12976
13335
12977
13336
12978
13337
12979
13338
12980
13339
12981
13340
12982
13341
12983
13342
12984
13343
12985
13344
12986
13345
12987
13346
12988
13347
12989
13348
12990
13349
12991
13350
12992
13351
12993
13352
12994
13353
12995
13354
12996
13355
12997
13356
12998
13357
12999
13358
13000
13359
13001
13360
13002
13361
13003
13362
13004
13363
13005
13364
13006
13365
13007
13366
13008
13367
13009
13368
13010
13369
13011
13370
13012
13371
13013
13372
13014
13373
13015
13374
13016
13375
13017
13376
13018
13377
13019
13378
13020
13379
13021
13380
13022
13381
13023
13382
13024
13383
13025
13384
13026
13385
13027
13386
13028
13387
13029
13388
13030
13389
13031
13390
13032
13391
13033
13392
13034
13393
13035
13394
13036
13395
13037
13396
13038
13397
13039
13398
13040
13399
13041
13400
13042
13401
13043
13402
13044
13403
13045
13404
13046
13405
13047
13406
13048
13407
13049
13408
13050
13409
13051
13410
13052
13411
13053
13412
13054
13413
13055
13414
13056
13415
13057
13416
13058
13417
13059
13418
13060
13419
13061
13420
13062
13421
13063
13422
13064
13423
13065
13424
13066
13425
13067
13426
13068
13427
13069
13428
13070
13429
13071
13430
13072
13431
13073
13432
13074
13433
13075
13434
13076
13435
13077
13436
13078
13437
13079
13438
13080
13439
13081
13440
13082
13441
13083
13442
13084
13443
13085
13444
13086
13445
13087
13446
13088
13447
13089
13448
13090
13449
13091
13450
13092
13451
13093
13452
13094
13453
13095
13454
13096
13455
13097
13456
13098
13457
13099
13458
13100
13459
13101
13460
13102
13461
13103
13462
13104
13463
13105
13464
13106
13465
13107
13466
13108
13467
13109
13468
13110
13469
13111
13470
13112
13471
13113
13472
13114
13473
13115
13474
13116
13475
13117
13476
13118
13477
13119
13478
13120
13479
13121
13480
13122
13481
13123
13482
13124
13483
13125
13484
13126
13485
13127
13486
13128
13487
13129
13488
13130
13489
13131
13490
13132
13491
13133
13492
13134
13493
13135
13494
13136
13495
13137
13496
13138
13497
13139
13498
13140
13499
13141
13500
13142
13501
13143
13502
13144
13503
13145
13504
13146
13505
13147
13506
13148
13507
13149
13508
13150
13509
13151
13510
13152
13511
13153
13512
13154
13513
13155
13514
13156
13515
13157
13516
13158
13517
13159
13518
13160
13519
13161
13520
13162
13521
13163
13522
13164
13523
13165
13524
13166
13525
13167
13526
13168
13527
13169
13528
13170
13529
13171
13530
13172
13531
13173
13532
13174
13533
13175
13534
13176
13535
13177
13536
13178
13537
13179
13538
13180
13539
13181
13540
13182
13541
13183
13542
13184
13543
13185
13544
13186
13545
13187
13546
13188
13547
13189
13548
13190
13549
13191
13550
13192
13551
13193
13552
13194
13553
13195
13554
13196
13555
13197
13556
13198
13557
13199
13558
13200
13559
13201
13560
13202
13561
13203
13562
13204
13563
13205
13564
13206
13565
13207
13566
13208
13567
13209
13568
13210
13569
13211
13570
13212
13571
13213
13572
13214
13573
13215
13574
13216
13575
13217
13576
13218
13577
13219
13578
13220
13579
13221
13580
13222
13581
13223
13582
13224
13583
13225
13584
13226
13585
13227
13586
13228
13587
13229
13588
13230
13589
13231
13590
13232
13591
13233
13592
13234
13593
13235
13594
13236
13595
13237
13596
13238
13597
13239
13598
13240
13599
13241
13600
13242
13601
13243
13602
13244
13603
13245
13604
13246
13605
13247
13606
13248
13607
13249
13608
13250
13609
13251
13610
13252
13611
13253
13612
13254
13613
13255
13614
13256
13615
13257
13616
13258
13617
13259
13618
13260
13619
13261
13620
13262
13621
13263
13622
13264
13623
13265
13624
13266
13625
13267
13626
13268
13627
13269
13628
13270
13629
13271
13630
13272
13631
13273
13632
13274
13633
13275
13634
13276
13635
13277
13636
13278
13637
13279
13638
13280
13639
13281
13640
13282
13641
13283
13642
13284
13643
13285
13644
13286
13645
13287
13646
13288
13647
13289
13648
13290
13649
13291
13650
13292
13651
13293
13652
13294
13653
13295
13654
13296
13655
13297
13656
13298
13657
13299
13658
13300
13659
13301
13660
13302
13661
13303
13662
13304
13663
13305
13664
13306
13665
13307
13666
13308
13667
13309
13668
13310
13669
13311
13670
13312
13671
13313
13672
13314
13673
13315
13674
13316
13675
13317
13676
13318
13677
13319
13678
13679
13321
13680
13322
13681
13323
13682
13324
13683
13325
13684
13326
13685
13327
13686
13328
13687
13329
13688
13330
13689
13331
13690
13332
13691
13333
13692
13334
13693
13335
13694
13336
13695
13337
13696
13338
13697
13339
13698
13340
13699
13341
13700
13342
13701
13343
13702
13344
13703
13345
13704
13346
13705
13347
13706
13348
13707
13349
13708
13350
13709
13351
13710
13352
13711
13353
13712
13354
13713
13355
13714
13356
13715
13357
13716
13358
13717
13359
13718
13360
13719
13361
13720
13362
13721
13363
13722
13364
13723
13365
13724
13366
13725
13367
13726
13368
13727
13369
13728
13370
13729
13371
13730
13372
13731
13373
13732
13374
13733
13375
13734
13376
13735
13377
13736
13378
13737
13379
13738
13380
13739
13381
13740
13382
13741
13383
13742
13384
13743
13385
13744
13386
13745
13387
13746
13388
13747
13389
13748
13390
13749
13391
13750
13392
13751
13393
13752
13394
13753
13395
13754
13396
13755
13397
13756
13398
13757
13399
13758
13400
13759
13401
13760
13402
13761
13403
13762
13404
13763
13405
13764
13406
13765
13407
13766
13408
13767
13409
13768
13410
13769
13411
13770
13412
13771
13413
13772
13414
13773
13415
13774
13416
13775
13417
13776
13418
13777
13419
13778
13420
13779
13421
13780
13422
13781
13423
13782
13424
13783
13425
13784
13426
13785
13427
13786
13428
13787
13429
13788
13430
13789
13431
13790
13432
13791
13433
13792
13434
13793
13435
13794
13436
13795
13437
13796
13438
13797
13439
13798
13440
13799
13441
13800
13442
13801
13443
13802
13444
13803
13445
13804
13446
13805
13447
13806
13448
13807
13449
13808
13450
13809
13451
13810
13452
13811
13453
13812
13454
13813
13455
13814
13456
13815
13457
13816
13458
13817
13459
13818
13460
13819
13461
13820
13462
13821
13463
13822
13464
13823
13465
13824
13466
13825
13467
13826
13468
13827
13469
13828
13470
13829
13471
13830
13472
13831
13473
13832
13474
13833
13475
13834
13476
13835
13477
13836
13478
13837
13479
13838
13480
13839
13481
13840
13482
13841
13483
13842
13484
13843
13485
13844
13486
13845
13487
13846
13488
13847
13489
13848
13490
13849
13491
13850
13492
13851
13493
13852
13494
13853
13495
13854
13496
13855
13497
13856
13498
13857
13499
13858
13500
13859
13501
13860
13502
13861
13503
13862
13504
13863
13505
13864
13506
13865
13507
13866
13508
13867
13509
13868
13510
13869
13511
13870
13512
13871
13513
13872
13514
13873
13515
13874
13516
13875
13517
13876
13518
13877
13519
13878
13520
13879
13521
13880
13522
13881
13523
13882
13524
13883
13525
13884
13526
13885
13527
13886
13528
13887
13529
13888
13530
13889
13531
13890
13532
13891
13533
13892
13534
13893
13535
13894
13536
13895
13537
13896
13538
13897
13539
13898
13540
13899
13541
13900
13542
13901
13543
13902
13544
13903
13545
13904
13546
13905
13547
13906
13548
13907
13549
13908
13550
13909
13551
13910
13552
13911
13553
13912
13554
13913
13555
13914
13556
13915
13557
13916
13558
13917
13559
13918
13560
13919
13561
13920
13562
13921
13563
13922
13564
13923
13565
13924
13566
13925
13567
13926
13568
13927
13569
13928
13570
13929
13571
13930
13572
13931
13573
13932
13574
13933
13575
13934
13576
13935
13577
13936
13578
13937
13579
13938
13580
13939
13581
13940
13582
13941
13583
13942
13584
13943
13585
13944
13586
13945
13587
13946
13588
13947
13589
13948
13590
13949
13591
13950
13592
13951
13593
13952
13594
13953
13595
13954
13596
13955
13597
13956
13598
13957
13599
13958
13600
13959
13601
13960
13602
13961
13603
13962
13604
13963
13605
13964
13606
13965
13607
13966
13608
13967
13609
13968
13610
13969
13611
13970
13612
13971
13613
13972
13614
13973
13615
13974
13616
13975
13617
13976
13618
13977
13619
13978
13620
13979
13621
13980
13622
13981
13623
13982
13624
13983
13625
13984
13626
13985
13627
13986
13628
13987
13629
13988
13630
13989
13631
13990
13632
13991
13633
13992
13634
13993
13635
13994
13636
13995
13637
13996
13638
13997
13639
13998
13640
13999
13641
14000
13642
14001
13643
14002
13644
14003
13645
14004
13646
14005
13647
14006
13648
14007
13649
14008
13650
14009
13651
14010
13652
14011
13653
14012
13654
14013
13655
14014
13656
14015
13657
14016
13658
14017
13659
14018
13660
14019
13661
14020
13662
14021
13663
14022
13664
14023
13665
14024
13666
14025
13667
14026
13668
14027
13669
14028
13670
14029
13671
14030
13672
14031
13673
14032
13674
14033
13675
14034
13676
14035
13677
14036
13678
14037
13679
14038
14039
13681
14040
13682
14041
13683
14042
13684
14043
13685
14044
13686
14045
13687
14046
13688
14047
13689
14048
13690
14049
13691
14050
13692
14051
13693
14052
13694
14053
13695
14054
13696
14055
13697
14056
13698
14057
13699
14058
13700
14059
13701
14060
13702
14061
13703
14062
13704
14063
13705
14064
13706
14065
13707
14066
13708
14067
13709
14068
13710
14069
13711
14070
13712
14071
13713
14072
13714
14073
13715
14074
13716
14075
13717
14076
13718
14077
13719
14078
13720
14079
13721
14080
13722
14081
13723
14082
13724
14083
13725
14084
13726
14085
13727
14086
13728
14087
13729
14088
13730
14089
13731
14090
13732
14091
13733
14092
13734
14093
13735
14094
13736
14095
13737
14096
13738
14097
13739
14098
13740
14099
13741
14100
13742
14101
13743
14102
13744
14103
13745
14104
13746
14105
13747
14106
13748
14107
13749
14108
13750
14109
13751
14110
13752
14111
13753
14112
13754
14113
13755
14114
13756
14115
13757
14116
13758
14117
13759
14118
13760
14119
13761
14120
13762
14121
13763
14122
13764
14123
13765
14124
13766
14125
13767
14126
13768
14127
13769
14128
13770
14129
13771
14130
13772
14131
13773
14132
13774
14133
13775
14134
13776
14135
13777
14136
13778
14137
13779
14138
13780
14139
13781
14140
13782
14141
13783
14142
13784
14143
13785
14144
13786
14145
13787
14146
13788
14147
13789
14148
13790
14149
13791
14150
13792
14151
13793
14152
13794
14153
13795
14154
13796
14155
13797
14156
13798
14157
13799
14158
13800
14159
13801
14160
13802
14161
13803
14162
13804
14163
13805
14164
13806
14165
13807
14166
13808
14167
13809
14168
13810
14169
13811
14170
13812
14171
13813
14172
13814
14173
13815
14174
13816
14175
13817
14176
13818
14177
13819
14178
13820
14179
13821
14180
13822
14181
13823
14182
13824
14183
13825
14184
13826
14185
13827
14186
13828
14187
13829
14188
13830
14189
13831
14190
13832
14191
13833
14192
13834
14193
13835
14194
13836
14195
13837
14196
13838
14197
13839
14198
13840
14199
13841
14200
13842
14201
13843
14202
13844
14203
13845
14204
13846
14205
13847
14206
13848
14207
13849
14208
13850
14209
13851
14210
13852
14211
13853
14212
13854
14213
13855
14214
13856
14215
13857
14216
13858
14217
13859
14218
13860
14219
13861
14220
13862
14221
13863
14222
13864
14223
13865
14224
13866
14225
13867
14226
13868
14227
13869
14228
13870
14229
13871
14230
13872
14231
13873
14232
13874
14233
13875
14234
13876
14235
13877
14236
13878
14237
13879
14238
13880
14239
13881
14240
13882
14241
13883
14242
13884
14243
13885
14244
13886
14245
13887
14246
13888
14247
13889
14248
13890
14249
13891
14250
13892
14251
13893
14252
13894
14253
13895
14254
13896
14255
13897
14256
13898
14257
13899
14258
13900
14259
13901
14260
13902
14261
13903
14262
13904
14263
13905
14264
13906
14265
13907
14266
13908
14267
13909
14268
13910
14269
13911
14270
13912
14271
13913
14272
13914
14273
13915
14274
13916
14275
13917
14276
13918
14277
13919
14278
13920
14279
13921
14280
13922
14281
13923
14282
13924
14283
13925
14284
13926
14285
13927
14286
13928
14287
13929
14288
13930
14289
13931
14290
13932
14291
13933
14292
13934
14293
13935
14294
13936
14295
13937
14296
13938
14297
13939
14298
13940
14299
13941
14300
13942
14301
13943
14302
13944
14303
13945
14304
13946
14305
13947
14306
13948
14307
13949
14308
13950
14309
13951
14310
13952
14311
13953
14312
13954
14313
13955
14314
13956
14315
13957
14316
13958
14317
13959
14318
13960
14319
13961
14320
13962
14321
13963
14322
13964
14323
13965
14324
13966
14325
13967
14326
13968
14327
13969
14328
13970
14329
13971
14330
13972
14331
13973
14332
13974
14333
13975
14334
13976
14335
13977
14336
13978
14337
13979
14338
13980
14339
13981
14340
13982
14341
13983
14342
13984
14343
13985
14344
13986
14345
13987
14346
13988
14347
13989
14348
13990
14349
13991
14350
13992
14351
13993
14352
13994
14353
13995
14354
13996
14355
13997
14356
13998
14357
13999
14358
14000
14359
14001
14360
14002
14361
14003
14362
14004
14363
14005
14364
14006
14365
14007
14366
14008
14367
14009
14368
14010
14369
14011
14370
14012
14371
14013
14372
14014
14373
14015
14374
14016
14375
14017
14376
14018
14377
14019
14378
14020
14379
14021
14380
14022
14381
14023
14382
14024
14383
14025
14384
14026
14385
14027
14386
14028
14387
14029
14388
14030
14389
14031
14390
14032
14391
14033
14392
14034
14393
14035
14394
14036
14395
14037
14396
14038
14397
14039
14398
14399
14041
14400
14042
14401
14043
14402
14044
14403
14045
14404
14046
14405
14047
14406
14048
14407
14049
14408
14050
14409
14051
14410
14052
14411
14053
14412
14054
14413
14055
14414
14056
14415
14057
14416
14058
14417
14059
14418
14060
14419
14061
14420
14062
14421
14063
14422
14064
14423
14065
14424
14066
14425
14067
14426
14068
14427
14069
14428
14070
14429
14071
14430
14072
14431
14073
14432
14074
14433
14075
14434
14076
14435
14077
14436
14078
14437
14079
14438
14080
14439
14081
14440
14082
14441
14083
14442
14084
14443
14085
14444
14086
14445
14087
14446
14088
14447
14089
14448
14090
14449
14091
14450
14092
14451
14093
14452
14094
14453
14095
14454
14096
14455
14097
14456
14098
14457
14099
14458
14100
14459
14101
14460
14102
14461
14103
14462
14104
14463
14105
14464
14106
14465
14107
14466
14108
14467
14109
14468
14110
14469
14111
14470
14112
14471
14113
14472
14114
14473
14115
14474
14116
14475
14117
14476
14118
14477
14119
14478
14120
14479
14121
14480
14122
14481
14123
14482
14124
14483
14125
14484
14126
14485
14127
14486
14128
14487
14129
14488
14130
14489
14131
14490
14132
14491
14133
14492
14134
14493
14135
14494
14136
14495
14137
14496
14138
14497
14139
14498
14140
14499
14141
14500
14142
14501
14143
14502
14144
14503
14145
14504
14146
14505
14147
14506
14148
14507
14149
14508
14150
14509
14151
14510
14152
14511
14153
14512
14154
14513
14155
14514
14156
14515
14157
14516
14158
14517
14159
14518
14160
14519
14161
14520
14162
14521
14163
14522
14164
14523
14165
14524
14166
14525
14167
14526
14168
14527
14169
14528
14170
14529
14171
14530
14172
14531
14173
14532
14174
14533
14175
14534
14176
14535
14177
14536
14178
14537
14179
14538
14180
14539
14181
14540
14182
14541
14183
14542
14184
14543
14185
14544
14186
14545
14187
14546
14188
14547
14189
14548
14190
14549
14191
14550
14192
14551
14193
14552
14194
14553
14195
14554
14196
14555
14197
14556
14198
14557
14199
14558
14200
14559
14201
14560
14202
14561
14203
14562
14204
14563
14205
14564
14206
14565
14207
14566
14208
14567
14209
14568
14210
14569
14211
14570
14212
14571
14213
14572
14214
14573
14215
14574
14216
14575
14217
14576
14218
14577
14219
14578
14220
14579
14221
14580
14222
14581
14223
14582
14224
14583
14225
14584
14226
14585
14227
14586
14228
14587
14229
14588
14230
14589
14231
14590
14232
14591
14233
14592
14234
14593
14235
14594
14236
14595
14237
14596
14238
14597
14239
14598
14240
14599
14241
14600
14242
14601
14243
14602
14244
14603
14245
14604
14246
14605
14247
14606
14248
14607
14249
14608
14250
14609
14251
14610
14252
14611
14253
14612
14254
14613
14255
14614
14256
14615
14257
14616
14258
14617
14259
14618
14260
14619
14261
14620
14262
14621
14263
14622
14264
14623
14265
14624
14266
14625
14267
14626
14268
14627
14269
14628
14270
14629
14271
14630
14272
14631
14273
14632
14274
14633
14275
14634
14276
14635
14277
14636
14278
14637
14279
14638
14280
14639
14281
14640
14282
14641
14283
14642
14284
14643
14285
14644
14286
14645
14287
14646
14288
14647
14289
14648
14290
14649
14291
14650
14292
14651
14293
14652
14294
14653
14295
14654
14296
14655
14297
14656
14298
14657
14299
14658
14300
14659
14301
14660
14302
14661
14303
14662
14304
14663
14305
14664
14306
14665
14307
14666
14308
14667
14309
14668
14310
14669
14311
14670
14312
14671
14313
14672
14314
14673
14315
14674
14316
14675
14317
14676
14318
14677
14319
14678
14320
14679
14321
14680
14322
14681
14323
14682
14324
14683
14325
14684
14326
14685
14327
14686
14328
14687
14329
14688
14330
14689
14331
14690
14332
14691
14333
14692
14334
14693
14335
14694
14336
14695
14337
14696
14338
14697
14339
14698
14340
14699
14341
14700
14342
14701
14343
14702
14344
14703
14345
14704
14346
14705
14347
14706
14348
14707
14349
14708
14350
14709
14351
14710
14352
14711
14353
14712
14354
14713
14355
14714
14356
14715
14357
14716
14358
14717
14359
14718
14360
14719
14361
14720
14362
14721
14363
14722
14364
14723
14365
14724
14366
14725
14367
14726
14368
14727
14369
14728
14370
14729
14371
14730
14372
14731
14373
14732
14374
14733
14375
14734
14376
14735
14377
14736
14378
14737
14379
14738
14380
14739
14381
14740
14382
14741
14383
14742
14384
14743
14385
14744
14386
14745
14387
14746
14388
14747
14389
14748
14390
14749
14391
14750
14392
14751
14393
14752
14394
14753
14395
14754
14396
14755
14397
14756
14398
14757
14399
14758
14759
14401
14760
14402
14761
14403
14762
14404
14763
14405
14764
14406
14765
14407
14766
14408
14767
14409
14768
14410
14769
14411
14770
14412
14771
14413
14772
14414
14773
14415
14774
14416
14775
14417
14776
14418
14777
14419
14778
14420
14779
14421
14780
14422
14781
14423
14782
14424
14783
14425
14784
14426
14785
14427
14786
14428
14787
14429
14788
14430
14789
14431
14790
14432
14791
14433
14792
14434
14793
14435
14794
14436
14795
14437
14796
14438
14797
14439
14798
14440
14799
14441
14800
14442
14801
14443
14802
14444
14803
14445
14804
14446
14805
14447
14806
14448
14807
14449
14808
14450
14809
14451
14810
14452
14811
14453
14812
14454
14813
14455
14814
14456
14815
14457
14816
14458
14817
14459
14818
14460
14819
14461
14820
14462
14821
14463
14822
14464
14823
14465
14824
14466
14825
14467
14826
14468
14827
14469
14828
14470
14829
14471
14830
14472
14831
14473
14832
14474
14833
14475
14834
14476
14835
14477
14836
14478
14837
14479
14838
14480
14839
14481
14840
14482
14841
14483
14842
14484
14843
14485
14844
14486
14845
14487
14846
14488
14847
14489
14848
14490
14849
14491
14850
14492
14851
14493
14852
14494
14853
14495
14854
14496
14855
14497
14856
14498
14857
14499
14858
14500
14859
14501
14860
14502
14861
14503
14862
14504
14863
14505
14864
14506
14865
14507
14866
14508
14867
14509
14868
14510
14869
14511
14870
14512
14871
14513
14872
14514
14873
14515
14874
14516
14875
14517
14876
14518
14877
14519
14878
14520
14879
14521
14880
14522
14881
14523
14882
14524
14883
14525
14884
14526
14885
14527
14886
14528
14887
14529
14888
14530
14889
14531
14890
14532
14891
14533
14892
14534
14893
14535
14894
14536
14895
14537
14896
14538
14897
14539
14898
14540
14899
14541
14900
14542
14901
14543
14902
14544
14903
14545
14904
14546
14905
14547
14906
14548
14907
14549
14908
14550
14909
14551
14910
14552
14911
14553
14912
14554
14913
14555
14914
14556
14915
14557
14916
14558
14917
14559
14918
14560
14919
14561
14920
14562
14921
14563
14922
14564
14923
14565
14924
14566
14925
14567
14926
14568
14927
14569
14928
14570
14929
14571
14930
14572
14931
14573
14932
14574
14933
14575
14934
14576
14935
14577
14936
14578
14937
14579
14938
14580
14939
14581
14940
14582
14941
14583
14942
14584
14943
14585
14944
14586
14945
14587
14946
14588
14947
14589
14948
14590
14949
14591
14950
14592
14951
14593
14952
14594
14953
14595
14954
14596
14955
14597
14956
14598
14957
14599
14958
14600
14959
14601
14960
14602
14961
14603
14962
14604
14963
14605
14964
14606
14965
14607
14966
14608
14967
14609
14968
14610
14969
14611
14970
14612
14971
14613
14972
14614
14973
14615
14974
14616
14975
14617
14976
14618
14977
14619
14978
14620
14979
14621
14980
14622
14981
14623
14982
14624
14983
14625
14984
14626
14985
14627
14986
14628
14987
14629
14988
14630
14989
14631
14990
14632
14991
14633
14992
14634
14993
14635
14994
14636
14995
14637
14996
14638
14997
14639
14998
14640
14999
14641
15000
14642
15001
14643
15002
14644
15003
14645
15004
14646
15005
14647
15006
14648
15007
14649
15008
14650
15009
14651
15010
14652
15011
14653
15012
14654
15013
14655
15014
14656
15015
14657
15016
14658
15017
14659
15018
14660
15019
14661
15020
14662
15021
14663
15022
14664
15023
14665
15024
14666
15025
14667
15026
14668
15027
14669
15028
14670
15029
14671
15030
14672
15031
14673
15032
14674
15033
14675
15034
14676
15035
14677
15036
14678
15037
14679
15038
14680
15039
14681
15040
14682
15041
14683
15042
14684
15043
14685
15044
14686
15045
14687
15046
14688
15047
14689
15048
14690
15049
14691
15050
14692
15051
14693
15052
14694
15053
14695
15054
14696
15055
14697
15056
14698
15057
14699
15058
14700
15059
14701
15060
14702
15061
14703
15062
14704
15063
14705
15064
14706
15065
14707
15066
14708
15067
14709
15068
14710
15069
14711
15070
14712
15071
14713
15072
14714
15073
14715
15074
14716
15075
14717
15076
14718
15077
14719
15078
14720
15079
14721
15080
14722
15081
14723
15082
14724
15083
14725
15084
14726
15085
14727
15086
14728
15087
14729
15088
14730
15089
14731
15090
14732
15091
14733
15092
14734
15093
14735
15094
14736
15095
14737
15096
14738
15097
14739
15098
14740
15099
14741
15100
14742
15101
14743
15102
14744
15103
14745
15104
14746
15105
14747
15106
14748
15107
14749
15108
14750
15109
14751
15110
14752
15111
14753
15112
14754
15113
14755
15114
14756
15115
14757
15116
14758
15117
14759
15118
15119
14761
15120
14762
15121
14763
15122
14764
15123
14765
15124
14766
15125
14767
15126
14768
15127
14769
15128
14770
15129
14771
15130
14772
15131
14773
15132
14774
15133
14775
15134
14776
15135
14777
15136
14778
15137
14779
15138
14780
15139
14781
15140
14782
15141
14783
15142
14784
15143
14785
15144
14786
15145
14787
15146
14788
15147
14789
15148
14790
15149
14791
15150
14792
15151
14793
15152
14794
15153
14795
15154
14796
15155
14797
15156
14798
15157
14799
15158
14800
15159
14801
15160
14802
15161
14803
15162
14804
15163
14805
15164
14806
15165
14807
15166
14808
15167
14809
15168
14810
15169
14811
15170
14812
15171
14813
15172
14814
15173
14815
15174
14816
15175
14817
15176
14818
15177
14819
15178
14820
15179
14821
15180
14822
15181
14823
15182
14824
15183
14825
15184
14826
15185
14827
15186
14828
15187
14829
15188
14830
15189
14831
15190
14832
15191
14833
15192
14834
15193
14835
15194
14836
15195
14837
15196
14838
15197
14839
15198
14840
15199
14841
15200
14842
15201
14843
15202
14844
15203
14845
15204
14846
15205
14847
15206
14848
15207
14849
15208
14850
15209
14851
15210
14852
15211
14853
15212
14854
15213
14855
15214
14856
15215
14857
15216
14858
15217
14859
15218
14860
15219
14861
15220
14862
15221
14863
15222
14864
15223
14865
15224
14866
15225
14867
15226
14868
15227
14869
15228
14870
15229
14871
15230
14872
15231
14873
15232
14874
15233
14875
15234
14876
15235
14877
15236
14878
15237
14879
15238
14880
15239
14881
15240
14882
15241
14883
15242
14884
15243
14885
15244
14886
15245
14887
15246
14888
15247
14889
15248
14890
15249
14891
15250
14892
15251
14893
15252
14894
15253
14895
15254
14896
15255
14897
15256
14898
15257
14899
15258
14900
15259
14901
15260
14902
15261
14903
15262
14904
15263
14905
15264
14906
15265
14907
15266
14908
15267
14909
15268
14910
15269
14911
15270
14912
15271
14913
15272
14914
15273
14915
15274
14916
15275
14917
15276
14918
15277
14919
15278
14920
15279
14921
15280
14922
15281
14923
15282
14924
15283
14925
15284
14926
15285
14927
15286
14928
15287
14929
15288
14930
15289
14931
15290
14932
15291
14933
15292
14934
15293
14935
15294
14936
15295
14937
15296
14938
15297
14939
15298
14940
15299
14941
15300
14942
15301
14943
15302
14944
15303
14945
15304
14946
15305
14947
15306
14948
15307
14949
15308
14950
15309
14951
15310
14952
15311
14953
15312
14954
15313
14955
15314
14956
15315
14957
15316
14958
15317
14959
15318
14960
15319
14961
15320
14962
15321
14963
15322
14964
15323
14965
15324
14966
15325
14967
15326
14968
15327
14969
15328
14970
15329
14971
15330
14972
15331
14973
15332
14974
15333
14975
15334
14976
15335
14977
15336
14978
15337
14979
15338
14980
15339
14981
15340
14982
15341
14983
15342
14984
15343
14985
15344
14986
15345
14987
15346
14988
15347
14989
15348
14990
15349
14991
15350
14992
15351
14993
15352
14994
15353
14995
15354
14996
15355
14997
15356
14998
15357
14999
15358
15000
15359
15001
15360
15002
15361
15003
15362
15004
15363
15005
15364
15006
15365
15007
15366
15008
15367
15009
15368
15010
15369
15011
15370
15012
15371
15013
15372
15014
15373
15015
15374
15016
15375
15017
15376
15018
15377
15019
15378
15020
15379
15021
15380
15022
15381
15023
15382
15024
15383
15025
15384
15026
15385
15027
15386
15028
15387
15029
15388
15030
15389
15031
15390
15032
15391
15033
15392
15034
15393
15035
15394
15036
15395
15037
15396
15038
15397
15039
15398
15040
15399
15041
15400
15042
15401
15043
15402
15044
15403
15045
15404
15046
15405
15047
15406
15048
15407
15049
15408
15050
15409
15051
15410
15052
15411
15053
15412
15054
15413
15055
15414
15056
15415
15057
15416
15058
15417
15059
15418
15060
15419
15061
15420
15062
15421
15063
15422
15064
15423
15065
15424
15066
15425
15067
15426
15068
15427
15069
15428
15070
15429
15071
15430
15072
15431
15073
15432
15074
15433
15075
15434
15076
15435
15077
15436
15078
15437
15079
15438
15080
15439
15081
15440
15082
15441
15083
15442
15084
15443
15085
15444
15086
15445
15087
15446
15088
15447
15089
15448
15090
15449
15091
15450
15092
15451
15093
15452
15094
15453
15095
15454
15096
15455
15097
15456
15098
15457
15099
15458
15100
15459
15101
15460
15102
15461
15103
15462
15104
15463
15105
15464
15106
15465
15107
15466
15108
15467
15109
15468
15110
15469
15111
15470
15112
15471
15113
15472
15114
15473
15115
15474
15116
15475
15117
15476
15118
15477
15119
15478
15479
15121
15480
15122
15481
15123
15482
15124
15483
15125
15484
15126
15485
15127
15486
15128
15487
15129
15488
15130
15489
15131
15490
15132
15491
15133
15492
15134
15493
15135
15494
15136
15495
15137
15496
15138
15497
15139
15498
15140
15499
15141
15500
15142
15501
15143
15502
15144
15503
15145
15504
15146
15505
15147
15506
15148
15507
15149
15508
15150
15509
15151
15510
15152
15511
15153
15512
15154
15513
15155
15514
15156
15515
15157
15516
15158
15517
15159
15518
15160
15519
15161
15520
15162
15521
15163
15522
15164
15523
15165
15524
15166
15525
15167
15526
15168
15527
15169
15528
15170
15529
15171
15530
15172
15531
15173
15532
15174
15533
15175
15534
15176
15535
15177
15536
15178
15537
15179
15538
15180
15539
15181
15540
15182
15541
15183
15542
15184
15543
15185
15544
15186
15545
15187
15546
15188
15547
15189
15548
15190
15549
15191
15550
15192
15551
15193
15552
15194
15553
15195
15554
15196
15555
15197
15556
15198
15557
15199
15558
15200
15559
15201
15560
15202
15561
15203
15562
15204
15563
15205
15564
15206
15565
15207
15566
15208
15567
15209
15568
15210
15569
15211
15570
15212
15571
15213
15572
15214
15573
15215
15574
15216
15575
15217
15576
15218
15577
15219
15578
15220
15579
15221
15580
15222
15581
15223
15582
15224
15583
15225
15584
15226
15585
15227
15586
15228
15587
15229
15588
15230
15589
15231
15590
15232
15591
15233
15592
15234
15593
15235
15594
15236
15595
15237
15596
15238
15597
15239
15598
15240
15599
15241
15600
15242
15601
15243
15602
15244
15603
15245
15604
15246
15605
15247
15606
15248
15607
15249
15608
15250
15609
15251
15610
15252
15611
15253
15612
15254
15613
15255
15614
15256
15615
15257
15616
15258
15617
15259
15618
15260
15619
15261
15620
15262
15621
15263
15622
15264
15623
15265
15624
15266
15625
15267
15626
15268
15627
15269
15628
15270
15629
15271
15630
15272
15631
15273
15632
15274
15633
15275
15634
15276
15635
15277
15636
15278
15637
15279
15638
15280
15639
15281
15640
15282
15641
15283
15642
15284
15643
15285
15644
15286
15645
15287
15646
15288
15647
15289
15648
15290
15649
15291
15650
15292
15651
15293
15652
15294
15653
15295
15654
15296
15655
15297
15656
15298
15657
15299
15658
15300
15659
15301
15660
15302
15661
15303
15662
15304
15663
15305
15664
15306
15665
15307
15666
15308
15667
15309
15668
15310
15669
15311
15670
15312
15671
15313
15672
15314
15673
15315
15674
15316
15675
15317
15676
15318
15677
15319
15678
15320
15679
15321
15680
15322
15681
15323
15682
15324
15683
15325
15684
15326
15685
15327
15686
15328
15687
15329
15688
15330
15689
15331
15690
15332
15691
15333
15692
15334
15693
15335
15694
15336
15695
15337
15696
15338
15697
15339
15698
15340
15699
15341
15700
15342
15701
15343
15702
15344
15703
15345
15704
15346
15705
15347
15706
15348
15707
15349
15708
15350
15709
15351
15710
15352
15711
15353
15712
15354
15713
15355
15714
15356
15715
15357
15716
15358
15717
15359
15718
15360
15719
15361
15720
15362
15721
15363
15722
15364
15723
15365
15724
15366
15725
15367
15726
15368
15727
15369
15728
15370
15729
15371
15730
15372
15731
15373
15732
15374
15733
15375
15734
15376
15735
15377
15736
15378
15737
15379
15738
15380
15739
15381
15740
15382
15741
15383
15742
15384
15743
15385
15744
15386
15745
15387
15746
15388
15747
15389
15748
15390
15749
15391
15750
15392
15751
15393
15752
15394
15753
15395
15754
15396
15755
15397
15756
15398
15757
15399
15758
15400
15759
15401
15760
15402
15761
15403
15762
15404
15763
15405
15764
15406
15765
15407
15766
15408
15767
15409
15768
15410
15769
15411
15770
15412
15771
15413
15772
15414
15773
15415
15774
15416
15775
15417
15776
15418
15777
15419
15778
15420
15779
15421
15780
15422
15781
15423
15782
15424
15783
15425
15784
15426
15785
15427
15786
15428
15787
15429
15788
15430
15789
15431
15790
15432
15791
15433
15792
15434
15793
15435
15794
15436
15795
15437
15796
15438
15797
15439
15798
15440
15799
15441
15800
15442
15801
15443
15802
15444
15803
15445
15804
15446
15805
15447
15806
15448
15807
15449
15808
15450
15809
15451
15810
15452
15811
15453
15812
15454
15813
15455
15814
15456
15815
15457
15816
15458
15817
15459
15818
15460
15819
15461
15820
15462
15821
15463
15822
15464
15823
15465
15824
15466
15825
15467
15826
15468
15827
15469
15828
15470
15829
15471
15830
15472
15831
15473
15832
15474
15833
15475
15834
15476
15835
15477
15836
15478
15837
15479
15838
15839
15481
15840
15482
15841
15483
15842
15484
15843
15485
15844
15486
15845
15487
15846
15488
15847
15489
15848
15490
15849
15491
15850
15492
15851
15493
15852
15494
15853
15495
15854
15496
15855
15497
15856
15498
15857
15499
15858
15500
15859
15501
15860
15502
15861
15503
15862
15504
15863
15505
15864
15506
15865
15507
15866
15508
15867
15509
15868
15510
15869
15511
15870
15512
15871
15513
15872
15514
15873
15515
15874
15516
15875
15517
15876
15518
15877
15519
15878
15520
15879
15521
15880
15522
15881
15523
15882
15524
15883
15525
15884
15526
15885
15527
15886
15528
15887
15529
15888
15530
15889
15531
15890
15532
15891
15533
15892
15534
15893
15535
15894
15536
15895
15537
15896
15538
15897
15539
15898
15540
15899
15541
15900
15542
15901
15543
15902
15544
15903
15545
15904
15546
15905
15547
15906
15548
15907
15549
15908
15550
15909
15551
15910
15552
15911
15553
15912
15554
15913
15555
15914
15556
15915
15557
15916
15558
15917
15559
15918
15560
15919
15561
15920
15562
15921
15563
15922
15564
15923
15565
15924
15566
15925
15567
15926
15568
15927
15569
15928
15570
15929
15571
15930
15572
15931
15573
15932
15574
15933
15575
15934
15576
15935
15577
15936
15578
15937
15579
15938
15580
15939
15581
15940
15582
15941
15583
15942
15584
15943
15585
15944
15586
15945
15587
15946
15588
15947
15589
15948
15590
15949
15591
15950
15592
15951
15593
15952
15594
15953
15595
15954
15596
15955
15597
15956
15598
15957
15599
15958
15600
15959
15601
15960
15602
15961
15603
15962
15604
15963
15605
15964
15606
15965
15607
15966
15608
15967
15609
15968
15610
15969
15611
15970
15612
15971
15613
15972
15614
15973
15615
15974
15616
15975
15617
15976
15618
15977
15619
15978
15620
15979
15621
15980
15622
15981
15623
15982
15624
15983
15625
15984
15626
15985
15627
15986
15628
15987
15629
15988
15630
15989
15631
15990
15632
15991
15633
15992
15634
15993
15635
15994
15636
15995
15637
15996
15638
15997
15639
15998
15640
15999
15641
16000
15642
16001
15643
16002
15644
16003
15645
16004
15646
16005
15647
16006
15648
16007
15649
16008
15650
16009
15651
16010
15652
16011
15653
16012
15654
16013
15655
16014
15656
16015
15657
16016
15658
16017
15659
16018
15660
16019
15661
16020
15662
16021
15663
16022
15664
16023
15665
16024
15666
16025
15667
16026
15668
16027
15669
16028
15670
16029
15671
16030
15672
16031
15673
16032
15674
16033
15675
16034
15676
16035
15677
16036
15678
16037
15679
16038
15680
16039
15681
16040
15682
16041
15683
16042
15684
16043
15685
16044
15686
16045
15687
16046
15688
16047
15689
16048
15690
16049
15691
16050
15692
16051
15693
16052
15694
16053
15695
16054
15696
16055
15697
16056
15698
16057
15699
16058
15700
16059
15701
16060
15702
16061
15703
16062
15704
16063
15705
16064
15706
16065
15707
16066
15708
16067
15709
16068
15710
16069
15711
16070
15712
16071
15713
16072
15714
16073
15715
16074
15716
16075
15717
16076
15718
16077
15719
16078
15720
16079
15721
16080
15722
16081
15723
16082
15724
16083
15725
16084
15726
16085
15727
16086
15728
16087
15729
16088
15730
16089
15731
16090
15732
16091
15733
16092
15734
16093
15735
16094
15736
16095
15737
16096
15738
16097
15739
16098
15740
16099
15741
16100
15742
16101
15743
16102
15744
16103
15745
16104
15746
16105
15747
16106
15748
16107
15749
16108
15750
16109
15751
16110
15752
16111
15753
16112
15754
16113
15755
16114
15756
16115
15757
16116
15758
16117
15759
16118
15760
16119
15761
16120
15762
16121
15763
16122
15764
16123
15765
16124
15766
16125
15767
16126
15768
16127
15769
16128
15770
16129
15771
16130
15772
16131
15773
16132
15774
16133
15775
16134
15776
16135
15777
16136
15778
16137
15779
16138
15780
16139
15781
16140
15782
16141
15783
16142
15784
16143
15785
16144
15786
16145
15787
16146
15788
16147
15789
16148
15790
16149
15791
16150
15792
16151
15793
16152
15794
16153
15795
16154
15796
16155
15797
16156
15798
16157
15799
16158
15800
16159
15801
16160
15802
16161
15803
16162
15804
16163
15805
16164
15806
16165
15807
16166
15808
16167
15809
16168
15810
16169
15811
16170
15812
16171
15813
16172
15814
16173
15815
16174
15816
16175
15817
16176
15818
16177
15819
16178
15820
16179
15821
16180
15822
16181
15823
16182
15824
16183
15825
16184
15826
16185
15827
16186
15828
16187
15829
16188
15830
16189
15831
16190
15832
16191
15833
16192
15834
16193
15835
16194
15836
16195
15837
16196
15838
16197
15839
16198
16199
15841
16200
15842
16201
15843
16202
15844
16203
15845
16204
15846
16205
15847
16206
15848
16207
15849
16208
15850
16209
15851
16210
15852
16211
15853
16212
15854
16213
15855
16214
15856
16215
15857
16216
15858
16217
15859
16218
15860
16219
15861
16220
15862
16221
15863
16222
15864
16223
15865
16224
15866
16225
15867
16226
15868
16227
15869
16228
15870
16229
15871
16230
15872
16231
15873
16232
15874
16233
15875
16234
15876
16235
15877
16236
15878
16237
15879
16238
15880
16239
15881
16240
15882
16241
15883
16242
15884
16243
15885
16244
15886
16245
15887
16246
15888
16247
15889
16248
15890
16249
15891
16250
15892
16251
15893
16252
15894
16253
15895
16254
15896
16255
15897
16256
15898
16257
15899
16258
15900
16259
15901
16260
15902
16261
15903
16262
15904
16263
15905
16264
15906
16265
15907
16266
15908
16267
15909
16268
15910
16269
15911
16270
15912
16271
15913
16272
15914
16273
15915
16274
15916
16275
15917
16276
15918
16277
15919
16278
15920
16279
15921
16280
15922
16281
15923
16282
15924
16283
15925
16284
15926
16285
15927
16286
15928
16287
15929
16288
15930
16289
15931
16290
15932
16291
15933
16292
15934
16293
15935
16294
15936
16295
15937
16296
15938
16297
15939
16298
15940
16299
15941
16300
15942
16301
15943
16302
15944
16303
15945
16304
15946
16305
15947
16306
15948
16307
15949
16308
15950
16309
15951
16310
15952
16311
15953
16312
15954
16313
15955
16314
15956
16315
15957
16316
15958
16317
15959
16318
15960
16319
15961
16320
15962
16321
15963
16322
15964
16323
15965
16324
15966
16325
15967
16326
15968
16327
15969
16328
15970
16329
15971
16330
15972
16331
15973
16332
15974
16333
15975
16334
15976
16335
15977
16336
15978
16337
15979
16338
15980
16339
15981
16340
15982
16341
15983
16342
15984
16343
15985
16344
15986
16345
15987
16346
15988
16347
15989
16348
15990
16349
15991
16350
15992
16351
15993
16352
15994
16353
15995
16354
15996
16355
15997
16356
15998
16357
15999
16358
16000
16359
16001
16360
16002
16361
16003
16362
16004
16363
16005
16364
16006
16365
16007
16366
16008
16367
16009
16368
16010
16369
16011
16370
16012
16371
16013
16372
16014
16373
16015
16374
16016
16375
16017
16376
16018
16377
16019
16378
16020
16379
16021
16380
16022
16381
16023
16382
16024
16383
16025
16384
16026
16385
16027
16386
16028
16387
16029
16388
16030
16389
16031
16390
16032
16391
16033
16392
16034
16393
16035
16394
16036
16395
16037
16396
16038
16397
16039
16398
16040
16399
16041
16400
16042
16401
16043
16402
16044
16403
16045
16404
16046
16405
16047
16406
16048
16407
16049
16408
16050
16409
16051
16410
16052
16411
16053
16412
16054
16413
16055
16414
16056
16415
16057
16416
16058
16417
16059
16418
16060
16419
16061
16420
16062
16421
16063
16422
16064
16423
16065
16424
16066
16425
16067
16426
16068
16427
16069
16428
16070
16429
16071
16430
16072
16431
16073
16432
16074
16433
16075
16434
16076
16435
16077
16436
16078
16437
16079
16438
16080
16439
16081
16440
16082
16441
16083
16442
16084
16443
16085
16444
16086
16445
16087
16446
16088
16447
16089
16448
16090
16449
16091
16450
16092
16451
16093
16452
16094
16453
16095
16454
16096
16455
16097
16456
16098
16457
16099
16458
16100
16459
16101
16460
16102
16461
16103
16462
16104
16463
16105
16464
16106
16465
16107
16466
16108
16467
16109
16468
16110
16469
16111
16470
16112
16471
16113
16472
16114
16473
16115
16474
16116
16475
16117
16476
16118
16477
16119
16478
16120
16479
16121
16480
16122
16481
16123
16482
16124
16483
16125
16484
16126
16485
16127
16486
16128
16487
16129
16488
16130
16489
16131
16490
16132
16491
16133
16492
16134
16493
16135
16494
16136
16495
16137
16496
16138
16497
16139
16498
16140
16499
16141
16500
16142
16501
16143
16502
16144
16503
16145
16504
16146
16505
16147
16506
16148
16507
16149
16508
16150
16509
16151
16510
16152
16511
16153
16512
16154
16513
16155
16514
16156
16515
16157
16516
16158
16517
16159
16518
16160
16519
16161
16520
16162
16521
16163
16522
16164
16523
16165
16524
16166
16525
16167
16526
16168
16527
16169
16528
16170
16529
16171
16530
16172
16531
16173
16532
16174
16533
16175
16534
16176
16535
16177
16536
16178
16537
16179
16538
16180
16539
16181
16540
16182
16541
16183
16542
16184
16543
16185
16544
16186
16545
16187
16546
16188
16547
16189
16548
16190
16549
16191
16550
16192
16551
16193
16552
16194
16553
16195
16554
16196
16555
16197
16556
16198
16557
16199
16558
16559
16201
16560
16202
16561
16203
16562
16204
16563
16205
16564
16206
16565
16207
16566
16208
16567
16209
16568
16210
16569
16211
16570
16212
16571
16213
16572
16214
16573
16215
16574
16216
16575
16217
16576
16218
16577
16219
16578
16220
16579
16221
16580
16222
16581
16223
16582
16224
16583
16225
16584
16226
16585
16227
16586
16228
16587
16229
16588
16230
16589
16231
16590
16232
16591
16233
16592
16234
16593
16235
16594
16236
16595
16237
16596
16238
16597
16239
16598
16240
16599
16241
16600
16242
16601
16243
16602
16244
16603
16245
16604
16246
16605
16247
16606
16248
16607
16249
16608
16250
16609
16251
16610
16252
16611
16253
16612
16254
16613
16255
16614
16256
16615
16257
16616
16258
16617
16259
16618
16260
16619
16261
16620
16262
16621
16263
16622
16264
16623
16265
16624
16266
16625
16267
16626
16268
16627
16269
16628
16270
16629
16271
16630
16272
16631
16273
16632
16274
16633
16275
16634
16276
16635
16277
16636
16278
16637
16279
16638
16280
16639
16281
16640
16282
16641
16283
16642
16284
16643
16285
16644
16286
16645
16287
16646
16288
16647
16289
16648
16290
16649
16291
16650
16292
16651
16293
16652
16294
16653
16295
16654
16296
16655
16297
16656
16298
16657
16299
16658
16300
16659
16301
16660
16302
16661
16303
16662
16304
16663
16305
16664
16306
16665
16307
16666
16308
16667
16309
16668
16310
16669
16311
16670
16312
16671
16313
16672
16314
16673
16315
16674
16316
16675
16317
16676
16318
16677
16319
16678
16320
16679
16321
16680
16322
16681
16323
16682
16324
16683
16325
16684
16326
16685
16327
16686
16328
16687
16329
16688
16330
16689
16331
16690
16332
16691
16333
16692
16334
16693
16335
16694
16336
16695
16337
16696
16338
16697
16339
16698
16340
16699
16341
16700
16342
16701
16343
16702
16344
16703
16345
16704
16346
16705
16347
16706
16348
16707
16349
16708
16350
16709
16351
16710
16352
16711
16353
16712
16354
16713
16355
16714
16356
16715
16357
16716
16358
16717
16359
16718
16360
16719
16361
16720
16362
16721
16363
16722
16364
16723
16365
16724
16366
16725
16367
16726
16368
16727
16369
16728
16370
16729
16371
16730
16372
16731
16373
16732
16374
16733
16375
16734
16376
16735
16377
16736
16378
16737
16379
16738
16380
16739
16381
16740
16382
16741
16383
16742
16384
16743
16385
16744
16386
16745
16387
16746
16388
16747
16389
16748
16390
16749
16391
16750
16392
16751
16393
16752
16394
16753
16395
16754
16396
16755
16397
16756
16398
16757
16399
16758
16400
16759
16401
16760
16402
16761
16403
16762
16404
16763
16405
16764
16406
16765
16407
16766
16408
16767
16409
16768
16410
16769
16411
16770
16412
16771
16413
16772
16414
16773
16415
16774
16416
16775
16417
16776
16418
16777
16419
16778
16420
16779
16421
16780
16422
16781
16423
16782
16424
16783
16425
16784
16426
16785
16427
16786
16428
16787
16429
16788
16430
16789
16431
16790
16432
16791
16433
16792
16434
16793
16435
16794
16436
16795
16437
16796
16438
16797
16439
16798
16440
16799
16441
16800
16442
16801
16443
16802
16444
16803
16445
16804
16446
16805
16447
16806
16448
16807
16449
16808
16450
16809
16451
16810
16452
16811
16453
16812
16454
16813
16455
16814
16456
16815
16457
16816
16458
16817
16459
16818
16460
16819
16461
16820
16462
16821
16463
16822
16464
16823
16465
16824
16466
16825
16467
16826
16468
16827
16469
16828
16470
16829
16471
16830
16472
16831
16473
16832
16474
16833
16475
16834
16476
16835
16477
16836
16478
16837
16479
16838
16480
16839
16481
16840
16482
16841
16483
16842
16484
16843
16485
16844
16486
16845
16487
16846
16488
16847
16489
16848
16490
16849
16491
16850
16492
16851
16493
16852
16494
16853
16495
16854
16496
16855
16497
16856
16498
16857
16499
16858
16500
16859
16501
16860
16502
16861
16503
16862
16504
16863
16505
16864
16506
16865
16507
16866
16508
16867
16509
16868
16510
16869
16511
16870
16512
16871
16513
16872
16514
16873
16515
16874
16516
16875
16517
16876
16518
16877
16519
16878
16520
16879
16521
16880
16522
16881
16523
16882
16524
16883
16525
16884
16526
16885
16527
16886
16528
16887
16529
16888
16530
16889
16531
16890
16532
16891
16533
16892
16534
16893
16535
16894
16536
16895
16537
16896
16538
16897
16539
16898
16540
16899
16541
16900
16542
16901
16543
16902
16544
16903
16545
16904
16546
16905
16547
16906
16548
16907
16549
16908
16550
16909
16551
16910
16552
16911
16553
16912
16554
16913
16555
16914
16556
16915
16557
16916
16558
16917
16559
16918
16919
16561
16920
16562
16921
16563
16922
16564
16923
16565
16924
16566
16925
16567
16926
16568
16927
16569
16928
16570
16929
16571
16930
16572
16931
16573
16932
16574
16933
16575
16934
16576
16935
16577
16936
16578
16937
16579
16938
16580
16939
16581
16940
16582
16941
16583
16942
16584
16943
16585
16944
16586
16945
16587
16946
16588
16947
16589
16948
16590
16949
16591
16950
16592
16951
16593
16952
16594
16953
16595
16954
16596
16955
16597
16956
16598
16957
16599
16958
16600
16959
16601
16960
16602
16961
16603
16962
16604
16963
16605
16964
16606
16965
16607
16966
16608
16967
16609
16968
16610
16969
16611
16970
16612
16971
16613
16972
16614
16973
16615
16974
16616
16975
16617
16976
16618
16977
16619
16978
16620
16979
16621
16980
16622
16981
16623
16982
16624
16983
16625
16984
16626
16985
16627
16986
16628
16987
16629
16988
16630
16989
16631
16990
16632
16991
16633
16992
16634
16993
16635
16994
16636
16995
16637
16996
16638
16997
16639
16998
16640
16999
16641
17000
16642
17001
16643
17002
16644
17003
16645
17004
16646
17005
16647
17006
16648
17007
16649
17008
16650
17009
16651
17010
16652
17011
16653
17012
16654
17013
16655
17014
16656
17015
16657
17016
16658
17017
16659
17018
16660
17019
16661
17020
16662
17021
16663
17022
16664
17023
16665
17024
16666
17025
16667
17026
16668
17027
16669
17028
16670
17029
16671
17030
16672
17031
16673
17032
16674
17033
16675
17034
16676
17035
16677
17036
16678
17037
16679
17038
16680
17039
16681
17040
16682
17041
16683
17042
16684
17043
16685
17044
16686
17045
16687
17046
16688
17047
16689
17048
16690
17049
16691
17050
16692
17051
16693
17052
16694
17053
16695
17054
16696
17055
16697
17056
16698
17057
16699
17058
16700
17059
16701
17060
16702
17061
16703
17062
16704
17063
16705
17064
16706
17065
16707
17066
16708
17067
16709
17068
16710
17069
16711
17070
16712
17071
16713
17072
16714
17073
16715
17074
16716
17075
16717
17076
16718
17077
16719
17078
16720
17079
16721
17080
16722
17081
16723
17082
16724
17083
16725
17084
16726
17085
16727
17086
16728
17087
16729
17088
16730
17089
16731
17090
16732
17091
16733
17092
16734
17093
16735
17094
16736
17095
16737
17096
16738
17097
16739
17098
16740
17099
16741
17100
16742
17101
16743
17102
16744
17103
16745
17104
16746
17105
16747
17106
16748
17107
16749
17108
16750
17109
16751
17110
16752
17111
16753
17112
16754
17113
16755
17114
16756
17115
16757
17116
16758
17117
16759
17118
16760
17119
16761
17120
16762
17121
16763
17122
16764
17123
16765
17124
16766
17125
16767
17126
16768
17127
16769
17128
16770
17129
16771
17130
16772
17131
16773
17132
16774
17133
16775
17134
16776
17135
16777
17136
16778
17137
16779
17138
16780
17139
16781
17140
16782
17141
16783
17142
16784
17143
16785
17144
16786
17145
16787
17146
16788
17147
16789
17148
16790
17149
16791
17150
16792
17151
16793
17152
16794
17153
16795
17154
16796
17155
16797
17156
16798
17157
16799
17158
16800
17159
16801
17160
16802
17161
16803
17162
16804
17163
16805
17164
16806
17165
16807
17166
16808
17167
16809
17168
16810
17169
16811
17170
16812
17171
16813
17172
16814
17173
16815
17174
16816
17175
16817
17176
16818
17177
16819
17178
16820
17179
16821
17180
16822
17181
16823
17182
16824
17183
16825
17184
16826
17185
16827
17186
16828
17187
16829
17188
16830
17189
16831
17190
16832
17191
16833
17192
16834
17193
16835
17194
16836
17195
16837
17196
16838
17197
16839
17198
16840
17199
16841
17200
16842
17201
16843
17202
16844
17203
16845
17204
16846
17205
16847
17206
16848
17207
16849
17208
16850
17209
16851
17210
16852
17211
16853
17212
16854
17213
16855
17214
16856
17215
16857
17216
16858
17217
16859
17218
16860
17219
16861
17220
16862
17221
16863
17222
16864
17223
16865
17224
16866
17225
16867
17226
16868
17227
16869
17228
16870
17229
16871
17230
16872
17231
16873
17232
16874
17233
16875
17234
16876
17235
16877
17236
16878
17237
16879
17238
16880
17239
16881
17240
16882
17241
16883
17242
16884
17243
16885
17244
16886
17245
16887
17246
16888
17247
16889
17248
16890
17249
16891
17250
16892
17251
16893
17252
16894
17253
16895
17254
16896
17255
16897
17256
16898
17257
16899
17258
16900
17259
16901
17260
16902
17261
16903
17262
16904
17263
16905
17264
16906
17265
16907
17266
16908
17267
16909
17268
16910
17269
16911
17270
16912
17271
16913
17272
16914
17273
16915
17274
16916
17275
16917
17276
16918
17277
16919
17278
17279
16921
17280
16922
17281
16923
17282
16924
17283
16925
17284
16926
17285
16927
17286
16928
17287
16929
17288
16930
17289
16931
17290
16932
17291
16933
17292
16934
17293
16935
17294
16936
17295
16937
17296
16938
17297
16939
17298
16940
17299
16941
17300
16942
17301
16943
17302
16944
17303
16945
17304
16946
17305
16947
17306
16948
17307
16949
17308
16950
17309
16951
17310
16952
17311
16953
17312
16954
17313
16955
17314
16956
17315
16957
17316
16958
17317
16959
17318
16960
17319
16961
17320
16962
17321
16963
17322
16964
17323
16965
17324
16966
17325
16967
17326
16968
17327
16969
17328
16970
17329
16971
17330
16972
17331
16973
17332
16974
17333
16975
17334
16976
17335
16977
17336
16978
17337
16979
17338
16980
17339
16981
17340
16982
17341
16983
17342
16984
17343
16985
17344
16986
17345
16987
17346
16988
17347
16989
17348
16990
17349
16991
17350
16992
17351
16993
17352
16994
17353
16995
17354
16996
17355
16997
17356
16998
17357
16999
17358
17000
17359
17001
17360
17002
17361
17003
17362
17004
17363
17005
17364
17006
17365
17007
17366
17008
17367
17009
17368
17010
17369
17011
17370
17012
17371
17013
17372
17014
17373
17015
17374
17016
17375
17017
17376
17018
17377
17019
17378
17020
17379
17021
17380
17022
17381
17023
17382
17024
17383
17025
17384
17026
17385
17027
17386
17028
17387
17029
17388
17030
17389
17031
17390
17032
17391
17033
17392
17034
17393
17035
17394
17036
17395
17037
17396
17038
17397
17039
17398
17040
17399
17041
17400
17042
17401
17043
17402
17044
17403
17045
17404
17046
17405
17047
17406
17048
17407
17049
17408
17050
17409
17051
17410
17052
17411
17053
17412
17054
17413
17055
17414
17056
17415
17057
17416
17058
17417
17059
17418
17060
17419
17061
17420
17062
17421
17063
17422
17064
17423
17065
17424
17066
17425
17067
17426
17068
17427
17069
17428
17070
17429
17071
17430
17072
17431
17073
17432
17074
17433
17075
17434
17076
17435
17077
17436
17078
17437
17079
17438
17080
17439
17081
17440
17082
17441
17083
17442
17084
17443
17085
17444
17086
17445
17087
17446
17088
17447
17089
17448
17090
17449
17091
17450
17092
17451
17093
17452
17094
17453
17095
17454
17096
17455
17097
17456
17098
17457
17099
17458
17100
17459
17101
17460
17102
17461
17103
17462
17104
17463
17105
17464
17106
17465
17107
17466
17108
17467
17109
17468
17110
17469
17111
17470
17112
17471
17113
17472
17114
17473
17115
17474
17116
17475
17117
17476
17118
17477
17119
17478
17120
17479
17121
17480
17122
17481
17123
17482
17124
17483
17125
17484
17126
17485
17127
17486
17128
17487
17129
17488
17130
17489
17131
17490
17132
17491
17133
17492
17134
17493
17135
17494
17136
17495
17137
17496
17138
17497
17139
17498
17140
17499
17141
17500
17142
17501
17143
17502
17144
17503
17145
17504
17146
17505
17147
17506
17148
17507
17149
17508
17150
17509
17151
17510
17152
17511
17153
17512
17154
17513
17155
17514
17156
17515
17157
17516
17158
17517
17159
17518
17160
17519
17161
17520
17162
17521
17163
17522
17164
17523
17165
17524
17166
17525
17167
17526
17168
17527
17169
17528
17170
17529
17171
17530
17172
17531
17173
17532
17174
17533
17175
17534
17176
17535
17177
17536
17178
17537
17179
17538
17180
17539
17181
17540
17182
17541
17183
17542
17184
17543
17185
17544
17186
17545
17187
17546
17188
17547
17189
17548
17190
17549
17191
17550
17192
17551
17193
17552
17194
17553
17195
17554
17196
17555
17197
17556
17198
17557
17199
17558
17200
17559
17201
17560
17202
17561
17203
17562
17204
17563
17205
17564
17206
17565
17207
17566
17208
17567
17209
17568
17210
17569
17211
17570
17212
17571
17213
17572
17214
17573
17215
17574
17216
17575
17217
17576
17218
17577
17219
17578
17220
17579
17221
17580
17222
17581
17223
17582
17224
17583
17225
17584
17226
17585
17227
17586
17228
17587
17229
17588
17230
17589
17231
17590
17232
17591
17233
17592
17234
17593
17235
17594
17236
17595
17237
17596
17238
17597
17239
17598
17240
17599
17241
17600
17242
17601
17243
17602
17244
17603
17245
17604
17246
17605
17247
17606
17248
17607
17249
17608
17250
17609
17251
17610
17252
17611
17253
17612
17254
17613
17255
17614
17256
17615
17257
17616
17258
17617
17259
17618
17260
17619
17261
17620
17262
17621
17263
17622
17264
17623
17265
17624
17266
17625
17267
17626
17268
17627
17269
17628
17270
17629
17271
17630
17272
17631
17273
17632
17274
17633
17275
17634
17276
17635
17277
17636
17278
17637
17279
17638
17639
17281
17640
17282
17641
17283
17642
17284
17643
17285
17644
17286
17645
17287
17646
17288
17647
17289
17648
17290
17649
17291
17650
17292
17651
17293
17652
17294
17653
17295
17654
17296
17655
17297
17656
17298
17657
17299
17658
17300
17659
17301
17660
17302
17661
17303
17662
17304
17663
17305
17664
17306
17665
17307
17666
17308
17667
17309
17668
17310
17669
17311
17670
17312
17671
17313
17672
17314
17673
17315
17674
17316
17675
17317
17676
17318
17677
17319
17678
17320
17679
17321
17680
17322
17681
17323
17682
17324
17683
17325
17684
17326
17685
17327
17686
17328
17687
17329
17688
17330
17689
17331
17690
17332
17691
17333
17692
17334
17693
17335
17694
17336
17695
17337
17696
17338
17697
17339
17698
17340
17699
17341
17700
17342
17701
17343
17702
17344
17703
17345
17704
17346
17705
17347
17706
17348
17707
17349
17708
17350
17709
17351
17710
17352
17711
17353
17712
17354
17713
17355
17714
17356
17715
17357
17716
17358
17717
17359
17718
17360
17719
17361
17720
17362
17721
17363
17722
17364
17723
17365
17724
17366
17725
17367
17726
17368
17727
17369
17728
17370
17729
17371
17730
17372
17731
17373
17732
17374
17733
17375
17734
17376
17735
17377
17736
17378
17737
17379
17738
17380
17739
17381
17740
17382
17741
17383
17742
17384
17743
17385
17744
17386
17745
17387
17746
17388
17747
17389
17748
17390
17749
17391
17750
17392
17751
17393
17752
17394
17753
17395
17754
17396
17755
17397
17756
17398
17757
17399
17758
17400
17759
17401
17760
17402
17761
17403
17762
17404
17763
17405
17764
17406
17765
17407
17766
17408
17767
17409
17768
17410
17769
17411
17770
17412
17771
17413
17772
17414
17773
17415
17774
17416
17775
17417
17776
17418
17777
17419
17778
17420
17779
17421
17780
17422
17781
17423
17782
17424
17783
17425
17784
17426
17785
17427
17786
17428
17787
17429
17788
17430
17789
17431
17790
17432
17791
17433
17792
17434
17793
17435
17794
17436
17795
17437
17796
17438
17797
17439
17798
17440
17799
17441
17800
17442
17801
17443
17802
17444
17803
17445
17804
17446
17805
17447
17806
17448
17807
17449
17808
17450
17809
17451
17810
17452
17811
17453
17812
17454
17813
17455
17814
17456
17815
17457
17816
17458
17817
17459
17818
17460
17819
17461
17820
17462
17821
17463
17822
17464
17823
17465
17824
17466
17825
17467
17826
17468
17827
17469
17828
17470
17829
17471
17830
17472
17831
17473
17832
17474
17833
17475
17834
17476
17835
17477
17836
17478
17837
17479
17838
17480
17839
17481
17840
17482
17841
17483
17842
17484
17843
17485
17844
17486
17845
17487
17846
17488
17847
17489
17848
17490
17849
17491
17850
17492
17851
17493
17852
17494
17853
17495
17854
17496
17855
17497
17856
17498
17857
17499
17858
17500
17859
17501
17860
17502
17861
17503
17862
17504
17863
17505
17864
17506
17865
17507
17866
17508
17867
17509
17868
17510
17869
17511
17870
17512
17871
17513
17872
17514
17873
17515
17874
17516
17875
17517
17876
17518
17877
17519
17878
17520
17879
17521
17880
17522
17881
17523
17882
17524
17883
17525
17884
17526
17885
17527
17886
17528
17887
17529
17888
17530
17889
17531
17890
17532
17891
17533
17892
17534
17893
17535
17894
17536
17895
17537
17896
17538
17897
17539
17898
17540
17899
17541
17900
17542
17901
17543
17902
17544
17903
17545
17904
17546
17905
17547
17906
17548
17907
17549
17908
17550
17909
17551
17910
17552
17911
17553
17912
17554
17913
17555
17914
17556
17915
17557
17916
17558
17917
17559
17918
17560
17919
17561
17920
17562
17921
17563
17922
17564
17923
17565
17924
17566
17925
17567
17926
17568
17927
17569
17928
17570
17929
17571
17930
17572
17931
17573
17932
17574
17933
17575
17934
17576
17935
17577
17936
17578
17937
17579
17938
17580
17939
17581
17940
17582
17941
17583
17942
17584
17943
17585
17944
17586
17945
17587
17946
17588
17947
17589
17948
17590
17949
17591
17950
17592
17951
17593
17952
17594
17953
17595
17954
17596
17955
17597
17956
17598
17957
17599
17958
17600
17959
17601
17960
17602
17961
17603
17962
17604
17963
17605
17964
17606
17965
17607
17966
17608
17967
17609
17968
17610
17969
17611
17970
17612
17971
17613
17972
17614
17973
17615
17974
17616
17975
17617
17976
17618
17977
17619
17978
17620
17979
17621
17980
17622
17981
17623
17982
17624
17983
17625
17984
17626
17985
17627
17986
17628
17987
17629
17988
17630
17989
17631
17990
17632
17991
17633
17992
17634
17993
17635
17994
17636
17995
17637
17996
17638
17997
17639
17998
17999
17641
18000
17642
18001
17643
18002
17644
18003
17645
18004
17646
18005
17647
18006
17648
18007
17649
18008
17650
18009
17651
18010
17652
18011
17653
18012
17654
18013
17655
18014
17656
18015
17657
18016
17658
18017
17659
18018
17660
18019
17661
18020
17662
18021
17663
18022
17664
18023
17665
18024
17666
18025
17667
18026
17668
18027
17669
18028
17670
18029
17671
18030
17672
18031
17673
18032
17674
18033
17675
18034
17676
18035
17677
18036
17678
18037
17679
18038
17680
18039
17681
18040
17682
18041
17683
18042
17684
18043
17685
18044
17686
18045
17687
18046
17688
18047
17689
18048
17690
18049
17691
18050
17692
18051
17693
18052
17694
18053
17695
18054
17696
18055
17697
18056
17698
18057
17699
18058
17700
18059
17701
18060
17702
18061
17703
18062
17704
18063
17705
18064
17706
18065
17707
18066
17708
18067
17709
18068
17710
18069
17711
18070
17712
18071
17713
18072
17714
18073
17715
18074
17716
18075
17717
18076
17718
18077
17719
18078
17720
18079
17721
18080
17722
18081
17723
18082
17724
18083
17725
18084
17726
18085
17727
18086
17728
18087
17729
18088
17730
18089
17731
18090
17732
18091
17733
18092
17734
18093
17735
18094
17736
18095
17737
18096
17738
18097
17739
18098
17740
18099
17741
18100
17742
18101
17743
18102
17744
18103
17745
18104
17746
18105
17747
18106
17748
18107
17749
18108
17750
18109
17751
18110
17752
18111
17753
18112
17754
18113
17755
18114
17756
18115
17757
18116
17758
18117
17759
18118
17760
18119
17761
18120
17762
18121
17763
18122
17764
18123
17765
18124
17766
18125
17767
18126
17768
18127
17769
18128
17770
18129
17771
18130
17772
18131
17773
18132
17774
18133
17775
18134
17776
18135
17777
18136
17778
18137
17779
18138
17780
18139
17781
18140
17782
18141
17783
18142
17784
18143
17785
18144
17786
18145
17787
18146
17788
18147
17789
18148
17790
18149
17791
18150
17792
18151
17793
18152
17794
18153
17795
18154
17796
18155
17797
18156
17798
18157
17799
18158
17800
18159
17801
18160
17802
18161
17803
18162
17804
18163
17805
18164
17806
18165
17807
18166
17808
18167
17809
18168
17810
18169
17811
18170
17812
18171
17813
18172
17814
18173
17815
18174
17816
18175
17817
18176
17818
18177
17819
18178
17820
18179
17821
18180
17822
18181
17823
18182
17824
18183
17825
18184
17826
18185
17827
18186
17828
18187
17829
18188
17830
18189
17831
18190
17832
18191
17833
18192
17834
18193
17835
18194
17836
18195
17837
18196
17838
18197
17839
18198
17840
18199
17841
18200
17842
18201
17843
18202
17844
18203
17845
18204
17846
18205
17847
18206
17848
18207
17849
18208
17850
18209
17851
18210
17852
18211
17853
18212
17854
18213
17855
18214
17856
18215
17857
18216
17858
18217
17859
18218
17860
18219
17861
18220
17862
18221
17863
18222
17864
18223
17865
18224
17866
18225
17867
18226
17868
18227
17869
18228
17870
18229
17871
18230
17872
18231
17873
18232
17874
18233
17875
18234
17876
18235
17877
18236
17878
18237
17879
18238
17880
18239
17881
18240
17882
18241
17883
18242
17884
18243
17885
18244
17886
18245
17887
18246
17888
18247
17889
18248
17890
18249
17891
18250
17892
18251
17893
18252
17894
18253
17895
18254
17896
18255
17897
18256
17898
18257
17899
18258
17900
18259
17901
18260
17902
18261
17903
18262
17904
18263
17905
18264
17906
18265
17907
18266
17908
18267
17909
18268
17910
18269
17911
18270
17912
18271
17913
18272
17914
18273
17915
18274
17916
18275
17917
18276
17918
18277
17919
18278
17920
18279
17921
18280
17922
18281
17923
18282
17924
18283
17925
18284
17926
18285
17927
18286
17928
18287
17929
18288
17930
18289
17931
18290
17932
18291
17933
18292
17934
18293
17935
18294
17936
18295
17937
18296
17938
18297
17939
18298
17940
18299
17941
18300
17942
18301
17943
18302
17944
18303
17945
18304
17946
18305
17947
18306
17948
18307
17949
18308
17950
18309
17951
18310
17952
18311
17953
18312
17954
18313
17955
18314
17956
18315
17957
18316
17958
18317
17959
18318
17960
18319
17961
18320
17962
18321
17963
18322
17964
18323
17965
18324
17966
18325
17967
18326
17968
18327
17969
18328
17970
18329
17971
18330
17972
18331
17973
18332
17974
18333
17975
18334
17976
18335
17977
18336
17978
18337
17979
18338
17980
18339
17981
18340
17982
18341
17983
18342
17984
18343
17985
18344
17986
18345
17987
18346
17988
18347
17989
18348
17990
18349
17991
18350
17992
18351
17993
18352
17994
18353
17995
18354
17996
18355
17997
18356
17998
18357
17999
18358
18359
18001
18360
18002
18361
18003
18362
18004
18363
18005
18364
18006
18365
18007
18366
18008
18367
18009
18368
18010
18369
18011
18370
18012
18371
18013
18372
18014
18373
18015
18374
18016
18375
18017
18376
18018
18377
18019
18378
18020
18379
18021
18380
18022
18381
18023
18382
18024
18383
18025
18384
18026
18385
18027
18386
18028
18387
18029
18388
18030
18389
18031
18390
18032
18391
18033
18392
18034
18393
18035
18394
18036
18395
18037
18396
18038
18397
18039
18398
18040
18399
18041
18400
18042
18401
18043
18402
18044
18403
18045
18404
18046
18405
18047
18406
18048
18407
18049
18408
18050
18409
18051
18410
18052
18411
18053
18412
18054
18413
18055
18414
18056
18415
18057
18416
18058
18417
18059
18418
18060
18419
18061
18420
18062
18421
18063
18422
18064
18423
18065
18424
18066
18425
18067
18426
18068
18427
18069
18428
18070
18429
18071
18430
18072
18431
18073
18432
18074
18433
18075
18434
18076
18435
18077
18436
18078
18437
18079
18438
18080
18439
18081
18440
18082
18441
18083
18442
18084
18443
18085
18444
18086
18445
18087
18446
18088
18447
18089
18448
18090
18449
18091
18450
18092
18451
18093
18452
18094
18453
18095
18454
18096
18455
18097
18456
18098
18457
18099
18458
18100
18459
18101
18460
18102
18461
18103
18462
18104
18463
18105
18464
18106
18465
18107
18466
18108
18467
18109
18468
18110
18469
18111
18470
18112
18471
18113
18472
18114
18473
18115
18474
18116
18475
18117
18476
18118
18477
18119
18478
18120
18479
18121
18480
18122
18481
18123
18482
18124
18483
18125
18484
18126
18485
18127
18486
18128
18487
18129
18488
18130
18489
18131
18490
18132
18491
18133
18492
18134
18493
18135
18494
18136
18495
18137
18496
18138
18497
18139
18498
18140
18499
18141
18500
18142
18501
18143
18502
18144
18503
18145
18504
18146
18505
18147
18506
18148
18507
18149
18508
18150
18509
18151
18510
18152
18511
18153
18512
18154
18513
18155
18514
18156
18515
18157
18516
18158
18517
18159
18518
18160
18519
18161
18520
18162
18521
18163
18522
18164
18523
18165
18524
18166
18525
18167
18526
18168
18527
18169
18528
18170
18529
18171
18530
18172
18531
18173
18532
18174
18533
18175
18534
18176
18535
18177
18536
18178
18537
18179
18538
18180
18539
18181
18540
18182
18541
18183
18542
18184
18543
18185
18544
18186
18545
18187
18546
18188
18547
18189
18548
18190
18549
18191
18550
18192
18551
18193
18552
18194
18553
18195
18554
18196
18555
18197
18556
18198
18557
18199
18558
18200
18559
18201
18560
18202
18561
18203
18562
18204
18563
18205
18564
18206
18565
18207
18566
18208
18567
18209
18568
18210
18569
18211
18570
18212
18571
18213
18572
18214
18573
18215
18574
18216
18575
18217
18576
18218
18577
18219
18578
18220
18579
18221
18580
18222
18581
18223
18582
18224
18583
18225
18584
18226
18585
18227
18586
18228
18587
18229
18588
18230
18589
18231
18590
18232
18591
18233
18592
18234
18593
18235
18594
18236
18595
18237
18596
18238
18597
18239
18598
18240
18599
18241
18600
18242
18601
18243
18602
18244
18603
18245
18604
18246
18605
18247
18606
18248
18607
18249
18608
18250
18609
18251
18610
18252
18611
18253
18612
18254
18613
18255
18614
18256
18615
18257
18616
18258
18617
18259
18618
18260
18619
18261
18620
18262
18621
18263
18622
18264
18623
18265
18624
18266
18625
18267
18626
18268
18627
18269
18628
18270
18629
18271
18630
18272
18631
18273
18632
18274
18633
18275
18634
18276
18635
18277
18636
18278
18637
18279
18638
18280
18639
18281
18640
18282
18641
18283
18642
18284
18643
18285
18644
18286
18645
18287
18646
18288
18647
18289
18648
18290
18649
18291
18650
18292
18651
18293
18652
18294
18653
18295
18654
18296
18655
18297
18656
18298
18657
18299
18658
18300
18659
18301
18660
18302
18661
18303
18662
18304
18663
18305
18664
18306
18665
18307
18666
18308
18667
18309
18668
18310
18669
18311
18670
18312
18671
18313
18672
18314
18673
18315
18674
18316
18675
18317
18676
18318
18677
18319
18678
18320
18679
18321
18680
18322
18681
18323
18682
18324
18683
18325
18684
18326
18685
18327
18686
18328
18687
18329
18688
18330
18689
18331
18690
18332
18691
18333
18692
18334
18693
18335
18694
18336
18695
18337
18696
18338
18697
18339
18698
18340
18699
18341
18700
18342
18701
18343
18702
18344
18703
18345
18704
18346
18705
18347
18706
18348
18707
18349
18708
18350
18709
18351
18710
18352
18711
18353
18712
18354
18713
18355
18714
18356
18715
18357
18716
18358
18717
18359
18718
18719
18361
18720
18362
18721
18363
18722
18364
18723
18365
18724
18366
18725
18367
18726
18368
18727
18369
18728
18370
18729
18371
18730
18372
18731
18373
18732
18374
18733
18375
18734
18376
18735
18377
18736
18378
18737
18379
18738
18380
18739
18381
18740
18382
18741
18383
18742
18384
18743
18385
18744
18386
18745
18387
18746
18388
18747
18389
18748
18390
18749
18391
18750
18392
18751
18393
18752
18394
18753
18395
18754
18396
18755
18397
18756
18398
18757
18399
18758
18400
18759
18401
18760
18402
18761
18403
18762
18404
18763
18405
18764
18406
18765
18407
18766
18408
18767
18409
18768
18410
18769
18411
18770
18412
18771
18413
18772
18414
18773
18415
18774
18416
18775
18417
18776
18418
18777
18419
18778
18420
18779
18421
18780
18422
18781
18423
18782
18424
18783
18425
18784
18426
18785
18427
18786
18428
18787
18429
18788
18430
18789
18431
18790
18432
18791
18433
18792
18434
18793
18435
18794
18436
18795
18437
18796
18438
18797
18439
18798
18440
18799
18441
18800
18442
18801
18443
18802
18444
18803
18445
18804
18446
18805
18447
18806
18448
18807
18449
18808
18450
18809
18451
18810
18452
18811
18453
18812
18454
18813
18455
18814
18456
18815
18457
18816
18458
18817
18459
18818
18460
18819
18461
18820
18462
18821
18463
18822
18464
18823
18465
18824
18466
18825
18467
18826
18468
18827
18469
18828
18470
18829
18471
18830
18472
18831
18473
18832
18474
18833
18475
18834
18476
18835
18477
18836
18478
18837
18479
18838
18480
18839
18481
18840
18482
18841
18483
18842
18484
18843
18485
18844
18486
18845
18487
18846
18488
18847
18489
18848
18490
18849
18491
18850
18492
18851
18493
18852
18494
18853
18495
18854
18496
18855
18497
18856
18498
18857
18499
18858
18500
18859
18501
18860
18502
18861
18503
18862
18504
18863
18505
18864
18506
18865
18507
18866
18508
18867
18509
18868
18510
18869
18511
18870
18512
18871
18513
18872
18514
18873
18515
18874
18516
18875
18517
18876
18518
18877
18519
18878
18520
18879
18521
18880
18522
18881
18523
18882
18524
18883
18525
18884
18526
18885
18527
18886
18528
18887
18529
18888
18530
18889
18531
18890
18532
18891
18533
18892
18534
18893
18535
18894
18536
18895
18537
18896
18538
18897
18539
18898
18540
18899
18541
18900
18542
18901
18543
18902
18544
18903
18545
18904
18546
18905
18547
18906
18548
18907
18549
18908
18550
18909
18551
18910
18552
18911
18553
18912
18554
18913
18555
18914
18556
18915
18557
18916
18558
18917
18559
18918
18560
18919
18561
18920
18562
18921
18563
18922
18564
18923
18565
18924
18566
18925
18567
18926
18568
18927
18569
18928
18570
18929
18571
18930
18572
18931
18573
18932
18574
18933
18575
18934
18576
18935
18577
18936
18578
18937
18579
18938
18580
18939
18581
18940
18582
18941
18583
18942
18584
18943
18585
18944
18586
18945
18587
18946
18588
18947
18589
18948
18590
18949
18591
18950
18592
18951
18593
18952
18594
18953
18595
18954
18596
18955
18597
18956
18598
18957
18599
18958
18600
18959
18601
18960
18602
18961
18603
18962
18604
18963
18605
18964
18606
18965
18607
18966
18608
18967
18609
18968
18610
18969
18611
18970
18612
18971
18613
18972
18614
18973
18615
18974
18616
18975
18617
18976
18618
18977
18619
18978
18620
18979
18621
18980
18622
18981
18623
18982
18624
18983
18625
18984
18626
18985
18627
18986
18628
18987
18629
18988
18630
18989
18631
18990
18632
18991
18633
18992
18634
18993
18635
18994
18636
18995
18637
18996
18638
18997
18639
18998
18640
18999
18641
19000
18642
19001
18643
19002
18644
19003
18645
19004
18646
19005
18647
19006
18648
19007
18649
19008
18650
19009
18651
19010
18652
19011
18653
19012
18654
19013
18655
19014
18656
19015
18657
19016
18658
19017
18659
19018
18660
19019
18661
19020
18662
19021
18663
19022
18664
19023
18665
19024
18666
19025
18667
19026
18668
19027
18669
19028
18670
19029
18671
19030
18672
19031
18673
19032
18674
19033
18675
19034
18676
19035
18677
19036
18678
19037
18679
19038
18680
19039
18681
19040
18682
19041
18683
19042
18684
19043
18685
19044
18686
19045
18687
19046
18688
19047
18689
19048
18690
19049
18691
19050
18692
19051
18693
19052
18694
19053
18695
19054
18696
19055
18697
19056
18698
19057
18699
19058
18700
19059
18701
19060
18702
19061
18703
19062
18704
19063
18705
19064
18706
19065
18707
19066
18708
19067
18709
19068
18710
19069
18711
19070
18712
19071
18713
19072
18714
19073
18715
19074
18716
19075
18717
19076
18718
19077
18719
19078
19079
18721
19080
18722
19081
18723
19082
18724
19083
18725
19084
18726
19085
18727
19086
18728
19087
18729
19088
18730
19089
18731
19090
18732
19091
18733
19092
18734
19093
18735
19094
18736
19095
18737
19096
18738
19097
18739
19098
18740
19099
18741
19100
18742
19101
18743
19102
18744
19103
18745
19104
18746
19105
18747
19106
18748
19107
18749
19108
18750
19109
18751
19110
18752
19111
18753
19112
18754
19113
18755
19114
18756
19115
18757
19116
18758
19117
18759
19118
18760
19119
18761
19120
18762
19121
18763
19122
18764
19123
18765
19124
18766
19125
18767
19126
18768
19127
18769
19128
18770
19129
18771
19130
18772
19131
18773
19132
18774
19133
18775
19134
18776
19135
18777
19136
18778
19137
18779
19138
18780
19139
18781
19140
18782
19141
18783
19142
18784
19143
18785
19144
18786
19145
18787
19146
18788
19147
18789
19148
18790
19149
18791
19150
18792
19151
18793
19152
18794
19153
18795
19154
18796
19155
18797
19156
18798
19157
18799
19158
18800
19159
18801
19160
18802
19161
18803
19162
18804
19163
18805
19164
18806
19165
18807
19166
18808
19167
18809
19168
18810
19169
18811
19170
18812
19171
18813
19172
18814
19173
18815
19174
18816
19175
18817
19176
18818
19177
18819
19178
18820
19179
18821
19180
18822
19181
18823
19182
18824
19183
18825
19184
18826
19185
18827
19186
18828
19187
18829
19188
18830
19189
18831
19190
18832
19191
18833
19192
18834
19193
18835
19194
18836
19195
18837
19196
18838
19197
18839
19198
18840
19199
18841
19200
18842
19201
18843
19202
18844
19203
18845
19204
18846
19205
18847
19206
18848
19207
18849
19208
18850
19209
18851
19210
18852
19211
18853
19212
18854
19213
18855
19214
18856
19215
18857
19216
18858
19217
18859
19218
18860
19219
18861
19220
18862
19221
18863
19222
18864
19223
18865
19224
18866
19225
18867
19226
18868
19227
18869
19228
18870
19229
18871
19230
18872
19231
18873
19232
18874
19233
18875
19234
18876
19235
18877
19236
18878
19237
18879
19238
18880
19239
18881
19240
18882
19241
18883
19242
18884
19243
18885
19244
18886
19245
18887
19246
18888
19247
18889
19248
18890
19249
18891
19250
18892
19251
18893
19252
18894
19253
18895
19254
18896
19255
18897
19256
18898
19257
18899
19258
18900
19259
18901
19260
18902
19261
18903
19262
18904
19263
18905
19264
18906
19265
18907
19266
18908
19267
18909
19268
18910
19269
18911
19270
18912
19271
18913
19272
18914
19273
18915
19274
18916
19275
18917
19276
18918
19277
18919
19278
18920
19279
18921
19280
18922
19281
18923
19282
18924
19283
18925
19284
18926
19285
18927
19286
18928
19287
18929
19288
18930
19289
18931
19290
18932
19291
18933
19292
18934
19293
18935
19294
18936
19295
18937
19296
18938
19297
18939
19298
18940
19299
18941
19300
18942
19301
18943
19302
18944
19303
18945
19304
18946
19305
18947
19306
18948
19307
18949
19308
18950
19309
18951
19310
18952
19311
18953
19312
18954
19313
18955
19314
18956
19315
18957
19316
18958
19317
18959
19318
18960
19319
18961
19320
18962
19321
18963
19322
18964
19323
18965
19324
18966
19325
18967
19326
18968
19327
18969
19328
18970
19329
18971
19330
18972
19331
18973
19332
18974
19333
18975
19334
18976
19335
18977
19336
18978
19337
18979
19338
18980
19339
18981
19340
18982
19341
18983
19342
18984
19343
18985
19344
18986
19345
18987
19346
18988
19347
18989
19348
18990
19349
18991
19350
18992
19351
18993
19352
18994
19353
18995
19354
18996
19355
18997
19356
18998
19357
18999
19358
19000
19359
19001
19360
19002
19361
19003
19362
19004
19363
19005
19364
19006
19365
19007
19366
19008
19367
19009
19368
19010
19369
19011
19370
19012
19371
19013
19372
19014
19373
19015
19374
19016
19375
19017
19376
19018
19377
19019
19378
19020
19379
19021
19380
19022
19381
19023
19382
19024
19383
19025
19384
19026
19385
19027
19386
19028
19387
19029
19388
19030
19389
19031
19390
19032
19391
19033
19392
19034
19393
19035
19394
19036
19395
19037
19396
19038
19397
19039
19398
19040
19399
19041
19400
19042
19401
19043
19402
19044
19403
19045
19404
19046
19405
19047
19406
19048
19407
19049
19408
19050
19409
19051
19410
19052
19411
19053
19412
19054
19413
19055
19414
19056
19415
19057
19416
19058
19417
19059
19418
19060
19419
19061
19420
19062
19421
19063
19422
19064
19423
19065
19424
19066
19425
19067
19426
19068
19427
19069
19428
19070
19429
19071
19430
19072
19431
19073
19432
19074
19433
19075
19434
19076
19435
19077
19436
19078
19437
19079
19438
19439
19081
19440
19082
19441
19083
19442
19084
19443
19085
19444
19086
19445
19087
19446
19088
19447
19089
19448
19090
19449
19091
19450
19092
19451
19093
19452
19094
19453
19095
19454
19096
19455
19097
19456
19098
19457
19099
19458
19100
19459
19101
19460
19102
19461
19103
19462
19104
19463
19105
19464
19106
19465
19107
19466
19108
19467
19109
19468
19110
19469
19111
19470
19112
19471
19113
19472
19114
19473
19115
19474
19116
19475
19117
19476
19118
19477
19119
19478
19120
19479
19121
19480
19122
19481
19123
19482
19124
19483
19125
19484
19126
19485
19127
19486
19128
19487
19129
19488
19130
19489
19131
19490
19132
19491
19133
19492
19134
19493
19135
19494
19136
19495
19137
19496
19138
19497
19139
19498
19140
19499
19141
19500
19142
19501
19143
19502
19144
19503
19145
19504
19146
19505
19147
19506
19148
19507
19149
19508
19150
19509
19151
19510
19152
19511
19153
19512
19154
19513
19155
19514
19156
19515
19157
19516
19158
19517
19159
19518
19160
19519
19161
19520
19162
19521
19163
19522
19164
19523
19165
19524
19166
19525
19167
19526
19168
19527
19169
19528
19170
19529
19171
19530
19172
19531
19173
19532
19174
19533
19175
19534
19176
19535
19177
19536
19178
19537
19179
19538
19180
19539
19181
19540
19182
19541
19183
19542
19184
19543
19185
19544
19186
19545
19187
19546
19188
19547
19189
19548
19190
19549
19191
19550
19192
19551
19193
19552
19194
19553
19195
19554
19196
19555
19197
19556
19198
19557
19199
19558
19200
19559
19201
19560
19202
19561
19203
19562
19204
19563
19205
19564
19206
19565
19207
19566
19208
19567
19209
19568
19210
19569
19211
19570
19212
19571
19213
19572
19214
19573
19215
19574
19216
19575
19217
19576
19218
19577
19219
19578
19220
19579
19221
19580
19222
19581
19223
19582
19224
19583
19225
19584
19226
19585
19227
19586
19228
19587
19229
19588
19230
19589
19231
19590
19232
19591
19233
19592
19234
19593
19235
19594
19236
19595
19237
19596
19238
19597
19239
19598
19240
19599
19241
19600
19242
19601
19243
19602
19244
19603
19245
19604
19246
19605
19247
19606
19248
19607
19249
19608
19250
19609
19251
19610
19252
19611
19253
19612
19254
19613
19255
19614
19256
19615
19257
19616
19258
19617
19259
19618
19260
19619
19261
19620
19262
19621
19263
19622
19264
19623
19265
19624
19266
19625
19267
19626
19268
19627
19269
19628
19270
19629
19271
19630
19272
19631
19273
19632
19274
19633
19275
19634
19276
19635
19277
19636
19278
19637
19279
19638
19280
19639
19281
19640
19282
19641
19283
19642
19284
19643
19285
19644
19286
19645
19287
19646
19288
19647
19289
19648
19290
19649
19291
19650
19292
19651
19293
19652
19294
19653
19295
19654
19296
19655
19297
19656
19298
19657
19299
19658
19300
19659
19301
19660
19302
19661
19303
19662
19304
19663
19305
19664
19306
19665
19307
19666
19308
19667
19309
19668
19310
19669
19311
19670
19312
19671
19313
19672
19314
19673
19315
19674
19316
19675
19317
19676
19318
19677
19319
19678
19320
19679
19321
19680
19322
19681
19323
19682
19324
19683
19325
19684
19326
19685
19327
19686
19328
19687
19329
19688
19330
19689
19331
19690
19332
19691
19333
19692
19334
19693
19335
19694
19336
19695
19337
19696
19338
19697
19339
19698
19340
19699
19341
19700
19342
19701
19343
19702
19344
19703
19345
19704
19346
19705
19347
19706
19348
19707
19349
19708
19350
19709
19351
19710
19352
19711
19353
19712
19354
19713
19355
19714
19356
19715
19357
19716
19358
19717
19359
19718
19360
19719
19361
19720
19362
19721
19363
19722
19364
19723
19365
19724
19366
19725
19367
19726
19368
19727
19369
19728
19370
19729
19371
19730
19372
19731
19373
19732
19374
19733
19375
19734
19376
19735
19377
19736
19378
19737
19379
19738
19380
19739
19381
19740
19382
19741
19383
19742
19384
19743
19385
19744
19386
19745
19387
19746
19388
19747
19389
19748
19390
19749
19391
19750
19392
19751
19393
19752
19394
19753
19395
19754
19396
19755
19397
19756
19398
19757
19399
19758
19400
19759
19401
19760
19402
19761
19403
19762
19404
19763
19405
19764
19406
19765
19407
19766
19408
19767
19409
19768
19410
19769
19411
19770
19412
19771
19413
19772
19414
19773
19415
19774
19416
19775
19417
19776
19418
19777
19419
19778
19420
19779
19421
19780
19422
19781
19423
19782
19424
19783
19425
19784
19426
19785
19427
19786
19428
19787
19429
19788
19430
19789
19431
19790
19432
19791
19433
19792
19434
19793
19435
19794
19436
19795
19437
19796
19438
19797
19439
19798
19799
19441
19800
19442
19801
19443
19802
19444
19803
19445
19804
19446
19805
19447
19806
19448
19807
19449
19808
19450
19809
19451
19810
19452
19811
19453
19812
19454
19813
19455
19814
19456
19815
19457
19816
19458
19817
19459
19818
19460
19819
19461
19820
19462
19821
19463
19822
19464
19823
19465
19824
19466
19825
19467
19826
19468
19827
19469
19828
19470
19829
19471
19830
19472
19831
19473
19832
19474
19833
19475
19834
19476
19835
19477
19836
19478
19837
19479
19838
19480
19839
19481
19840
19482
19841
19483
19842
19484
19843
19485
19844
19486
19845
19487
19846
19488
19847
19489
19848
19490
19849
19491
19850
19492
19851
19493
19852
19494
19853
19495
19854
19496
19855
19497
19856
19498
19857
19499
19858
19500
19859
19501
19860
19502
19861
19503
19862
19504
19863
19505
19864
19506
19865
19507
19866
19508
19867
19509
19868
19510
19869
19511
19870
19512
19871
19513
19872
19514
19873
19515
19874
19516
19875
19517
19876
19518
19877
19519
19878
19520
19879
19521
19880
19522
19881
19523
19882
19524
19883
19525
19884
19526
19885
19527
19886
19528
19887
19529
19888
19530
19889
19531
19890
19532
19891
19533
19892
19534
19893
19535
19894
19536
19895
19537
19896
19538
19897
19539
19898
19540
19899
19541
19900
19542
19901
19543
19902
19544
19903
19545
19904
19546
19905
19547
19906
19548
19907
19549
19908
19550
19909
19551
19910
19552
19911
19553
19912
19554
19913
19555
19914
19556
19915
19557
19916
19558
19917
19559
19918
19560
19919
19561
19920
19562
19921
19563
19922
19564
19923
19565
19924
19566
19925
19567
19926
19568
19927
19569
19928
19570
19929
19571
19930
19572
19931
19573
19932
19574
19933
19575
19934
19576
19935
19577
19936
19578
19937
19579
19938
19580
19939
19581
19940
19582
19941
19583
19942
19584
19943
19585
19944
19586
19945
19587
19946
19588
19947
19589
19948
19590
19949
19591
19950
19592
19951
19593
19952
19594
19953
19595
19954
19596
19955
19597
19956
19598
19957
19599
19958
19600
19959
19601
19960
19602
19961
19603
19962
19604
19963
19605
19964
19606
19965
19607
19966
19608
19967
19609
19968
19610
19969
19611
19970
19612
19971
19613
19972
19614
19973
19615
19974
19616
19975
19617
19976
19618
19977
19619
19978
19620
19979
19621
19980
19622
19981
19623
19982
19624
19983
19625
19984
19626
19985
19627
19986
19628
19987
19629
19988
19630
19989
19631
19990
19632
19991
19633
19992
19634
19993
19635
19994
19636
19995
19637
19996
19638
19997
19639
19998
19640
19999
19641
20000
19642
20001
19643
20002
19644
20003
19645
20004
19646
20005
19647
20006
19648
20007
19649
20008
19650
20009
19651
20010
19652
20011
19653
20012
19654
20013
19655
20014
19656
20015
19657
20016
19658
20017
19659
20018
19660
20019
19661
20020
19662
20021
19663
20022
19664
20023
19665
20024
19666
20025
19667
20026
19668
20027
19669
20028
19670
20029
19671
20030
19672
20031
19673
20032
19674
20033
19675
20034
19676
20035
19677
20036
19678
20037
19679
20038
19680
20039
19681
20040
19682
20041
19683
20042
19684
20043
19685
20044
19686
20045
19687
20046
19688
20047
19689
20048
19690
20049
19691
20050
19692
20051
19693
20052
19694
20053
19695
20054
19696
20055
19697
20056
19698
20057
19699
20058
19700
20059
19701
20060
19702
20061
19703
20062
19704
20063
19705
20064
19706
20065
19707
20066
19708
20067
19709
20068
19710
20069
19711
20070
19712
20071
19713
20072
19714
20073
19715
20074
19716
20075
19717
20076
19718
20077
19719
20078
19720
20079
19721
20080
19722
20081
19723
20082
19724
20083
19725
20084
19726
20085
19727
20086
19728
20087
19729
20088
19730
20089
19731
20090
19732
20091
19733
20092
19734
20093
19735
20094
19736
20095
19737
20096
19738
20097
19739
20098
19740
20099
19741
20100
19742
20101
19743
20102
19744
20103
19745
20104
19746
20105
19747
20106
19748
20107
19749
20108
19750
20109
19751
20110
19752
20111
19753
20112
19754
20113
19755
20114
19756
20115
19757
20116
19758
20117
19759
20118
19760
20119
19761
20120
19762
20121
19763
20122
19764
20123
19765
20124
19766
20125
19767
20126
19768
20127
19769
20128
19770
20129
19771
20130
19772
20131
19773
20132
19774
20133
19775
20134
19776
20135
19777
20136
19778
20137
19779
20138
19780
20139
19781
20140
19782
20141
19783
20142
19784
20143
19785
20144
19786
20145
19787
20146
19788
20147
19789
20148
19790
20149
19791
20150
19792
20151
19793
20152
19794
20153
19795
20154
19796
20155
19797
20156
19798
20157
19799
20158
20159
19801
20160
19802
20161
19803
20162
19804
20163
19805
20164
19806
20165
19807
20166
19808
20167
19809
20168
19810
20169
19811
20170
19812
20171
19813
20172
19814
20173
19815
20174
19816
20175
19817
20176
19818
20177
19819
20178
19820
20179
19821
20180
19822
20181
19823
20182
19824
20183
19825
20184
19826
20185
19827
20186
19828
20187
19829
20188
19830
20189
19831
20190
19832
20191
19833
20192
19834
20193
19835
20194
19836
20195
19837
20196
19838
20197
19839
20198
19840
20199
19841
20200
19842
20201
19843
20202
19844
20203
19845
20204
19846
20205
19847
20206
19848
20207
19849
20208
19850
20209
19851
20210
19852
20211
19853
20212
19854
20213
19855
20214
19856
20215
19857
20216
19858
20217
19859
20218
19860
20219
19861
20220
19862
20221
19863
20222
19864
20223
19865
20224
19866
20225
19867
20226
19868
20227
19869
20228
19870
20229
19871
20230
19872
20231
19873
20232
19874
20233
19875
20234
19876
20235
19877
20236
19878
20237
19879
20238
19880
20239
19881
20240
19882
20241
19883
20242
19884
20243
19885
20244
19886
20245
19887
20246
19888
20247
19889
20248
19890
20249
19891
20250
19892
20251
19893
20252
19894
20253
19895
20254
19896
20255
19897
20256
19898
20257
19899
20258
19900
20259
19901
20260
19902
20261
19903
20262
19904
20263
19905
20264
19906
20265
19907
20266
19908
20267
19909
20268
19910
20269
19911
20270
19912
20271
19913
20272
19914
20273
19915
20274
19916
20275
19917
20276
19918
20277
19919
20278
19920
20279
19921
20280
19922
20281
19923
20282
19924
20283
19925
20284
19926
20285
19927
20286
19928
20287
19929
20288
19930
20289
19931
20290
19932
20291
19933
20292
19934
20293
19935
20294
19936
20295
19937
20296
19938
20297
19939
20298
19940
20299
19941
20300
19942
20301
19943
20302
19944
20303
19945
20304
19946
20305
19947
20306
19948
20307
19949
20308
19950
20309
19951
20310
19952
20311
19953
20312
19954
20313
19955
20314
19956
20315
19957
20316
19958
20317
19959
20318
19960
20319
19961
20320
19962
20321
19963
20322
19964
20323
19965
20324
19966
20325
19967
20326
19968
20327
19969
20328
19970
20329
19971
20330
19972
20331
19973
20332
19974
20333
19975
20334
19976
20335
19977
20336
19978
20337
19979
20338
19980
20339
19981
20340
19982
20341
19983
20342
19984
20343
19985
20344
19986
20345
19987
20346
19988
20347
19989
20348
19990
20349
19991
20350
19992
20351
19993
20352
19994
20353
19995
20354
19996
20355
19997
20356
19998
20357
19999
20358
20000
20359
20001
20360
20002
20361
20003
20362
20004
20363
20005
20364
20006
20365
20007
20366
20008
20367
20009
20368
20010
20369
20011
20370
20012
20371
20013
20372
20014
20373
20015
20374
20016
20375
20017
20376
20018
20377
20019
20378
20020
20379
20021
20380
20022
20381
20023
20382
20024
20383
20025
20384
20026
20385
20027
20386
20028
20387
20029
20388
20030
20389
20031
20390
20032
20391
20033
20392
20034
20393
20035
20394
20036
20395
20037
20396
20038
20397
20039
20398
20040
20399
20041
20400
20042
20401
20043
20402
20044
20403
20045
20404
20046
20405
20047
20406
20048
20407
20049
20408
20050
20409
20051
20410
20052
20411
20053
20412
20054
20413
20055
20414
20056
20415
20057
20416
20058
20417
20059
20418
20060
20419
20061
20420
20062
20421
20063
20422
20064
20423
20065
20424
20066
20425
20067
20426
20068
20427
20069
20428
20070
20429
20071
20430
20072
20431
20073
20432
20074
20433
20075
20434
20076
20435
20077
20436
20078
20437
20079
20438
20080
20439
20081
20440
20082
20441
20083
20442
20084
20443
20085
20444
20086
20445
20087
20446
20088
20447
20089
20448
20090
20449
20091
20450
20092
20451
20093
20452
20094
20453
20095
20454
20096
20455
20097
20456
20098
20457
20099
20458
20100
20459
20101
20460
20102
20461
20103
20462
20104
20463
20105
20464
20106
20465
20107
20466
20108
20467
20109
20468
20110
20469
20111
20470
20112
20471
20113
20472
20114
20473
20115
20474
20116
20475
20117
20476
20118
20477
20119
20478
20120
20479
20121
20480
20122
20481
20123
20482
20124
20483
20125
20484
20126
20485
20127
20486
20128
20487
20129
20488
20130
20489
20131
20490
20132
20491
20133
20492
20134
20493
20135
20494
20136
20495
20137
20496
20138
20497
20139
20498
20140
20499
20141
20500
20142
20501
20143
20502
20144
20503
20145
20504
20146
20505
20147
20506
20148
20507
20149
20508
20150
20509
20151
20510
20152
20511
20153
20512
20154
20513
20155
20514
20156
20515
20157
20516
20158
20517
20159
20518
20519
20161
20520
20162
20521
20163
20522
20164
20523
20165
20524
20166
20525
20167
20526
20168
20527
20169
20528
20170
20529
20171
20530
20172
20531
20173
20532
20174
20533
20175
20534
20176
20535
20177
20536
20178
20537
20179
20538
20180
20539
20181
20540
20182
20541
20183
20542
20184
20543
20185
20544
20186
20545
20187
20546
20188
20547
20189
20548
20190
20549
20191
20550
20192
20551
20193
20552
20194
20553
20195
20554
20196
20555
20197
20556
20198
20557
20199
20558
20200
20559
20201
20560
20202
20561
20203
20562
20204
20563
20205
20564
20206
20565
20207
20566
20208
20567
20209
20568
20210
20569
20211
20570
20212
20571
20213
20572
20214
20573
20215
20574
20216
20575
20217
20576
20218
20577
20219
20578
20220
20579
20221
20580
20222
20581
20223
20582
20224
20583
20225
20584
20226
20585
20227
20586
20228
20587
20229
20588
20230
20589
20231
20590
20232
20591
20233
20592
20234
20593
20235
20594
20236
20595
20237
20596
20238
20597
20239
20598
20240
20599
20241
20600
20242
20601
20243
20602
20244
20603
20245
20604
20246
20605
20247
20606
20248
20607
20249
20608
20250
20609
20251
20610
20252
20611
20253
20612
20254
20613
20255
20614
20256
20615
20257
20616
20258
20617
20259
20618
20260
20619
20261
20620
20262
20621
20263
20622
20264
20623
20265
20624
20266
20625
20267
20626
20268
20627
20269
20628
20270
20629
20271
20630
20272
20631
20273
20632
20274
20633
20275
20634
20276
20635
20277
20636
20278
20637
20279
20638
20280
20639
20281
20640
20282
20641
20283
20642
20284
20643
20285
20644
20286
20645
20287
20646
20288
20647
20289
20648
20290
20649
20291
20650
20292
20651
20293
20652
20294
20653
20295
20654
20296
20655
20297
20656
20298
20657
20299
20658
20300
20659
20301
20660
20302
20661
20303
20662
20304
20663
20305
20664
20306
20665
20307
20666
20308
20667
20309
20668
20310
20669
20311
20670
20312
20671
20313
20672
20314
20673
20315
20674
20316
20675
20317
20676
20318
20677
20319
20678
20320
20679
20321
20680
20322
20681
20323
20682
20324
20683
20325
20684
20326
20685
20327
20686
20328
20687
20329
20688
20330
20689
20331
20690
20332
20691
20333
20692
20334
20693
20335
20694
20336
20695
20337
20696
20338
20697
20339
20698
20340
20699
20341
20700
20342
20701
20343
20702
20344
20703
20345
20704
20346
20705
20347
20706
20348
20707
20349
20708
20350
20709
20351
20710
20352
20711
20353
20712
20354
20713
20355
20714
20356
20715
20357
20716
20358
20717
20359
20718
20360
20719
20361
20720
20362
20721
20363
20722
20364
20723
20365
20724
20366
20725
20367
20726
20368
20727
20369
20728
20370
20729
20371
20730
20372
20731
20373
20732
20374
20733
20375
20734
20376
20735
20377
20736
20378
20737
20379
20738
20380
20739
20381
20740
20382
20741
20383
20742
20384
20743
20385
20744
20386
20745
20387
20746
20388
20747
20389
20748
20390
20749
20391
20750
20392
20751
20393
20752
20394
20753
20395
20754
20396
20755
20397
20756
20398
20757
20399
20758
20400
20759
20401
20760
20402
20761
20403
20762
20404
20763
20405
20764
20406
20765
20407
20766
20408
20767
20409
20768
20410
20769
20411
20770
20412
20771
20413
20772
20414
20773
20415
20774
20416
20775
20417
20776
20418
20777
20419
20778
20420
20779
20421
20780
20422
20781
20423
20782
20424
20783
20425
20784
20426
20785
20427
20786
20428
20787
20429
20788
20430
20789
20431
20790
20432
20791
20433
20792
20434
20793
20435
20794
20436
20795
20437
20796
20438
20797
20439
20798
20440
20799
20441
20800
20442
20801
20443
20802
20444
20803
20445
20804
20446
20805
20447
20806
20448
20807
20449
20808
20450
20809
20451
20810
20452
20811
20453
20812
20454
20813
20455
20814
20456
20815
20457
20816
20458
20817
20459
20818
20460
20819
20461
20820
20462
20821
20463
20822
20464
20823
20465
20824
20466
20825
20467
20826
20468
20827
20469
20828
20470
20829
20471
20830
20472
20831
20473
20832
20474
20833
20475
20834
20476
20835
20477
20836
20478
20837
20479
20838
20480
20839
20481
20840
20482
20841
20483
20842
20484
20843
20485
20844
20486
20845
20487
20846
20488
20847
20489
20848
20490
20849
20491
20850
20492
20851
20493
20852
20494
20853
20495
20854
20496
20855
20497
20856
20498
20857
20499
20858
20500
20859
20501
20860
20502
20861
20503
20862
20504
20863
20505
20864
20506
20865
20507
20866
20508
20867
20509
20868
20510
20869
20511
20870
20512
20871
20513
20872
20514
20873
20515
20874
20516
20875
20517
20876
20518
20877
20519
20878
20879
20521
20880
20522
20881
20523
20882
20524
20883
20525
20884
20526
20885
20527
20886
20528
20887
20529
20888
20530
20889
20531
20890
20532
20891
20533
20892
20534
20893
20535
20894
20536
20895
20537
20896
20538
20897
20539
20898
20540
20899
20541
20900
20542
20901
20543
20902
20544
20903
20545
20904
20546
20905
20547
20906
20548
20907
20549
20908
20550
20909
20551
20910
20552
20911
20553
20912
20554
20913
20555
20914
20556
20915
20557
20916
20558
20917
20559
20918
20560
20919
20561
20920
20562
20921
20563
20922
20564
20923
20565
20924
20566
20925
20567
20926
20568
20927
20569
20928
20570
20929
20571
20930
20572
20931
20573
20932
20574
20933
20575
20934
20576
20935
20577
20936
20578
20937
20579
20938
20580
20939
20581
20940
20582
20941
20583
20942
20584
20943
20585
20944
20586
20945
20587
20946
20588
20947
20589
20948
20590
20949
20591
20950
20592
20951
20593
20952
20594
20953
20595
20954
20596
20955
20597
20956
20598
20957
20599
20958
20600
20959
20601
20960
20602
20961
20603
20962
20604
20963
20605
20964
20606
20965
20607
20966
20608
20967
20609
20968
20610
20969
20611
20970
20612
20971
20613
20972
20614
20973
20615
20974
20616
20975
20617
20976
20618
20977
20619
20978
20620
20979
20621
20980
20622
20981
20623
20982
20624
20983
20625
20984
20626
20985
20627
20986
20628
20987
20629
20988
20630
20989
20631
20990
20632
20991
20633
20992
20634
20993
20635
20994
20636
20995
20637
20996
20638
20997
20639
20998
20640
20999
20641
21000
20642
21001
20643
21002
20644
21003
20645
21004
20646
21005
20647
21006
20648
21007
20649
21008
20650
21009
20651
21010
20652
21011
20653
21012
20654
21013
20655
21014
20656
21015
20657
21016
20658
21017
20659
21018
20660
21019
20661
21020
20662
21021
20663
21022
20664
21023
20665
21024
20666
21025
20667
21026
20668
21027
20669
21028
20670
21029
20671
21030
20672
21031
20673
21032
20674
21033
20675
21034
20676
21035
20677
21036
20678
21037
20679
21038
20680
21039
20681
21040
20682
21041
20683
21042
20684
21043
20685
21044
20686
21045
20687
21046
20688
21047
20689
21048
20690
21049
20691
21050
20692
21051
20693
21052
20694
21053
20695
21054
20696
21055
20697
21056
20698
21057
20699
21058
20700
21059
20701
21060
20702
21061
20703
21062
20704
21063
20705
21064
20706
21065
20707
21066
20708
21067
20709
21068
20710
21069
20711
21070
20712
21071
20713
21072
20714
21073
20715
21074
20716
21075
20717
21076
20718
21077
20719
21078
20720
21079
20721
21080
20722
21081
20723
21082
20724
21083
20725
21084
20726
21085
20727
21086
20728
21087
20729
21088
20730
21089
20731
21090
20732
21091
20733
21092
20734
21093
20735
21094
20736
21095
20737
21096
20738
21097
20739
21098
20740
21099
20741
21100
20742
21101
20743
21102
20744
21103
20745
21104
20746
21105
20747
21106
20748
21107
20749
21108
20750
21109
20751
21110
20752
21111
20753
21112
20754
21113
20755
21114
20756
21115
20757
21116
20758
21117
20759
21118
20760
21119
20761
21120
20762
21121
20763
21122
20764
21123
20765
21124
20766
21125
20767
21126
20768
21127
20769
21128
20770
21129
20771
21130
20772
21131
20773
21132
20774
21133
20775
21134
20776
21135
20777
21136
20778
21137
20779
21138
20780
21139
20781
21140
20782
21141
20783
21142
20784
21143
20785
21144
20786
21145
20787
21146
20788
21147
20789
21148
20790
21149
20791
21150
20792
21151
20793
21152
20794
21153
20795
21154
20796
21155
20797
21156
20798
21157
20799
21158
20800
21159
20801
21160
20802
21161
20803
21162
20804
21163
20805
21164
20806
21165
20807
21166
20808
21167
20809
21168
20810
21169
20811
21170
20812
21171
20813
21172
20814
21173
20815
21174
20816
21175
20817
21176
20818
21177
20819
21178
20820
21179
20821
21180
20822
21181
20823
21182
20824
21183
20825
21184
20826
21185
20827
21186
20828
21187
20829
21188
20830
21189
20831
21190
20832
21191
20833
21192
20834
21193
20835
21194
20836
21195
20837
21196
20838
21197
20839
21198
20840
21199
20841
21200
20842
21201
20843
21202
20844
21203
20845
21204
20846
21205
20847
21206
20848
21207
20849
21208
20850
21209
20851
21210
20852
21211
20853
21212
20854
21213
20855
21214
20856
21215
20857
21216
20858
21217
20859
21218
20860
21219
20861
21220
20862
21221
20863
21222
20864
21223
20865
21224
20866
21225
20867
21226
20868
21227
20869
21228
20870
21229
20871
21230
20872
21231
20873
21232
20874
21233
20875
21234
20876
21235
20877
21236
20878
21237
20879
21238
21239
20881
21240
20882
21241
20883
21242
20884
21243
20885
21244
20886
21245
20887
21246
20888
21247
20889
21248
20890
21249
20891
21250
20892
21251
20893
21252
20894
21253
20895
21254
20896
21255
20897
21256
20898
21257
20899
21258
20900
21259
20901
21260
20902
21261
20903
21262
20904
21263
20905
21264
20906
21265
20907
21266
20908
21267
20909
21268
20910
21269
20911
21270
20912
21271
20913
21272
20914
21273
20915
21274
20916
21275
20917
21276
20918
21277
20919
21278
20920
21279
20921
21280
20922
21281
20923
21282
20924
21283
20925
21284
20926
21285
20927
21286
20928
21287
20929
21288
20930
21289
20931
21290
20932
21291
20933
21292
20934
21293
20935
21294
20936
21295
20937
21296
20938
21297
20939
21298
20940
21299
20941
21300
20942
21301
20943
21302
20944
21303
20945
21304
20946
21305
20947
21306
20948
21307
20949
21308
20950
21309
20951
21310
20952
21311
20953
21312
20954
21313
20955
21314
20956
21315
20957
21316
20958
21317
20959
21318
20960
21319
20961
21320
20962
21321
20963
21322
20964
21323
20965
21324
20966
21325
20967
21326
20968
21327
20969
21328
20970
21329
20971
21330
20972
21331
20973
21332
20974
21333
20975
21334
20976
21335
20977
21336
20978
21337
20979
21338
20980
21339
20981
21340
20982
21341
20983
21342
20984
21343
20985
21344
20986
21345
20987
21346
20988
21347
20989
21348
20990
21349
20991
21350
20992
21351
20993
21352
20994
21353
20995
21354
20996
21355
20997
21356
20998
21357
20999
21358
21000
21359
21001
21360
21002
21361
21003
21362
21004
21363
21005
21364
21006
21365
21007
21366
21008
21367
21009
21368
21010
21369
21011
21370
21012
21371
21013
21372
21014
21373
21015
21374
21016
21375
21017
21376
21018
21377
21019
21378
21020
21379
21021
21380
21022
21381
21023
21382
21024
21383
21025
21384
21026
21385
21027
21386
21028
21387
21029
21388
21030
21389
21031
21390
21032
21391
21033
21392
21034
21393
21035
21394
21036
21395
21037
21396
21038
21397
21039
21398
21040
21399
21041
21400
21042
21401
21043
21402
21044
21403
21045
21404
21046
21405
21047
21406
21048
21407
21049
21408
21050
21409
21051
21410
21052
21411
21053
21412
21054
21413
21055
21414
21056
21415
21057
21416
21058
21417
21059
21418
21060
21419
21061
21420
21062
21421
21063
21422
21064
21423
21065
21424
21066
21425
21067
21426
21068
21427
21069
21428
21070
21429
21071
21430
21072
21431
21073
21432
21074
21433
21075
21434
21076
21435
21077
21436
21078
21437
21079
21438
21080
21439
21081
21440
21082
21441
21083
21442
21084
21443
21085
21444
21086
21445
21087
21446
21088
21447
21089
21448
21090
21449
21091
21450
21092
21451
21093
21452
21094
21453
21095
21454
21096
21455
21097
21456
21098
21457
21099
21458
21100
21459
21101
21460
21102
21461
21103
21462
21104
21463
21105
21464
21106
21465
21107
21466
21108
21467
21109
21468
21110
21469
21111
21470
21112
21471
21113
21472
21114
21473
21115
21474
21116
21475
21117
21476
21118
21477
21119
21478
21120
21479
21121
21480
21122
21481
21123
21482
21124
21483
21125
21484
21126
21485
21127
21486
21128
21487
21129
21488
21130
21489
21131
21490
21132
21491
21133
21492
21134
21493
21135
21494
21136
21495
21137
21496
21138
21497
21139
21498
21140
21499
21141
21500
21142
21501
21143
21502
21144
21503
21145
21504
21146
21505
21147
21506
21148
21507
21149
21508
21150
21509
21151
21510
21152
21511
21153
21512
21154
21513
21155
21514
21156
21515
21157
21516
21158
21517
21159
21518
21160
21519
21161
21520
21162
21521
21163
21522
21164
21523
21165
21524
21166
21525
21167
21526
21168
21527
21169
21528
21170
21529
21171
21530
21172
21531
21173
21532
21174
21533
21175
21534
21176
21535
21177
21536
21178
21537
21179
21538
21180
21539
21181
21540
21182
21541
21183
21542
21184
21543
21185
21544
21186
21545
21187
21546
21188
21547
21189
21548
21190
21549
21191
21550
21192
21551
21193
21552
21194
21553
21195
21554
21196
21555
21197
21556
21198
21557
21199
21558
21200
21559
21201
21560
21202
21561
21203
21562
21204
21563
21205
21564
21206
21565
21207
21566
21208
21567
21209
21568
21210
21569
21211
21570
21212
21571
21213
21572
21214
21573
21215
21574
21216
21575
21217
21576
21218
21577
21219
21578
21220
21579
21221
21580
21222
21581
21223
21582
21224
21583
21225
21584
21226
21585
21227
21586
21228
21587
21229
21588
21230
21589
21231
21590
21232
21591
21233
21592
21234
21593
21235
21594
21236
21595
21237
21596
21238
21597
21239
21598
21599
21241
21600
21242
21601
21243
21602
21244
21603
21245
21604
21246
21605
21247
21606
21248
21607
21249
21608
21250
21609
21251
21610
21252
21611
21253
21612
21254
21613
21255
21614
21256
21615
21257
21616
21258
21617
21259
21618
21260
21619
21261
21620
21262
21621
21263
21622
21264
21623
21265
21624
21266
21625
21267
21626
21268
21627
21269
21628
21270
21629
21271
21630
21272
21631
21273
21632
21274
21633
21275
21634
21276
21635
21277
21636
21278
21637
21279
21638
21280
21639
21281
21640
21282
21641
21283
21642
21284
21643
21285
21644
21286
21645
21287
21646
21288
21647
21289
21648
21290
21649
21291
21650
21292
21651
21293
21652
21294
21653
21295
21654
21296
21655
21297
21656
21298
21657
21299
21658
21300
21659
21301
21660
21302
21661
21303
21662
21304
21663
21305
21664
21306
21665
21307
21666
21308
21667
21309
21668
21310
21669
21311
21670
21312
21671
21313
21672
21314
21673
21315
21674
21316
21675
21317
21676
21318
21677
21319
21678
21320
21679
21321
21680
21322
21681
21323
21682
21324
21683
21325
21684
21326
21685
21327
21686
21328
21687
21329
21688
21330
21689
21331
21690
21332
21691
21333
21692
21334
21693
21335
21694
21336
21695
21337
21696
21338
21697
21339
21698
21340
21699
21341
21700
21342
21701
21343
21702
21344
21703
21345
21704
21346
21705
21347
21706
21348
21707
21349
21708
21350
21709
21351
21710
21352
21711
21353
21712
21354
21713
21355
21714
21356
21715
21357
21716
21358
21717
21359
21718
21360
21719
21361
21720
21362
21721
21363
21722
21364
21723
21365
21724
21366
21725
21367
21726
21368
21727
21369
21728
21370
21729
21371
21730
21372
21731
21373
21732
21374
21733
21375
21734
21376
21735
21377
21736
21378
21737
21379
21738
21380
21739
21381
21740
21382
21741
21383
21742
21384
21743
21385
21744
21386
21745
21387
21746
21388
21747
21389
21748
21390
21749
21391
21750
21392
21751
21393
21752
21394
21753
21395
21754
21396
21755
21397
21756
21398
21757
21399
21758
21400
21759
21401
21760
21402
21761
21403
21762
21404
21763
21405
21764
21406
21765
21407
21766
21408
21767
21409
21768
21410
21769
21411
21770
21412
21771
21413
21772
21414
21773
21415
21774
21416
21775
21417
21776
21418
21777
21419
21778
21420
21779
21421
21780
21422
21781
21423
21782
21424
21783
21425
21784
21426
21785
21427
21786
21428
21787
21429
21788
21430
21789
21431
21790
21432
21791
21433
21792
21434
21793
21435
21794
21436
21795
21437
21796
21438
21797
21439
21798
21440
21799
21441
21800
21442
21801
21443
21802
21444
21803
21445
21804
21446
21805
21447
21806
21448
21807
21449
21808
21450
21809
21451
21810
21452
21811
21453
21812
21454
21813
21455
21814
21456
21815
21457
21816
21458
21817
21459
21818
21460
21819
21461
21820
21462
21821
21463
21822
21464
21823
21465
21824
21466
21825
21467
21826
21468
21827
21469
21828
21470
21829
21471
21830
21472
21831
21473
21832
21474
21833
21475
21834
21476
21835
21477
21836
21478
21837
21479
21838
21480
21839
21481
21840
21482
21841
21483
21842
21484
21843
21485
21844
21486
21845
21487
21846
21488
21847
21489
21848
21490
21849
21491
21850
21492
21851
21493
21852
21494
21853
21495
21854
21496
21855
21497
21856
21498
21857
21499
21858
21500
21859
21501
21860
21502
21861
21503
21862
21504
21863
21505
21864
21506
21865
21507
21866
21508
21867
21509
21868
21510
21869
21511
21870
21512
21871
21513
21872
21514
21873
21515
21874
21516
21875
21517
21876
21518
21877
21519
21878
21520
21879
21521
21880
21522
21881
21523
21882
21524
21883
21525
21884
21526
21885
21527
21886
21528
21887
21529
21888
21530
21889
21531
21890
21532
21891
21533
21892
21534
21893
21535
21894
21536
21895
21537
21896
21538
21897
21539
21898
21540
21899
21541
21900
21542
21901
21543
21902
21544
21903
21545
21904
21546
21905
21547
21906
21548
21907
21549
21908
21550
21909
21551
21910
21552
21911
21553
21912
21554
21913
21555
21914
21556
21915
21557
21916
21558
21917
21559
21918
21560
21919
21561
21920
21562
21921
21563
21922
21564
21923
21565
21924
21566
21925
21567
21926
21568
21927
21569
21928
21570
21929
21571
21930
21572
21931
21573
21932
21574
21933
21575
21934
21576
21935
21577
21936
21578
21937
21579
21938
21580
21939
21581
21940
21582
21941
21583
21942
21584
21943
21585
21944
21586
21945
21587
21946
21588
21947
21589
21948
21590
21949
21591
21950
21592
21951
21593
21952
21594
21953
21595
21954
21596
21955
21597
21956
21598
21957
21599
21958
21959
21601
21960
21602
21961
21603
21962
21604
21963
21605
21964
21606
21965
21607
21966
21608
21967
21609
21968
21610
21969
21611
21970
21612
21971
21613
21972
21614
21973
21615
21974
21616
21975
21617
21976
21618
21977
21619
21978
21620
21979
21621
21980
21622
21981
21623
21982
21624
21983
21625
21984
21626
21985
21627
21986
21628
21987
21629
21988
21630
21989
21631
21990
21632
21991
21633
21992
21634
21993
21635
21994
21636
21995
21637
21996
21638
21997
21639
21998
21640
21999
21641
22000
21642
22001
21643
22002
21644
22003
21645
22004
21646
22005
21647
22006
21648
22007
21649
22008
21650
22009
21651
22010
21652
22011
21653
22012
21654
22013
21655
22014
21656
22015
21657
22016
21658
22017
21659
22018
21660
22019
21661
22020
21662
22021
21663
22022
21664
22023
21665
22024
21666
22025
21667
22026
21668
22027
21669
22028
21670
22029
21671
22030
21672
22031
21673
22032
21674
22033
21675
22034
21676
22035
21677
22036
21678
22037
21679
22038
21680
22039
21681
22040
21682
22041
21683
22042
21684
22043
21685
22044
21686
22045
21687
22046
21688
22047
21689
22048
21690
22049
21691
22050
21692
22051
21693
22052
21694
22053
21695
22054
21696
22055
21697
22056
21698
22057
21699
22058
21700
22059
21701
22060
21702
22061
21703
22062
21704
22063
21705
22064
21706
22065
21707
22066
21708
22067
21709
22068
21710
22069
21711
22070
21712
22071
21713
22072
21714
22073
21715
22074
21716
22075
21717
22076
21718
22077
21719
22078
21720
22079
21721
22080
21722
22081
21723
22082
21724
22083
21725
22084
21726
22085
21727
22086
21728
22087
21729
22088
21730
22089
21731
22090
21732
22091
21733
22092
21734
22093
21735
22094
21736
22095
21737
22096
21738
22097
21739
22098
21740
22099
21741
22100
21742
22101
21743
22102
21744
22103
21745
22104
21746
22105
21747
22106
21748
22107
21749
22108
21750
22109
21751
22110
21752
22111
21753
22112
21754
22113
21755
22114
21756
22115
21757
22116
21758
22117
21759
22118
21760
22119
21761
22120
21762
22121
21763
22122
21764
22123
21765
22124
21766
22125
21767
22126
21768
22127
21769
22128
21770
22129
21771
22130
21772
22131
21773
22132
21774
22133
21775
22134
21776
22135
21777
22136
21778
22137
21779
22138
21780
22139
21781
22140
21782
22141
21783
22142
21784
22143
21785
22144
21786
22145
21787
22146
21788
22147
21789
22148
21790
22149
21791
22150
21792
22151
21793
22152
21794
22153
21795
22154
21796
22155
21797
22156
21798
22157
21799
22158
21800
22159
21801
22160
21802
22161
21803
22162
21804
22163
21805
22164
21806
22165
21807
22166
21808
22167
21809
22168
21810
22169
21811
22170
21812
22171
21813
22172
21814
22173
21815
22174
21816
22175
21817
22176
21818
22177
21819
22178
21820
22179
21821
22180
21822
22181
21823
22182
21824
22183
21825
22184
21826
22185
21827
22186
21828
22187
21829
22188
21830
22189
21831
22190
21832
22191
21833
22192
21834
22193
21835
22194
21836
22195
21837
22196
21838
22197
21839
22198
21840
22199
21841
22200
21842
22201
21843
22202
21844
22203
21845
22204
21846
22205
21847
22206
21848
22207
21849
22208
21850
22209
21851
22210
21852
22211
21853
22212
21854
22213
21855
22214
21856
22215
21857
22216
21858
22217
21859
22218
21860
22219
21861
22220
21862
22221
21863
22222
21864
22223
21865
22224
21866
22225
21867
22226
21868
22227
21869
22228
21870
22229
21871
22230
21872
22231
21873
22232
21874
22233
21875
22234
21876
22235
21877
22236
21878
22237
21879
22238
21880
22239
21881
22240
21882
22241
21883
22242
21884
22243
21885
22244
21886
22245
21887
22246
21888
22247
21889
22248
21890
22249
21891
22250
21892
22251
21893
22252
21894
22253
21895
22254
21896
22255
21897
22256
21898
22257
21899
22258
21900
22259
21901
22260
21902
22261
21903
22262
21904
22263
21905
22264
21906
22265
21907
22266
21908
22267
21909
22268
21910
22269
21911
22270
21912
22271
21913
22272
21914
22273
21915
22274
21916
22275
21917
22276
21918
22277
21919
22278
21920
22279
21921
22280
21922
22281
21923
22282
21924
22283
21925
22284
21926
22285
21927
22286
21928
22287
21929
22288
21930
22289
21931
22290
21932
22291
21933
22292
21934
22293
21935
22294
21936
22295
21937
22296
21938
22297
21939
22298
21940
22299
21941
22300
21942
22301
21943
22302
21944
22303
21945
22304
21946
22305
21947
22306
21948
22307
21949
22308
21950
22309
21951
22310
21952
22311
21953
22312
21954
22313
21955
22314
21956
22315
21957
22316
21958
22317
21959
22318
22319
21961
22320
21962
22321
21963
22322
21964
22323
21965
22324
21966
22325
21967
22326
21968
22327
21969
22328
21970
22329
21971
22330
21972
22331
21973
22332
21974
22333
21975
22334
21976
22335
21977
22336
21978
22337
21979
22338
21980
22339
21981
22340
21982
22341
21983
22342
21984
22343
21985
22344
21986
22345
21987
22346
21988
22347
21989
22348
21990
22349
21991
22350
21992
22351
21993
22352
21994
22353
21995
22354
21996
22355
21997
22356
21998
22357
21999
22358
22000
22359
22001
22360
22002
22361
22003
22362
22004
22363
22005
22364
22006
22365
22007
22366
22008
22367
22009
22368
22010
22369
22011
22370
22012
22371
22013
22372
22014
22373
22015
22374
22016
22375
22017
22376
22018
22377
22019
22378
22020
22379
22021
22380
22022
22381
22023
22382
22024
22383
22025
22384
22026
22385
22027
22386
22028
22387
22029
22388
22030
22389
22031
22390
22032
22391
22033
22392
22034
22393
22035
22394
22036
22395
22037
22396
22038
22397
22039
22398
22040
22399
22041
22400
22042
22401
22043
22402
22044
22403
22045
22404
22046
22405
22047
22406
22048
22407
22049
22408
22050
22409
22051
22410
22052
22411
22053
22412
22054
22413
22055
22414
22056
22415
22057
22416
22058
22417
22059
22418
22060
22419
22061
22420
22062
22421
22063
22422
22064
22423
22065
22424
22066
22425
22067
22426
22068
22427
22069
22428
22070
22429
22071
22430
22072
22431
22073
22432
22074
22433
22075
22434
22076
22435
22077
22436
22078
22437
22079
22438
22080
22439
22081
22440
22082
22441
22083
22442
22084
22443
22085
22444
22086
22445
22087
22446
22088
22447
22089
22448
22090
22449
22091
22450
22092
22451
22093
22452
22094
22453
22095
22454
22096
22455
22097
22456
22098
22457
22099
22458
22100
22459
22101
22460
22102
22461
22103
22462
22104
22463
22105
22464
22106
22465
22107
22466
22108
22467
22109
22468
22110
22469
22111
22470
22112
22471
22113
22472
22114
22473
22115
22474
22116
22475
22117
22476
22118
22477
22119
22478
22120
22479
22121
22480
22122
22481
22123
22482
22124
22483
22125
22484
22126
22485
22127
22486
22128
22487
22129
22488
22130
22489
22131
22490
22132
22491
22133
22492
22134
22493
22135
22494
22136
22495
22137
22496
22138
22497
22139
22498
22140
22499
22141
22500
22142
22501
22143
22502
22144
22503
22145
22504
22146
22505
22147
22506
22148
22507
22149
22508
22150
22509
22151
22510
22152
22511
22153
22512
22154
22513
22155
22514
22156
22515
22157
22516
22158
22517
22159
22518
22160
22519
22161
22520
22162
22521
22163
22522
22164
22523
22165
22524
22166
22525
22167
22526
22168
22527
22169
22528
22170
22529
22171
22530
22172
22531
22173
22532
22174
22533
22175
22534
22176
22535
22177
22536
22178
22537
22179
22538
22180
22539
22181
22540
22182
22541
22183
22542
22184
22543
22185
22544
22186
22545
22187
22546
22188
22547
22189
22548
22190
22549
22191
22550
22192
22551
22193
22552
22194
22553
22195
22554
22196
22555
22197
22556
22198
22557
22199
22558
22200
22559
22201
22560
22202
22561
22203
22562
22204
22563
22205
22564
22206
22565
22207
22566
22208
22567
22209
22568
22210
22569
22211
22570
22212
22571
22213
22572
22214
22573
22215
22574
22216
22575
22217
22576
22218
22577
22219
22578
22220
22579
22221
22580
22222
22581
22223
22582
22224
22583
22225
22584
22226
22585
22227
22586
22228
22587
22229
22588
22230
22589
22231
22590
22232
22591
22233
22592
22234
22593
22235
22594
22236
22595
22237
22596
22238
22597
22239
22598
22240
22599
22241
22600
22242
22601
22243
22602
22244
22603
22245
22604
22246
22605
22247
22606
22248
22607
22249
22608
22250
22609
22251
22610
22252
22611
22253
22612
22254
22613
22255
22614
22256
22615
22257
22616
22258
22617
22259
22618
22260
22619
22261
22620
22262
22621
22263
22622
22264
22623
22265
22624
22266
22625
22267
22626
22268
22627
22269
22628
22270
22629
22271
22630
22272
22631
22273
22632
22274
22633
22275
22634
22276
22635
22277
22636
22278
22637
22279
22638
22280
22639
22281
22640
22282
22641
22283
22642
22284
22643
22285
22644
22286
22645
22287
22646
22288
22647
22289
22648
22290
22649
22291
22650
22292
22651
22293
22652
22294
22653
22295
22654
22296
22655
22297
22656
22298
22657
22299
22658
22300
22659
22301
22660
22302
22661
22303
22662
22304
22663
22305
22664
22306
22665
22307
22666
22308
22667
22309
22668
22310
22669
22311
22670
22312
22671
22313
22672
22314
22673
22315
22674
22316
22675
22317
22676
22318
22677
22319
22678
22679
22321
22680
22322
22681
22323
22682
22324
22683
22325
22684
22326
22685
22327
22686
22328
22687
22329
22688
22330
22689
22331
22690
22332
22691
22333
22692
22334
22693
22335
22694
22336
22695
22337
22696
22338
22697
22339
22698
22340
22699
22341
22700
22342
22701
22343
22702
22344
22703
22345
22704
22346
22705
22347
22706
22348
22707
22349
22708
22350
22709
22351
22710
22352
22711
22353
22712
22354
22713
22355
22714
22356
22715
22357
22716
22358
22717
22359
22718
22360
22719
22361
22720
22362
22721
22363
22722
22364
22723
22365
22724
22366
22725
22367
22726
22368
22727
22369
22728
22370
22729
22371
22730
22372
22731
22373
22732
22374
22733
22375
22734
22376
22735
22377
22736
22378
22737
22379
22738
22380
22739
22381
22740
22382
22741
22383
22742
22384
22743
22385
22744
22386
22745
22387
22746
22388
22747
22389
22748
22390
22749
22391
22750
22392
22751
22393
22752
22394
22753
22395
22754
22396
22755
22397
22756
22398
22757
22399
22758
22400
22759
22401
22760
22402
22761
22403
22762
22404
22763
22405
22764
22406
22765
22407
22766
22408
22767
22409
22768
22410
22769
22411
22770
22412
22771
22413
22772
22414
22773
22415
22774
22416
22775
22417
22776
22418
22777
22419
22778
22420
22779
22421
22780
22422
22781
22423
22782
22424
22783
22425
22784
22426
22785
22427
22786
22428
22787
22429
22788
22430
22789
22431
22790
22432
22791
22433
22792
22434
22793
22435
22794
22436
22795
22437
22796
22438
22797
22439
22798
22440
22799
22441
22800
22442
22801
22443
22802
22444
22803
22445
22804
22446
22805
22447
22806
22448
22807
22449
22808
22450
22809
22451
22810
22452
22811
22453
22812
22454
22813
22455
22814
22456
22815
22457
22816
22458
22817
22459
22818
22460
22819
22461
22820
22462
22821
22463
22822
22464
22823
22465
22824
22466
22825
22467
22826
22468
22827
22469
22828
22470
22829
22471
22830
22472
22831
22473
22832
22474
22833
22475
22834
22476
22835
22477
22836
22478
22837
22479
22838
22480
22839
22481
22840
22482
22841
22483
22842
22484
22843
22485
22844
22486
22845
22487
22846
22488
22847
22489
22848
22490
22849
22491
22850
22492
22851
22493
22852
22494
22853
22495
22854
22496
22855
22497
22856
22498
22857
22499
22858
22500
22859
22501
22860
22502
22861
22503
22862
22504
22863
22505
22864
22506
22865
22507
22866
22508
22867
22509
22868
22510
22869
22511
22870
22512
22871
22513
22872
22514
22873
22515
22874
22516
22875
22517
22876
22518
22877
22519
22878
22520
22879
22521
22880
22522
22881
22523
22882
22524
22883
22525
22884
22526
22885
22527
22886
22528
22887
22529
22888
22530
22889
22531
22890
22532
22891
22533
22892
22534
22893
22535
22894
22536
22895
22537
22896
22538
22897
22539
22898
22540
22899
22541
22900
22542
22901
22543
22902
22544
22903
22545
22904
22546
22905
22547
22906
22548
22907
22549
22908
22550
22909
22551
22910
22552
22911
22553
22912
22554
22913
22555
22914
22556
22915
22557
22916
22558
22917
22559
22918
22560
22919
22561
22920
22562
22921
22563
22922
22564
22923
22565
22924
22566
22925
22567
22926
22568
22927
22569
22928
22570
22929
22571
22930
22572
22931
22573
22932
22574
22933
22575
22934
22576
22935
22577
22936
22578
22937
22579
22938
22580
22939
22581
22940
22582
22941
22583
22942
22584
22943
22585
22944
22586
22945
22587
22946
22588
22947
22589
22948
22590
22949
22591
22950
22592
22951
22593
22952
22594
22953
22595
22954
22596
22955
22597
22956
22598
22957
22599
22958
22600
22959
22601
22960
22602
22961
22603
22962
22604
22963
22605
22964
22606
22965
22607
22966
22608
22967
22609
22968
22610
22969
22611
22970
22612
22971
22613
22972
22614
22973
22615
22974
22616
22975
22617
22976
22618
22977
22619
22978
22620
22979
22621
22980
22622
22981
22623
22982
22624
22983
22625
22984
22626
22985
22627
22986
22628
22987
22629
22988
22630
22989
22631
22990
22632
22991
22633
22992
22634
22993
22635
22994
22636
22995
22637
22996
22638
22997
22639
22998
22640
22999
22641
23000
22642
23001
22643
23002
22644
23003
22645
23004
22646
23005
22647
23006
22648
23007
22649
23008
22650
23009
22651
23010
22652
23011
22653
23012
22654
23013
22655
23014
22656
23015
22657
23016
22658
23017
22659
23018
22660
23019
22661
23020
22662
23021
22663
23022
22664
23023
22665
23024
22666
23025
22667
23026
22668
23027
22669
23028
22670
23029
22671
23030
22672
23031
22673
23032
22674
23033
22675
23034
22676
23035
22677
23036
22678
23037
22679
23038
23039
22681
23040
22682
23041
22683
23042
22684
23043
22685
23044
22686
23045
22687
23046
22688
23047
22689
23048
22690
23049
22691
23050
22692
23051
22693
23052
22694
23053
22695
23054
22696
23055
22697
23056
22698
23057
22699
23058
22700
23059
22701
23060
22702
23061
22703
23062
22704
23063
22705
23064
22706
23065
22707
23066
22708
23067
22709
23068
22710
23069
22711
23070
22712
23071
22713
23072
22714
23073
22715
23074
22716
23075
22717
23076
22718
23077
22719
23078
22720
23079
22721
23080
22722
23081
22723
23082
22724
23083
22725
23084
22726
23085
22727
23086
22728
23087
22729
23088
22730
23089
22731
23090
22732
23091
22733
23092
22734
23093
22735
23094
22736
23095
22737
23096
22738
23097
22739
23098
22740
23099
22741
23100
22742
23101
22743
23102
22744
23103
22745
23104
22746
23105
22747
23106
22748
23107
22749
23108
22750
23109
22751
23110
22752
23111
22753
23112
22754
23113
22755
23114
22756
23115
22757
23116
22758
23117
22759
23118
22760
23119
22761
23120
22762
23121
22763
23122
22764
23123
22765
23124
22766
23125
22767
23126
22768
23127
22769
23128
22770
23129
22771
23130
22772
23131
22773
23132
22774
23133
22775
23134
22776
23135
22777
23136
22778
23137
22779
23138
22780
23139
22781
23140
22782
23141
22783
23142
22784
23143
22785
23144
22786
23145
22787
23146
22788
23147
22789
23148
22790
23149
22791
23150
22792
23151
22793
23152
22794
23153
22795
23154
22796
23155
22797
23156
22798
23157
22799
23158
22800
23159
22801
23160
22802
23161
22803
23162
22804
23163
22805
23164
22806
23165
22807
23166
22808
23167
22809
23168
22810
23169
22811
23170
22812
23171
22813
23172
22814
23173
22815
23174
22816
23175
22817
23176
22818
23177
22819
23178
22820
23179
22821
23180
22822
23181
22823
23182
22824
23183
22825
23184
22826
23185
22827
23186
22828
23187
22829
23188
22830
23189
22831
23190
22832
23191
22833
23192
22834
23193
22835
23194
22836
23195
22837
23196
22838
23197
22839
23198
22840
23199
22841
23200
22842
23201
22843
23202
22844
23203
22845
23204
22846
23205
22847
23206
22848
23207
22849
23208
22850
23209
22851
23210
22852
23211
22853
23212
22854
23213
22855
23214
22856
23215
22857
23216
22858
23217
22859
23218
22860
23219
22861
23220
22862
23221
22863
23222
22864
23223
22865
23224
22866
23225
22867
23226
22868
23227
22869
23228
22870
23229
22871
23230
22872
23231
22873
23232
22874
23233
22875
23234
22876
23235
22877
23236
22878
23237
22879
23238
22880
23239
22881
23240
22882
23241
22883
23242
22884
23243
22885
23244
22886
23245
22887
23246
22888
23247
22889
23248
22890
23249
22891
23250
22892
23251
22893
23252
22894
23253
22895
23254
22896
23255
22897
23256
22898
23257
22899
23258
22900
23259
22901
23260
22902
23261
22903
23262
22904
23263
22905
23264
22906
23265
22907
23266
22908
23267
22909
23268
22910
23269
22911
23270
22912
23271
22913
23272
22914
23273
22915
23274
22916
23275
22917
23276
22918
23277
22919
23278
22920
23279
22921
23280
22922
23281
22923
23282
22924
23283
22925
23284
22926
23285
22927
23286
22928
23287
22929
23288
22930
23289
22931
23290
22932
23291
22933
23292
22934
23293
22935
23294
22936
23295
22937
23296
22938
23297
22939
23298
22940
23299
22941
23300
22942
23301
22943
23302
22944
23303
22945
23304
22946
23305
22947
23306
22948
23307
22949
23308
22950
23309
22951
23310
22952
23311
22953
23312
22954
23313
22955
23314
22956
23315
22957
23316
22958
23317
22959
23318
22960
23319
22961
23320
22962
23321
22963
23322
22964
23323
22965
23324
22966
23325
22967
23326
22968
23327
22969
23328
22970
23329
22971
23330
22972
23331
22973
23332
22974
23333
22975
23334
22976
23335
22977
23336
22978
23337
22979
23338
22980
23339
22981
23340
22982
23341
22983
23342
22984
23343
22985
23344
22986
23345
22987
23346
22988
23347
22989
23348
22990
23349
22991
23350
22992
23351
22993
23352
22994
23353
22995
23354
22996
23355
22997
23356
22998
23357
22999
23358
23000
23359
23001
23360
23002
23361
23003
23362
23004
23363
23005
23364
23006
23365
23007
23366
23008
23367
23009
23368
23010
23369
23011
23370
23012
23371
23013
23372
23014
23373
23015
23374
23016
23375
23017
23376
23018
23377
23019
23378
23020
23379
23021
23380
23022
23381
23023
23382
23024
23383
23025
23384
23026
23385
23027
23386
23028
23387
23029
23388
23030
23389
23031
23390
23032
23391
23033
23392
23034
23393
23035
23394
23036
23395
23037
23396
23038
23397
23039
23398
23399
23041
23400
23042
23401
23043
23402
23044
23403
23045
23404
23046
23405
23047
23406
23048
23407
23049
23408
23050
23409
23051
23410
23052
23411
23053
23412
23054
23413
23055
23414
23056
23415
23057
23416
23058
23417
23059
23418
23060
23419
23061
23420
23062
23421
23063
23422
23064
23423
23065
23424
23066
23425
23067
23426
23068
23427
23069
23428
23070
23429
23071
23430
23072
23431
23073
23432
23074
23433
23075
23434
23076
23435
23077
23436
23078
23437
23079
23438
23080
23439
23081
23440
23082
23441
23083
23442
23084
23443
23085
23444
23086
23445
23087
23446
23088
23447
23089
23448
23090
23449
23091
23450
23092
23451
23093
23452
23094
23453
23095
23454
23096
23455
23097
23456
23098
23457
23099
23458
23100
23459
23101
23460
23102
23461
23103
23462
23104
23463
23105
23464
23106
23465
23107
23466
23108
23467
23109
23468
23110
23469
23111
23470
23112
23471
23113
23472
23114
23473
23115
23474
23116
23475
23117
23476
23118
23477
23119
23478
23120
23479
23121
23480
23122
23481
23123
23482
23124
23483
23125
23484
23126
23485
23127
23486
23128
23487
23129
23488
23130
23489
23131
23490
23132
23491
23133
23492
23134
23493
23135
23494
23136
23495
23137
23496
23138
23497
23139
23498
23140
23499
23141
23500
23142
23501
23143
23502
23144
23503
23145
23504
23146
23505
23147
23506
23148
23507
23149
23508
23150
23509
23151
23510
23152
23511
23153
23512
23154
23513
23155
23514
23156
23515
23157
23516
23158
23517
23159
23518
23160
23519
23161
23520
23162
23521
23163
23522
23164
23523
23165
23524
23166
23525
23167
23526
23168
23527
23169
23528
23170
23529
23171
23530
23172
23531
23173
23532
23174
23533
23175
23534
23176
23535
23177
23536
23178
23537
23179
23538
23180
23539
23181
23540
23182
23541
23183
23542
23184
23543
23185
23544
23186
23545
23187
23546
23188
23547
23189
23548
23190
23549
23191
23550
23192
23551
23193
23552
23194
23553
23195
23554
23196
23555
23197
23556
23198
23557
23199
23558
23200
23559
23201
23560
23202
23561
23203
23562
23204
23563
23205
23564
23206
23565
23207
23566
23208
23567
23209
23568
23210
23569
23211
23570
23212
23571
23213
23572
23214
23573
23215
23574
23216
23575
23217
23576
23218
23577
23219
23578
23220
23579
23221
23580
23222
23581
23223
23582
23224
23583
23225
23584
23226
23585
23227
23586
23228
23587
23229
23588
23230
23589
23231
23590
23232
23591
23233
23592
23234
23593
23235
23594
23236
23595
23237
23596
23238
23597
23239
23598
23240
23599
23241
23600
23242
23601
23243
23602
23244
23603
23245
23604
23246
23605
23247
23606
23248
23607
23249
23608
23250
23609
23251
23610
23252
23611
23253
23612
23254
23613
23255
23614
23256
23615
23257
23616
23258
23617
23259
23618
23260
23619
23261
23620
23262
23621
23263
23622
23264
23623
23265
23624
23266
23625
23267
23626
23268
23627
23269
23628
23270
23629
23271
23630
23272
23631
23273
23632
23274
23633
23275
23634
23276
23635
23277
23636
23278
23637
23279
23638
23280
23639
23281
23640
23282
23641
23283
23642
23284
23643
23285
23644
23286
23645
23287
23646
23288
23647
23289
23648
23290
23649
23291
23650
23292
23651
23293
23652
23294
23653
23295
23654
23296
23655
23297
23656
23298
23657
23299
23658
23300
23659
23301
23660
23302
23661
23303
23662
23304
23663
23305
23664
23306
23665
23307
23666
23308
23667
23309
23668
23310
23669
23311
23670
23312
23671
23313
23672
23314
23673
23315
23674
23316
23675
23317
23676
23318
23677
23319
23678
23320
23679
23321
23680
23322
23681
23323
23682
23324
23683
23325
23684
23326
23685
23327
23686
23328
23687
23329
23688
23330
23689
23331
23690
23332
23691
23333
23692
23334
23693
23335
23694
23336
23695
23337
23696
23338
23697
23339
23698
23340
23699
23341
23700
23342
23701
23343
23702
23344
23703
23345
23704
23346
23705
23347
23706
23348
23707
23349
23708
23350
23709
23351
23710
23352
23711
23353
23712
23354
23713
23355
23714
23356
23715
23357
23716
23358
23717
23359
23718
23360
23719
23361
23720
23362
23721
23363
23722
23364
23723
23365
23724
23366
23725
23367
23726
23368
23727
23369
23728
23370
23729
23371
23730
23372
23731
23373
23732
23374
23733
23375
23734
23376
23735
23377
23736
23378
23737
23379
23738
23380
23739
23381
23740
23382
23741
23383
23742
23384
23743
23385
23744
23386
23745
23387
23746
23388
23747
23389
23748
23390
23749
23391
23750
23392
23751
23393
23752
23394
23753
23395
23754
23396
23755
23397
23756
23398
23757
23399
23758
23759
23401
23760
23402
23761
23403
23762
23404
23763
23405
23764
23406
23765
23407
23766
23408
23767
23409
23768
23410
23769
23411
23770
23412
23771
23413
23772
23414
23773
23415
23774
23416
23775
23417
23776
23418
23777
23419
23778
23420
23779
23421
23780
23422
23781
23423
23782
23424
23783
23425
23784
23426
23785
23427
23786
23428
23787
23429
23788
23430
23789
23431
23790
23432
23791
23433
23792
23434
23793
23435
23794
23436
23795
23437
23796
23438
23797
23439
23798
23440
23799
23441
23800
23442
23801
23443
23802
23444
23803
23445
23804
23446
23805
23447
23806
23448
23807
23449
23808
23450
23809
23451
23810
23452
23811
23453
23812
23454
23813
23455
23814
23456
23815
23457
23816
23458
23817
23459
23818
23460
23819
23461
23820
23462
23821
23463
23822
23464
23823
23465
23824
23466
23825
23467
23826
23468
23827
23469
23828
23470
23829
23471
23830
23472
23831
23473
23832
23474
23833
23475
23834
23476
23835
23477
23836
23478
23837
23479
23838
23480
23839
23481
23840
23482
23841
23483
23842
23484
23843
23485
23844
23486
23845
23487
23846
23488
23847
23489
23848
23490
23849
23491
23850
23492
23851
23493
23852
23494
23853
23495
23854
23496
23855
23497
23856
23498
23857
23499
23858
23500
23859
23501
23860
23502
23861
23503
23862
23504
23863
23505
23864
23506
23865
23507
23866
23508
23867
23509
23868
23510
23869
23511
23870
23512
23871
23513
23872
23514
23873
23515
23874
23516
23875
23517
23876
23518
23877
23519
23878
23520
23879
23521
23880
23522
23881
23523
23882
23524
23883
23525
23884
23526
23885
23527
23886
23528
23887
23529
23888
23530
23889
23531
23890
23532
23891
23533
23892
23534
23893
23535
23894
23536
23895
23537
23896
23538
23897
23539
23898
23540
23899
23541
23900
23542
23901
23543
23902
23544
23903
23545
23904
23546
23905
23547
23906
23548
23907
23549
23908
23550
23909
23551
23910
23552
23911
23553
23912
23554
23913
23555
23914
23556
23915
23557
23916
23558
23917
23559
23918
23560
23919
23561
23920
23562
23921
23563
23922
23564
23923
23565
23924
23566
23925
23567
23926
23568
23927
23569
23928
23570
23929
23571
23930
23572
23931
23573
23932
23574
23933
23575
23934
23576
23935
23577
23936
23578
23937
23579
23938
23580
23939
23581
23940
23582
23941
23583
23942
23584
23943
23585
23944
23586
23945
23587
23946
23588
23947
23589
23948
23590
23949
23591
23950
23592
23951
23593
23952
23594
23953
23595
23954
23596
23955
23597
23956
23598
23957
23599
23958
23600
23959
23601
23960
23602
23961
23603
23962
23604
23963
23605
23964
23606
23965
23607
23966
23608
23967
23609
23968
23610
23969
23611
23970
23612
23971
23613
23972
23614
23973
23615
23974
23616
23975
23617
23976
23618
23977
23619
23978
23620
23979
23621
23980
23622
23981
23623
23982
23624
23983
23625
23984
23626
23985
23627
23986
23628
23987
23629
23988
23630
23989
23631
23990
23632
23991
23633
23992
23634
23993
23635
23994
23636
23995
23637
23996
23638
23997
23639
23998
23640
23999
23641
24000
23642
24001
23643
24002
23644
24003
23645
24004
23646
24005
23647
24006
23648
24007
23649
24008
23650
24009
23651
24010
23652
24011
23653
24012
23654
24013
23655
24014
23656
24015
23657
24016
23658
24017
23659
24018
23660
24019
23661
24020
23662
24021
23663
24022
23664
24023
23665
24024
23666
24025
23667
24026
23668
24027
23669
24028
23670
24029
23671
24030
23672
24031
23673
24032
23674
24033
23675
24034
23676
24035
23677
24036
23678
24037
23679
24038
23680
24039
23681
24040
23682
24041
23683
24042
23684
24043
23685
24044
23686
24045
23687
24046
23688
24047
23689
24048
23690
24049
23691
24050
23692
24051
23693
24052
23694
24053
23695
24054
23696
24055
23697
24056
23698
24057
23699
24058
23700
24059
23701
24060
23702
24061
23703
24062
23704
24063
23705
24064
23706
24065
23707
24066
23708
24067
23709
24068
23710
24069
23711
24070
23712
24071
23713
24072
23714
24073
23715
24074
23716
24075
23717
24076
23718
24077
23719
24078
23720
24079
23721
24080
23722
24081
23723
24082
23724
24083
23725
24084
23726
24085
23727
24086
23728
24087
23729
24088
23730
24089
23731
24090
23732
24091
23733
24092
23734
24093
23735
24094
23736
24095
23737
24096
23738
24097
23739
24098
23740
24099
23741
24100
23742
24101
23743
24102
23744
24103
23745
24104
23746
24105
23747
24106
23748
24107
23749
24108
23750
24109
23751
24110
23752
24111
23753
24112
23754
24113
23755
24114
23756
24115
23757
24116
23758
24117
23759
24118
24119
23761
24120
23762
24121
23763
24122
23764
24123
23765
24124
23766
24125
23767
24126
23768
24127
23769
24128
23770
24129
23771
24130
23772
24131
23773
24132
23774
24133
23775
24134
23776
24135
23777
24136
23778
24137
23779
24138
23780
24139
23781
24140
23782
24141
23783
24142
23784
24143
23785
24144
23786
24145
23787
24146
23788
24147
23789
24148
23790
24149
23791
24150
23792
24151
23793
24152
23794
24153
23795
24154
23796
24155
23797
24156
23798
24157
23799
24158
23800
24159
23801
24160
23802
24161
23803
24162
23804
24163
23805
24164
23806
24165
23807
24166
23808
24167
23809
24168
23810
24169
23811
24170
23812
24171
23813
24172
23814
24173
23815
24174
23816
24175
23817
24176
23818
24177
23819
24178
23820
24179
23821
24180
23822
24181
23823
24182
23824
24183
23825
24184
23826
24185
23827
24186
23828
24187
23829
24188
23830
24189
23831
24190
23832
24191
23833
24192
23834
24193
23835
24194
23836
24195
23837
24196
23838
24197
23839
24198
23840
24199
23841
24200
23842
24201
23843
24202
23844
24203
23845
24204
23846
24205
23847
24206
23848
24207
23849
24208
23850
24209
23851
24210
23852
24211
23853
24212
23854
24213
23855
24214
23856
24215
23857
24216
23858
24217
23859
24218
23860
24219
23861
24220
23862
24221
23863
24222
23864
24223
23865
24224
23866
24225
23867
24226
23868
24227
23869
24228
23870
24229
23871
24230
23872
24231
23873
24232
23874
24233
23875
24234
23876
24235
23877
24236
23878
24237
23879
24238
23880
24239
23881
24240
23882
24241
23883
24242
23884
24243
23885
24244
23886
24245
23887
24246
23888
24247
23889
24248
23890
24249
23891
24250
23892
24251
23893
24252
23894
24253
23895
24254
23896
24255
23897
24256
23898
24257
23899
24258
23900
24259
23901
24260
23902
24261
23903
24262
23904
24263
23905
24264
23906
24265
23907
24266
23908
24267
23909
24268
23910
24269
23911
24270
23912
24271
23913
24272
23914
24273
23915
24274
23916
24275
23917
24276
23918
24277
23919
24278
23920
24279
23921
24280
23922
24281
23923
24282
23924
24283
23925
24284
23926
24285
23927
24286
23928
24287
23929
24288
23930
24289
23931
24290
23932
24291
23933
24292
23934
24293
23935
24294
23936
24295
23937
24296
23938
24297
23939
24298
23940
24299
23941
24300
23942
24301
23943
24302
23944
24303
23945
24304
23946
24305
23947
24306
23948
24307
23949
24308
23950
24309
23951
24310
23952
24311
23953
24312
23954
24313
23955
24314
23956
24315
23957
24316
23958
24317
23959
24318
23960
24319
23961
24320
23962
24321
23963
24322
23964
24323
23965
24324
23966
24325
23967
24326
23968
24327
23969
24328
23970
24329
23971
24330
23972
24331
23973
24332
23974
24333
23975
24334
23976
24335
23977
24336
23978
24337
23979
24338
23980
24339
23981
24340
23982
24341
23983
24342
23984
24343
23985
24344
23986
24345
23987
24346
23988
24347
23989
24348
23990
24349
23991
24350
23992
24351
23993
24352
23994
24353
23995
24354
23996
24355
23997
24356
23998
24357
23999
24358
24000
24359
24001
24360
24002
24361
24003
24362
24004
24363
24005
24364
24006
24365
24007
24366
24008
24367
24009
24368
24010
24369
24011
24370
24012
24371
24013
24372
24014
24373
24015
24374
24016
24375
24017
24376
24018
24377
24019
24378
24020
24379
24021
24380
24022
24381
24023
24382
24024
24383
24025
24384
24026
24385
24027
24386
24028
24387
24029
24388
24030
24389
24031
24390
24032
24391
24033
24392
24034
24393
24035
24394
24036
24395
24037
24396
24038
24397
24039
24398
24040
24399
24041
24400
24042
24401
24043
24402
24044
24403
24045
24404
24046
24405
24047
24406
24048
24407
24049
24408
24050
24409
24051
24410
24052
24411
24053
24412
24054
24413
24055
24414
24056
24415
24057
24416
24058
24417
24059
24418
24060
24419
24061
24420
24062
24421
24063
24422
24064
24423
24065
24424
24066
24425
24067
24426
24068
24427
24069
24428
24070
24429
24071
24430
24072
24431
24073
24432
24074
24433
24075
24434
24076
24435
24077
24436
24078
24437
24079
24438
24080
24439
24081
24440
24082
24441
24083
24442
24084
24443
24085
24444
24086
24445
24087
24446
24088
24447
24089
24448
24090
24449
24091
24450
24092
24451
24093
24452
24094
24453
24095
24454
24096
24455
24097
24456
24098
24457
24099
24458
24100
24459
24101
24460
24102
24461
24103
24462
24104
24463
24105
24464
24106
24465
24107
24466
24108
24467
24109
24468
24110
24469
24111
24470
24112
24471
24113
24472
24114
24473
24115
24474
24116
24475
24117
24476
24118
24477
24119
24478
24479
24121
24480
24122
24481
24123
24482
24124
24483
24125
24484
24126
24485
24127
24486
24128
24487
24129
24488
24130
24489
24131
24490
24132
24491
24133
24492
24134
24493
24135
24494
24136
24495
24137
24496
24138
24497
24139
24498
24140
24499
24141
24500
24142
24501
24143
24502
24144
24503
24145
24504
24146
24505
24147
24506
24148
24507
24149
24508
24150
24509
24151
24510
24152
24511
24153
24512
24154
24513
24155
24514
24156
24515
24157
24516
24158
24517
24159
24518
24160
24519
24161
24520
24162
24521
24163
24522
24164
24523
24165
24524
24166
24525
24167
24526
24168
24527
24169
24528
24170
24529
24171
24530
24172
24531
24173
24532
24174
24533
24175
24534
24176
24535
24177
24536
24178
24537
24179
24538
24180
24539
24181
24540
24182
24541
24183
24542
24184
24543
24185
24544
24186
24545
24187
24546
24188
24547
24189
24548
24190
24549
24191
24550
24192
24551
24193
24552
24194
24553
24195
24554
24196
24555
24197
24556
24198
24557
24199
24558
24200
24559
24201
24560
24202
24561
24203
24562
24204
24563
24205
24564
24206
24565
24207
24566
24208
24567
24209
24568
24210
24569
24211
24570
24212
24571
24213
24572
24214
24573
24215
24574
24216
24575
24217
24576
24218
24577
24219
24578
24220
24579
24221
24580
24222
24581
24223
24582
24224
24583
24225
24584
24226
24585
24227
24586
24228
24587
24229
24588
24230
24589
24231
24590
24232
24591
24233
24592
24234
24593
24235
24594
24236
24595
24237
24596
24238
24597
24239
24598
24240
24599
24241
24600
24242
24601
24243
24602
24244
24603
24245
24604
24246
24605
24247
24606
24248
24607
24249
24608
24250
24609
24251
24610
24252
24611
24253
24612
24254
24613
24255
24614
24256
24615
24257
24616
24258
24617
24259
24618
24260
24619
24261
24620
24262
24621
24263
24622
24264
24623
24265
24624
24266
24625
24267
24626
24268
24627
24269
24628
24270
24629
24271
24630
24272
24631
24273
24632
24274
24633
24275
24634
24276
24635
24277
24636
24278
24637
24279
24638
24280
24639
24281
24640
24282
24641
24283
24642
24284
24643
24285
24644
24286
24645
24287
24646
24288
24647
24289
24648
24290
24649
24291
24650
24292
24651
24293
24652
24294
24653
24295
24654
24296
24655
24297
24656
24298
24657
24299
24658
24300
24659
24301
24660
24302
24661
24303
24662
24304
24663
24305
24664
24306
24665
24307
24666
24308
24667
24309
24668
24310
24669
24311
24670
24312
24671
24313
24672
24314
24673
24315
24674
24316
24675
24317
24676
24318
24677
24319
24678
24320
24679
24321
24680
24322
24681
24323
24682
24324
24683
24325
24684
24326
24685
24327
24686
24328
24687
24329
24688
24330
24689
24331
24690
24332
24691
24333
24692
24334
24693
24335
24694
24336
24695
24337
24696
24338
24697
24339
24698
24340
24699
24341
24700
24342
24701
24343
24702
24344
24703
24345
24704
24346
24705
24347
24706
24348
24707
24349
24708
24350
24709
24351
24710
24352
24711
24353
24712
24354
24713
24355
24714
24356
24715
24357
24716
24358
24717
24359
24718
24360
24719
24361
24720
24362
24721
24363
24722
24364
24723
24365
24724
24366
24725
24367
24726
24368
24727
24369
24728
24370
24729
24371
24730
24372
24731
24373
24732
24374
24733
24375
24734
24376
24735
24377
24736
24378
24737
24379
24738
24380
24739
24381
24740
24382
24741
24383
24742
24384
24743
24385
24744
24386
24745
24387
24746
24388
24747
24389
24748
24390
24749
24391
24750
24392
24751
24393
24752
24394
24753
24395
24754
24396
24755
24397
24756
24398
24757
24399
24758
24400
24759
24401
24760
24402
24761
24403
24762
24404
24763
24405
24764
24406
24765
24407
24766
24408
24767
24409
24768
24410
24769
24411
24770
24412
24771
24413
24772
24414
24773
24415
24774
24416
24775
24417
24776
24418
24777
24419
24778
24420
24779
24421
24780
24422
24781
24423
24782
24424
24783
24425
24784
24426
24785
24427
24786
24428
24787
24429
24788
24430
24789
24431
24790
24432
24791
24433
24792
24434
24793
24435
24794
24436
24795
24437
24796
24438
24797
24439
24798
24440
24799
24441
24800
24442
24801
24443
24802
24444
24803
24445
24804
24446
24805
24447
24806
24448
24807
24449
24808
24450
24809
24451
24810
24452
24811
24453
24812
24454
24813
24455
24814
24456
24815
24457
24816
24458
24817
24459
24818
24460
24819
24461
24820
24462
24821
24463
24822
24464
24823
24465
24824
24466
24825
24467
24826
24468
24827
24469
24828
24470
24829
24471
24830
24472
24831
24473
24832
24474
24833
24475
24834
24476
24835
24477
24836
24478
24837
24479
24838
24839
24481
24840
24482
24841
24483
24842
24484
24843
24485
24844
24486
24845
24487
24846
24488
24847
24489
24848
24490
24849
24491
24850
24492
24851
24493
24852
24494
24853
24495
24854
24496
24855
24497
24856
24498
24857
24499
24858
24500
24859
24501
24860
24502
24861
24503
24862
24504
24863
24505
24864
24506
24865
24507
24866
24508
24867
24509
24868
24510
24869
24511
24870
24512
24871
24513
24872
24514
24873
24515
24874
24516
24875
24517
24876
24518
24877
24519
24878
24520
24879
24521
24880
24522
24881
24523
24882
24524
24883
24525
24884
24526
24885
24527
24886
24528
24887
24529
24888
24530
24889
24531
24890
24532
24891
24533
24892
24534
24893
24535
24894
24536
24895
24537
24896
24538
24897
24539
24898
24540
24899
24541
24900
24542
24901
24543
24902
24544
24903
24545
24904
24546
24905
24547
24906
24548
24907
24549
24908
24550
24909
24551
24910
24552
24911
24553
24912
24554
24913
24555
24914
24556
24915
24557
24916
24558
24917
24559
24918
24560
24919
24561
24920
24562
24921
24563
24922
24564
24923
24565
24924
24566
24925
24567
24926
24568
24927
24569
24928
24570
24929
24571
24930
24572
24931
24573
24932
24574
24933
24575
24934
24576
24935
24577
24936
24578
24937
24579
24938
24580
24939
24581
24940
24582
24941
24583
24942
24584
24943
24585
24944
24586
24945
24587
24946
24588
24947
24589
24948
24590
24949
24591
24950
24592
24951
24593
24952
24594
24953
24595
24954
24596
24955
24597
24956
24598
24957
24599
24958
24600
24959
24601
24960
24602
24961
24603
24962
24604
24963
24605
24964
24606
24965
24607
24966
24608
24967
24609
24968
24610
24969
24611
24970
24612
24971
24613
24972
24614
24973
24615
24974
24616
24975
24617
24976
24618
24977
24619
24978
24620
24979
24621
24980
24622
24981
24623
24982
24624
24983
24625
24984
24626
24985
24627
24986
24628
24987
24629
24988
24630
24989
24631
24990
24632
24991
24633
24992
24634
24993
24635
24994
24636
24995
24637
24996
24638
24997
24639
24998
24640
24999
24641
25000
24642
25001
24643
25002
24644
25003
24645
25004
24646
25005
24647
25006
24648
25007
24649
25008
24650
25009
24651
25010
24652
25011
24653
25012
24654
25013
24655
25014
24656
25015
24657
25016
24658
25017
24659
25018
24660
25019
24661
25020
24662
25021
24663
25022
24664
25023
24665
25024
24666
25025
24667
25026
24668
25027
24669
25028
24670
25029
24671
25030
24672
25031
24673
25032
24674
25033
24675
25034
24676
25035
24677
25036
24678
25037
24679
25038
24680
25039
24681
25040
24682
25041
24683
25042
24684
25043
24685
25044
24686
25045
24687
25046
24688
25047
24689
25048
24690
25049
24691
25050
24692
25051
24693
25052
24694
25053
24695
25054
24696
25055
24697
25056
24698
25057
24699
25058
24700
25059
24701
25060
24702
25061
24703
25062
24704
25063
24705
25064
24706
25065
24707
25066
24708
25067
24709
25068
24710
25069
24711
25070
24712
25071
24713
25072
24714
25073
24715
25074
24716
25075
24717
25076
24718
25077
24719
25078
24720
25079
24721
25080
24722
25081
24723
25082
24724
25083
24725
25084
24726
25085
24727
25086
24728
25087
24729
25088
24730
25089
24731
25090
24732
25091
24733
25092
24734
25093
24735
25094
24736
25095
24737
25096
24738
25097
24739
25098
24740
25099
24741
25100
24742
25101
24743
25102
24744
25103
24745
25104
24746
25105
24747
25106
24748
25107
24749
25108
24750
25109
24751
25110
24752
25111
24753
25112
24754
25113
24755
25114
24756
25115
24757
25116
24758
25117
24759
25118
24760
25119
24761
25120
24762
25121
24763
25122
24764
25123
24765
25124
24766
25125
24767
25126
24768
25127
24769
25128
24770
25129
24771
25130
24772
25131
24773
25132
24774
25133
24775
25134
24776
25135
24777
25136
24778
25137
24779
25138
24780
25139
24781
25140
24782
25141
24783
25142
24784
25143
24785
25144
24786
25145
24787
25146
24788
25147
24789
25148
24790
25149
24791
25150
24792
25151
24793
25152
24794
25153
24795
25154
24796
25155
24797
25156
24798
25157
24799
25158
24800
25159
24801
25160
24802
25161
24803
25162
24804
25163
24805
25164
24806
25165
24807
25166
24808
25167
24809
25168
24810
25169
24811
25170
24812
25171
24813
25172
24814
25173
24815
25174
24816
25175
24817
25176
24818
25177
24819
25178
24820
25179
24821
25180
24822
25181
24823
25182
24824
25183
24825
25184
24826
25185
24827
25186
24828
25187
24829
25188
24830
25189
24831
25190
24832
25191
24833
25192
24834
25193
24835
25194
24836
25195
24837
25196
24838
25197
24839
25198
25199
24841
25200
24842
25201
24843
25202
24844
25203
24845
25204
24846
25205
24847
25206
24848
25207
24849
25208
24850
25209
24851
25210
24852
25211
24853
25212
24854
25213
24855
25214
24856
25215
24857
25216
24858
25217
24859
25218
24860
25219
24861
25220
24862
25221
24863
25222
24864
25223
24865
25224
24866
25225
24867
25226
24868
25227
24869
25228
24870
25229
24871
25230
24872
25231
24873
25232
24874
25233
24875
25234
24876
25235
24877
25236
24878
25237
24879
25238
24880
25239
24881
25240
24882
25241
24883
25242
24884
25243
24885
25244
24886
25245
24887
25246
24888
25247
24889
25248
24890
25249
24891
25250
24892
25251
24893
25252
24894
25253
24895
25254
24896
25255
24897
25256
24898
25257
24899
25258
24900
25259
24901
25260
24902
25261
24903
25262
24904
25263
24905
25264
24906
25265
24907
25266
24908
25267
24909
25268
24910
25269
24911
25270
24912
25271
24913
25272
24914
25273
24915
25274
24916
25275
24917
25276
24918
25277
24919
25278
24920
25279
24921
25280
24922
25281
24923
25282
24924
25283
24925
25284
24926
25285
24927
25286
24928
25287
24929
25288
24930
25289
24931
25290
24932
25291
24933
25292
24934
25293
24935
25294
24936
25295
24937
25296
24938
25297
24939
25298
24940
25299
24941
25300
24942
25301
24943
25302
24944
25303
24945
25304
24946
25305
24947
25306
24948
25307
24949
25308
24950
25309
24951
25310
24952
25311
24953
25312
24954
25313
24955
25314
24956
25315
24957
25316
24958
25317
24959
25318
24960
25319
24961
25320
24962
25321
24963
25322
24964
25323
24965
25324
24966
25325
24967
25326
24968
25327
24969
25328
24970
25329
24971
25330
24972
25331
24973
25332
24974
25333
24975
25334
24976
25335
24977
25336
24978
25337
24979
25338
24980
25339
24981
25340
24982
25341
24983
25342
24984
25343
24985
25344
24986
25345
24987
25346
24988
25347
24989
25348
24990
25349
24991
25350
24992
25351
24993
25352
24994
25353
24995
25354
24996
25355
24997
25356
24998
25357
24999
25358
25000
25359
25001
25360
25002
25361
25003
25362
25004
25363
25005
25364
25006
25365
25007
25366
25008
25367
25009
25368
25010
25369
25011
25370
25012
25371
25013
25372
25014
25373
25015
25374
25016
25375
25017
25376
25018
25377
25019
25378
25020
25379
25021
25380
25022
25381
25023
25382
25024
25383
25025
25384
25026
25385
25027
25386
25028
25387
25029
25388
25030
25389
25031
25390
25032
25391
25033
25392
25034
25393
25035
25394
25036
25395
25037
25396
25038
25397
25039
25398
25040
25399
25041
25400
25042
25401
25043
25402
25044
25403
25045
25404
25046
25405
25047
25406
25048
25407
25049
25408
25050
25409
25051
25410
25052
25411
25053
25412
25054
25413
25055
25414
25056
25415
25057
25416
25058
25417
25059
25418
25060
25419
25061
25420
25062
25421
25063
25422
25064
25423
25065
25424
25066
25425
25067
25426
25068
25427
25069
25428
25070
25429
25071
25430
25072
25431
25073
25432
25074
25433
25075
25434
25076
25435
25077
25436
25078
25437
25079
25438
25080
25439
25081
25440
25082
25441
25083
25442
25084
25443
25085
25444
25086
25445
25087
25446
25088
25447
25089
25448
25090
25449
25091
25450
25092
25451
25093
25452
25094
25453
25095
25454
25096
25455
25097
25456
25098
25457
25099
25458
25100
25459
25101
25460
25102
25461
25103
25462
25104
25463
25105
25464
25106
25465
25107
25466
25108
25467
25109
25468
25110
25469
25111
25470
25112
25471
25113
25472
25114
25473
25115
25474
25116
25475
25117
25476
25118
25477
25119
25478
25120
25479
25121
25480
25122
25481
25123
25482
25124
25483
25125
25484
25126
25485
25127
25486
25128
25487
25129
25488
25130
25489
25131
25490
25132
25491
25133
25492
25134
25493
25135
25494
25136
25495
25137
25496
25138
25497
25139
25498
25140
25499
25141
25500
25142
25501
25143
25502
25144
25503
25145
25504
25146
25505
25147
25506
25148
25507
25149
25508
25150
25509
25151
25510
25152
25511
25153
25512
25154
25513
25155
25514
25156
25515
25157
25516
25158
25517
25159
25518
25160
25519
25161
25520
25162
25521
25163
25522
25164
25523
25165
25524
25166
25525
25167
25526
25168
25527
25169
25528
25170
25529
25171
25530
25172
25531
25173
25532
25174
25533
25175
25534
25176
25535
25177
25536
25178
25537
25179
25538
25180
25539
25181
25540
25182
25541
25183
25542
25184
25543
25185
25544
25186
25545
25187
25546
25188
25547
25189
25548
25190
25549
25191
25550
25192
25551
25193
25552
25194
25553
25195
25554
25196
25555
25197
25556
25198
25557
25199
25558
25559
25201
25560
25202
25561
25203
25562
25204
25563
25205
25564
25206
25565
25207
25566
25208
25567
25209
25568
25210
25569
25211
25570
25212
25571
25213
25572
25214
25573
25215
25574
25216
25575
25217
25576
25218
25577
25219
25578
25220
25579
25221
25580
25222
25581
25223
25582
25224
25583
25225
25584
25226
25585
25227
25586
25228
25587
25229
25588
25230
25589
25231
25590
25232
25591
25233
25592
25234
25593
25235
25594
25236
25595
25237
25596
25238
25597
25239
25598
25240
25599
25241
25600
25242
25601
25243
25602
25244
25603
25245
25604
25246
25605
25247
25606
25248
25607
25249
25608
25250
25609
25251
25610
25252
25611
25253
25612
25254
25613
25255
25614
25256
25615
25257
25616
25258
25617
25259
25618
25260
25619
25261
25620
25262
25621
25263
25622
25264
25623
25265
25624
25266
25625
25267
25626
25268
25627
25269
25628
25270
25629
25271
25630
25272
25631
25273
25632
25274
25633
25275
25634
25276
25635
25277
25636
25278
25637
25279
25638
25280
25639
25281
25640
25282
25641
25283
25642
25284
25643
25285
25644
25286
25645
25287
25646
25288
25647
25289
25648
25290
25649
25291
25650
25292
25651
25293
25652
25294
25653
25295
25654
25296
25655
25297
25656
25298
25657
25299
25658
25300
25659
25301
25660
25302
25661
25303
25662
25304
25663
25305
25664
25306
25665
25307
25666
25308
25667
25309
25668
25310
25669
25311
25670
25312
25671
25313
25672
25314
25673
25315
25674
25316
25675
25317
25676
25318
25677
25319
25678
25320
25679
25321
25680
25322
25681
25323
25682
25324
25683
25325
25684
25326
25685
25327
25686
25328
25687
25329
25688
25330
25689
25331
25690
25332
25691
25333
25692
25334
25693
25335
25694
25336
25695
25337
25696
25338
25697
25339
25698
25340
25699
25341
25700
25342
25701
25343
25702
25344
25703
25345
25704
25346
25705
25347
25706
25348
25707
25349
25708
25350
25709
25351
25710
25352
25711
25353
25712
25354
25713
25355
25714
25356
25715
25357
25716
25358
25717
25359
25718
25360
25719
25361
25720
25362
25721
25363
25722
25364
25723
25365
25724
25366
25725
25367
25726
25368
25727
25369
25728
25370
25729
25371
25730
25372
25731
25373
25732
25374
25733
25375
25734
25376
25735
25377
25736
25378
25737
25379
25738
25380
25739
25381
25740
25382
25741
25383
25742
25384
25743
25385
25744
25386
25745
25387
25746
25388
25747
25389
25748
25390
25749
25391
25750
25392
25751
25393
25752
25394
25753
25395
25754
25396
25755
25397
25756
25398
25757
25399
25758
25400
25759
25401
25760
25402
25761
25403
25762
25404
25763
25405
25764
25406
25765
25407
25766
25408
25767
25409
25768
25410
25769
25411
25770
25412
25771
25413
25772
25414
25773
25415
25774
25416
25775
25417
25776
25418
25777
25419
25778
25420
25779
25421
25780
25422
25781
25423
25782
25424
25783
25425
25784
25426
25785
25427
25786
25428
25787
25429
25788
25430
25789
25431
25790
25432
25791
25433
25792
25434
25793
25435
25794
25436
25795
25437
25796
25438
25797
25439
25798
25440
25799
25441
25800
25442
25801
25443
25802
25444
25803
25445
25804
25446
25805
25447
25806
25448
25807
25449
25808
25450
25809
25451
25810
25452
25811
25453
25812
25454
25813
25455
25814
25456
25815
25457
25816
25458
25817
25459
25818
25460
25819
25461
25820
25462
25821
25463
25822
25464
25823
25465
25824
25466
25825
25467
25826
25468
25827
25469
25828
25470
25829
25471
25830
25472
25831
25473
25832
25474
25833
25475
25834
25476
25835
25477
25836
25478
25837
25479
25838
25480
25839
25481
25840
25482
25841
25483
25842
25484
25843
25485
25844
25486
25845
25487
25846
25488
25847
25489
25848
25490
25849
25491
25850
25492
25851
25493
25852
25494
25853
25495
25854
25496
25855
25497
25856
25498
25857
25499
25858
25500
25859
25501
25860
25502
25861
25503
25862
25504
25863
25505
25864
25506
25865
25507
25866
25508
25867
25509
25868
25510
25869
25511
25870
25512
25871
25513
25872
25514
25873
25515
25874
25516
25875
25517
25876
25518
25877
25519
25878
25520
25879
25521
25880
25522
25881
25523
25882
25524
25883
25525
25884
25526
25885
25527
25886
25528
25887
25529
25888
25530
25889
25531
25890
25532
25891
25533
25892
25534
25893
25535
25894
25536
25895
25537
25896
25538
25897
25539
25898
25540
25899
25541
25900
25542
25901
25543
25902
25544
25903
25545
25904
25546
25905
25547
25906
25548
25907
25549
25908
25550
25909
25551
25910
25552
25911
25553
25912
25554
25913
25555
25914
25556
25915
25557
25916
25558
25917
25559
25918
25919
25561
25920
25562
25921
25563
25922
25564
25923
25565
25924
25566
25925
25567
25926
25568
25927
25569
25928
25570
25929
25571
25930
25572
25931
25573
25932
25574
25933
25575
25934
25576
25935
25577
25936
25578
25937
25579
25938
25580
25939
25581
25940
25582
25941
25583
25942
25584
25943
25585
25944
25586
25945
25587
25946
25588
25947
25589
25948
25590
25949
25591
25950
25592
25951
25593
25952
25594
25953
25595
25954
25596
25955
25597
25956
25598
25957
25599
25958
25600
25959
25601
25960
25602
25961
25603
25962
25604
25963
25605
25964
25606
25965
25607
25966
25608
25967
25609
25968
25610
25969
25611
25970
25612
25971
25613
25972
25614
25973
25615
25974
25616
25975
25617
25976
25618
25977
25619
25978
25620
25979
25621
25980
25622
25981
25623
25982
25624
25983
25625
25984
25626
25985
25627
25986
25628
25987
25629
25988
25630
25989
25631
25990
25632
25991
25633
25992
25634
25993
25635
25994
25636
25995
25637
25996
25638
25997
25639
25998
25640
25999
25641
26000
25642
26001
25643
26002
25644
26003
25645
26004
25646
26005
25647
26006
25648
26007
25649
26008
25650
26009
25651
26010
25652
26011
25653
26012
25654
26013
25655
26014
25656
26015
25657
26016
25658
26017
25659
26018
25660
26019
25661
26020
25662
26021
25663
26022
25664
26023
25665
26024
25666
26025
25667
26026
25668
26027
25669
26028
25670
26029
25671
26030
25672
26031
25673
26032
25674
26033
25675
26034
25676
26035
25677
26036
25678
26037
25679
26038
25680
26039
25681
26040
25682
26041
25683
26042
25684
26043
25685
26044
25686
26045
25687
26046
25688
26047
25689
26048
25690
26049
25691
26050
25692
26051
25693
26052
25694
26053
25695
26054
25696
26055
25697
26056
25698
26057
25699
26058
25700
26059
25701
26060
25702
26061
25703
26062
25704
26063
25705
26064
25706
26065
25707
26066
25708
26067
25709
26068
25710
26069
25711
26070
25712
26071
25713
26072
25714
26073
25715
26074
25716
26075
25717
26076
25718
26077
25719
26078
25720
26079
25721
26080
25722
26081
25723
26082
25724
26083
25725
26084
25726
26085
25727
26086
25728
26087
25729
26088
25730
26089
25731
26090
25732
26091
25733
26092
25734
26093
25735
26094
25736
26095
25737
26096
25738
26097
25739
26098
25740
26099
25741
26100
25742
26101
25743
26102
25744
26103
25745
26104
25746
26105
25747
26106
25748
26107
25749
26108
25750
26109
25751
26110
25752
26111
25753
26112
25754
26113
25755
26114
25756
26115
25757
26116
25758
26117
25759
26118
25760
26119
25761
26120
25762
26121
25763
26122
25764
26123
25765
26124
25766
26125
25767
26126
25768
26127
25769
26128
25770
26129
25771
26130
25772
26131
25773
26132
25774
26133
25775
26134
25776
26135
25777
26136
25778
26137
25779
26138
25780
26139
25781
26140
25782
26141
25783
26142
25784
26143
25785
26144
25786
26145
25787
26146
25788
26147
25789
26148
25790
26149
25791
26150
25792
26151
25793
26152
25794
26153
25795
26154
25796
26155
25797
26156
25798
26157
25799
26158
25800
26159
25801
26160
25802
26161
25803
26162
25804
26163
25805
26164
25806
26165
25807
26166
25808
26167
25809
26168
25810
26169
25811
26170
25812
26171
25813
26172
25814
26173
25815
26174
25816
26175
25817
26176
25818
26177
25819
26178
25820
26179
25821
26180
25822
26181
25823
26182
25824
26183
25825
26184
25826
26185
25827
26186
25828
26187
25829
26188
25830
26189
25831
26190
25832
26191
25833
26192
25834
26193
25835
26194
25836
26195
25837
26196
25838
26197
25839
26198
25840
26199
25841
26200
25842
26201
25843
26202
25844
26203
25845
26204
25846
26205
25847
26206
25848
26207
25849
26208
25850
26209
25851
26210
25852
26211
25853
26212
25854
26213
25855
26214
25856
26215
25857
26216
25858
26217
25859
26218
25860
26219
25861
26220
25862
26221
25863
26222
25864
26223
25865
26224
25866
26225
25867
26226
25868
26227
25869
26228
25870
26229
25871
26230
25872
26231
25873
26232
25874
26233
25875
26234
25876
26235
25877
26236
25878
26237
25879
26238
25880
26239
25881
26240
25882
26241
25883
26242
25884
26243
25885
26244
25886
26245
25887
26246
25888
26247
25889
26248
25890
26249
25891
26250
25892
26251
25893
26252
25894
26253
25895
26254
25896
26255
25897
26256
25898
26257
25899
26258
25900
26259
25901
26260
25902
26261
25903
26262
25904
26263
25905
26264
25906
26265
25907
26266
25908
26267
25909
26268
25910
26269
25911
26270
25912
26271
25913
26272
25914
26273
25915
26274
25916
26275
25917
26276
25918
26277
25919
26278
26279
25921
26280
25922
26281
25923
26282
25924
26283
25925
26284
25926
26285
25927
26286
25928
26287
25929
26288
25930
26289
25931
26290
25932
26291
25933
26292
25934
26293
25935
26294
25936
26295
25937
26296
25938
26297
25939
26298
25940
26299
25941
26300
25942
26301
25943
26302
25944
26303
25945
26304
25946
26305
25947
26306
25948
26307
25949
26308
25950
26309
25951
26310
25952
26311
25953
26312
25954
26313
25955
26314
25956
26315
25957
26316
25958
26317
25959
26318
25960
26319
25961
26320
25962
26321
25963
26322
25964
26323
25965
26324
25966
26325
25967
26326
25968
26327
25969
26328
25970
26329
25971
26330
25972
26331
25973
26332
25974
26333
25975
26334
25976
26335
25977
26336
25978
26337
25979
26338
25980
26339
25981
26340
25982
26341
25983
26342
25984
26343
25985
26344
25986
26345
25987
26346
25988
26347
25989
26348
25990
26349
25991
26350
25992
26351
25993
26352
25994
26353
25995
26354
25996
26355
25997
26356
25998
26357
25999
26358
26000
26359
26001
26360
26002
26361
26003
26362
26004
26363
26005
26364
26006
26365
26007
26366
26008
26367
26009
26368
26010
26369
26011
26370
26012
26371
26013
26372
26014
26373
26015
26374
26016
26375
26017
26376
26018
26377
26019
26378
26020
26379
26021
26380
26022
26381
26023
26382
26024
26383
26025
26384
26026
26385
26027
26386
26028
26387
26029
26388
26030
26389
26031
26390
26032
26391
26033
26392
26034
26393
26035
26394
26036
26395
26037
26396
26038
26397
26039
26398
26040
26399
26041
26400
26042
26401
26043
26402
26044
26403
26045
26404
26046
26405
26047
26406
26048
26407
26049
26408
26050
26409
26051
26410
26052
26411
26053
26412
26054
26413
26055
26414
26056
26415
26057
26416
26058
26417
26059
26418
26060
26419
26061
26420
26062
26421
26063
26422
26064
26423
26065
26424
26066
26425
26067
26426
26068
26427
26069
26428
26070
26429
26071
26430
26072
26431
26073
26432
26074
26433
26075
26434
26076
26435
26077
26436
26078
26437
26079
26438
26080
26439
26081
26440
26082
26441
26083
26442
26084
26443
26085
26444
26086
26445
26087
26446
26088
26447
26089
26448
26090
26449
26091
26450
26092
26451
26093
26452
26094
26453
26095
26454
26096
26455
26097
26456
26098
26457
26099
26458
26100
26459
26101
26460
26102
26461
26103
26462
26104
26463
26105
26464
26106
26465
26107
26466
26108
26467
26109
26468
26110
26469
26111
26470
26112
26471
26113
26472
26114
26473
26115
26474
26116
26475
26117
26476
26118
26477
26119
26478
26120
26479
26121
26480
26122
26481
26123
26482
26124
26483
26125
26484
26126
26485
26127
26486
26128
26487
26129
26488
26130
26489
26131
26490
26132
26491
26133
26492
26134
26493
26135
26494
26136
26495
26137
26496
26138
26497
26139
26498
26140
26499
26141
26500
26142
26501
26143
26502
26144
26503
26145
26504
26146
26505
26147
26506
26148
26507
26149
26508
26150
26509
26151
26510
26152
26511
26153
26512
26154
26513
26155
26514
26156
26515
26157
26516
26158
26517
26159
26518
26160
26519
26161
26520
26162
26521
26163
26522
26164
26523
26165
26524
26166
26525
26167
26526
26168
26527
26169
26528
26170
26529
26171
26530
26172
26531
26173
26532
26174
26533
26175
26534
26176
26535
26177
26536
26178
26537
26179
26538
26180
26539
26181
26540
26182
26541
26183
26542
26184
26543
26185
26544
26186
26545
26187
26546
26188
26547
26189
26548
26190
26549
26191
26550
26192
26551
26193
26552
26194
26553
26195
26554
26196
26555
26197
26556
26198
26557
26199
26558
26200
26559
26201
26560
26202
26561
26203
26562
26204
26563
26205
26564
26206
26565
26207
26566
26208
26567
26209
26568
26210
26569
26211
26570
26212
26571
26213
26572
26214
26573
26215
26574
26216
26575
26217
26576
26218
26577
26219
26578
26220
26579
26221
26580
26222
26581
26223
26582
26224
26583
26225
26584
26226
26585
26227
26586
26228
26587
26229
26588
26230
26589
26231
26590
26232
26591
26233
26592
26234
26593
26235
26594
26236
26595
26237
26596
26238
26597
26239
26598
26240
26599
26241
26600
26242
26601
26243
26602
26244
26603
26245
26604
26246
26605
26247
26606
26248
26607
26249
26608
26250
26609
26251
26610
26252
26611
26253
26612
26254
26613
26255
26614
26256
26615
26257
26616
26258
26617
26259
26618
26260
26619
26261
26620
26262
26621
26263
26622
26264
26623
26265
26624
26266
26625
26267
26626
26268
26627
26269
26628
26270
26629
26271
26630
26272
26631
26273
26632
26274
26633
26275
26634
26276
26635
26277
26636
26278
26637
26279
26638
26639
26281
26640
26282
26641
26283
26642
26284
26643
26285
26644
26286
26645
26287
26646
26288
26647
26289
26648
26290
26649
26291
26650
26292
26651
26293
26652
26294
26653
26295
26654
26296
26655
26297
26656
26298
26657
26299
26658
26300
26659
26301
26660
26302
26661
26303
26662
26304
26663
26305
26664
26306
26665
26307
26666
26308
26667
26309
26668
26310
26669
26311
26670
26312
26671
26313
26672
26314
26673
26315
26674
26316
26675
26317
26676
26318
26677
26319
26678
26320
26679
26321
26680
26322
26681
26323
26682
26324
26683
26325
26684
26326
26685
26327
26686
26328
26687
26329
26688
26330
26689
26331
26690
26332
26691
26333
26692
26334
26693
26335
26694
26336
26695
26337
26696
26338
26697
26339
26698
26340
26699
26341
26700
26342
26701
26343
26702
26344
26703
26345
26704
26346
26705
26347
26706
26348
26707
26349
26708
26350
26709
26351
26710
26352
26711
26353
26712
26354
26713
26355
26714
26356
26715
26357
26716
26358
26717
26359
26718
26360
26719
26361
26720
26362
26721
26363
26722
26364
26723
26365
26724
26366
26725
26367
26726
26368
26727
26369
26728
26370
26729
26371
26730
26372
26731
26373
26732
26374
26733
26375
26734
26376
26735
26377
26736
26378
26737
26379
26738
26380
26739
26381
26740
26382
26741
26383
26742
26384
26743
26385
26744
26386
26745
26387
26746
26388
26747
26389
26748
26390
26749
26391
26750
26392
26751
26393
26752
26394
26753
26395
26754
26396
26755
26397
26756
26398
26757
26399
26758
26400
26759
26401
26760
26402
26761
26403
26762
26404
26763
26405
26764
26406
26765
26407
26766
26408
26767
26409
26768
26410
26769
26411
26770
26412
26771
26413
26772
26414
26773
26415
26774
26416
26775
26417
26776
26418
26777
26419
26778
26420
26779
26421
26780
26422
26781
26423
26782
26424
26783
26425
26784
26426
26785
26427
26786
26428
26787
26429
26788
26430
26789
26431
26790
26432
26791
26433
26792
26434
26793
26435
26794
26436
26795
26437
26796
26438
26797
26439
26798
26440
26799
26441
26800
26442
26801
26443
26802
26444
26803
26445
26804
26446
26805
26447
26806
26448
26807
26449
26808
26450
26809
26451
26810
26452
26811
26453
26812
26454
26813
26455
26814
26456
26815
26457
26816
26458
26817
26459
26818
26460
26819
26461
26820
26462
26821
26463
26822
26464
26823
26465
26824
26466
26825
26467
26826
26468
26827
26469
26828
26470
26829
26471
26830
26472
26831
26473
26832
26474
26833
26475
26834
26476
26835
26477
26836
26478
26837
26479
26838
26480
26839
26481
26840
26482
26841
26483
26842
26484
26843
26485
26844
26486
26845
26487
26846
26488
26847
26489
26848
26490
26849
26491
26850
26492
26851
26493
26852
26494
26853
26495
26854
26496
26855
26497
26856
26498
26857
26499
26858
26500
26859
26501
26860
26502
26861
26503
26862
26504
26863
26505
26864
26506
26865
26507
26866
26508
26867
26509
26868
26510
26869
26511
26870
26512
26871
26513
26872
26514
26873
26515
26874
26516
26875
26517
26876
26518
26877
26519
26878
26520
26879
26521
26880
26522
26881
26523
26882
26524
26883
26525
26884
26526
26885
26527
26886
26528
26887
26529
26888
26530
26889
26531
26890
26532
26891
26533
26892
26534
26893
26535
26894
26536
26895
26537
26896
26538
26897
26539
26898
26540
26899
26541
26900
26542
26901
26543
26902
26544
26903
26545
26904
26546
26905
26547
26906
26548
26907
26549
26908
26550
26909
26551
26910
26552
26911
26553
26912
26554
26913
26555
26914
26556
26915
26557
26916
26558
26917
26559
26918
26560
26919
26561
26920
26562
26921
26563
26922
26564
26923
26565
26924
26566
26925
26567
26926
26568
26927
26569
26928
26570
26929
26571
26930
26572
26931
26573
26932
26574
26933
26575
26934
26576
26935
26577
26936
26578
26937
26579
26938
26580
26939
26581
26940
26582
26941
26583
26942
26584
26943
26585
26944
26586
26945
26587
26946
26588
26947
26589
26948
26590
26949
26591
26950
26592
26951
26593
26952
26594
26953
26595
26954
26596
26955
26597
26956
26598
26957
26599
26958
26600
26959
26601
26960
26602
26961
26603
26962
26604
26963
26605
26964
26606
26965
26607
26966
26608
26967
26609
26968
26610
26969
26611
26970
26612
26971
26613
26972
26614
26973
26615
26974
26616
26975
26617
26976
26618
26977
26619
26978
26620
26979
26621
26980
26622
26981
26623
26982
26624
26983
26625
26984
26626
26985
26627
26986
26628
26987
26629
26988
26630
26989
26631
26990
26632
26991
26633
26992
26634
26993
26635
26994
26636
26995
26637
26996
26638
26997
26639
26998
26999
26641
27000
26642
27001
26643
27002
26644
27003
26645
27004
26646
27005
26647
27006
26648
27007
26649
27008
26650
27009
26651
27010
26652
27011
26653
27012
26654
27013
26655
27014
26656
27015
26657
27016
26658
27017
26659
27018
26660
27019
26661
27020
26662
27021
26663
27022
26664
27023
26665
27024
26666
27025
26667
27026
26668
27027
26669
27028
26670
27029
26671
27030
26672
27031
26673
27032
26674
27033
26675
27034
26676
27035
26677
27036
26678
27037
26679
27038
26680
27039
26681
27040
26682
27041
26683
27042
26684
27043
26685
27044
26686
27045
26687
27046
26688
27047
26689
27048
26690
27049
26691
27050
26692
27051
26693
27052
26694
27053
26695
27054
26696
27055
26697
27056
26698
27057
26699
27058
26700
27059
26701
27060
26702
27061
26703
27062
26704
27063
26705
27064
26706
27065
26707
27066
26708
27067
26709
27068
26710
27069
26711
27070
26712
27071
26713
27072
26714
27073
26715
27074
26716
27075
26717
27076
26718
27077
26719
27078
26720
27079
26721
27080
26722
27081
26723
27082
26724
27083
26725
27084
26726
27085
26727
27086
26728
27087
26729
27088
26730
27089
26731
27090
26732
27091
26733
27092
26734
27093
26735
27094
26736
27095
26737
27096
26738
27097
26739
27098
26740
27099
26741
27100
26742
27101
26743
27102
26744
27103
26745
27104
26746
27105
26747
27106
26748
27107
26749
27108
26750
27109
26751
27110
26752
27111
26753
27112
26754
27113
26755
27114
26756
27115
26757
27116
26758
27117
26759
27118
26760
27119
26761
27120
26762
27121
26763
27122
26764
27123
26765
27124
26766
27125
26767
27126
26768
27127
26769
27128
26770
27129
26771
27130
26772
27131
26773
27132
26774
27133
26775
27134
26776
27135
26777
27136
26778
27137
26779
27138
26780
27139
26781
27140
26782
27141
26783
27142
26784
27143
26785
27144
26786
27145
26787
27146
26788
27147
26789
27148
26790
27149
26791
27150
26792
27151
26793
27152
26794
27153
26795
27154
26796
27155
26797
27156
26798
27157
26799
27158
26800
27159
26801
27160
26802
27161
26803
27162
26804
27163
26805
27164
26806
27165
26807
27166
26808
27167
26809
27168
26810
27169
26811
27170
26812
27171
26813
27172
26814
27173
26815
27174
26816
27175
26817
27176
26818
27177
26819
27178
26820
27179
26821
27180
26822
27181
26823
27182
26824
27183
26825
27184
26826
27185
26827
27186
26828
27187
26829
27188
26830
27189
26831
27190
26832
27191
26833
27192
26834
27193
26835
27194
26836
27195
26837
27196
26838
27197
26839
27198
26840
27199
26841
27200
26842
27201
26843
27202
26844
27203
26845
27204
26846
27205
26847
27206
26848
27207
26849
27208
26850
27209
26851
27210
26852
27211
26853
27212
26854
27213
26855
27214
26856
27215
26857
27216
26858
27217
26859
27218
26860
27219
26861
27220
26862
27221
26863
27222
26864
27223
26865
27224
26866
27225
26867
27226
26868
27227
26869
27228
26870
27229
26871
27230
26872
27231
26873
27232
26874
27233
26875
27234
26876
27235
26877
27236
26878
27237
26879
27238
26880
27239
26881
27240
26882
27241
26883
27242
26884
27243
26885
27244
26886
27245
26887
27246
26888
27247
26889
27248
26890
27249
26891
27250
26892
27251
26893
27252
26894
27253
26895
27254
26896
27255
26897
27256
26898
27257
26899
27258
26900
27259
26901
27260
26902
27261
26903
27262
26904
27263
26905
27264
26906
27265
26907
27266
26908
27267
26909
27268
26910
27269
26911
27270
26912
27271
26913
27272
26914
27273
26915
27274
26916
27275
26917
27276
26918
27277
26919
27278
26920
27279
26921
27280
26922
27281
26923
27282
26924
27283
26925
27284
26926
27285
26927
27286
26928
27287
26929
27288
26930
27289
26931
27290
26932
27291
26933
27292
26934
27293
26935
27294
26936
27295
26937
27296
26938
27297
26939
27298
26940
27299
26941
27300
26942
27301
26943
27302
26944
27303
26945
27304
26946
27305
26947
27306
26948
27307
26949
27308
26950
27309
26951
27310
26952
27311
26953
27312
26954
27313
26955
27314
26956
27315
26957
27316
26958
27317
26959
27318
26960
27319
26961
27320
26962
27321
26963
27322
26964
27323
26965
27324
26966
27325
26967
27326
26968
27327
26969
27328
26970
27329
26971
27330
26972
27331
26973
27332
26974
27333
26975
27334
26976
27335
26977
27336
26978
27337
26979
27338
26980
27339
26981
27340
26982
27341
26983
27342
26984
27343
26985
27344
26986
27345
26987
27346
26988
27347
26989
27348
26990
27349
26991
27350
26992
27351
26993
27352
26994
27353
26995
27354
26996
27355
26997
27356
26998
27357
26999
27358
27359
27001
27360
27002
27361
27003
27362
27004
27363
27005
27364
27006
27365
27007
27366
27008
27367
27009
27368
27010
27369
27011
27370
27012
27371
27013
27372
27014
27373
27015
27374
27016
27375
27017
27376
27018
27377
27019
27378
27020
27379
27021
27380
27022
27381
27023
27382
27024
27383
27025
27384
27026
27385
27027
27386
27028
27387
27029
27388
27030
27389
27031
27390
27032
27391
27033
27392
27034
27393
27035
27394
27036
27395
27037
27396
27038
27397
27039
27398
27040
27399
27041
27400
27042
27401
27043
27402
27044
27403
27045
27404
27046
27405
27047
27406
27048
27407
27049
27408
27050
27409
27051
27410
27052
27411
27053
27412
27054
27413
27055
27414
27056
27415
27057
27416
27058
27417
27059
27418
27060
27419
27061
27420
27062
27421
27063
27422
27064
27423
27065
27424
27066
27425
27067
27426
27068
27427
27069
27428
27070
27429
27071
27430
27072
27431
27073
27432
27074
27433
27075
27434
27076
27435
27077
27436
27078
27437
27079
27438
27080
27439
27081
27440
27082
27441
27083
27442
27084
27443
27085
27444
27086
27445
27087
27446
27088
27447
27089
27448
27090
27449
27091
27450
27092
27451
27093
27452
27094
27453
27095
27454
27096
27455
27097
27456
27098
27457
27099
27458
27100
27459
27101
27460
27102
27461
27103
27462
27104
27463
27105
27464
27106
27465
27107
27466
27108
27467
27109
27468
27110
27469
27111
27470
27112
27471
27113
27472
27114
27473
27115
27474
27116
27475
27117
27476
27118
27477
27119
27478
27120
27479
27121
27480
27122
27481
27123
27482
27124
27483
27125
27484
27126
27485
27127
27486
27128
27487
27129
27488
27130
27489
27131
27490
27132
27491
27133
27492
27134
27493
27135
27494
27136
27495
27137
27496
27138
27497
27139
27498
27140
27499
27141
27500
27142
27501
27143
27502
27144
27503
27145
27504
27146
27505
27147
27506
27148
27507
27149
27508
27150
27509
27151
27510
27152
27511
27153
27512
27154
27513
27155
27514
27156
27515
27157
27516
27158
27517
27159
27518
27160
27519
27161
27520
27162
27521
27163
27522
27164
27523
27165
27524
27166
27525
27167
27526
27168
27527
27169
27528
27170
27529
27171
27530
27172
27531
27173
27532
27174
27533
27175
27534
27176
27535
27177
27536
27178
27537
27179
27538
27180
27539
27181
27540
27182
27541
27183
27542
27184
27543
27185
27544
27186
27545
27187
27546
27188
27547
27189
27548
27190
27549
27191
27550
27192
27551
27193
27552
27194
27553
27195
27554
27196
27555
27197
27556
27198
27557
27199
27558
27200
27559
27201
27560
27202
27561
27203
27562
27204
27563
27205
27564
27206
27565
27207
27566
27208
27567
27209
27568
27210
27569
27211
27570
27212
27571
27213
27572
27214
27573
27215
27574
27216
27575
27217
27576
27218
27577
27219
27578
27220
27579
27221
27580
27222
27581
27223
27582
27224
27583
27225
27584
27226
27585
27227
27586
27228
27587
27229
27588
27230
27589
27231
27590
27232
27591
27233
27592
27234
27593
27235
27594
27236
27595
27237
27596
27238
27597
27239
27598
27240
27599
27241
27600
27242
27601
27243
27602
27244
27603
27245
27604
27246
27605
27247
27606
27248
27607
27249
27608
27250
27609
27251
27610
27252
27611
27253
27612
27254
27613
27255
27614
27256
27615
27257
27616
27258
27617
27259
27618
27260
27619
27261
27620
27262
27621
27263
27622
27264
27623
27265
27624
27266
27625
27267
27626
27268
27627
27269
27628
27270
27629
27271
27630
27272
27631
27273
27632
27274
27633
27275
27634
27276
27635
27277
27636
27278
27637
27279
27638
27280
27639
27281
27640
27282
27641
27283
27642
27284
27643
27285
27644
27286
27645
27287
27646
27288
27647
27289
27648
27290
27649
27291
27650
27292
27651
27293
27652
27294
27653
27295
27654
27296
27655
27297
27656
27298
27657
27299
27658
27300
27659
27301
27660
27302
27661
27303
27662
27304
27663
27305
27664
27306
27665
27307
27666
27308
27667
27309
27668
27310
27669
27311
27670
27312
27671
27313
27672
27314
27673
27315
27674
27316
27675
27317
27676
27318
27677
27319
27678
27320
27679
27321
27680
27322
27681
27323
27682
27324
27683
27325
27684
27326
27685
27327
27686
27328
27687
27329
27688
27330
27689
27331
27690
27332
27691
27333
27692
27334
27693
27335
27694
27336
27695
27337
27696
27338
27697
27339
27698
27340
27699
27341
27700
27342
27701
27343
27702
27344
27703
27345
27704
27346
27705
27347
27706
27348
27707
27349
27708
27350
27709
27351
27710
27352
27711
27353
27712
27354
27713
27355
27714
27356
27715
27357
27716
27358
27717
27359
27718
27719
27361
27720
27362
27721
27363
27722
27364
27723
27365
27724
27366
27725
27367
27726
27368
27727
27369
27728
27370
27729
27371
27730
27372
27731
27373
27732
27374
27733
27375
27734
27376
27735
27377
27736
27378
27737
27379
27738
27380
27739
27381
27740
27382
27741
27383
27742
27384
27743
27385
27744
27386
27745
27387
27746
27388
27747
27389
27748
27390
27749
27391
27750
27392
27751
27393
27752
27394
27753
27395
27754
27396
27755
27397
27756
27398
27757
27399
27758
27400
27759
27401
27760
27402
27761
27403
27762
27404
27763
27405
27764
27406
27765
27407
27766
27408
27767
27409
27768
27410
27769
27411
27770
27412
27771
27413
27772
27414
27773
27415
27774
27416
27775
27417
27776
27418
27777
27419
27778
27420
27779
27421
27780
27422
27781
27423
27782
27424
27783
27425
27784
27426
27785
27427
27786
27428
27787
27429
27788
27430
27789
27431
27790
27432
27791
27433
27792
27434
27793
27435
27794
27436
27795
27437
27796
27438
27797
27439
27798
27440
27799
27441
27800
27442
27801
27443
27802
27444
27803
27445
27804
27446
27805
27447
27806
27448
27807
27449
27808
27450
27809
27451
27810
27452
27811
27453
27812
27454
27813
27455
27814
27456
27815
27457
27816
27458
27817
27459
27818
27460
27819
27461
27820
27462
27821
27463
27822
27464
27823
27465
27824
27466
27825
27467
27826
27468
27827
27469
27828
27470
27829
27471
27830
27472
27831
27473
27832
27474
27833
27475
27834
27476
27835
27477
27836
27478
27837
27479
27838
27480
27839
27481
27840
27482
27841
27483
27842
27484
27843
27485
27844
27486
27845
27487
27846
27488
27847
27489
27848
27490
27849
27491
27850
27492
27851
27493
27852
27494
27853
27495
27854
27496
27855
27497
27856
27498
27857
27499
27858
27500
27859
27501
27860
27502
27861
27503
27862
27504
27863
27505
27864
27506
27865
27507
27866
27508
27867
27509
27868
27510
27869
27511
27870
27512
27871
27513
27872
27514
27873
27515
27874
27516
27875
27517
27876
27518
27877
27519
27878
27520
27879
27521
27880
27522
27881
27523
27882
27524
27883
27525
27884
27526
27885
27527
27886
27528
27887
27529
27888
27530
27889
27531
27890
27532
27891
27533
27892
27534
27893
27535
27894
27536
27895
27537
27896
27538
27897
27539
27898
27540
27899
27541
27900
27542
27901
27543
27902
27544
27903
27545
27904
27546
27905
27547
27906
27548
27907
27549
27908
27550
27909
27551
27910
27552
27911
27553
27912
27554
27913
27555
27914
27556
27915
27557
27916
27558
27917
27559
27918
27560
27919
27561
27920
27562
27921
27563
27922
27564
27923
27565
27924
27566
27925
27567
27926
27568
27927
27569
27928
27570
27929
27571
27930
27572
27931
27573
27932
27574
27933
27575
27934
27576
27935
27577
27936
27578
27937
27579
27938
27580
27939
27581
27940
27582
27941
27583
27942
27584
27943
27585
27944
27586
27945
27587
27946
27588
27947
27589
27948
27590
27949
27591
27950
27592
27951
27593
27952
27594
27953
27595
27954
27596
27955
27597
27956
27598
27957
27599
27958
27600
27959
27601
27960
27602
27961
27603
27962
27604
27963
27605
27964
27606
27965
27607
27966
27608
27967
27609
27968
27610
27969
27611
27970
27612
27971
27613
27972
27614
27973
27615
27974
27616
27975
27617
27976
27618
27977
27619
27978
27620
27979
27621
27980
27622
27981
27623
27982
27624
27983
27625
27984
27626
27985
27627
27986
27628
27987
27629
27988
27630
27989
27631
27990
27632
27991
27633
27992
27634
27993
27635
27994
27636
27995
27637
27996
27638
27997
27639
27998
27640
27999
27641
28000
27642
28001
27643
28002
27644
28003
27645
28004
27646
28005
27647
28006
27648
28007
27649
28008
27650
28009
27651
28010
27652
28011
27653
28012
27654
28013
27655
28014
27656
28015
27657
28016
27658
28017
27659
28018
27660
28019
27661
28020
27662
28021
27663
28022
27664
28023
27665
28024
27666
28025
27667
28026
27668
28027
27669
28028
27670
28029
27671
28030
27672
28031
27673
28032
27674
28033
27675
28034
27676
28035
27677
28036
27678
28037
27679
28038
27680
28039
27681
28040
27682
28041
27683
28042
27684
28043
27685
28044
27686
28045
27687
28046
27688
28047
27689
28048
27690
28049
27691
28050
27692
28051
27693
28052
27694
28053
27695
28054
27696
28055
27697
28056
27698
28057
27699
28058
27700
28059
27701
28060
27702
28061
27703
28062
27704
28063
27705
28064
27706
28065
27707
28066
27708
28067
27709
28068
27710
28069
27711
28070
27712
28071
27713
28072
27714
28073
27715
28074
27716
28075
27717
28076
27718
28077
27719
28078
28079
27721
28080
27722
28081
27723
28082
27724
28083
27725
28084
27726
28085
27727
28086
27728
28087
27729
28088
27730
28089
27731
28090
27732
28091
27733
28092
27734
28093
27735
28094
27736
28095
27737
28096
27738
28097
27739
28098
27740
28099
27741
28100
27742
28101
27743
28102
27744
28103
27745
28104
27746
28105
27747
28106
27748
28107
27749
28108
27750
28109
27751
28110
27752
28111
27753
28112
27754
28113
27755
28114
27756
28115
27757
28116
27758
28117
27759
28118
27760
28119
27761
28120
27762
28121
27763
28122
27764
28123
27765
28124
27766
28125
27767
28126
27768
28127
27769
28128
27770
28129
27771
28130
27772
28131
27773
28132
27774
28133
27775
28134
27776
28135
27777
28136
27778
28137
27779
28138
27780
28139
27781
28140
27782
28141
27783
28142
27784
28143
27785
28144
27786
28145
27787
28146
27788
28147
27789
28148
27790
28149
27791
28150
27792
28151
27793
28152
27794
28153
27795
28154
27796
28155
27797
28156
27798
28157
27799
28158
27800
28159
27801
28160
27802
28161
27803
28162
27804
28163
27805
28164
27806
28165
27807
28166
27808
28167
27809
28168
27810
28169
27811
28170
27812
28171
27813
28172
27814
28173
27815
28174
27816
28175
27817
28176
27818
28177
27819
28178
27820
28179
27821
28180
27822
28181
27823
28182
27824
28183
27825
28184
27826
28185
27827
28186
27828
28187
27829
28188
27830
28189
27831
28190
27832
28191
27833
28192
27834
28193
27835
28194
27836
28195
27837
28196
27838
28197
27839
28198
27840
28199
27841
28200
27842
28201
27843
28202
27844
28203
27845
28204
27846
28205
27847
28206
27848
28207
27849
28208
27850
28209
27851
28210
27852
28211
27853
28212
27854
28213
27855
28214
27856
28215
27857
28216
27858
28217
27859
28218
27860
28219
27861
28220
27862
28221
27863
28222
27864
28223
27865
28224
27866
28225
27867
28226
27868
28227
27869
28228
27870
28229
27871
28230
27872
28231
27873
28232
27874
28233
27875
28234
27876
28235
27877
28236
27878
28237
27879
28238
27880
28239
27881
28240
27882
28241
27883
28242
27884
28243
27885
28244
27886
28245
27887
28246
27888
28247
27889
28248
27890
28249
27891
28250
27892
28251
27893
28252
27894
28253
27895
28254
27896
28255
27897
28256
27898
28257
27899
28258
27900
28259
27901
28260
27902
28261
27903
28262
27904
28263
27905
28264
27906
28265
27907
28266
27908
28267
27909
28268
27910
28269
27911
28270
27912
28271
27913
28272
27914
28273
27915
28274
27916
28275
27917
28276
27918
28277
27919
28278
27920
28279
27921
28280
27922
28281
27923
28282
27924
28283
27925
28284
27926
28285
27927
28286
27928
28287
27929
28288
27930
28289
27931
28290
27932
28291
27933
28292
27934
28293
27935
28294
27936
28295
27937
28296
27938
28297
27939
28298
27940
28299
27941
28300
27942
28301
27943
28302
27944
28303
27945
28304
27946
28305
27947
28306
27948
28307
27949
28308
27950
28309
27951
28310
27952
28311
27953
28312
27954
28313
27955
28314
27956
28315
27957
28316
27958
28317
27959
28318
27960
28319
27961
28320
27962
28321
27963
28322
27964
28323
27965
28324
27966
28325
27967
28326
27968
28327
27969
28328
27970
28329
27971
28330
27972
28331
27973
28332
27974
28333
27975
28334
27976
28335
27977
28336
27978
28337
27979
28338
27980
28339
27981
28340
27982
28341
27983
28342
27984
28343
27985
28344
27986
28345
27987
28346
27988
28347
27989
28348
27990
28349
27991
28350
27992
28351
27993
28352
27994
28353
27995
28354
27996
28355
27997
28356
27998
28357
27999
28358
28000
28359
28001
28360
28002
28361
28003
28362
28004
28363
28005
28364
28006
28365
28007
28366
28008
28367
28009
28368
28010
28369
28011
28370
28012
28371
28013
28372
28014
28373
28015
28374
28016
28375
28017
28376
28018
28377
28019
28378
28020
28379
28021
28380
28022
28381
28023
28382
28024
28383
28025
28384
28026
28385
28027
28386
28028
28387
28029
28388
28030
28389
28031
28390
28032
28391
28033
28392
28034
28393
28035
28394
28036
28395
28037
28396
28038
28397
28039
28398
28040
28399
28041
28400
28042
28401
28043
28402
28044
28403
28045
28404
28046
28405
28047
28406
28048
28407
28049
28408
28050
28409
28051
28410
28052
28411
28053
28412
28054
28413
28055
28414
28056
28415
28057
28416
28058
28417
28059
28418
28060
28419
28061
28420
28062
28421
28063
28422
28064
28423
28065
28424
28066
28425
28067
28426
28068
28427
28069
28428
28070
28429
28071
28430
28072
28431
28073
28432
28074
28433
28075
28434
28076
28435
28077
28436
28078
28437
28079
28438
28439
28081
28440
28082
28441
28083
28442
28084
28443
28085
28444
28086
28445
28087
28446
28088
28447
28089
28448
28090
28449
28091
28450
28092
28451
28093
28452
28094
28453
28095
28454
28096
28455
28097
28456
28098
28457
28099
28458
28100
28459
28101
28460
28102
28461
28103
28462
28104
28463
28105
28464
28106
28465
28107
28466
28108
28467
28109
28468
28110
28469
28111
28470
28112
28471
28113
28472
28114
28473
28115
28474
28116
28475
28117
28476
28118
28477
28119
28478
28120
28479
28121
28480
28122
28481
28123
28482
28124
28483
28125
28484
28126
28485
28127
28486
28128
28487
28129
28488
28130
28489
28131
28490
28132
28491
28133
28492
28134
28493
28135
28494
28136
28495
28137
28496
28138
28497
28139
28498
28140
28499
28141
28500
28142
28501
28143
28502
28144
28503
28145
28504
28146
28505
28147
28506
28148
28507
28149
28508
28150
28509
28151
28510
28152
28511
28153
28512
28154
28513
28155
28514
28156
28515
28157
28516
28158
28517
28159
28518
28160
28519
28161
28520
28162
28521
28163
28522
28164
28523
28165
28524
28166
28525
28167
28526
28168
28527
28169
28528
28170
28529
28171
28530
28172
28531
28173
28532
28174
28533
28175
28534
28176
28535
28177
28536
28178
28537
28179
28538
28180
28539
28181
28540
28182
28541
28183
28542
28184
28543
28185
28544
28186
28545
28187
28546
28188
28547
28189
28548
28190
28549
28191
28550
28192
28551
28193
28552
28194
28553
28195
28554
28196
28555
28197
28556
28198
28557
28199
28558
28200
28559
28201
28560
28202
28561
28203
28562
28204
28563
28205
28564
28206
28565
28207
28566
28208
28567
28209
28568
28210
28569
28211
28570
28212
28571
28213
28572
28214
28573
28215
28574
28216
28575
28217
28576
28218
28577
28219
28578
28220
28579
28221
28580
28222
28581
28223
28582
28224
28583
28225
28584
28226
28585
28227
28586
28228
28587
28229
28588
28230
28589
28231
28590
28232
28591
28233
28592
28234
28593
28235
28594
28236
28595
28237
28596
28238
28597
28239
28598
28240
28599
28241
28600
28242
28601
28243
28602
28244
28603
28245
28604
28246
28605
28247
28606
28248
28607
28249
28608
28250
28609
28251
28610
28252
28611
28253
28612
28254
28613
28255
28614
28256
28615
28257
28616
28258
28617
28259
28618
28260
28619
28261
28620
28262
28621
28263
28622
28264
28623
28265
28624
28266
28625
28267
28626
28268
28627
28269
28628
28270
28629
28271
28630
28272
28631
28273
28632
28274
28633
28275
28634
28276
28635
28277
28636
28278
28637
28279
28638
28280
28639
28281
28640
28282
28641
28283
28642
28284
28643
28285
28644
28286
28645
28287
28646
28288
28647
28289
28648
28290
28649
28291
28650
28292
28651
28293
28652
28294
28653
28295
28654
28296
28655
28297
28656
28298
28657
28299
28658
28300
28659
28301
28660
28302
28661
28303
28662
28304
28663
28305
28664
28306
28665
28307
28666
28308
28667
28309
28668
28310
28669
28311
28670
28312
28671
28313
28672
28314
28673
28315
28674
28316
28675
28317
28676
28318
28677
28319
28678
28320
28679
28321
28680
28322
28681
28323
28682
28324
28683
28325
28684
28326
28685
28327
28686
28328
28687
28329
28688
28330
28689
28331
28690
28332
28691
28333
28692
28334
28693
28335
28694
28336
28695
28337
28696
28338
28697
28339
28698
28340
28699
28341
28700
28342
28701
28343
28702
28344
28703
28345
28704
28346
28705
28347
28706
28348
28707
28349
28708
28350
28709
28351
28710
28352
28711
28353
28712
28354
28713
28355
28714
28356
28715
28357
28716
28358
28717
28359
28718
28360
28719
28361
28720
28362
28721
28363
28722
28364
28723
28365
28724
28366
28725
28367
28726
28368
28727
28369
28728
28370
28729
28371
28730
28372
28731
28373
28732
28374
28733
28375
28734
28376
28735
28377
28736
28378
28737
28379
28738
28380
28739
28381
28740
28382
28741
28383
28742
28384
28743
28385
28744
28386
28745
28387
28746
28388
28747
28389
28748
28390
28749
28391
28750
28392
28751
28393
28752
28394
28753
28395
28754
28396
28755
28397
28756
28398
28757
28399
28758
28400
28759
28401
28760
28402
28761
28403
28762
28404
28763
28405
28764
28406
28765
28407
28766
28408
28767
28409
28768
28410
28769
28411
28770
28412
28771
28413
28772
28414
28773
28415
28774
28416
28775
28417
28776
28418
28777
28419
28778
28420
28779
28421
28780
28422
28781
28423
28782
28424
28783
28425
28784
28426
28785
28427
28786
28428
28787
28429
28788
28430
28789
28431
28790
28432
28791
28433
28792
28434
28793
28435
28794
28436
28795
28437
28796
28438
28797
28439
28798
28799
28441
28800
28442
28801
28443
28802
28444
28803
28445
28804
28446
28805
28447
28806
28448
28807
28449
28808
28450
28809
28451
28810
28452
28811
28453
28812
28454
28813
28455
28814
28456
28815
28457
28816
28458
28817
28459
28818
28460
28819
28461
28820
28462
28821
28463
28822
28464
28823
28465
28824
28466
28825
28467
28826
28468
28827
28469
28828
28470
28829
28471
28830
28472
28831
28473
28832
28474
28833
28475
28834
28476
28835
28477
28836
28478
28837
28479
28838
28480
28839
28481
28840
28482
28841
28483
28842
28484
28843
28485
28844
28486
28845
28487
28846
28488
28847
28489
28848
28490
28849
28491
28850
28492
28851
28493
28852
28494
28853
28495
28854
28496
28855
28497
28856
28498
28857
28499
28858
28500
28859
28501
28860
28502
28861
28503
28862
28504
28863
28505
28864
28506
28865
28507
28866
28508
28867
28509
28868
28510
28869
28511
28870
28512
28871
28513
28872
28514
28873
28515
28874
28516
28875
28517
28876
28518
28877
28519
28878
28520
28879
28521
28880
28522
28881
28523
28882
28524
28883
28525
28884
28526
28885
28527
28886
28528
28887
28529
28888
28530
28889
28531
28890
28532
28891
28533
28892
28534
28893
28535
28894
28536
28895
28537
28896
28538
28897
28539
28898
28540
28899
28541
28900
28542
28901
28543
28902
28544
28903
28545
28904
28546
28905
28547
28906
28548
28907
28549
28908
28550
28909
28551
28910
28552
28911
28553
28912
28554
28913
28555
28914
28556
28915
28557
28916
28558
28917
28559
28918
28560
28919
28561
28920
28562
28921
28563
28922
28564
28923
28565
28924
28566
28925
28567
28926
28568
28927
28569
28928
28570
28929
28571
28930
28572
28931
28573
28932
28574
28933
28575
28934
28576
28935
28577
28936
28578
28937
28579
28938
28580
28939
28581
28940
28582
28941
28583
28942
28584
28943
28585
28944
28586
28945
28587
28946
28588
28947
28589
28948
28590
28949
28591
28950
28592
28951
28593
28952
28594
28953
28595
28954
28596
28955
28597
28956
28598
28957
28599
28958
28600
28959
28601
28960
28602
28961
28603
28962
28604
28963
28605
28964
28606
28965
28607
28966
28608
28967
28609
28968
28610
28969
28611
28970
28612
28971
28613
28972
28614
28973
28615
28974
28616
28975
28617
28976
28618
28977
28619
28978
28620
28979
28621
28980
28622
28981
28623
28982
28624
28983
28625
28984
28626
28985
28627
28986
28628
28987
28629
28988
28630
28989
28631
28990
28632
28991
28633
28992
28634
28993
28635
28994
28636
28995
28637
28996
28638
28997
28639
28998
28640
28999
28641
29000
28642
29001
28643
29002
28644
29003
28645
29004
28646
29005
28647
29006
28648
29007
28649
29008
28650
29009
28651
29010
28652
29011
28653
29012
28654
29013
28655
29014
28656
29015
28657
29016
28658
29017
28659
29018
28660
29019
28661
29020
28662
29021
28663
29022
28664
29023
28665
29024
28666
29025
28667
29026
28668
29027
28669
29028
28670
29029
28671
29030
28672
29031
28673
29032
28674
29033
28675
29034
28676
29035
28677
29036
28678
29037
28679
29038
28680
29039
28681
29040
28682
29041
28683
29042
28684
29043
28685
29044
28686
29045
28687
29046
28688
29047
28689
29048
28690
29049
28691
29050
28692
29051
28693
29052
28694
29053
28695
29054
28696
29055
28697
29056
28698
29057
28699
29058
28700
29059
28701
29060
28702
29061
28703
29062
28704
29063
28705
29064
28706
29065
28707
29066
28708
29067
28709
29068
28710
29069
28711
29070
28712
29071
28713
29072
28714
29073
28715
29074
28716
29075
28717
29076
28718
29077
28719
29078
28720
29079
28721
29080
28722
29081
28723
29082
28724
29083
28725
29084
28726
29085
28727
29086
28728
29087
28729
29088
28730
29089
28731
29090
28732
29091
28733
29092
28734
29093
28735
29094
28736
29095
28737
29096
28738
29097
28739
29098
28740
29099
28741
29100
28742
29101
28743
29102
28744
29103
28745
29104
28746
29105
28747
29106
28748
29107
28749
29108
28750
29109
28751
29110
28752
29111
28753
29112
28754
29113
28755
29114
28756
29115
28757
29116
28758
29117
28759
29118
28760
29119
28761
29120
28762
29121
28763
29122
28764
29123
28765
29124
28766
29125
28767
29126
28768
29127
28769
29128
28770
29129
28771
29130
28772
29131
28773
29132
28774
29133
28775
29134
28776
29135
28777
29136
28778
29137
28779
29138
28780
29139
28781
29140
28782
29141
28783
29142
28784
29143
28785
29144
28786
29145
28787
29146
28788
29147
28789
29148
28790
29149
28791
29150
28792
29151
28793
29152
28794
29153
28795
29154
28796
29155
28797
29156
28798
29157
28799
29158
29159
28801
29160
28802
29161
28803
29162
28804
29163
28805
29164
28806
29165
28807
29166
28808
29167
28809
29168
28810
29169
28811
29170
28812
29171
28813
29172
28814
29173
28815
29174
28816
29175
28817
29176
28818
29177
28819
29178
28820
29179
28821
29180
28822
29181
28823
29182
28824
29183
28825
29184
28826
29185
28827
29186
28828
29187
28829
29188
28830
29189
28831
29190
28832
29191
28833
29192
28834
29193
28835
29194
28836
29195
28837
29196
28838
29197
28839
29198
28840
29199
28841
29200
28842
29201
28843
29202
28844
29203
28845
29204
28846
29205
28847
29206
28848
29207
28849
29208
28850
29209
28851
29210
28852
29211
28853
29212
28854
29213
28855
29214
28856
29215
28857
29216
28858
29217
28859
29218
28860
29219
28861
29220
28862
29221
28863
29222
28864
29223
28865
29224
28866
29225
28867
29226
28868
29227
28869
29228
28870
29229
28871
29230
28872
29231
28873
29232
28874
29233
28875
29234
28876
29235
28877
29236
28878
29237
28879
29238
28880
29239
28881
29240
28882
29241
28883
29242
28884
29243
28885
29244
28886
29245
28887
29246
28888
29247
28889
29248
28890
29249
28891
29250
28892
29251
28893
29252
28894
29253
28895
29254
28896
29255
28897
29256
28898
29257
28899
29258
28900
29259
28901
29260
28902
29261
28903
29262
28904
29263
28905
29264
28906
29265
28907
29266
28908
29267
28909
29268
28910
29269
28911
29270
28912
29271
28913
29272
28914
29273
28915
29274
28916
29275
28917
29276
28918
29277
28919
29278
28920
29279
28921
29280
28922
29281
28923
29282
28924
29283
28925
29284
28926
29285
28927
29286
28928
29287
28929
29288
28930
29289
28931
29290
28932
29291
28933
29292
28934
29293
28935
29294
28936
29295
28937
29296
28938
29297
28939
29298
28940
29299
28941
29300
28942
29301
28943
29302
28944
29303
28945
29304
28946
29305
28947
29306
28948
29307
28949
29308
28950
29309
28951
29310
28952
29311
28953
29312
28954
29313
28955
29314
28956
29315
28957
29316
28958
29317
28959
29318
28960
29319
28961
29320
28962
29321
28963
29322
28964
29323
28965
29324
28966
29325
28967
29326
28968
29327
28969
29328
28970
29329
28971
29330
28972
29331
28973
29332
28974
29333
28975
29334
28976
29335
28977
29336
28978
29337
28979
29338
28980
29339
28981
29340
28982
29341
28983
29342
28984
29343
28985
29344
28986
29345
28987
29346
28988
29347
28989
29348
28990
29349
28991
29350
28992
29351
28993
29352
28994
29353
28995
29354
28996
29355
28997
29356
28998
29357
28999
29358
29000
29359
29001
29360
29002
29361
29003
29362
29004
29363
29005
29364
29006
29365
29007
29366
29008
29367
29009
29368
29010
29369
29011
29370
29012
29371
29013
29372
29014
29373
29015
29374
29016
29375
29017
29376
29018
29377
29019
29378
29020
29379
29021
29380
29022
29381
29023
29382
29024
29383
29025
29384
29026
29385
29027
29386
29028
29387
29029
29388
29030
29389
29031
29390
29032
29391
29033
29392
29034
29393
29035
29394
29036
29395
29037
29396
29038
29397
29039
29398
29040
29399
29041
29400
29042
29401
29043
29402
29044
29403
29045
29404
29046
29405
29047
29406
29048
29407
29049
29408
29050
29409
29051
29410
29052
29411
29053
29412
29054
29413
29055
29414
29056
29415
29057
29416
29058
29417
29059
29418
29060
29419
29061
29420
29062
29421
29063
29422
29064
29423
29065
29424
29066
29425
29067
29426
29068
29427
29069
29428
29070
29429
29071
29430
29072
29431
29073
29432
29074
29433
29075
29434
29076
29435
29077
29436
29078
29437
29079
29438
29080
29439
29081
29440
29082
29441
29083
29442
29084
29443
29085
29444
29086
29445
29087
29446
29088
29447
29089
29448
29090
29449
29091
29450
29092
29451
29093
29452
29094
29453
29095
29454
29096
29455
29097
29456
29098
29457
29099
29458
29100
29459
29101
29460
29102
29461
29103
29462
29104
29463
29105
29464
29106
29465
29107
29466
29108
29467
29109
29468
29110
29469
29111
29470
29112
29471
29113
29472
29114
29473
29115
29474
29116
29475
29117
29476
29118
29477
29119
29478
29120
29479
29121
29480
29122
29481
29123
29482
29124
29483
29125
29484
29126
29485
29127
29486
29128
29487
29129
29488
29130
29489
29131
29490
29132
29491
29133
29492
29134
29493
29135
29494
29136
29495
29137
29496
29138
29497
29139
29498
29140
29499
29141
29500
29142
29501
29143
29502
29144
29503
29145
29504
29146
29505
29147
29506
29148
29507
29149
29508
29150
29509
29151
29510
29152
29511
29153
29512
29154
29513
29155
29514
29156
29515
29157
29516
29158
29517
29159
29518
29519
29161
29520
29162
29521
29163
29522
29164
29523
29165
29524
29166
29525
29167
29526
29168
29527
29169
29528
29170
29529
29171
29530
29172
29531
29173
29532
29174
29533
29175
29534
29176
29535
29177
29536
29178
29537
29179
29538
29180
29539
29181
29540
29182
29541
29183
29542
29184
29543
29185
29544
29186
29545
29187
29546
29188
29547
29189
29548
29190
29549
29191
29550
29192
29551
29193
29552
29194
29553
29195
29554
29196
29555
29197
29556
29198
29557
29199
29558
29200
29559
29201
29560
29202
29561
29203
29562
29204
29563
29205
29564
29206
29565
29207
29566
29208
29567
29209
29568
29210
29569
29211
29570
29212
29571
29213
29572
29214
29573
29215
29574
29216
29575
29217
29576
29218
29577
29219
29578
29220
29579
29221
29580
29222
29581
29223
29582
29224
29583
29225
29584
29226
29585
29227
29586
29228
29587
29229
29588
29230
29589
29231
29590
29232
29591
29233
29592
29234
29593
29235
29594
29236
29595
29237
29596
29238
29597
29239
29598
29240
29599
29241
29600
29242
29601
29243
29602
29244
29603
29245
29604
29246
29605
29247
29606
29248
29607
29249
29608
29250
29609
29251
29610
29252
29611
29253
29612
29254
29613
29255
29614
29256
29615
29257
29616
29258
29617
29259
29618
29260
29619
29261
29620
29262
29621
29263
29622
29264
29623
29265
29624
29266
29625
29267
29626
29268
29627
29269
29628
29270
29629
29271
29630
29272
29631
29273
29632
29274
29633
29275
29634
29276
29635
29277
29636
29278
29637
29279
29638
29280
29639
29281
29640
29282
29641
29283
29642
29284
29643
29285
29644
29286
29645
29287
29646
29288
29647
29289
29648
29290
29649
29291
29650
29292
29651
29293
29652
29294
29653
29295
29654
29296
29655
29297
29656
29298
29657
29299
29658
29300
29659
29301
29660
29302
29661
29303
29662
29304
29663
29305
29664
29306
29665
29307
29666
29308
29667
29309
29668
29310
29669
29311
29670
29312
29671
29313
29672
29314
29673
29315
29674
29316
29675
29317
29676
29318
29677
29319
29678
29320
29679
29321
29680
29322
29681
29323
29682
29324
29683
29325
29684
29326
29685
29327
29686
29328
29687
29329
29688
29330
29689
29331
29690
29332
29691
29333
29692
29334
29693
29335
29694
29336
29695
29337
29696
29338
29697
29339
29698
29340
29699
29341
29700
29342
29701
29343
29702
29344
29703
29345
29704
29346
29705
29347
29706
29348
29707
29349
29708
29350
29709
29351
29710
29352
29711
29353
29712
29354
29713
29355
29714
29356
29715
29357
29716
29358
29717
29359
29718
29360
29719
29361
29720
29362
29721
29363
29722
29364
29723
29365
29724
29366
29725
29367
29726
29368
29727
29369
29728
29370
29729
29371
29730
29372
29731
29373
29732
29374
29733
29375
29734
29376
29735
29377
29736
29378
29737
29379
29738
29380
29739
29381
29740
29382
29741
29383
29742
29384
29743
29385
29744
29386
29745
29387
29746
29388
29747
29389
29748
29390
29749
29391
29750
29392
29751
29393
29752
29394
29753
29395
29754
29396
29755
29397
29756
29398
29757
29399
29758
29400
29759
29401
29760
29402
29761
29403
29762
29404
29763
29405
29764
29406
29765
29407
29766
29408
29767
29409
29768
29410
29769
29411
29770
29412
29771
29413
29772
29414
29773
29415
29774
29416
29775
29417
29776
29418
29777
29419
29778
29420
29779
29421
29780
29422
29781
29423
29782
29424
29783
29425
29784
29426
29785
29427
29786
29428
29787
29429
29788
29430
29789
29431
29790
29432
29791
29433
29792
29434
29793
29435
29794
29436
29795
29437
29796
29438
29797
29439
29798
29440
29799
29441
29800
29442
29801
29443
29802
29444
29803
29445
29804
29446
29805
29447
29806
29448
29807
29449
29808
29450
29809
29451
29810
29452
29811
29453
29812
29454
29813
29455
29814
29456
29815
29457
29816
29458
29817
29459
29818
29460
29819
29461
29820
29462
29821
29463
29822
29464
29823
29465
29824
29466
29825
29467
29826
29468
29827
29469
29828
29470
29829
29471
29830
29472
29831
29473
29832
29474
29833
29475
29834
29476
29835
29477
29836
29478
29837
29479
29838
29480
29839
29481
29840
29482
29841
29483
29842
29484
29843
29485
29844
29486
29845
29487
29846
29488
29847
29489
29848
29490
29849
29491
29850
29492
29851
29493
29852
29494
29853
29495
29854
29496
29855
29497
29856
29498
29857
29499
29858
29500
29859
29501
29860
29502
29861
29503
29862
29504
29863
29505
29864
29506
29865
29507
29866
29508
29867
29509
29868
29510
29869
29511
29870
29512
29871
29513
29872
29514
29873
29515
29874
29516
29875
29517
29876
29518
29877
29519
29878
29879
29521
29880
29522
29881
29523
29882
29524
29883
29525
29884
29526
29885
29527
29886
29528
29887
29529
29888
29530
29889
29531
29890
29532
29891
29533
29892
29534
29893
29535
29894
29536
29895
29537
29896
29538
29897
29539
29898
29540
29899
29541
29900
29542
29901
29543
29902
29544
29903
29545
29904
29546
29905
29547
29906
29548
29907
29549
29908
29550
29909
29551
29910
29552
29911
29553
29912
29554
29913
29555
29914
29556
29915
29557
29916
29558
29917
29559
29918
29560
29919
29561
29920
29562
29921
29563
29922
29564
29923
29565
29924
29566
29925
29567
29926
29568
29927
29569
29928
29570
29929
29571
29930
29572
29931
29573
29932
29574
29933
29575
29934
29576
29935
29577
29936
29578
29937
29579
29938
29580
29939
29581
29940
29582
29941
29583
29942
29584
29943
29585
29944
29586
29945
29587
29946
29588
29947
29589
29948
29590
29949
29591
29950
29592
29951
29593
29952
29594
29953
29595
29954
29596
29955
29597
29956
29598
29957
29599
29958
29600
29959
29601
29960
29602
29961
29603
29962
29604
29963
29605
29964
29606
29965
29607
29966
29608
29967
29609
29968
29610
29969
29611
29970
29612
29971
29613
29972
29614
29973
29615
29974
29616
29975
29617
29976
29618
29977
29619
29978
29620
29979
29621
29980
29622
29981
29623
29982
29624
29983
29625
29984
29626
29985
29627
29986
29628
29987
29629
29988
29630
29989
29631
29990
29632
29991
29633
29992
29634
29993
29635
29994
29636
29995
29637
29996
29638
29997
29639
29998
29640
29999
29641
30000
29642
30001
29643
30002
29644
30003
29645
30004
29646
30005
29647
30006
29648
30007
29649
30008
29650
30009
29651
30010
29652
30011
29653
30012
29654
30013
29655
30014
29656
30015
29657
30016
29658
30017
29659
30018
29660
30019
29661
30020
29662
30021
29663
30022
29664
30023
29665
30024
29666
30025
29667
30026
29668
30027
29669
30028
29670
30029
29671
30030
29672
30031
29673
30032
29674
30033
29675
30034
29676
30035
29677
30036
29678
30037
29679
30038
29680
30039
29681
30040
29682
30041
29683
30042
29684
30043
29685
30044
29686
30045
29687
30046
29688
30047
29689
30048
29690
30049
29691
30050
29692
30051
29693
30052
29694
30053
29695
30054
29696
30055
29697
30056
29698
30057
29699
30058
29700
30059
29701
30060
29702
30061
29703
30062
29704
30063
29705
30064
29706
30065
29707
30066
29708
30067
29709
30068
29710
30069
29711
30070
29712
30071
29713
30072
29714
30073
29715
30074
29716
30075
29717
30076
29718
30077
29719
30078
29720
30079
29721
30080
29722
30081
29723
30082
29724
30083
29725
30084
29726
30085
29727
30086
29728
30087
29729
30088
29730
30089
29731
30090
29732
30091
29733
30092
29734
30093
29735
30094
29736
30095
29737
30096
29738
30097
29739
30098
29740
30099
29741
30100
29742
30101
29743
30102
29744
30103
29745
30104
29746
30105
29747
30106
29748
30107
29749
30108
29750
30109
29751
30110
29752
30111
29753
30112
29754
30113
29755
30114
29756
30115
29757
30116
29758
30117
29759
30118
29760
30119
29761
30120
29762
30121
29763
30122
29764
30123
29765
30124
29766
30125
29767
30126
29768
30127
29769
30128
29770
30129
29771
30130
29772
30131
29773
30132
29774
30133
29775
30134
29776
30135
29777
30136
29778
30137
29779
30138
29780
30139
29781
30140
29782
30141
29783
30142
29784
30143
29785
30144
29786
30145
29787
30146
29788
30147
29789
30148
29790
30149
29791
30150
29792
30151
29793
30152
29794
30153
29795
30154
29796
30155
29797
30156
29798
30157
29799
30158
29800
30159
29801
30160
29802
30161
29803
30162
29804
30163
29805
30164
29806
30165
29807
30166
29808
30167
29809
30168
29810
30169
29811
30170
29812
30171
29813
30172
29814
30173
29815
30174
29816
30175
29817
30176
29818
30177
29819
30178
29820
30179
29821
30180
29822
30181
29823
30182
29824
30183
29825
30184
29826
30185
29827
30186
29828
30187
29829
30188
29830
30189
29831
30190
29832
30191
29833
30192
29834
30193
29835
30194
29836
30195
29837
30196
29838
30197
29839
30198
29840
30199
29841
30200
29842
30201
29843
30202
29844
30203
29845
30204
29846
30205
29847
30206
29848
30207
29849
30208
29850
30209
29851
30210
29852
30211
29853
30212
29854
30213
29855
30214
29856
30215
29857
30216
29858
30217
29859
30218
29860
30219
29861
30220
29862
30221
29863
30222
29864
30223
29865
30224
29866
30225
29867
30226
29868
30227
29869
30228
29870
30229
29871
30230
29872
30231
29873
30232
29874
30233
29875
30234
29876
30235
29877
30236
29878
30237
29879
30238
30239
29881
30240
29882
30241
29883
30242
29884
30243
29885
30244
29886
30245
29887
30246
29888
30247
29889
30248
29890
30249
29891
30250
29892
30251
29893
30252
29894
30253
29895
30254
29896
30255
29897
30256
29898
30257
29899
30258
29900
30259
29901
30260
29902
30261
29903
30262
29904
30263
29905
30264
29906
30265
29907
30266
29908
30267
29909
30268
29910
30269
29911
30270
29912
30271
29913
30272
29914
30273
29915
30274
29916
30275
29917
30276
29918
30277
29919
30278
29920
30279
29921
30280
29922
30281
29923
30282
29924
30283
29925
30284
29926
30285
29927
30286
29928
30287
29929
30288
29930
30289
29931
30290
29932
30291
29933
30292
29934
30293
29935
30294
29936
30295
29937
30296
29938
30297
29939
30298
29940
30299
29941
30300
29942
30301
29943
30302
29944
30303
29945
30304
29946
30305
29947
30306
29948
30307
29949
30308
29950
30309
29951
30310
29952
30311
29953
30312
29954
30313
29955
30314
29956
30315
29957
30316
29958
30317
29959
30318
29960
30319
29961
30320
29962
30321
29963
30322
29964
30323
29965
30324
29966
30325
29967
30326
29968
30327
29969
30328
29970
30329
29971
30330
29972
30331
29973
30332
29974
30333
29975
30334
29976
30335
29977
30336
29978
30337
29979
30338
29980
30339
29981
30340
29982
30341
29983
30342
29984
30343
29985
30344
29986
30345
29987
30346
29988
30347
29989
30348
29990
30349
29991
30350
29992
30351
29993
30352
29994
30353
29995
30354
29996
30355
29997
30356
29998
30357
29999
30358
30000
30359
30001
30360
30002
30361
30003
30362
30004
30363
30005
30364
30006
30365
30007
30366
30008
30367
30009
30368
30010
30369
30011
30370
30012
30371
30013
30372
30014
30373
30015
30374
30016
30375
30017
30376
30018
30377
30019
30378
30020
30379
30021
30380
30022
30381
30023
30382
30024
30383
30025
30384
30026
30385
30027
30386
30028
30387
30029
30388
30030
30389
30031
30390
30032
30391
30033
30392
30034
30393
30035
30394
30036
30395
30037
30396
30038
30397
30039
30398
30040
30399
30041
30400
30042
30401
30043
30402
30044
30403
30045
30404
30046
30405
30047
30406
30048
30407
30049
30408
30050
30409
30051
30410
30052
30411
30053
30412
30054
30413
30055
30414
30056
30415
30057
30416
30058
30417
30059
30418
30060
30419
30061
30420
30062
30421
30063
30422
30064
30423
30065
30424
30066
30425
30067
30426
30068
30427
30069
30428
30070
30429
30071
30430
30072
30431
30073
30432
30074
30433
30075
30434
30076
30435
30077
30436
30078
30437
30079
30438
30080
30439
30081
30440
30082
30441
30083
30442
30084
30443
30085
30444
30086
30445
30087
30446
30088
30447
30089
30448
30090
30449
30091
30450
30092
30451
30093
30452
30094
30453
30095
30454
30096
30455
30097
30456
30098
30457
30099
30458
30100
30459
30101
30460
30102
30461
30103
30462
30104
30463
30105
30464
30106
30465
30107
30466
30108
30467
30109
30468
30110
30469
30111
30470
30112
30471
30113
30472
30114
30473
30115
30474
30116
30475
30117
30476
30118
30477
30119
30478
30120
30479
30121
30480
30122
30481
30123
30482
30124
30483
30125
30484
30126
30485
30127
30486
30128
30487
30129
30488
30130
30489
30131
30490
30132
30491
30133
30492
30134
30493
30135
30494
30136
30495
30137
30496
30138
30497
30139
30498
30140
30499
30141
30500
30142
30501
30143
30502
30144
30503
30145
30504
30146
30505
30147
30506
30148
30507
30149
30508
30150
30509
30151
30510
30152
30511
30153
30512
30154
30513
30155
30514
30156
30515
30157
30516
30158
30517
30159
30518
30160
30519
30161
30520
30162
30521
30163
30522
30164
30523
30165
30524
30166
30525
30167
30526
30168
30527
30169
30528
30170
30529
30171
30530
30172
30531
30173
30532
30174
30533
30175
30534
30176
30535
30177
30536
30178
30537
30179
30538
30180
30539
30181
30540
30182
30541
30183
30542
30184
30543
30185
30544
30186
30545
30187
30546
30188
30547
30189
30548
30190
30549
30191
30550
30192
30551
30193
30552
30194
30553
30195
30554
30196
30555
30197
30556
30198
30557
30199
30558
30200
30559
30201
30560
30202
30561
30203
30562
30204
30563
30205
30564
30206
30565
30207
30566
30208
30567
30209
30568
30210
30569
30211
30570
30212
30571
30213
30572
30214
30573
30215
30574
30216
30575
30217
30576
30218
30577
30219
30578
30220
30579
30221
30580
30222
30581
30223
30582
30224
30583
30225
30584
30226
30585
30227
30586
30228
30587
30229
30588
30230
30589
30231
30590
30232
30591
30233
30592
30234
30593
30235
30594
30236
30595
30237
30596
30238
30597
30239
30598
30599
30241
30600
30242
30601
30243
30602
30244
30603
30245
30604
30246
30605
30247
30606
30248
30607
30249
30608
30250
30609
30251
30610
30252
30611
30253
30612
30254
30613
30255
30614
30256
30615
30257
30616
30258
30617
30259
30618
30260
30619
30261
30620
30262
30621
30263
30622
30264
30623
30265
30624
30266
30625
30267
30626
30268
30627
30269
30628
30270
30629
30271
30630
30272
30631
30273
30632
30274
30633
30275
30634
30276
30635
30277
30636
30278
30637
30279
30638
30280
30639
30281
30640
30282
30641
30283
30642
30284
30643
30285
30644
30286
30645
30287
30646
30288
30647
30289
30648
30290
30649
30291
30650
30292
30651
30293
30652
30294
30653
30295
30654
30296
30655
30297
30656
30298
30657
30299
30658
30300
30659
30301
30660
30302
30661
30303
30662
30304
30663
30305
30664
30306
30665
30307
30666
30308
30667
30309
30668
30310
30669
30311
30670
30312
30671
30313
30672
30314
30673
30315
30674
30316
30675
30317
30676
30318
30677
30319
30678
30320
30679
30321
30680
30322
30681
30323
30682
30324
30683
30325
30684
30326
30685
30327
30686
30328
30687
30329
30688
30330
30689
30331
30690
30332
30691
30333
30692
30334
30693
30335
30694
30336
30695
30337
30696
30338
30697
30339
30698
30340
30699
30341
30700
30342
30701
30343
30702
30344
30703
30345
30704
30346
30705
30347
30706
30348
30707
30349
30708
30350
30709
30351
30710
30352
30711
30353
30712
30354
30713
30355
30714
30356
30715
30357
30716
30358
30717
30359
30718
30360
30719
30361
30720
30362
30721
30363
30722
30364
30723
30365
30724
30366
30725
30367
30726
30368
30727
30369
30728
30370
30729
30371
30730
30372
30731
30373
30732
30374
30733
30375
30734
30376
30735
30377
30736
30378
30737
30379
30738
30380
30739
30381
30740
30382
30741
30383
30742
30384
30743
30385
30744
30386
30745
30387
30746
30388
30747
30389
30748
30390
30749
30391
30750
30392
30751
30393
30752
30394
30753
30395
30754
30396
30755
30397
30756
30398
30757
30399
30758
30400
30759
30401
30760
30402
30761
30403
30762
30404
30763
30405
30764
30406
30765
30407
30766
30408
30767
30409
30768
30410
30769
30411
30770
30412
30771
30413
30772
30414
30773
30415
30774
30416
30775
30417
30776
30418
30777
30419
30778
30420
30779
30421
30780
30422
30781
30423
30782
30424
30783
30425
30784
30426
30785
30427
30786
30428
30787
30429
30788
30430
30789
30431
30790
30432
30791
30433
30792
30434
30793
30435
30794
30436
30795
30437
30796
30438
30797
30439
30798
30440
30799
30441
30800
30442
30801
30443
30802
30444
30803
30445
30804
30446
30805
30447
30806
30448
30807
30449
30808
30450
30809
30451
30810
30452
30811
30453
30812
30454
30813
30455
30814
30456
30815
30457
30816
30458
30817
30459
30818
30460
30819
30461
30820
30462
30821
30463
30822
30464
30823
30465
30824
30466
30825
30467
30826
30468
30827
30469
30828
30470
30829
30471
30830
30472
30831
30473
30832
30474
30833
30475
30834
30476
30835
30477
30836
30478
30837
30479
30838
30480
30839
30481
30840
30482
30841
30483
30842
30484
30843
30485
30844
30486
30845
30487
30846
30488
30847
30489
30848
30490
30849
30491
30850
30492
30851
30493
30852
30494
30853
30495
30854
30496
30855
30497
30856
30498
30857
30499
30858
30500
30859
30501
30860
30502
30861
30503
30862
30504
30863
30505
30864
30506
30865
30507
30866
30508
30867
30509
30868
30510
30869
30511
30870
30512
30871
30513
30872
30514
30873
30515
30874
30516
30875
30517
30876
30518
30877
30519
30878
30520
30879
30521
30880
30522
30881
30523
30882
30524
30883
30525
30884
30526
30885
30527
30886
30528
30887
30529
30888
30530
30889
30531
30890
30532
30891
30533
30892
30534
30893
30535
30894
30536
30895
30537
30896
30538
30897
30539
30898
30540
30899
30541
30900
30542
30901
30543
30902
30544
30903
30545
30904
30546
30905
30547
30906
30548
30907
30549
30908
30550
30909
30551
30910
30552
30911
30553
30912
30554
30913
30555
30914
30556
30915
30557
30916
30558
30917
30559
30918
30560
30919
30561
30920
30562
30921
30563
30922
30564
30923
30565
30924
30566
30925
30567
30926
30568
30927
30569
30928
30570
30929
30571
30930
30572
30931
30573
30932
30574
30933
30575
30934
30576
30935
30577
30936
30578
30937
30579
30938
30580
30939
30581
30940
30582
30941
30583
30942
30584
30943
30585
30944
30586
30945
30587
30946
30588
30947
30589
30948
30590
30949
30591
30950
30592
30951
30593
30952
30594
30953
30595
30954
30596
30955
30597
30956
30598
30957
30599
30958
30959
30601
30960
30602
30961
30603
30962
30604
30963
30605
30964
30606
30965
30607
30966
30608
30967
30609
30968
30610
30969
30611
30970
30612
30971
30613
30972
30614
30973
30615
30974
30616
30975
30617
30976
30618
30977
30619
30978
30620
30979
30621
30980
30622
30981
30623
30982
30624
30983
30625
30984
30626
30985
30627
30986
30628
30987
30629
30988
30630
30989
30631
30990
30632
30991
30633
30992
30634
30993
30635
30994
30636
30995
30637
30996
30638
30997
30639
30998
30640
30999
30641
31000
30642
31001
30643
31002
30644
31003
30645
31004
30646
31005
30647
31006
30648
31007
30649
31008
30650
31009
30651
31010
30652
31011
30653
31012
30654
31013
30655
31014
30656
31015
30657
31016
30658
31017
30659
31018
30660
31019
30661
31020
30662
31021
30663
31022
30664
31023
30665
31024
30666
31025
30667
31026
30668
31027
30669
31028
30670
31029
30671
31030
30672
31031
30673
31032
30674
31033
30675
31034
30676
31035
30677
31036
30678
31037
30679
31038
30680
31039
30681
31040
30682
31041
30683
31042
30684
31043
30685
31044
30686
31045
30687
31046
30688
31047
30689
31048
30690
31049
30691
31050
30692
31051
30693
31052
30694
31053
30695
31054
30696
31055
30697
31056
30698
31057
30699
31058
30700
31059
30701
31060
30702
31061
30703
31062
30704
31063
30705
31064
30706
31065
30707
31066
30708
31067
30709
31068
30710
31069
30711
31070
30712
31071
30713
31072
30714
31073
30715
31074
30716
31075
30717
31076
30718
31077
30719
31078
30720
31079
30721
31080
30722
31081
30723
31082
30724
31083
30725
31084
30726
31085
30727
31086
30728
31087
30729
31088
30730
31089
30731
31090
30732
31091
30733
31092
30734
31093
30735
31094
30736
31095
30737
31096
30738
31097
30739
31098
30740
31099
30741
31100
30742
31101
30743
31102
30744
31103
30745
31104
30746
31105
30747
31106
30748
31107
30749
31108
30750
31109
30751
31110
30752
31111
30753
31112
30754
31113
30755
31114
30756
31115
30757
31116
30758
31117
30759
31118
30760
31119
30761
31120
30762
31121
30763
31122
30764
31123
30765
31124
30766
31125
30767
31126
30768
31127
30769
31128
30770
31129
30771
31130
30772
31131
30773
31132
30774
31133
30775
31134
30776
31135
30777
31136
30778
31137
30779
31138
30780
31139
30781
31140
30782
31141
30783
31142
30784
31143
30785
31144
30786
31145
30787
31146
30788
31147
30789
31148
30790
31149
30791
31150
30792
31151
30793
31152
30794
31153
30795
31154
30796
31155
30797
31156
30798
31157
30799
31158
30800
31159
30801
31160
30802
31161
30803
31162
30804
31163
30805
31164
30806
31165
30807
31166
30808
31167
30809
31168
30810
31169
30811
31170
30812
31171
30813
31172
30814
31173
30815
31174
30816
31175
30817
31176
30818
31177
30819
31178
30820
31179
30821
31180
30822
31181
30823
31182
30824
31183
30825
31184
30826
31185
30827
31186
30828
31187
30829
31188
30830
31189
30831
31190
30832
31191
30833
31192
30834
31193
30835
31194
30836
31195
30837
31196
30838
31197
30839
31198
30840
31199
30841
31200
30842
31201
30843
31202
30844
31203
30845
31204
30846
31205
30847
31206
30848
31207
30849
31208
30850
31209
30851
31210
30852
31211
30853
31212
30854
31213
30855
31214
30856
31215
30857
31216
30858
31217
30859
31218
30860
31219
30861
31220
30862
31221
30863
31222
30864
31223
30865
31224
30866
31225
30867
31226
30868
31227
30869
31228
30870
31229
30871
31230
30872
31231
30873
31232
30874
31233
30875
31234
30876
31235
30877
31236
30878
31237
30879
31238
30880
31239
30881
31240
30882
31241
30883
31242
30884
31243
30885
31244
30886
31245
30887
31246
30888
31247
30889
31248
30890
31249
30891
31250
30892
31251
30893
31252
30894
31253
30895
31254
30896
31255
30897
31256
30898
31257
30899
31258
30900
31259
30901
31260
30902
31261
30903
31262
30904
31263
30905
31264
30906
31265
30907
31266
30908
31267
30909
31268
30910
31269
30911
31270
30912
31271
30913
31272
30914
31273
30915
31274
30916
31275
30917
31276
30918
31277
30919
31278
30920
31279
30921
31280
30922
31281
30923
31282
30924
31283
30925
31284
30926
31285
30927
31286
30928
31287
30929
31288
30930
31289
30931
31290
30932
31291
30933
31292
30934
31293
30935
31294
30936
31295
30937
31296
30938
31297
30939
31298
30940
31299
30941
31300
30942
31301
30943
31302
30944
31303
30945
31304
30946
31305
30947
31306
30948
31307
30949
31308
30950
31309
30951
31310
30952
31311
30953
31312
30954
31313
30955
31314
30956
31315
30957
31316
30958
31317
30959
31318
31319
30961
31320
30962
31321
30963
31322
30964
31323
30965
31324
30966
31325
30967
31326
30968
31327
30969
31328
30970
31329
30971
31330
30972
31331
30973
31332
30974
31333
30975
31334
30976
31335
30977
31336
30978
31337
30979
31338
30980
31339
30981
31340
30982
31341
30983
31342
30984
31343
30985
31344
30986
31345
30987
31346
30988
31347
30989
31348
30990
31349
30991
31350
30992
31351
30993
31352
30994
31353
30995
31354
30996
31355
30997
31356
30998
31357
30999
31358
31000
31359
31001
31360
31002
31361
31003
31362
31004
31363
31005
31364
31006
31365
31007
31366
31008
31367
31009
31368
31010
31369
31011
31370
31012
31371
31013
31372
31014
31373
31015
31374
31016
31375
31017
31376
31018
31377
31019
31378
31020
31379
31021
31380
31022
31381
31023
31382
31024
31383
31025
31384
31026
31385
31027
31386
31028
31387
31029
31388
31030
31389
31031
31390
31032
31391
31033
31392
31034
31393
31035
31394
31036
31395
31037
31396
31038
31397
31039
31398
31040
31399
31041
31400
31042
31401
31043
31402
31044
31403
31045
31404
31046
31405
31047
31406
31048
31407
31049
31408
31050
31409
31051
31410
31052
31411
31053
31412
31054
31413
31055
31414
31056
31415
31057
31416
31058
31417
31059
31418
31060
31419
31061
31420
31062
31421
31063
31422
31064
31423
31065
31424
31066
31425
31067
31426
31068
31427
31069
31428
31070
31429
31071
31430
31072
31431
31073
31432
31074
31433
31075
31434
31076
31435
31077
31436
31078
31437
31079
31438
31080
31439
31081
31440
31082
31441
31083
31442
31084
31443
31085
31444
31086
31445
31087
31446
31088
31447
31089
31448
31090
31449
31091
31450
31092
31451
31093
31452
31094
31453
31095
31454
31096
31455
31097
31456
31098
31457
31099
31458
31100
31459
31101
31460
31102
31461
31103
31462
31104
31463
31105
31464
31106
31465
31107
31466
31108
31467
31109
31468
31110
31469
31111
31470
31112
31471
31113
31472
31114
31473
31115
31474
31116
31475
31117
31476
31118
31477
31119
31478
31120
31479
31121
31480
31122
31481
31123
31482
31124
31483
31125
31484
31126
31485
31127
31486
31128
31487
31129
31488
31130
31489
31131
31490
31132
31491
31133
31492
31134
31493
31135
31494
31136
31495
31137
31496
31138
31497
31139
31498
31140
31499
31141
31500
31142
31501
31143
31502
31144
31503
31145
31504
31146
31505
31147
31506
31148
31507
31149
31508
31150
31509
31151
31510
31152
31511
31153
31512
31154
31513
31155
31514
31156
31515
31157
31516
31158
31517
31159
31518
31160
31519
31161
31520
31162
31521
31163
31522
31164
31523
31165
31524
31166
31525
31167
31526
31168
31527
31169
31528
31170
31529
31171
31530
31172
31531
31173
31532
31174
31533
31175
31534
31176
31535
31177
31536
31178
31537
31179
31538
31180
31539
31181
31540
31182
31541
31183
31542
31184
31543
31185
31544
31186
31545
31187
31546
31188
31547
31189
31548
31190
31549
31191
31550
31192
31551
31193
31552
31194
31553
31195
31554
31196
31555
31197
31556
31198
31557
31199
31558
31200
31559
31201
31560
31202
31561
31203
31562
31204
31563
31205
31564
31206
31565
31207
31566
31208
31567
31209
31568
31210
31569
31211
31570
31212
31571
31213
31572
31214
31573
31215
31574
31216
31575
31217
31576
31218
31577
31219
31578
31220
31579
31221
31580
31222
31581
31223
31582
31224
31583
31225
31584
31226
31585
31227
31586
31228
31587
31229
31588
31230
31589
31231
31590
31232
31591
31233
31592
31234
31593
31235
31594
31236
31595
31237
31596
31238
31597
31239
31598
31240
31599
31241
31600
31242
31601
31243
31602
31244
31603
31245
31604
31246
31605
31247
31606
31248
31607
31249
31608
31250
31609
31251
31610
31252
31611
31253
31612
31254
31613
31255
31614
31256
31615
31257
31616
31258
31617
31259
31618
31260
31619
31261
31620
31262
31621
31263
31622
31264
31623
31265
31624
31266
31625
31267
31626
31268
31627
31269
31628
31270
31629
31271
31630
31272
31631
31273
31632
31274
31633
31275
31634
31276
31635
31277
31636
31278
31637
31279
31638
31280
31639
31281
31640
31282
31641
31283
31642
31284
31643
31285
31644
31286
31645
31287
31646
31288
31647
31289
31648
31290
31649
31291
31650
31292
31651
31293
31652
31294
31653
31295
31654
31296
31655
31297
31656
31298
31657
31299
31658
31300
31659
31301
31660
31302
31661
31303
31662
31304
31663
31305
31664
31306
31665
31307
31666
31308
31667
31309
31668
31310
31669
31311
31670
31312
31671
31313
31672
31314
31673
31315
31674
31316
31675
31317
31676
31318
31677
31319
31678
31679
31321
31680
31322
31681
31323
31682
31324
31683
31325
31684
31326
31685
31327
31686
31328
31687
31329
31688
31330
31689
31331
31690
31332
31691
31333
31692
31334
31693
31335
31694
31336
31695
31337
31696
31338
31697
31339
31698
31340
31699
31341
31700
31342
31701
31343
31702
31344
31703
31345
31704
31346
31705
31347
31706
31348
31707
31349
31708
31350
31709
31351
31710
31352
31711
31353
31712
31354
31713
31355
31714
31356
31715
31357
31716
31358
31717
31359
31718
31360
31719
31361
31720
31362
31721
31363
31722
31364
31723
31365
31724
31366
31725
31367
31726
31368
31727
31369
31728
31370
31729
31371
31730
31372
31731
31373
31732
31374
31733
31375
31734
31376
31735
31377
31736
31378
31737
31379
31738
31380
31739
31381
31740
31382
31741
31383
31742
31384
31743
31385
31744
31386
31745
31387
31746
31388
31747
31389
31748
31390
31749
31391
31750
31392
31751
31393
31752
31394
31753
31395
31754
31396
31755
31397
31756
31398
31757
31399
31758
31400
31759
31401
31760
31402
31761
31403
31762
31404
31763
31405
31764
31406
31765
31407
31766
31408
31767
31409
31768
31410
31769
31411
31770
31412
31771
31413
31772
31414
31773
31415
31774
31416
31775
31417
31776
31418
31777
31419
31778
31420
31779
31421
31780
31422
31781
31423
31782
31424
31783
31425
31784
31426
31785
31427
31786
31428
31787
31429
31788
31430
31789
31431
31790
31432
31791
31433
31792
31434
31793
31435
31794
31436
31795
31437
31796
31438
31797
31439
31798
31440
31799
31441
31800
31442
31801
31443
31802
31444
31803
31445
31804
31446
31805
31447
31806
31448
31807
31449
31808
31450
31809
31451
31810
31452
31811
31453
31812
31454
31813
31455
31814
31456
31815
31457
31816
31458
31817
31459
31818
31460
31819
31461
31820
31462
31821
31463
31822
31464
31823
31465
31824
31466
31825
31467
31826
31468
31827
31469
31828
31470
31829
31471
31830
31472
31831
31473
31832
31474
31833
31475
31834
31476
31835
31477
31836
31478
31837
31479
31838
31480
31839
31481
31840
31482
31841
31483
31842
31484
31843
31485
31844
31486
31845
31487
31846
31488
31847
31489
31848
31490
31849
31491
31850
31492
31851
31493
31852
31494
31853
31495
31854
31496
31855
31497
31856
31498
31857
31499
31858
31500
31859
31501
31860
31502
31861
31503
31862
31504
31863
31505
31864
31506
31865
31507
31866
31508
31867
31509
31868
31510
31869
31511
31870
31512
31871
31513
31872
31514
31873
31515
31874
31516
31875
31517
31876
31518
31877
31519
31878
31520
31879
31521
31880
31522
31881
31523
31882
31524
31883
31525
31884
31526
31885
31527
31886
31528
31887
31529
31888
31530
31889
31531
31890
31532
31891
31533
31892
31534
31893
31535
31894
31536
31895
31537
31896
31538
31897
31539
31898
31540
31899
31541
31900
31542
31901
31543
31902
31544
31903
31545
31904
31546
31905
31547
31906
31548
31907
31549
31908
31550
31909
31551
31910
31552
31911
31553
31912
31554
31913
31555
31914
31556
31915
31557
31916
31558
31917
31559
31918
31560
31919
31561
31920
31562
31921
31563
31922
31564
31923
31565
31924
31566
31925
31567
31926
31568
31927
31569
31928
31570
31929
31571
31930
31572
31931
31573
31932
31574
31933
31575
31934
31576
31935
31577
31936
31578
31937
31579
31938
31580
31939
31581
31940
31582
31941
31583
31942
31584
31943
31585
31944
31586
31945
31587
31946
31588
31947
31589
31948
31590
31949
31591
31950
31592
31951
31593
31952
31594
31953
31595
31954
31596
31955
31597
31956
31598
31957
31599
31958
31600
31959
31601
31960
31602
31961
31603
31962
31604
31963
31605
31964
31606
31965
31607
31966
31608
31967
31609
31968
31610
31969
31611
31970
31612
31971
31613
31972
31614
31973
31615
31974
31616
31975
31617
31976
31618
31977
31619
31978
31620
31979
31621
31980
31622
31981
31623
31982
31624
31983
31625
31984
31626
31985
31627
31986
31628
31987
31629
31988
31630
31989
31631
31990
31632
31991
31633
31992
31634
31993
31635
31994
31636
31995
31637
31996
31638
31997
31639
31998
31640
31999
31641
32000
31642
32001
31643
32002
31644
32003
31645
32004
31646
32005
31647
32006
31648
32007
31649
32008
31650
32009
31651
32010
31652
32011
31653
32012
31654
32013
31655
32014
31656
32015
31657
32016
31658
32017
31659
32018
31660
32019
31661
32020
31662
32021
31663
32022
31664
32023
31665
32024
31666
32025
31667
32026
31668
32027
31669
32028
31670
32029
31671
32030
31672
32031
31673
32032
31674
32033
31675
32034
31676
32035
31677
32036
31678
32037
31679
32038
32039
31681
32040
31682
32041
31683
32042
31684
32043
31685
32044
31686
32045
31687
32046
31688
32047
31689
32048
31690
32049
31691
32050
31692
32051
31693
32052
31694
32053
31695
32054
31696
32055
31697
32056
31698
32057
31699
32058
31700
32059
31701
32060
31702
32061
31703
32062
31704
32063
31705
32064
31706
32065
31707
32066
31708
32067
31709
32068
31710
32069
31711
32070
31712
32071
31713
32072
31714
32073
31715
32074
31716
32075
31717
32076
31718
32077
31719
32078
31720
32079
31721
32080
31722
32081
31723
32082
31724
32083
31725
32084
31726
32085
31727
32086
31728
32087
31729
32088
31730
32089
31731
32090
31732
32091
31733
32092
31734
32093
31735
32094
31736
32095
31737
32096
31738
32097
31739
32098
31740
32099
31741
32100
31742
32101
31743
32102
31744
32103
31745
32104
31746
32105
31747
32106
31748
32107
31749
32108
31750
32109
31751
32110
31752
32111
31753
32112
31754
32113
31755
32114
31756
32115
31757
32116
31758
32117
31759
32118
31760
32119
31761
32120
31762
32121
31763
32122
31764
32123
31765
32124
31766
32125
31767
32126
31768
32127
31769
32128
31770
32129
31771
32130
31772
32131
31773
32132
31774
32133
31775
32134
31776
32135
31777
32136
31778
32137
31779
32138
31780
32139
31781
32140
31782
32141
31783
32142
31784
32143
31785
32144
31786
32145
31787
32146
31788
32147
31789
32148
31790
32149
31791
32150
31792
32151
31793
32152
31794
32153
31795
32154
31796
32155
31797
32156
31798
32157
31799
32158
31800
32159
31801
32160
31802
32161
31803
32162
31804
32163
31805
32164
31806
32165
31807
32166
31808
32167
31809
32168
31810
32169
31811
32170
31812
32171
31813
32172
31814
32173
31815
32174
31816
32175
31817
32176
31818
32177
31819
32178
31820
32179
31821
32180
31822
32181
31823
32182
31824
32183
31825
32184
31826
32185
31827
32186
31828
32187
31829
32188
31830
32189
31831
32190
31832
32191
31833
32192
31834
32193
31835
32194
31836
32195
31837
32196
31838
32197
31839
32198
31840
32199
31841
32200
31842
32201
31843
32202
31844
32203
31845
32204
31846
32205
31847
32206
31848
32207
31849
32208
31850
32209
31851
32210
31852
32211
31853
32212
31854
32213
31855
32214
31856
32215
31857
32216
31858
32217
31859
32218
31860
32219
31861
32220
31862
32221
31863
32222
31864
32223
31865
32224
31866
32225
31867
32226
31868
32227
31869
32228
31870
32229
31871
32230
31872
32231
31873
32232
31874
32233
31875
32234
31876
32235
31877
32236
31878
32237
31879
32238
31880
32239
31881
32240
31882
32241
31883
32242
31884
32243
31885
32244
31886
32245
31887
32246
31888
32247
31889
32248
31890
32249
31891
32250
31892
32251
31893
32252
31894
32253
31895
32254
31896
32255
31897
32256
31898
32257
31899
32258
31900
32259
31901
32260
31902
32261
31903
32262
31904
32263
31905
32264
31906
32265
31907
32266
31908
32267
31909
32268
31910
32269
31911
32270
31912
32271
31913
32272
31914
32273
31915
32274
31916
32275
31917
32276
31918
32277
31919
32278
31920
32279
31921
32280
31922
32281
31923
32282
31924
32283
31925
32284
31926
32285
31927
32286
31928
32287
31929
32288
31930
32289
31931
32290
31932
32291
31933
32292
31934
32293
31935
32294
31936
32295
31937
32296
31938
32297
31939
32298
31940
32299
31941
32300
31942
32301
31943
32302
31944
32303
31945
32304
31946
32305
31947
32306
31948
32307
31949
32308
31950
32309
31951
32310
31952
32311
31953
32312
31954
32313
31955
32314
31956
32315
31957
32316
31958
32317
31959
32318
31960
32319
31961
32320
31962
32321
31963
32322
31964
32323
31965
32324
31966
32325
31967
32326
31968
32327
31969
32328
31970
32329
31971
32330
31972
32331
31973
32332
31974
32333
31975
32334
31976
32335
31977
32336
31978
32337
31979
32338
31980
32339
31981
32340
31982
32341
31983
32342
31984
32343
31985
32344
31986
32345
31987
32346
31988
32347
31989
32348
31990
32349
31991
32350
31992
32351
31993
32352
31994
32353
31995
32354
31996
32355
31997
32356
31998
32357
31999
32358
32000
32359
32001
32360
32002
32361
32003
32362
32004
32363
32005
32364
32006
32365
32007
32366
32008
32367
32009
32368
32010
32369
32011
32370
32012
32371
32013
32372
32014
32373
32015
32374
32016
32375
32017
32376
32018
32377
32019
32378
32020
32379
32021
32380
32022
32381
32023
32382
32024
32383
32025
32384
32026
32385
32027
32386
32028
32387
32029
32388
32030
32389
32031
32390
32032
32391
32033
32392
32034
32393
32035
32394
32036
32395
32037
32396
32038
32397
32039
32398
32399
32041
32042
32043
32044
32045
32046
32047
32048
32049
32050
32051
32052
32053
32054
32055
32056
32057
32058
32059
32060
32061
32062
32063
32064
32065
32066
32067
32068
32069
32070
32071
32072
32073
32074
32075
32076
32077
32078
32079
32080
32081
32082
32083
32084
32085
32086
32087
32088
32089
32090
32091
32092
32093
32094
32095
32096
32097
32098
32099
32100
32101
32102
32103
32104
32105
32106
32107
32108
32109
32110
32111
32112
32113
32114
32115
32116
32117
32118
32119
32120
32121
32122
32123
32124
32125
32126
32127
32128
32129
32130
32131
32132
32133
32134
32135
32136
32137
32138
32139
32140
32141
32142
32143
32144
32145
32146
32147
32148
32149
32150
32151
32152
32153
32154
32155
32156
32157
32158
32159
32160
32161
32162
32163
32164
32165
32166
32167
32168
32169
32170
32171
32172
32173
32174
32175
32176
32177
32178
32179
32180
32181
32182
32183
32184
32185
32186
32187
32188
32189
32190
32191
32192
32193
32194
32195
32196
32197
32198
32199
32200
32201
32202
32203
32204
32205
32206
32207
32208
32209
32210
32211
32212
32213
32214
32215
32216
32217
32218
32219
32220
32221
32222
32223
32224
32225
32226
32227
32228
32229
32230
32231
32232
32233
32234
32235
32236
32237
32238
32239
32240
32241
32242
32243
32244
32245
32246
32247
32248
32249
32250
32251
32252
32253
32254
32255
32256
32257
32258
32259
32260
32261
32262
32263
32264
32265
32266
32267
32268
32269
32270
32271
32272
32273
32274
32275
32276
32277
32278
32279
32280
32281
32282
32283
32284
32285
32286
32287
32288
32289
32290
32291
32292
32293
32294
32295
32296
32297
32298
32299
32300
32301
32302
32303
32304
32305
32306
32307
32308
32309
32310
32311
32312
32313
32314
32315
32316
32317
32318
32319
32320
32321
32322
32323
32324
32325
32326
32327
32328
32329
32330
32331
32332
32333
32334
32335
32336
32337
32338
32339
32340
32341
32342
32343
32344
32345
32346
32347
32348
32349
32350
32351
32352
32353
32354
32355
32356
32357
32358
32359
32360
32361
32362
32363
32364
32365
32366
32367
32368
32369
32370
32371
32372
32373
32374
32375
32376
32377
32378
32379
32380
32381
32382
32383
32384
32385
32386
32387
32388
32389
32390
32391
32392
32393
32394
32395
32396
32397
32398
32399
)


// ************************************************************************* //
